statut;duration;stage;url_match_stats;player_1_name;player_1_set_1;player_1_set_1_tiebreak;player_1_set_2;player_1_set_2_tiebreak;player_1_set_3;player_1_set_3_tiebreak;player_2_name;player_2_set_1;player_2_set_1_tiebreak;player_2_set_2;player_2_set_2_tiebreak;player_2_set_3;player_2_set_3_tiebreak;scores_link
Completed;1:07;Qualifying;https://wtatennis.com/tournament/1101/lugano/2018/scores/RS016;R.Hogenkamp;6;;6;;-;;A.Schaefer;0;;4;;-;;https://www.wtatennis.com/tournament/1101/lugano/2018/scores
Completed;1:19;Qualifying;https://wtatennis.com/tournament/1101/lugano/2018/scores/RS024;M.Frech;6;;6;;-;;A.Hesse;4;;2;;-;;https://www.wtatennis.com/tournament/1101/lugano/2018/scores
Completed;1:12;Qualifying;https://wtatennis.com/tournament/1101/lugano/2018/scores/RS025;K.Von Deichmann;6;;6;;-;;R.Vinci;1;;3;;-;;https://www.wtatennis.com/tournament/1101/lugano/2018/scores
Completed;1:17;Qualifying;https://wtatennis.com/tournament/1101/lugano/2018/scores/RS017;M.Trevisan;1;;2;;-;;M.Bouzkova;6;;6;;-;;https://www.wtatennis.com/tournament/1101/lugano/2018/scores
Completed;2:17;Qualifying;https://wtatennis.com/tournament/1101/lugano/2018/scores/RS026;A.Lottner;4;;7;;6;;V.Kudermetova;6;;5;;4;;https://www.wtatennis.com/tournament/1101/lugano/2018/scores
Completed;1:12;Qualifying;https://wtatennis.com/tournament/1101/lugano/2018/scores/RS019;D.Marcinkevica;3;;2;;-;;A.Cadantu;6;;6;;-;;https://www.wtatennis.com/tournament/1101/lugano/2018/scores
Completed;1:42;Qualifying;https://wtatennis.com/tournament/1101/lugano/2018/scores/RS023;L.Kung;6;;1;;1;;C.Buyukakcay;2;;6;;6;;https://www.wtatennis.com/tournament/1101/lugano/2018/scores
Completed;1:31;Qualifying;https://wtatennis.com/tournament/1101/lugano/2018/scores/RS027;Y.In-Albon;1;;5;;-;;T.Korpatsch;6;;7;;-;;https://www.wtatennis.com/tournament/1101/lugano/2018/scores
Completed;0:49;Qualifying;https://wtatennis.com/tournament/1101/lugano/2018/scores/RS022;V.Lapko;6;;6;;-;;S.Waltert;2;;0;;-;;https://www.wtatennis.com/tournament/1101/lugano/2018/scores
Completed;1:00;Qualifying;https://wtatennis.com/tournament/1101/lugano/2018/scores/RS020;D.Kovinic;6;;6;;-;;A.Sadikovic;3;;2;;-;;https://www.wtatennis.com/tournament/1101/lugano/2018/scores
Completed;1:06;Qualifying;https://wtatennis.com/tournament/1101/lugano/2018/scores/RS018;A.Rus;6;;6;;-;;R.Jani;1;;1;;-;;https://www.wtatennis.com/tournament/1101/lugano/2018/scores
Completed;2:28;Qualifying;https://wtatennis.com/tournament/1101/lugano/2018/scores/RS021;J.Pieri;4;;6;;6;;D.Chiesa;6;;2;;4;;https://www.wtatennis.com/tournament/1101/lugano/2018/scores
Completed;1:07;Qualifying;https://wtatennis.com/tournament/1101/lugano/2018/scores/RS011;V.Lapko;6;;6;;-;;C.Buyukakcay;2;;4;;-;;https://www.wtatennis.com/tournament/1101/lugano/2018/scores
Completed;2:29;Qualifying;https://wtatennis.com/tournament/1101/lugano/2018/scores/RS009;A.Rus;6;;4;;0;;A.Cadantu;2;;6;;6;;https://www.wtatennis.com/tournament/1101/lugano/2018/scores
Completed;1:15;Qualifying;https://wtatennis.com/tournament/1101/lugano/2018/scores/RS010;D.Kovinic;6;;6;;-;;J.Pieri;1;;2;;-;;https://www.wtatennis.com/tournament/1101/lugano/2018/scores
Completed;2:03;Qualifying;https://wtatennis.com/tournament/1101/lugano/2018/scores/RS013;A.Lottner;1;;6;;1;;T.Korpatsch;6;;4;;6;;https://www.wtatennis.com/tournament/1101/lugano/2018/scores
Completed;2:45;Qualifying;https://wtatennis.com/tournament/1101/lugano/2018/scores/RS012;M.Frech;3;;6;;6;5;K.Von Deichmann;6;;1;;7;;https://www.wtatennis.com/tournament/1101/lugano/2018/scores
Completed;2:41;Qualifying;https://wtatennis.com/tournament/1101/lugano/2018/scores/RS008;R.Hogenkamp;6;;5;;6;;M.Bouzkova;3;;7;;4;;https://www.wtatennis.com/tournament/1101/lugano/2018/scores
Completed;1:10;Round of 32;https://wtatennis.com/tournament/1101/lugano/2018/scores/LS024;A.Sasnovich;7;;6;;-;;R.Hogenkamp;6;4;0;;-;;https://www.wtatennis.com/tournament/1101/lugano/2018/scores
Completed;1:38;Round of 32;https://wtatennis.com/tournament/1101/lugano/2018/scores/LS029;D.Vekic;6;;7;;-;;A.Cadantu;0;;5;;-;;https://www.wtatennis.com/tournament/1101/lugano/2018/scores
Completed;1:30;Round of 32;https://wtatennis.com/tournament/1101/lugano/2018/scores/LS019;J.Teichmann;6;2;0;;-;;A.Cornet;7;;6;;-;;https://www.wtatennis.com/tournament/1101/lugano/2018/scores
Completed;1:27;Round of 32;https://wtatennis.com/tournament/1101/lugano/2018/scores/LS022;S.Hsieh;5;;0;;-;;P.Hercog;7;;6;;-;;https://www.wtatennis.com/tournament/1101/lugano/2018/scores
Completed;2:22;Round of 32;https://wtatennis.com/tournament/1101/lugano/2018/scores/LS023;A.Sabalenka;5;;6;;6;;M.Buzarnescu;7;;3;;2;;https://www.wtatennis.com/tournament/1101/lugano/2018/scores
Completed;1:19;Round of 32;https://wtatennis.com/tournament/1101/lugano/2018/scores/LS021;K.Pliskova;3;;2;;-;;C.Giorgi;6;;6;;-;;https://www.wtatennis.com/tournament/1101/lugano/2018/scores
Completed;1:21;Round of 32;https://wtatennis.com/tournament/1101/lugano/2018/scores/LS031;M.Minella;4;;1;;-;;E.Mertens;6;;6;;-;;https://www.wtatennis.com/tournament/1101/lugano/2018/scores
Completed;17:15;Round of 32;https://wtatennis.com/tournament/1101/lugano/2018/scores/LS020;A.Van Uytvanck;6;;6;;-;;O.Dodin;4;;2;;-;;https://www.wtatennis.com/tournament/1101/lugano/2018/scores
Completed;2:47;Round of 32;https://wtatennis.com/tournament/1101/lugano/2018/scores/LS030;M.Vondrousova;4;;7;;6;;Y.Putintseva;6;;6;2;3;;https://www.wtatennis.com/tournament/1101/lugano/2018/scores
Completed;2:32;Round of 32;https://wtatennis.com/tournament/1101/lugano/2018/scores/LS026;D.Kovinic;7;;3;;6;;V.Golubic;6;6;6;;4;;https://www.wtatennis.com/tournament/1101/lugano/2018/scores
Completed;1:03;Round of 16;https://wtatennis.com/tournament/1101/lugano/2018/scores/LS011;P.Hercog;3;;1;;-;;A.Sabalenka;6;;6;;-;;https://www.wtatennis.com/tournament/1101/lugano/2018/scores
Completed;1:45;Round of 32;https://wtatennis.com/tournament/1101/lugano/2018/scores/LS016;K.Mladenovic;6;5;2;;-;;T.Korpatsch;7;;3;;-;;https://www.wtatennis.com/tournament/1101/lugano/2018/scores
Completed;1:38;Round of 32;https://wtatennis.com/tournament/1101/lugano/2018/scores/LS017;L.Siegemund;6;5;3;;-;;K.Von Deichmann;7;;2;;-;;https://www.wtatennis.com/tournament/1101/lugano/2018/scores
Completed;1:58;Round of 32;https://wtatennis.com/tournament/1101/lugano/2018/scores/LS027;V.Lapko;3;;6;;6;;A.Kontaveit;6;;4;;3;;https://www.wtatennis.com/tournament/1101/lugano/2018/scores
Completed;1:21;Round of 32;https://wtatennis.com/tournament/1101/lugano/2018/scores/LS018;M.Frech;3;;3;;-;;S.Voegele;6;;6;;-;;https://www.wtatennis.com/tournament/1101/lugano/2018/scores
Completed;1:58;Round of 32;https://wtatennis.com/tournament/1101/lugano/2018/scores/LS025;K.Flipkens;1;;6;;6;;C.Witthoeft;6;;4;;3;;https://www.wtatennis.com/tournament/1101/lugano/2018/scores
Completed;2:11;Round of 32;https://wtatennis.com/tournament/1101/lugano/2018/scores/LS028;S.Kuznetsova;6;;3;;4;;M.Barthel;4;;6;;6;;https://www.wtatennis.com/tournament/1101/lugano/2018/scores
Completed;1:58;Round of 16;https://wtatennis.com/tournament/1101/lugano/2018/scores/LS008;T.Korpatsch;7;;6;;-;;K.Von Deichmann;6;2;4;;-;;https://www.wtatennis.com/tournament/1101/lugano/2018/scores
Completed;2:37;Round of 16;https://wtatennis.com/tournament/1101/lugano/2018/scores/LS009;S.Voegele;2;;7;;6;;A.Cornet;6;;5;;3;;https://www.wtatennis.com/tournament/1101/lugano/2018/scores
Completed;1:55;Round of 16;https://wtatennis.com/tournament/1101/lugano/2018/scores/LS014;M.Barthel;6;;4;;6;;D.Vekic;3;;6;;4;;https://www.wtatennis.com/tournament/1101/lugano/2018/scores
Completed;1:49;Round of 16;https://wtatennis.com/tournament/1101/lugano/2018/scores/LS012;A.Sasnovich;6;;4;;2;;K.Flipkens;4;;6;;6;;https://www.wtatennis.com/tournament/1101/lugano/2018/scores
Completed;1:16;Round of 16;https://wtatennis.com/tournament/1101/lugano/2018/scores/LS013;D.Kovinic;2;;3;;-;;V.Lapko;6;;6;;-;;https://www.wtatennis.com/tournament/1101/lugano/2018/scores
Completed;2:32;Round of 16;https://wtatennis.com/tournament/1101/lugano/2018/scores/LS015;M.Vondrousova;2;;7;;5;;E.Mertens;6;;5;;7;;https://www.wtatennis.com/tournament/1101/lugano/2018/scores
Completed;1:07;Round of 16;https://wtatennis.com/tournament/1101/lugano/2018/scores/LS010;A.Van Uytvanck;2;;1;;-;;C.Giorgi;6;;6;;-;;https://www.wtatennis.com/tournament/1101/lugano/2018/scores
Completed;1:08;Semifinal;https://wtatennis.com/tournament/1101/lugano/2018/scores/LS002;S.Voegele;4;;2;;-;;A.Sabalenka;6;;6;;-;;https://www.wtatennis.com/tournament/1101/lugano/2018/scores
Completed;2:05;Semifinal;https://wtatennis.com/tournament/1101/lugano/2018/scores/LS003;V.Lapko;1;;6;;4;;E.Mertens;6;;4;;6;;https://www.wtatennis.com/tournament/1101/lugano/2018/scores
Completed;1:54;Quarterfinal;https://wtatennis.com/tournament/1101/lugano/2018/scores/LS004;T.Korpatsch;4;;3;;-;;S.Voegele;6;;6;;-;;https://www.wtatennis.com/tournament/1101/lugano/2018/scores
Completed;1:02;Quarterfinal;https://wtatennis.com/tournament/1101/lugano/2018/scores/LS005;C.Giorgi;3;;0;;-;;A.Sabalenka;6;;6;;-;;https://www.wtatennis.com/tournament/1101/lugano/2018/scores
Completed;1:39;Quarterfinal;https://wtatennis.com/tournament/1101/lugano/2018/scores/LS006;K.Flipkens;4;;6;4;-;;V.Lapko;6;;7;;-;;https://www.wtatennis.com/tournament/1101/lugano/2018/scores
Completed;2:36;Quarterfinal;https://wtatennis.com/tournament/1101/lugano/2018/scores/LS007;M.Barthel;4;;7;;6;0;E.Mertens;6;;5;;7;;https://www.wtatennis.com/tournament/1101/lugano/2018/scores
Completed;1:24;Final;https://wtatennis.com/tournament/1101/lugano/2018/scores/LS001;A.Sabalenka;5;;2;;-;;E.Mertens;7;;6;;-;;https://www.wtatennis.com/tournament/1101/lugano/2018/scores
