match_1st Return Points Won_player_1;match_1st Return Points Won_player_2;match_1st Serve Points Won_player_1;match_1st Serve Points Won_player_2;match_1st Serve_player_1;match_1st Serve_player_2;match_2nd Return Points Won_player_1;match_2nd Return Points Won_player_2;match_2nd Serve Points Won_player_1;match_2nd Serve Points Won_player_2;match_Aces_player_1;match_Aces_player_2;match_Break Points Converted_player_1;match_Break Points Converted_player_2;match_Break Points Saved_player_1;match_Break Points Saved_player_2;match_Double Faults_player_1;match_Double Faults_player_2;match_Return Games Played_player_1;match_Return Games Played_player_2;match_Service Games Played_player_1;match_Service Games Played_player_2;match_Total Points Won_player_1;match_Total Points Won_player_2;match_Total Return Points Won_player_1;match_Total Return Points Won_player_2;match_Total Service Points Won_player_1;match_Total Service Points Won_player_2;set1_1st Return Points Won_player_1;set1_1st Return Points Won_player_2;set1_1st Serve Points Won_player_1;set1_1st Serve Points Won_player_2;set1_1st Serve_player_1;set1_1st Serve_player_2;set1_2nd Return Points Won_player_1;set1_2nd Return Points Won_player_2;set1_2nd Serve Points Won_player_1;set1_2nd Serve Points Won_player_2;set1_Aces_player_1;set1_Aces_player_2;set1_Break Points Converted_player_1;set1_Break Points Converted_player_2;set1_Break Points Saved_player_1;set1_Break Points Saved_player_2;set1_Double Faults_player_1;set1_Double Faults_player_2;set1_Return Games Played_player_1;set1_Return Games Played_player_2;set1_Service Games Played_player_1;set1_Service Games Played_player_2;set1_Total Points Won_player_1;set1_Total Points Won_player_2;set1_Total Return Points Won_player_1;set1_Total Return Points Won_player_2;set1_Total Service Points Won_player_1;set1_Total Service Points Won_player_2;set2_1st Return Points Won_player_1;set2_1st Return Points Won_player_2;set2_1st Serve Points Won_player_1;set2_1st Serve Points Won_player_2;set2_1st Serve_player_1;set2_1st Serve_player_2;set2_2nd Return Points Won_player_1;set2_2nd Return Points Won_player_2;set2_2nd Serve Points Won_player_1;set2_2nd Serve Points Won_player_2;set2_Aces_player_1;set2_Aces_player_2;set2_Break Points Converted_player_1;set2_Break Points Converted_player_2;set2_Break Points Saved_player_1;set2_Break Points Saved_player_2;set2_Double Faults_player_1;set2_Double Faults_player_2;set2_Return Games Played_player_1;set2_Return Games Played_player_2;set2_Service Games Played_player_1;set2_Service Games Played_player_2;set2_Total Points Won_player_1;set2_Total Points Won_player_2;set2_Total Return Points Won_player_1;set2_Total Return Points Won_player_2;set2_Total Service Points Won_player_1;set2_Total Service Points Won_player_2;h2h_wins_player_1;h2h_wins_player_2;Height_player_1;Height_player_2;Date of Birth_player_1;Date of Birth_player_2;Plays_player_1;Plays_player_2;url_match_stats;set3_1st Return Points Won_player_1;set3_1st Return Points Won_player_2;set3_1st Serve Points Won_player_1;set3_1st Serve Points Won_player_2;set3_1st Serve_player_1;set3_1st Serve_player_2;set3_2nd Return Points Won_player_1;set3_2nd Return Points Won_player_2;set3_2nd Serve Points Won_player_1;set3_2nd Serve Points Won_player_2;set3_Aces_player_1;set3_Aces_player_2;set3_Break Points Converted_player_1;set3_Break Points Converted_player_2;set3_Break Points Saved_player_1;set3_Break Points Saved_player_2;set3_Double Faults_player_1;set3_Double Faults_player_2;set3_Return Games Played_player_1;set3_Return Games Played_player_2;set3_Service Games Played_player_1;set3_Service Games Played_player_2;set3_Total Points Won_player_1;set3_Total Points Won_player_2;set3_Total Return Points Won_player_1;set3_Total Return Points Won_player_2;set3_Total Service Points Won_player_1;set3_Total Service Points Won_player_2
15/32;11/33;22/33;17/32;33/56;32/51;12/19;11/23;12/23;7/19;1;0;5/9;1/9;8/9;4/9;4;0;8;8;8;8;61/107;46/107;27/51;22/56;34/56;24/51;5/6;3/12;9/12;1/6;12/24;6/16;7/10;6/12;6/12;3/10;0;0;3/4;0/4;4/4;1/4;3;0;3;3;3;3;27/40;13/40;12/16;9/24;15/24;4/16;10/26;8/21;13/21;16/26;21/32;26/35;5/9;5/11;6/11;4/9;1;0;2/5;1/5;4/5;3/5;1;0;5;5;5;5;34/67;33/67;15/35;13/32;19/32;20/35;2;0;1.68;;31.17;36.25;Right-Handed;N/A;https://wtatennis.com/tournament/1101/lugano/2018/scores/RS016;;;;;;;;;;;;;;;;;;;;;;;;;;;;
15/35;11/38;27/38;20/35;38/57;35/61;18/26;10/19;9/19;8/26;2;2;5/9;2/6;4/6;4/9;1;2;9;9;9;9;69/118;49/118;33/61;21/57;36/57;28/61;6/19;5/21;16/21;13/19;21/30;19/34;10/15;6/9;3/9;5/15;1;2;2/4;1/4;3/4;2/4;1;1;5;5;5;5;35/64;29/64;16/34;11/30;19/30;18/34;9/16;6/17;11/17;7/16;17/27;16/27;8/11;4/10;6/10;3/11;1;0;3/5;1/2;1/2;2/5;0;1;4;4;4;4;34/54;20/54;17/27;10/27;17/27;10/27;1;0;1.71;1.64;25.5;30.42;Right-Handed;Right-Handed;https://wtatennis.com/tournament/1101/lugano/2018/scores/RS024;;;;;;;;;;;;;;;;;;;;;;;;;;;;
12/34;21/53;32/53;22/34;53/65;34/58;18/24;5/12;7/12;6/24;0;1;5/8;1/7;6/7;3/8;0;1;8;8;8;8;69/123;54/123;30/58;26/65;39/65;28/58;5/16;4/14;10/14;11/16;14/19;16/28;10/12;2/5;3/5;2/12;0;1;3/5;0/0;0/0;2/5;0;1;4;3;3;4;28/47;19/47;15/28;6/19;13/19;13/28;7/18;17/39;22/39;11/18;39/46;18/30;8/12;3/7;4/7;4/12;0;0;2/3;1/7;6/7;1/3;0;0;4;5;5;4;41/76;35/76;15/30;20/46;26/46;15/30;1;0;1.76;1.63;29.08;40.33;Right-Handed;Right-Handed;https://wtatennis.com/tournament/1101/lugano/2018/scores/RS025;;;;;;;;;;;;;;;;;;;;;;;;;;;;
16/40;20/36;16/36;24/40;36/48;40/51;6/11;10/12;2/12;5/11;0;1;2/4;6/13;7/13;2/4;0;0;8;7;7;8;40/99;59/99;22/51;30/48;18/48;29/51;10/22;10/18;8/18;12/22;18/24;22/27;1/5;6/6;0/6;4/5;0;0;1/2;3/6;3/6;1/2;0;0;4;3;3;4;19/51;32/51;11/27;16/24;8/24;16/27;6/18;10/18;8/18;12/18;18/24;18/24;5/6;4/6;2/6;1/6;0;1;1/2;3/7;4/7;1/2;0;0;4;4;4;4;21/48;27/48;11/24;14/24;10/24;13/24;3;1;1.60;1.80;29.58;24.83;Left-Handed;Right-Handed;https://wtatennis.com/tournament/1101/lugano/2018/scores/RS017;;;;;;;;;;;;;;;;;;;;;;;;;;;;
11/42;12/29;17/29;31/42;29/55;42/49;7/7;21/26;5/26;0/7;1;0;2/7;6/8;2/8;5/7;5;0;8;9;9;8;40/104;64/104;18/49;33/55;22/55;31/49;9/23;7/13;6/13;14/23;13/28;23/27;4/4;11/15;4/15;0/4;0;0;2/7;4/4;0/4;5/7;3;0;4;5;5;4;23/55;32/55;13/27;18/28;10/28;14/27;2/19;5/16;11/16;17/19;16/27;19/22;3/3;10/11;1/11;0/3;1;0;0/0;2/4;2/4;0/0;2;0;4;4;4;4;17/49;32/49;5/22;15/27;12/27;17/22;2;3;;1.70;30.83;33.08;Right-Handed;Right-Handed;https://wtatennis.com/tournament/1101/lugano/2018/scores/RS019;;;;;;;;;;;;;;;;;;;;;;;;;;;;
20/45;17/37;20/37;25/45;37/66;45/69;8/24;18/29;11/29;16/24;0;0;3/3;6/9;3/9;0/3;3;1;11;11;11;11;59/135;76/135;28/69;35/66;31/66;41/69;9/18;2/14;12/14;9/18;14/25;18/26;4/8;5/11;6/11;4/8;0;0;2/2;0/0;0/0;0/2;0;1;4;4;4;4;31/51;20/51;13/26;7/25;18/25;13/26;4/12;4/7;3/7;8/12;7/13;12/21;1/9;5/6;1/6;8/9;0;0;0/0;2/2;0/2;0/0;2;0;4;3;3;4;9/34;25/34;5/21;9/13;4/13;16/21;0;1;1.76;1.72;22.58;33.67;Right-Handed;Right-Handed;https://wtatennis.com/tournament/1101/lugano/2018/scores/RS023;7/15;11/16;5/16;8/15;16/28;15/22;3/7;8/12;4/12;4/7;0;0;1/1;4/7;3/7;0/1;1;0;3;4;4;3;19/50;31/50;10/22;19/28;9/28;12/22
9/13;6/27;21/27;4/13;27/42;13/33;15/20;7/15;8/15;5/20;0;1;6/7;1/4;3/4;1/7;1;7;7;7;7;7;53/75;22/75;24/33;13/42;29/42;9/33;5/9;2/14;12/14;4/9;14/19;9/19;7/10;3/5;2/5;3/10;0;1;3/4;1/1;0/1;1/4;0;4;4;4;4;4;26/38;12/38;12/19;5/19;14/19;7/19;4/4;4/13;9/13;0/4;13/23;4/14;8/10;4/10;6/10;2/10;0;0;3/3;0/3;3/3;0/3;1;3;3;3;3;3;27/37;10/37;12/14;8/23;15/23;2/14;1;0;1.84;;24.67;22.5;Right-Handed;Right-Handed;https://wtatennis.com/tournament/1101/lugano/2018/scores/RS022;;;;;;;;;;;;;;;;;;;;;;;;;;;;
13/33;6/32;26/32;20/33;32/47;33/50;9/17;5/15;10/15;8/17;2;1;3/6;0/0;0/0;3/6;0;1;8;9;9;8;58/97;39/97;22/50;11/47;36/47;28/50;5/15;3/18;15/18;10/15;18/27;15/27;6/12;4/9;5/9;6/12;2;0;1/3;0/0;0/0;2/3;0;0;4;5;5;4;31/54;23/54;11/27;7/27;20/27;16/27;8/18;3/14;11/14;10/18;14/20;18/23;3/5;1/6;5/6;2/5;0;1;2/3;0/0;0/0;1/3;0;1;4;4;4;4;27/43;16/43;11/23;4/20;16/20;12/23;1;0;1.69;1.86;28.58;34.08;Right-Handed;Right-Handed;https://wtatennis.com/tournament/1101/lugano/2018/scores/RS020;;;;;;;;;;;;;;;;;;;;;;;;;;;;
20/33;5/27;22/27;13/33;27/41;33/46;7/13;6/14;8/14;6/13;2;0;5/8;0/1;1/1;3/8;1;1;7;7;7;7;57/87;30/87;27/46;11/41;30/41;19/46;10/17;1/11;10/11;7/17;11/14;17/23;4/6;1/3;2/3;2/6;2;0;3/4;0/0;0/0;1/4;0;1;4;3;3;4;26/37;11/37;14/23;2/14;12/14;9/23;10/16;4/16;12/16;6/16;16/27;16/23;3/7;5/11;6/11;4/7;0;0;2/4;0/1;1/1;2/4;1;0;3;4;4;3;31/50;19/50;13/23;9/27;18/27;10/23;2;0;1.80;1.61;32.5;31.83;Left-Handed;Right-Handed;https://wtatennis.com/tournament/1101/lugano/2018/scores/RS018;;;;;;;;;;;;;;;;;;;;;;;;;;;;
25/52;33/78;45/78;27/52;78/85;52/95;25/43;5/7;2/7;18/43;0;1;8/16;6/18;12/18;8/16;0;4;14;14;14;14;97/180;83/180;50/95;38/85;47/85;45/95;6/13;16/25;9/25;7/13;25/31;13/31;11/18;4/6;2/6;7/18;0;1;3/3;4/11;7/11;0/3;0;3;5;5;5;5;28/62;34/62;17/31;20/31;11/31;14/31;10/20;11/30;19/30;10/20;30/31;20/34;9/14;1/1;0/1;5/14;0;0;3/10;1/5;4/5;7/10;0;1;4;4;4;4;38/65;27/65;19/34;12/31;19/31;15/34;1;1;;1.70;26.08;27.0;Right-Handed;Right-Handed;https://wtatennis.com/tournament/1101/lugano/2018/scores/RS021;9/19;6/23;17/23;10/19;23/23;19/30;5/11;0/0;0/0;6/11;0;0;2/3;1/2;1/2;1/3;0;0;5;5;5;5;31/53;22/53;14/30;6/23;17/23;16/30
26/41;9/31;22/31;15/41;31/48;41/52;4/11;9/17;8/17;7/11;1;0;6/9;3/5;2/5;3/9;0;1;9;9;9;9;60/100;40/100;30/52;18/48;30/48;22/52;10/17;1/12;11/12;7/17;12/19;17/21;1/4;2/7;5/7;3/4;1;0;2/2;0/0;0/0;0/2;0;0;4;4;4;4;27/40;13/40;11/21;3/19;16/19;10/21;16/24;8/19;11/19;8/24;19/29;24/31;3/7;7/10;3/10;4/7;0;0;4/7;3/5;2/5;3/7;0;1;5;5;5;5;33/60;27/60;19/31;15/29;14/29;12/31;2;1;1.84;1.72;24.67;33.67;Right-Handed;Right-Handed;https://wtatennis.com/tournament/1101/lugano/2018/scores/RS011;;;;;;;;;;;;;;;;;;;;;;;;;;;;
20/60;10/38;28/38;40/60;38/80;60/80;13/20;26/42;16/42;7/20;2;1;3/12;5/8;3/8;9/12;10;2;12;12;12;12;77/160;83/160;33/80;36/80;44/80;47/80;9/21;4/19;15/19;12/21;19/31;21/27;4/6;7/12;5/12;2/6;2;1;2/6;0/1;1/1;4/6;2;1;4;4;4;4;33/58;25/58;13/27;11/31;20/31;14/27;5/23;5/16;11/16;18/23;16/29;23/32;8/9;6/13;7/13;1/9;0;0;1/5;2/3;1/3;4/5;3;1;5;5;5;5;31/61;30/61;13/32;11/29;18/29;19/32;1;3;1.80;1.70;32.5;33.08;Left-Handed;Right-Handed;https://wtatennis.com/tournament/1101/lugano/2018/scores/RS009;6/16;1/3;2/3;10/16;3/20;16/21;1/5;13/17;4/17;4/5;0;0;0/1;3/4;1/4;1/1;5;0;3;3;3;3;13/41;28/41;7/21;14/20;6/20;14/21
25/45;15/37;22/37;20/45;37/58;45/61;11/16;8/21;13/21;5/16;3;0;6/15;2/9;7/9;9/15;2;1;7;8;8;7;71/119;48/119;36/61;23/58;35/58;25/61;11/22;3/11;8/11;11/22;11/21;22/27;4/5;2/10;8/10;1/5;2;0;2/8;0/0;0/0;6/8;0;0;3;4;4;3;31/48;17/48;15/27;5/21;16/21;12/27;14/23;12/26;14/26;9/23;26/37;23/34;7/11;6/11;5/11;4/11;1;0;4/7;2/9;7/9;3/7;2;1;4;4;4;4;40/71;31/71;21/34;18/37;19/37;13/34;2;1;1.69;;28.58;26.08;Right-Handed;Right-Handed;https://wtatennis.com/tournament/1101/lugano/2018/scores/RS010;;;;;;;;;;;;;;;;;;;;;;;;;;;;
41/81;33/85;52/85;40/81;85/134;81/96;9/15;34/49;15/49;6/15;3;0;9/15;8/21;13/21;6/15;3;2;14;14;14;14;117/230;113/230;50/96;67/134;67/134;46/96;8/18;14/30;16/30;10/18;30/48;18/20;1/2;13/18;5/18;1/2;2;0;2/3;4/8;4/8;1/3;2;1;4;5;5;4;30/68;38/68;9/20;27/48;21/48;11/20;15/23;4/14;10/14;8/23;14/24;23/27;2/4;5/10;5/10;2/4;1;0;3/4;0/4;4/4;1/4;0;0;4;3;3;4;32/51;19/51;17/27;9/24;15/24;10/27;0;1;1.71;1.76;25.5;29.08;Right-Handed;Right-Handed;https://wtatennis.com/tournament/1101/lugano/2018/scores/RS012;18/40;15/41;26/41;22/40;41/62;40/49;6/9;16/21;5/21;3/9;0;0;4/8;4/9;5/9;4/8;1;1;6;6;6;6;55/111;56/111;24/49;31/62;31/62;25/49
38/83;22/52;30/52;45/83;52/111;83/109;17/26;34/59;25/59;9/26;2;3;9/14;7/23;16/23;5/14;6;1;16;15;15;16;110/220;110/220;55/109;56/111;55/111;54/109;13/28;9/21;12/21;15/28;21/36;28/34;6/6;7/15;8/15;0/6;1;1;3/3;1/9;8/9;0/3;0;1;5;4;4;5;39/70;31/70;19/34;16/36;20/36;15/34;14/31;10/19;9/19;17/31;19/43;31/40;4/9;15/24;9/24;5/9;0;2;3/7;4/9;5/9;4/7;3;0;6;6;6;6;36/83;47/83;18/40;25/43;18/43;22/40;1;0;1.68;1.80;31.17;24.83;Right-Handed;Right-Handed;https://wtatennis.com/tournament/1101/lugano/2018/scores/RS008;11/24;3/12;9/12;13/24;12/32;24/35;7/11;12/20;8/20;4/11;1;0;3/4;2/5;3/5;1/4;3;0;5;5;5;5;35/67;32/67;18/35;15/32;17/32;17/35
;;;;;;;;;;;;;;;;;;;;;;;;;;;;;;;;;;;;;;;;;;;;;;;;;;;;;;;;;;;;;;;;;;;;;;;;;;;;;;;;;;;;1;0;1.74;1.68;29.17;31.17;Right-Handed;Right-Handed;https://wtatennis.com/tournament/1101/lugano/2018/scores/LS024;;;;;;;;;;;;;;;;;;;;;;;;;;;;
28/49;11/31;20/31;21/49;31/59;49/65;11/16;16/28;12/28;5/16;2;1;7/13;3/6;3/6;6/13;6;6;9;9;9;9;71/124;53/124;39/65;27/59;32/59;26/65;9/12;2/10;8/10;3/12;10/20;12/17;4/5;4/10;6/10;1/5;0;0;3/5;0/3;3/3;2/5;2;2;3;3;3;3;27/37;10/37;13/17;6/20;14/20;4/17;19/37;9/21;12/21;18/37;21/39;37/48;7/11;12/18;6/18;4/11;2;1;4/8;3/3;0/3;4/8;4;4;6;6;6;6;44/87;43/87;26/48;21/39;18/39;22/48;1;0;1.79;1.70;26.92;33.08;Right-Handed;Right-Handed;https://wtatennis.com/tournament/1101/lugano/2018/scores/LS029;;;;;;;;;;;;;;;;;;;;;;;;;;;;
17/40;23/44;21/44;23/40;44/58;40/65;8/25;11/14;3/14;17/25;0;2;3/5;6/8;2/8;2/5;4;1;9;9;9;9;49/123;74/123;25/65;34/58;24/58;40/65;16/34;16/34;18/34;18/34;34/43;34/51;7/17;6/9;3/9;10/17;0;1;3/5;3/5;2/5;2/5;2;1;6;6;6;6;44/94;50/94;23/51;22/43;21/43;28/51;1/6;7/10;3/10;5/6;10/15;6/14;1/8;5/5;0/5;7/8;0;1;0/0;3/3;0/3;0/0;2;0;3;3;3;3;5/29;24/29;2/14;12/15;3/15;12/14;0;1;1.70;1.73;25.92;33.33;Left-Handed;Right-Handed;https://wtatennis.com/tournament/1101/lugano/2018/scores/LS019;;;;;;;;;;;;;;;;;;;;;;;;;;;;
;;;;;;;;;;;;;;;;;;;;;;;;;;;;;;;;;;;;;;;;;;;;;;;;;;;;;;;;;;;;;;;;;;;;;;;;;;;;;;;;;;;;3;2;1.69;1.85;37.42;32.42;Right-Handed;Right-Handed;https://wtatennis.com/tournament/1101/lugano/2018/scores/LS022;;;;;;;;;;;;;;;;;;;;;;;;;;;;
22/55;14/61;47/61;33/55;61/108;55/107;24/52;26/47;21/47;28/52;2;3;4/11;2/11;9/11;7/11;8;5;14;15;15;14;114/215;101/215;46/107;40/108;68/108;61/107;9/26;5/24;19/24;17/26;24/38;26/50;11/24;10/14;4/14;13/24;1;2;1/5;2/5;3/5;4/5;3;1;6;6;6;6;43/88;45/88;20/50;15/38;23/38;30/50;8/16;7/23;16/23;8/16;23/40;16/30;5/14;8/17;9/17;9/14;0;0;1/2;0/4;4/4;1/2;2;3;4;5;5;4;38/70;32/70;13/30;15/40;25/40;17/30;2;1;1.82;1.75;25.08;35.08;Right-Handed;Left-Handed;https://wtatennis.com/tournament/1101/lugano/2018/scores/LS023;5/13;2/14;12/14;8/13;14/30;13/27;8/14;8/16;8/16;6/14;1;1;2/4;0/2;2/2;2/4;3;1;4;4;4;4;33/57;24/57;13/27;10/30;20/30;14/27
8/27;17/44;27/44;19/27;44/77;27/46;8/19;24/33;9/33;11/19;3;4;2/7;6/18;12/18;5/7;5;7;8;9;9;8;52/123;71/123;16/46;41/77;36/77;30/46;4/17;10/28;18/28;13/17;28/47;17/27;4/10;12/19;7/19;6/10;2;2;0/3;2/11;9/11;3/3;4;4;4;5;5;4;33/74;41/74;8/27;22/47;25/47;19/27;4/10;7/16;9/16;6/10;16/30;10/19;4/9;12/14;2/14;5/9;1;2;2/4;4/7;3/7;2/4;1;3;4;4;4;4;19/49;30/49;8/19;19/30;11/30;11/19;0;1;1.84;1.68;31.17;31.42;Left-Handed;Right-Handed;https://wtatennis.com/tournament/1101/lugano/2018/scores/LS021;;;;;;;;;;;;;;;;;;;;;;;;;;;;
;;;;;;;;;;;;;;;;;;;;;;;;;;;;;;;;;;;;;;;;;;;;;;;;;;;;;;;;;;;;;;;;;;;;;;;;;;;;;;;;;;;;1;1;1.80;1.79;37.5;27.58;Right-Handed;Right-Handed;https://wtatennis.com/tournament/1101/lugano/2018/scores/LS031;;;;;;;;;;;;;;;;;;;;;;;;;;;;
14/29;12/38;26/38;15/29;38/67;29/56;15/27;13/29;16/29;12/27;10;0;4/9;1/6;5/6;5/9;2;3;9;9;9;9;71/123;52/123;29/56;25/67;42/67;27/56;10/20;9/23;14/23;10/20;23/44;20/38;9/18;10/21;11/21;9/18;3;0;2/7;1/4;3/4;5/7;2;2;5;5;5;5;44/82;38/82;19/38;19/44;25/44;19/38;4/9;3/15;12/15;5/9;15/23;9/18;6/9;3/8;5/8;3/9;7;0;2/2;0/2;2/2;0/2;0;1;4;4;4;4;27/41;14/41;10/18;6/23;17/23;8/18;2;1;1.73;1.83;29.17;26.58;Right-Handed;Right-Handed;https://wtatennis.com/tournament/1101/lugano/2018/scores/LS020;;;;;;;;;;;;;;;;;;;;;;;;;;;;
34/76;28/70;42/70;42/76;70/125;76/100;15/24;32/55;23/55;9/24;0;0;7/13;6/16;10/16;6/13;16;3;16;15;15;16;114/225;111/225;49/100;60/125;65/125;51/100;7/21;8/21;13/21;14/21;21/45;21/27;2/6;14/24;10/24;4/6;0;0;1/1;2/7;5/7;0/1;7;0;5;5;5;5;32/72;40/72;9/27;22/45;23/45;18/27;15/32;13/31;18/31;17/32;31/56;32/43;8/11;15/25;10/25;3/11;0;0;3/6;3/7;4/7;3/6;7;2;6;6;6;6;51/99;48/99;23/43;28/56;28/56;20/43;3;0;1.72;1.63;23.92;28.42;Left-Handed;Right-Handed;https://wtatennis.com/tournament/1101/lugano/2018/scores/LS030;12/23;7/18;11/18;11/23;18/24;23/30;5/7;3/6;3/6;2/7;0;0;3/6;1/2;1/2;3/6;2;1;5;4;4;5;31/54;23/54;17/30;10/24;14/24;13/30
26/69;15/48;33/48;43/69;48/96;69/106;18/37;26/48;22/48;19/37;3;3;4/10;4/5;1/5;6/10;3;3;16;15;15;16;99/202;103/202;44/106;41/96;55/96;62/106;10/28;8/22;14/22;18/28;22/40;28/42;8/14;9/18;9/18;6/14;2;2;1/3;1/1;0/1;2/3;0;1;6;6;6;6;41/82;41/82;18/42;17/40;23/40;24/42;6/23;5/17;12/17;17/23;17/29;23/36;5/13;7/12;5/12;8/13;0;0;0/3;1/2;1/2;3/3;2;2;5;4;4;5;28/65;37/65;11/36;12/29;17/29;25/36;2;0;1.69;1.69;28.58;30.67;Right-Handed;Right-Handed;https://wtatennis.com/tournament/1101/lugano/2018/scores/LS026;10/18;2/9;7/9;8/18;9/27;18/28;5/10;10/18;8/18;5/10;1;1;3/4;2/2;0/2;1/4;1;0;5;5;5;5;30/55;25/55;15/28;12/27;15/27;13/28
9/32;14/32;18/32;23/32;32/47;32/55;11/23;11/15;4/15;12/23;3;0;1/6;5/8;3/8;5/6;3;3;8;8;8;8;42/102;60/102;20/55;25/47;22/47;35/55;5/21;7/18;11/18;16/21;18/23;21/36;9/15;4/5;1/5;6/15;2;0;1/6;2/5;3/5;5/6;0;3;5;4;4;5;26/59;33/59;14/36;11/23;12/23;22/36;4/11;7/14;7/14;7/11;14/24;11/19;2/8;7/10;3/10;6/8;1;0;0/0;3/3;0/3;0/0;3;0;3;4;4;3;16/43;27/43;6/19;14/24;10/24;13/19;1;2;1.85;1.82;32.42;25.08;Right-Handed;Right-Handed;https://wtatennis.com/tournament/1101/lugano/2018/scores/LS011;;;;;;;;;;;;;;;;;;;;;;;;;;;;
4/31;14/42;28/42;27/31;42/64;31/67;18/36;10/22;12/22;18/36;1;0;1/3;2/7;5/7;2/3;4;8;9;9;9;9;62/131;69/131;22/67;24/64;40/64;45/67;1/21;7/29;22/29;20/21;29/46;21/45;11/24;7/17;10/17;13/24;1;0;0/1;0/2;2/2;1/1;3;5;6;6;6;6;44/91;47/91;12/45;14/46;32/46;33/45;3/10;7/13;6/13;7/10;13/18;10/22;7/12;3/5;2/5;5/12;0;0;1/2;2/5;3/5;1/2;1;3;3;3;3;3;18/40;22/40;10/22;10/18;8/18;12/22;0;1;1.84;1.70;30.08;28.08;Right-Handed;Right-Handed;https://wtatennis.com/tournament/1101/lugano/2018/scores/LS016;;;;;;;;;;;;;;;;;;;;;;;;;;;;
;;;;;;;;;;;;;;;;;;;;;;;;;;;;;;;;;;;;;;;;;;;;;;;;;;;;;;;;;;;;;;;;;;;;;;;;;;;;;;;;;;;;0;1;1.68;1.76;35.25;29.08;Right-Handed;Right-Handed;https://wtatennis.com/tournament/1101/lugano/2018/scores/LS017;;;;;;;;;;;;;;;;;;;;;;;;;;;;
20/50;27/73;46/73;30/50;73/117;50/88;17/38;23/44;21/44;21/38;1;6;5/11;4/17;13/17;6/11;4;7;14;14;14;14;104/205;101/205;37/88;50/117;67/117;51/88;2/13;11/28;17/28;11/13;28/44;13/23;4/10;9/16;7/16;6/10;1;4;0/2;2/8;6/8;2/2;2;3;4;5;5;4;30/67;37/67;6/23;20/44;24/44;17/23;6/15;9/24;15/24;9/15;24/39;15/26;5/11;6/15;9/15;6/11;0;1;2/3;1/3;2/3;1/3;1;3;5;5;5;5;35/65;30/65;11/26;15/39;24/39;15/26;1;0;1.84;1.74;24.67;27.42;Right-Handed;Right-Handed;https://wtatennis.com/tournament/1101/lugano/2018/scores/LS027;12/22;7/21;14/21;10/22;21/34;22/39;8/17;8/13;5/13;9/17;0;1;3/6;1/6;5/6;3/6;1;1;5;4;4;5;39/73;34/73;20/39;15/34;19/34;19/39
6/27;11/28;17/28;21/27;28/60;27/52;10/25;15/32;17/32;15/25;3;2;1/4;4/9;5/9;3/4;1;2;9;9;9;9;50/112;62/112;16/52;26/60;34/60;36/52;4/12;11/19;8/19;8/12;19/40;12/23;4/11;9/21;12/21;7/11;1;0;1/2;3/8;5/8;1/2;1;1;4;5;5;4;28/63;35/63;8/23;20/40;20/40;15/23;2/15;0/9;9/9;13/15;9/20;15/29;6/14;6/11;5/11;8/14;2;2;0/2;1/1;0/1;2/2;0;1;5;4;4;5;22/49;27/49;8/29;6/20;14/20;21/29;1;1;1.71;1.70;25.5;33.25;Right-Handed;Right-Handed;https://wtatennis.com/tournament/1101/lugano/2018/scores/LS018;;;;;;;;;;;;;;;;;;;;;;;;;;;;
19/55;22/50;28/50;36/55;50/90;55/79;17/24;21/40;19/40;7/24;3;1;5/12;5/8;3/8;7/12;2;6;13;13;13;13;83/169;86/169;36/79;43/90;47/90;43/79;5/15;8/16;8/16;10/15;16/29;15/20;2/5;9/13;4/13;3/5;1;1;0/2;3/4;1/4;2/2;0;2;3;4;4;3;19/49;30/49;7/20;17/29;12/29;13/20;5/21;7/16;9/16;16/21;16/27;21/30;8/9;4/11;7/11;1/9;1;0;2/5;1/1;0/1;3/5;1;2;5;5;5;5;29/57;28/57;13/30;11/27;16/27;17/30;1;0;1.65;1.76;37.42;28.33;Right-Handed;Right-Handed;https://wtatennis.com/tournament/1101/lugano/2018/scores/LS025;9/19;7/18;11/18;10/19;18/34;19/29;7/10;8/16;8/16;3/10;1;0;3/5;1/3;2/3;2/5;1;2;5;4;4;5;35/63;28/63;16/29;15/34;19/34;13/29
16/54;17/55;38/55;38/54;55/87;54/94;20/40;21/32;11/32;20/40;0;4;4/12;5/8;3/8;8/12;4;3;15;14;14;15;85/181;96/181;36/94;38/87;49/87;58/94;10/19;7/19;12/19;9/19;19/34;19/34;10/15;11/15;4/15;5/15;0;2;4/8;3/5;2/5;4/8;1;2;5;5;5;5;36/68;32/68;20/34;18/34;16/34;14/34;4/20;2/13;11/13;16/20;13/22;20/30;4/10;6/9;3/9;6/10;0;1;0/3;1/2;1/2;3/3;2;0;5;4;4;5;22/52;30/52;8/30;8/22;14/22;22/30;3;1;1.74;1.85;37.92;32.92;Right-Handed;Right-Handed;https://wtatennis.com/tournament/1101/lugano/2018/scores/LS028;2/15;8/23;15/23;13/15;23/31;15/30;6/15;4/8;4/8;9/15;0;1;0/1;1/1;0/1;1/1;1;1;5;5;5;5;27/61;34/61;8/30;12/31;19/31;22/30
31/60;21/51;30/51;29/60;51/90;60/69;5/9;22/39;17/39;4/9;0;0;6/10;5/10;5/10;4/10;7;0;11;11;11;11;83/159;76/159;36/69;43/90;47/90;33/69;18/36;13/32;19/32;18/36;32/56;36/42;3/6;13/24;11/24;3/6;0;0;3/7;3/5;2/5;4/7;3;0;6;6;6;6;51/98;47/98;21/42;26/56;30/56;21/42;13/24;8/19;11/19;11/24;19/34;24/27;2/3;9/15;6/15;1/3;0;0;3/3;2/5;3/5;0/3;4;0;5;5;5;5;32/61;29/61;15/27;17/34;17/34;12/27;2;0;1.70;1.76;28.08;29.08;Right-Handed;Right-Handed;https://wtatennis.com/tournament/1101/lugano/2018/scores/LS008;;;;;;;;;;;;;;;;;;;;;;;;;;;;
34/84;16/48;32/48;50/84;48/92;84/112;16/28;20/44;24/44;12/28;1;0;4/16;4/10;6/10;12/16;2;8;14;15;15;14;106/204;98/204;50/112;36/92;56/92;62/112;6/19;6/12;6/12;13/19;12/24;19/25;1/6;6/12;6/12;5/6;1;0;0/1;2/3;1/3;1/1;2;0;4;4;4;4;19/49;30/49;7/25;12/24;12/24;18/25;15/38;7/23;16/23;23/38;23/38;38/55;11/17;7/15;8/15;6/17;0;0;2/10;1/3;2/3;8/10;0;5;6;6;6;6;50/93;43/93;26/55;14/38;24/38;29/55;4;5;1.70;1.73;33.25;33.33;Right-Handed;Right-Handed;https://wtatennis.com/tournament/1101/lugano/2018/scores/LS009;13/27;3/13;10/13;14/27;13/30;27/32;4/5;7/17;10/17;1/5;0;0;2/5;1/4;3/4;3/5;0;3;4;5;5;4;37/62;25/62;17/32;10/30;20/30;15/32
22/60;18/56;38/56;38/60;56/86;60/94;13/34;11/30;19/30;21/34;5;4;3/9;2/4;2/4;6/9;5;3;14;15;15;14;92/180;88/180;35/94;29/86;57/86;59/94;9/19;5/15;10/15;10/19;15/27;19/28;3/9;1/12;11/12;6/9;1;2;1/2;0/1;1/1;1/2;1;1;4;5;5;4;33/55;22/55;12/28;6/27;21/27;16/28;11/30;8/18;10/18;19/30;18/29;30/42;6/12;6/11;5/11;6/12;0;1;1/4;2/3;1/3;3/4;3;1;5;5;5;5;32/71;39/71;17/42;14/29;15/29;25/42;2;1;1.85;1.79;32.92;26.92;Right-Handed;Right-Handed;https://wtatennis.com/tournament/1101/lugano/2018/scores/LS014;2/11;5/23;18/23;9/11;23/30;11/24;4/13;4/7;3/7;9/13;4;1;1/3;0/0;0/0;2/3;1;1;5;5;5;5;27/54;27/54;6/24;9/30;21/30;18/24
6/28;11/27;16/27;22/28;27/52;28/57;13/29;16/25;9/25;16/29;0;3;1/7;4/7;3/7;6/7;3;3;9;8;8;9;44/109;65/109;19/57;27/52;25/52;38/57;3/15;5/13;8/13;12/15;13/25;15/32;9/17;9/12;3/12;8/17;0;1;0/6;2/4;2/4;6/6;2;1;4;4;4;4;23/57;34/57;12/32;14/25;11/25;20/32;3/13;6/14;8/14;10/13;14/27;13/25;4/12;7/13;6/13;8/12;0;2;1/1;2/3;1/3;0/1;1;2;5;4;4;5;21/52;31/52;7/25;13/27;14/27;18/25;0;1;1.69;1.84;28.58;24.67;Right-Handed;Right-Handed;https://wtatennis.com/tournament/1101/lugano/2018/scores/LS013;;;;;;;;;;;;;;;;;;;;;;;;;;;;
23/58;28/65;37/65;35/58;65/105;58/100;24/42;28/40;12/40;18/42;0;2;7/15;9/16;7/16;8/15;13;3;16;16;16;16;96/205;109/205;47/100;56/105;49/105;53/100;1/11;2/7;5/7;10/11;7/19;11/24;8/13;10/12;2/12;5/13;0;1;1/2;3/3;0/3;1/2;5;0;4;4;4;4;16/43;27/43;9/24;12/19;7/19;15/24;11/21;10/21;11/21;10/21;21/37;21/34;7/13;9/16;7/16;6/13;0;0;4/7;3/4;1/4;3/7;3;2;6;6;6;6;36/71;35/71;18/34;19/37;18/37;16/34;2;2;1.72;1.79;23.92;27.58;Left-Handed;Right-Handed;https://wtatennis.com/tournament/1101/lugano/2018/scores/LS015;11/26;16/37;21/37;15/26;37/49;26/42;9/16;9/12;3/12;7/16;0;1;2/6;3/9;6/9;4/6;5;1;6;6;6;6;44/91;47/91;20/42;25/49;24/49;22/42
8/27;20/32;12/32;19/27;32/47;27/51;9/24;8/15;7/15;15/24;2;1;1/1;5/12;7/12;0/1;1;4;8;7;7;8;36/98;62/98;17/51;28/47;19/47;34/51;5/15;11/18;7/18;10/15;18/25;15/26;4/11;5/7;2/7;7/11;2;1;1/1;3/8;5/8;0/1;1;1;4;4;4;4;18/51;33/51;9/26;16/25;9/25;17/26;3/12;9/14;5/14;9/12;14/22;12/25;5/13;3/8;5/8;8/13;0;0;0/0;2/4;2/4;0/0;0;3;4;3;3;4;18/47;29/47;8/25;12/22;10/22;17/25;0;4;1.73;1.68;29.17;31.42;Right-Handed;Right-Handed;https://wtatennis.com/tournament/1101/lugano/2018/scores/LS010;;;;;;;;;;;;;;;;;;;;;;;;;;;;
9/31;10/25;15/25;22/31;25/57;31/52;10/21;20/32;12/32;11/21;4;3;2/3;5/8;3/8;1/3;1;1;9;9;9;9;46/109;63/109;19/52;30/57;27/57;33/52;5/14;6/17;11/17;9/14;17/36;14/26;6/12;13/19;6/19;6/12;3;0;2/2;3/6;3/6;0/2;1;1;5;5;5;5;28/62;34/62;11/26;19/36;17/36;15/26;4/17;4/8;4/8;13/17;8/21;17/26;4/9;7/13;6/13;5/9;1;3;0/1;2/2;0/2;1/1;0;0;4;4;4;4;18/47;29/47;8/26;11/21;10/21;18/26;0;2;1.70;1.82;33.25;25.08;Right-Handed;Right-Handed;https://wtatennis.com/tournament/1101/lugano/2018/scores/LS002;;;;;;;;;;;;;;;;;;;;;;;;;;;;
13/42;24/55;31/55;29/42;55/111;42/72;18/30;35/56;21/56;12/30;2;1;5/9;8/20;12/20;4/9;4;4;13;14;14;13;83/183;100/183;31/72;59/111;52/111;41/72;0/7;8/19;11/19;7/7;19/39;7/15;3/8;15/20;5/20;5/8;0;1;0/0;3/7;4/7;0/0;3;1;3;4;4;3;19/54;35/54;3/15;23/39;16/39;12/15;7/16;7/17;10/17;9/16;17/34;16/27;8/11;9/17;8/17;3/11;2;0;3/3;2/5;3/5;0/3;0;1;5;5;5;5;33/61;28/61;15/27;16/34;18/34;12/27;0;2;1.84;1.79;24.67;27.58;Right-Handed;Right-Handed;https://wtatennis.com/tournament/1101/lugano/2018/scores/LS003;6/19;9/19;10/19;13/19;19/38;19/30;7/11;11/19;8/19;4/11;0;0;2/6;3/8;5/8;4/6;1;2;5;5;5;5;31/68;37/68;13/30;20/38;18/38;17/30
19/47;27/49;22/49;28/47;49/77;47/72;15/25;14/28;14/28;10/25;2;1;3/7;6/15;9/15;4/7;3;4;9;10;10;9;70/149;79/149;34/72;41/77;36/77;38/72;10/22;9/14;5/14;12/22;14/29;22/33;7/11;8/15;7/15;4/11;1;0;2/2;3/4;1/4;0/2;3;3;5;5;5;5;29/62;33/62;17/33;17/29;12/29;16/33;9/25;18/35;17/35;16/25;35/48;25/39;8/14;6/13;7/13;6/14;1;1;1/5;3/11;8/11;4/5;0;1;4;5;5;4;41/87;46/87;17/39;24/48;24/48;22/39;2;3;1.70;1.70;28.08;33.25;Right-Handed;Right-Handed;https://wtatennis.com/tournament/1101/lugano/2018/scores/LS004;;;;;;;;;;;;;;;;;;;;;;;;;;;;
7/31;14/30;16/30;24/31;30/48;31/51;8/20;9/18;9/18;12/20;1;4;0/4;4/6;2/6;4/4;5;3;8;7;7;8;40/99;59/99;15/51;23/48;25/48;36/51;3/18;3/12;9/12;15/18;12/22;18/28;4/10;4/10;6/10;6/10;1;1;0/0;1/2;1/2;0/0;2;2;5;4;4;5;22/50;28/50;7/28;7/22;15/22;21/28;4/13;11/18;7/18;9/13;18/26;13/23;4/10;5/8;3/8;6/10;0;3;0/4;3/4;1/4;4/4;3;1;3;3;3;3;18/49;31/49;8/23;16/26;10/26;15/23;2;1;1.68;1.82;31.42;25.08;Right-Handed;Right-Handed;https://wtatennis.com/tournament/1101/lugano/2018/scores/LS005;;;;;;;;;;;;;;;;;;;;;;;;;;;;
10/49;15/47;32/47;39/49;47/85;49/77;16/28;21/38;17/38;12/28;4;3;2/5;3/9;6/9;3/5;0;5;11;11;11;11;75/162;87/162;26/77;36/85;49/85;51/77;4/22;9/26;17/26;18/22;26/41;22/35;7/13;8/15;7/15;6/13;2;1;0/3;1/3;2/3;3/3;0;3;5;5;5;5;35/76;41/76;11/35;17/41;24/41;24/35;6/27;6/21;15/21;21/27;21/44;27/42;9/15;13/23;10/23;6/15;2;2;2/2;2/6;4/6;0/2;0;2;6;6;6;6;40/86;46/86;15/42;19/44;25/44;27/42;1;1;1.65;1.84;37.42;24.67;Right-Handed;Right-Handed;https://wtatennis.com/tournament/1101/lugano/2018/scores/LS006;;;;;;;;;;;;;;;;;;;;;;;;;;;;
8/33;12/36;24/36;25/33;36/69;33/52;8/19;20/33;13/33;11/19;3;1;1/1;4/12;8/12;0/1;4;2;10;10;10;10;53/121;68/121;16/52;32/69;37/69;36/52;5/20;8/21;13/21;15/20;21/39;20/31;6/11;9/18;9/18;5/11;1;1;1/1;2/6;4/6;0/1;1;0;6;6;6;6;33/70;37/70;11/31;17/39;22/39;20/31;3/13;4/15;11/15;10/13;15/30;13/21;2/8;11/15;4/15;6/8;2;0;0/0;2/6;4/6;0/0;3;2;4;4;4;4;20/51;31/51;5/21;15/30;15/30;16/21;7;2;1.82;1.79;25.08;27.58;Right-Handed;Right-Handed;https://wtatennis.com/tournament/1101/lugano/2018/scores/LS001;;;;;;;;;;;;;;;;;;;;;;;;;;;;
