statut;duration;stage;url_match_stats;player_1_name;player_1_set_1;player_1_set_1_tiebreak;player_1_set_2;player_1_set_2_tiebreak;player_1_set_3;player_1_set_3_tiebreak;player_2_name;player_2_set_1;player_2_set_1_tiebreak;player_2_set_2;player_2_set_2_tiebreak;player_2_set_3;player_2_set_3_tiebreak;scores_link
Completed;1:45;Qualifying;https://wtatennis.com/tournament/1049/auckland/2020/scores/RS026;R.Anderson;0;;6;;4;;A.Rodionova;6;;3;;6;;https://www.wtatennis.com/tournament/1049/auckland/2020/scores
Completed;2:10;Qualifying;https://wtatennis.com/tournament/1049/auckland/2020/scores/RS024;A.Bogdan;4;;6;;4;;G.Gatto-Monticone;6;;4;;6;;https://www.wtatennis.com/tournament/1049/auckland/2020/scores
Completed;1:21;Qualifying;https://wtatennis.com/tournament/1049/auckland/2020/scores/RS027;L.Arruabarrena;3;;4;;-;;G.Minnen;6;;6;;-;;https://www.wtatennis.com/tournament/1049/auckland/2020/scores
Completed;1:36;Qualifying;https://wtatennis.com/tournament/1049/auckland/2020/scores/RS030;E.Routliffe;2;;5;;-;;S.Errani;6;;7;;-;;https://www.wtatennis.com/tournament/1049/auckland/2020/scores
Completed;1:34;Qualifying;https://wtatennis.com/tournament/1049/auckland/2020/scores/RS025;V.Savinykh;2;;6;4;-;;I.Shinikova;6;;7;;-;;https://www.wtatennis.com/tournament/1049/auckland/2020/scores
Completed;1:52;Qualifying;https://wtatennis.com/tournament/1049/auckland/2020/scores/RS028;C.Giorgi;4;;6;;6;;K.Nara;6;;2;;0;;https://www.wtatennis.com/tournament/1049/auckland/2020/scores
Completed;0:54;Qualifying;https://wtatennis.com/tournament/1049/auckland/2020/scores/RS031;I.Bara;3;;1;;-;;Y.Bonaventure;6;;6;;-;;https://www.wtatennis.com/tournament/1049/auckland/2020/scores
Completed;1:29;Qualifying;https://wtatennis.com/tournament/1049/auckland/2020/scores/RS029;C.Vandeweghe;1;;6;6;-;;C.Dolehide;6;;7;;-;;https://www.wtatennis.com/tournament/1049/auckland/2020/scores
Completed;0:48;Qualifying;https://wtatennis.com/tournament/1049/auckland/2020/scores/RS018;V.Lepchenko;6;;6;;-;;A.Kiick;1;;0;;-;;https://www.wtatennis.com/tournament/1049/auckland/2020/scores
Completed;1:46;Qualifying;https://wtatennis.com/tournament/1049/auckland/2020/scores/RS019;E.Cocciaretto;6;;2;;3;;A.Bolsova;3;;6;;6;;https://www.wtatennis.com/tournament/1049/auckland/2020/scores
Completed;2:30;Qualifying;https://wtatennis.com/tournament/1049/auckland/2020/scores/RS016;K.Ahn;7;;3;;3;;C.Mcnally;6;0;6;;6;;https://www.wtatennis.com/tournament/1049/auckland/2020/scores
Completed;2:21;Qualifying;https://wtatennis.com/tournament/1049/auckland/2020/scores/RS017;B.Schoofs;7;;7;;-;;M.Hibi;5;;6;8;-;;https://www.wtatennis.com/tournament/1049/auckland/2020/scores
Completed;1:59;Qualifying;https://wtatennis.com/tournament/1049/auckland/2020/scores/RS020;P.Badosa;7;;7;;-;;L.Fernandez;5;;6;3;-;;https://www.wtatennis.com/tournament/1049/auckland/2020/scores
Completed;1:44;Qualifying;https://wtatennis.com/tournament/1049/auckland/2020/scores/RS021;L.Pattinama Kerkhov;2;;6;7;-;;U.Arconada;6;;7;;-;;https://www.wtatennis.com/tournament/1049/auckland/2020/scores
Completed;1:13;Qualifying;https://wtatennis.com/tournament/1049/auckland/2020/scores/RS022;A.Li;6;;6;;-;;V.Cepede Royg;3;;3;;-;;https://www.wtatennis.com/tournament/1049/auckland/2020/scores
Completed;2:01;Qualifying;https://wtatennis.com/tournament/1049/auckland/2020/scores/RS023;Y.Wickmayer;6;3;6;;1;;N.Hibino;7;;2;;6;;https://www.wtatennis.com/tournament/1049/auckland/2020/scores
Completed;2:20;Qualifying;https://wtatennis.com/tournament/1049/auckland/2020/scores/RS013;A.Rodionova;6;;4;;6;5;G.Minnen;2;;6;;7;;https://www.wtatennis.com/tournament/1049/auckland/2020/scores
Completed;1:53;Qualifying;https://wtatennis.com/tournament/1049/auckland/2020/scores/RS012;G.Gatto-Monticone;6;;4;;4;;I.Shinikova;2;;6;;6;;https://www.wtatennis.com/tournament/1049/auckland/2020/scores
Completed;1:27;Qualifying;https://wtatennis.com/tournament/1049/auckland/2020/scores/RS014;C.Giorgi;7;;6;;-;;C.Dolehide;5;;3;;-;;https://www.wtatennis.com/tournament/1049/auckland/2020/scores
Completed;2:27;Qualifying;https://wtatennis.com/tournament/1049/auckland/2020/scores/RS015;S.Errani;7;;5;;4;;Y.Bonaventure;6;5;7;;6;;https://www.wtatennis.com/tournament/1049/auckland/2020/scores
Completed;2:58;Qualifying;https://wtatennis.com/tournament/1049/auckland/2020/scores/RS009;V.Lepchenko;6;;6;3;6;;A.Bolsova;3;;7;;4;;https://www.wtatennis.com/tournament/1049/auckland/2020/scores
Completed;1:27;Qualifying;https://wtatennis.com/tournament/1049/auckland/2020/scores/RS008;C.Mcnally;6;;6;;-;;B.Schoofs;4;;1;;-;;https://www.wtatennis.com/tournament/1049/auckland/2020/scores
Completed;1:03;Qualifying;https://wtatennis.com/tournament/1049/auckland/2020/scores/RS010;P.Badosa;1;;3;;-;;U.Arconada;6;;6;;-;;https://www.wtatennis.com/tournament/1049/auckland/2020/scores
Completed;1:08;Qualifying;https://wtatennis.com/tournament/1049/auckland/2020/scores/RS011;A.Li;6;;6;;-;;N.Hibino;3;;4;;-;;https://www.wtatennis.com/tournament/1049/auckland/2020/scores
Completed;0:48;Qualifying;https://wtatennis.com/tournament/1049/auckland/2020/scores/RS006;I.Shinikova;0;;1;;-;;G.Minnen;6;;6;;-;;https://www.wtatennis.com/tournament/1049/auckland/2020/scores
Completed;2:05;Qualifying;https://wtatennis.com/tournament/1049/auckland/2020/scores/RS007;C.Giorgi;6;4;6;;6;;Y.Bonaventure;7;;4;;1;;https://www.wtatennis.com/tournament/1049/auckland/2020/scores
Completed;2:35;Qualifying;https://wtatennis.com/tournament/1049/auckland/2020/scores/RS004;C.Mcnally;7;;4;;4;;V.Lepchenko;5;;6;;6;;https://www.wtatennis.com/tournament/1049/auckland/2020/scores
Completed;1:34;Qualifying;https://wtatennis.com/tournament/1049/auckland/2020/scores/RS005;U.Arconada;1;;5;;-;;A.Li;6;;7;;-;;https://www.wtatennis.com/tournament/1049/auckland/2020/scores
Completed;1:39;Round of 32;https://wtatennis.com/tournament/1049/auckland/2020/scores/LS022;E.Bouchard;7;;7;;-;;K.Flipkens;5;;5;;-;;https://www.wtatennis.com/tournament/1049/auckland/2020/scores
Completed;1:01;Round of 32;https://wtatennis.com/tournament/1049/auckland/2020/scores/LS018;C.Gauff;6;;6;;-;;V.Kuzmova;3;;1;;-;;https://www.wtatennis.com/tournament/1049/auckland/2020/scores
Completed;1:28;Round of 32;https://wtatennis.com/tournament/1049/auckland/2020/scores/LS026;J.Teichmann;6;;6;;-;;V.Ivanov;4;;3;;-;;https://www.wtatennis.com/tournament/1049/auckland/2020/scores
Completed;2:17;Round of 32;https://wtatennis.com/tournament/1049/auckland/2020/scores/LS028;R.Peterson;6;7;6;5;-;;T.Zidansek;7;;7;;-;;https://www.wtatennis.com/tournament/1049/auckland/2020/scores
Completed;2:32;Round of 32;https://wtatennis.com/tournament/1049/auckland/2020/scores/LS023;T.Townsend;7;;3;;5;;C.Garcia;5;;6;;7;;https://www.wtatennis.com/tournament/1049/auckland/2020/scores
Completed;1:04;Round of 32;https://wtatennis.com/tournament/1049/auckland/2020/scores/LS029;C.Bellis;0;;4;;-;;J.Pegula;6;;6;;-;;https://www.wtatennis.com/tournament/1049/auckland/2020/scores
Completed;1:46;Round of 32;https://wtatennis.com/tournament/1049/auckland/2020/scores/LS021;C.Suarez Navarro;3;;6;;2;;D.Kasatkina;6;;3;;6;;https://www.wtatennis.com/tournament/1049/auckland/2020/scores
Completed;1:36;Round of 32;https://wtatennis.com/tournament/1049/auckland/2020/scores/LS027;G.Minnen;1;;6;4;-;;J.Goerges;6;;7;;-;;https://www.wtatennis.com/tournament/1049/auckland/2020/scores
Completed;1:46;Round of 32;https://wtatennis.com/tournament/1049/auckland/2020/scores/LS025;L.Davis;7;;6;;-;;V.Lepchenko;6;7;2;;-;;https://www.wtatennis.com/tournament/1049/auckland/2020/scores
Completed;0:53;Round of 32;https://wtatennis.com/tournament/1049/auckland/2020/scores/LS024;C.Wozniacki;6;;6;;-;;P.Hourigan;1;;0;;-;;https://www.wtatennis.com/tournament/1049/auckland/2020/scores
Completed;1:32;Round of 32;https://wtatennis.com/tournament/1049/auckland/2020/scores/LS017;C.Mchale;7;;6;;-;;A.Li;5;;2;;-;;https://www.wtatennis.com/tournament/1049/auckland/2020/scores
Completed;1:26;Round of 32;https://wtatennis.com/tournament/1049/auckland/2020/scores/LS019;L.Siegemund;6;;6;;-;;C.Mcnally;2;;2;;-;;https://www.wtatennis.com/tournament/1049/auckland/2020/scores
Completed;1:08;Round of 32;https://wtatennis.com/tournament/1049/auckland/2020/scores/LS016;S.Williams;6;;6;;-;;C.Giorgi;3;;2;;-;;https://www.wtatennis.com/tournament/1049/auckland/2020/scores
Completed;1:18;Round of 32;https://wtatennis.com/tournament/1049/auckland/2020/scores/LS020;A.Anisimova;6;;6;;-;;K.Kozlova;3;;4;;-;;https://www.wtatennis.com/tournament/1049/auckland/2020/scores
Completed;2:15;Round of 32;https://wtatennis.com/tournament/1049/auckland/2020/scores/LS030;A.Cornet;4;;7;;6;;Y.Bonaventure;6;;5;;3;;https://www.wtatennis.com/tournament/1049/auckland/2020/scores
Completed;2:42;Round of 32;https://wtatennis.com/tournament/1049/auckland/2020/scores/LS031;U.Arconada;7;;4;;4;;P.Martic;5;;6;;6;;https://www.wtatennis.com/tournament/1049/auckland/2020/scores
Completed;1:13;Round of 16;https://wtatennis.com/tournament/1049/auckland/2020/scores/LS010;A.Anisimova;6;;6;;-;;D.Kasatkina;2;;4;;-;;https://www.wtatennis.com/tournament/1049/auckland/2020/scores
Completed;1:28;Round of 16;https://wtatennis.com/tournament/1049/auckland/2020/scores/LS011;E.Bouchard;6;;6;;-;;C.Garcia;4;;4;;-;;https://www.wtatennis.com/tournament/1049/auckland/2020/scores
Completed;1:01;Round of 16;https://wtatennis.com/tournament/1049/auckland/2020/scores/LS014;T.Zidansek;2;;3;;-;;J.Pegula;6;;6;;-;;https://www.wtatennis.com/tournament/1049/auckland/2020/scores
Completed;2:16;Round of 16;https://wtatennis.com/tournament/1049/auckland/2020/scores/LS015;A.Cornet;3;;6;;6;;P.Martic;6;;4;;4;;https://www.wtatennis.com/tournament/1049/auckland/2020/scores
Completed;2:19;Round of 16;https://wtatennis.com/tournament/1049/auckland/2020/scores/LS012;C.Wozniacki;6;;4;;6;;L.Davis;1;;6;;4;;https://www.wtatennis.com/tournament/1049/auckland/2020/scores
Completed;1:18;Round of 16;https://wtatennis.com/tournament/1049/auckland/2020/scores/LS013;J.Teichmann;3;;2;;-;;J.Goerges;6;;6;;-;;https://www.wtatennis.com/tournament/1049/auckland/2020/scores
Completed;2:00;Round of 16;https://wtatennis.com/tournament/1049/auckland/2020/scores/LS008;S.Williams;3;;6;;6;;C.Mchale;6;;2;;3;;https://www.wtatennis.com/tournament/1049/auckland/2020/scores
Completed;2:14;Round of 16;https://wtatennis.com/tournament/1049/auckland/2020/scores/LS009;C.Gauff;7;;2;;3;;L.Siegemund;5;;6;;6;;https://www.wtatennis.com/tournament/1049/auckland/2020/scores
Completed;1:56;Quarterfinal;https://wtatennis.com/tournament/1049/auckland/2020/scores/LS005;A.Anisimova;6;;3;;6;;E.Bouchard;2;;6;;4;;https://www.wtatennis.com/tournament/1049/auckland/2020/scores
Completed;1:15;Quarterfinal;https://wtatennis.com/tournament/1049/auckland/2020/scores/LS006;C.Wozniacki;6;;6;;-;;J.Goerges;1;;4;;-;;https://www.wtatennis.com/tournament/1049/auckland/2020/scores
Completed;1:28;Quarterfinal;https://wtatennis.com/tournament/1049/auckland/2020/scores/LS004;S.Williams;6;;6;;-;;L.Siegemund;4;;3;;-;;https://www.wtatennis.com/tournament/1049/auckland/2020/scores
Completed;0:48;Quarterfinal;https://wtatennis.com/tournament/1049/auckland/2020/scores/LS007;J.Pegula;6;;3;;-;;A.Cornet;0;;2;;-;;https://www.wtatennis.com/tournament/1049/auckland/2020/scores
Completed;0:43;Semifinal;https://wtatennis.com/tournament/1049/auckland/2020/scores/LS002;S.Williams;6;;6;;-;;A.Anisimova;1;;1;;-;;https://www.wtatennis.com/tournament/1049/auckland/2020/scores
Completed;1:53;Semifinal;https://wtatennis.com/tournament/1049/auckland/2020/scores/LS003;C.Wozniacki;6;;4;;0;;J.Pegula;3;;6;;6;;https://www.wtatennis.com/tournament/1049/auckland/2020/scores
Completed;1:35;Final;https://wtatennis.com/tournament/1049/auckland/2020/scores/LS001;S.Williams;6;;6;;-;;J.Pegula;3;;4;;-;;https://www.wtatennis.com/tournament/1049/auckland/2020/scores
