match_1st Return Points Won_player_1;match_1st Return Points Won_player_2;match_1st Serve Points Won_player_1;match_1st Serve Points Won_player_2;match_1st Serve_player_1;match_1st Serve_player_2;match_2nd Return Points Won_player_1;match_2nd Return Points Won_player_2;match_2nd Serve Points Won_player_1;match_2nd Serve Points Won_player_2;match_Aces_player_1;match_Aces_player_2;match_Break Points Converted_player_1;match_Break Points Converted_player_2;match_Break Points Saved_player_1;match_Break Points Saved_player_2;match_Double Faults_player_1;match_Double Faults_player_2;match_Return Games Played_player_1;match_Return Games Played_player_2;match_Service Games Played_player_1;match_Service Games Played_player_2;match_Total Points Won_player_1;match_Total Points Won_player_2;match_Total Return Points Won_player_1;match_Total Return Points Won_player_2;match_Total Service Points Won_player_1;match_Total Service Points Won_player_2;set1_1st Return Points Won_player_1;set1_1st Return Points Won_player_2;set1_1st Serve Points Won_player_1;set1_1st Serve Points Won_player_2;set1_1st Serve_player_1;set1_1st Serve_player_2;set1_2nd Return Points Won_player_1;set1_2nd Return Points Won_player_2;set1_2nd Serve Points Won_player_1;set1_2nd Serve Points Won_player_2;set1_Aces_player_1;set1_Aces_player_2;set1_Break Points Converted_player_1;set1_Break Points Converted_player_2;set1_Break Points Saved_player_1;set1_Break Points Saved_player_2;set1_Double Faults_player_1;set1_Double Faults_player_2;set1_Return Games Played_player_1;set1_Return Games Played_player_2;set1_Service Games Played_player_1;set1_Service Games Played_player_2;set1_Total Points Won_player_1;set1_Total Points Won_player_2;set1_Total Return Points Won_player_1;set1_Total Return Points Won_player_2;set1_Total Service Points Won_player_1;set1_Total Service Points Won_player_2;set2_1st Return Points Won_player_1;set2_1st Return Points Won_player_2;set2_1st Serve Points Won_player_1;set2_1st Serve Points Won_player_2;set2_1st Serve_player_1;set2_1st Serve_player_2;set2_2nd Return Points Won_player_1;set2_2nd Return Points Won_player_2;set2_2nd Serve Points Won_player_1;set2_2nd Serve Points Won_player_2;set2_Aces_player_1;set2_Aces_player_2;set2_Break Points Converted_player_1;set2_Break Points Converted_player_2;set2_Break Points Saved_player_1;set2_Break Points Saved_player_2;set2_Double Faults_player_1;set2_Double Faults_player_2;set2_Return Games Played_player_1;set2_Return Games Played_player_2;set2_Service Games Played_player_1;set2_Service Games Played_player_2;set2_Total Points Won_player_1;set2_Total Points Won_player_2;set2_Total Return Points Won_player_1;set2_Total Return Points Won_player_2;set2_Total Service Points Won_player_1;set2_Total Service Points Won_player_2;h2h_wins_player_1;h2h_wins_player_2;Height_player_1;Height_player_2;Date of Birth_player_1;Date of Birth_player_2;Plays_player_1;Plays_player_2;url_match_stats;set3_1st Return Points Won_player_1;set3_1st Return Points Won_player_2;set3_1st Serve Points Won_player_1;set3_1st Serve Points Won_player_2;set3_1st Serve_player_1;set3_1st Serve_player_2;set3_2nd Return Points Won_player_1;set3_2nd Return Points Won_player_2;set3_2nd Serve Points Won_player_1;set3_2nd Serve Points Won_player_2;set3_Aces_player_1;set3_Aces_player_2;set3_Break Points Converted_player_1;set3_Break Points Converted_player_2;set3_Break Points Saved_player_1;set3_Break Points Saved_player_2;set3_Double Faults_player_1;set3_Double Faults_player_2;set3_Return Games Played_player_1;set3_Return Games Played_player_2;set3_Service Games Played_player_1;set3_Service Games Played_player_2;set3_Total Points Won_player_1;set3_Total Points Won_player_2;set3_Total Return Points Won_player_1;set3_Total Return Points Won_player_2;set3_Total Service Points Won_player_1;set3_Total Service Points Won_player_2
13/30;3/22;19/22;17/30;22/50;30/46;10/16;13/28;15/28;6/16;1;1;4/7;0/3;3/3;3/7;1;1;8;8;8;8;57/96;39/96;23/46;16/50;34/50;23/46;6/15;2/11;9/11;9/15;11/25;15/24;6/9;6/14;8/14;3/9;1;1;2/3;0/3;3/3;1/3;1;1;4;4;4;4;29/49;20/49;12/24;8/25;17/25;12/24;7/15;1/11;10/11;8/15;11/25;15/22;4/7;7/14;7/14;3/7;0;0;2/4;0/0;0/0;2/4;0;0;4;4;4;4;28/47;19/47;11/22;8/25;17/25;11/22;1;0;1.75;;26.0;35.0;Right-Handed;Right-Handed;https://wtatennis.com/tournament/1079/bucharest/2019/scores/RS024;;;;;;;;;;;;;;;;;;;;;;;;;;;;
9/35;18/37;19/37;26/35;37/52;35/55;12/20;8/15;7/15;8/20;1;1;2/3;5/8;3/8;1/3;0;2;9;9;9;9;47/107;60/107;21/55;26/52;26/52;34/55;5/22;9/20;11/20;17/22;20/28;22/34;9/12;3/8;5/8;3/12;0;0;1/2;2/3;1/3;1/2;0;2;5;5;5;5;30/62;32/62;14/34;12/28;16/28;20/34;4/13;9/17;8/17;9/13;17/24;13/21;3/8;5/7;2/7;5/8;1;1;1/1;3/5;2/5;0/1;0;0;4;4;4;4;17/45;28/45;7/21;14/24;10/24;14/21;1;3;;1.84;32.92;31.67;;Right-Handed;https://wtatennis.com/tournament/1079/bucharest/2019/scores/RS017;;;;;;;;;;;;;;;;;;;;;;;;;;;;
17/47;28/57;29/57;30/47;57/82;47/86;28/39;15/25;10/25;11/39;0;0;7/15;7/14;7/14;8/15;3;19;13;12;12;13;84/168;84/168;45/86;43/82;39/82;41/86;7/10;5/11;6/11;3/10;11/17;10/20;9/10;3/6;3/6;1/10;0;0;4/5;1/2;1/2;1/5;0;6;4;3;3;4;25/37;12/37;16/20;8/17;9/17;4/20;3/15;11/24;13/24;12/15;24/37;15/26;7/11;8/13;5/13;4/11;0;0;1/1;3/6;3/6;0/1;2;7;4;5;5;4;28/63;35/63;10/26;19/37;18/37;16/26;0;1;;1.7;27.17;33.08;Right-Handed;Right-Handed;https://wtatennis.com/tournament/1079/bucharest/2019/scores/RS023;7/22;12/22;10/22;15/22;22/28;22/40;12/18;4/6;2/6;6/18;0.0;0.0;2/9;3/6;3/6;7/9;1.0;6.0;5.0;4.0;4.0;5.0;31/68;37/68;19/40;16/28;12/28;21/40
15/45;20/39;19/39;30/45;39/63;45/65;10/20;15/24;9/24;10/20;0;2;1/10;5/8;3/8;9/10;4;2;8;8;8;8;53/128;75/128;25/65;35/63;28/63;40/65;4/19;10/22;12/22;15/19;22/32;19/23;2/4;6/10;4/10;2/4;0;1;0/2;2/3;1/3;2/2;2;0;4;4;4;4;22/55;33/55;6/23;16/32;16/32;17/23;11/26;10/17;7/17;15/26;17/31;26/42;8/16;9/14;5/14;8/16;0;1;1/8;3/5;2/5;7/8;2;2;4;4;4;4;31/73;42/73;19/42;19/31;12/31;23/42;0;1;1.75;;27.08;29.0;Right-Handed;;https://wtatennis.com/tournament/1079/bucharest/2019/scores/RS031;;;;;;;;;;;;;;;;;;;;;;;;;;;;
25/57;34/67;33/67;32/57;67/96;57/98;27/41;16/29;13/29;14/41;3;0;8/20;6/13;7/13;12/20;4;17;12;14;14;12;98/194;96/194;52/98;50/96;46/96;46/98;3/10;4/13;9/13;7/10;13/22;10/21;8/11;2/9;7/9;3/11;2;0;2/6;0/0;0/0;4/6;1;3;3;4;4;3;27/43;16/43;11/21;6/22;16/22;10/21;14/37;21/41;20/41;23/37;41/53;37/54;11/17;7/12;5/12;6/17;1;0;3/8;3/8;5/8;5/8;1;8;6;6;6;6;50/107;57/107;25/54;28/53;25/53;29/54;1;2;1.77;1.64;28.67;36.08;Right-Handed;Right-Handed;https://wtatennis.com/tournament/1079/bucharest/2019/scores/RS016;8/10;9/13;4/13;2/10;13/21;10/23;8/13;7/8;1/8;5/13;0.0;0.0;3/6;3/5;2/5;3/6;2.0;6.0;3.0;4.0;4.0;3.0;21/44;23/44;16/23;16/21;5/21;7/23
19/59;15/57;42/57;40/59;57/106;59/88;17/29;30/49;19/49;12/29;7;4;5/8;5/10;5/10;3/8;13;5;16;16;16;16;97/194;97/194;36/88;45/106;61/106;52/88;5/24;6/24;18/24;19/24;24/43;24/33;6/9;12/19;7/19;3/9;3;0;1/1;2/4;2/4;0/1;3;3;6;6;6;6;36/76;40/76;11/33;18/43;25/43;22/33;10/17;3/13;10/13;7/17;13/24;17/25;5/8;6/11;5/11;3/8;3;2;3/6;1/3;2/3;3/6;4;2;4;4;4;4;30/49;19/49;15/25;9/24;15/24;10/25;2;2;;;25.5;25.42;Right-Handed;;https://wtatennis.com/tournament/1079/bucharest/2019/scores/RS021;4/18;6/20;14/20;14/18;20/39;18/30;6/12;12/19;7/19;6/12;1.0;2.0;1/1;2/3;1/3;0/1;6.0;0.0;6.0;6.0;6.0;6.0;31/69;38/69;10/30;18/39;21/39;20/30
17/31;8/32;24/32;14/31;32/50;31/54;15/23;11/18;7/18;8/23;4;0;6/12;2/8;6/8;6/12;6;3;8;8;8;8;63/104;41/104;32/54;19/50;31/50;22/54;10/12;2/13;11/13;2/12;13/20;12/25;6/13;3/7;4/7;7/13;2;0;3/6;0/3;3/3;3/6;2;1;3;3;3;3;31/45;14/45;16/25;5/20;15/20;9/25;7/19;6/19;13/19;12/19;19/30;19/29;9/10;8/11;3/11;1/10;2;0;3/6;2/5;3/5;3/6;4;2;5;5;5;5;32/59;27/59;16/29;14/30;16/30;13/29;1;0;;;27.5;26.67;;;https://wtatennis.com/tournament/1079/bucharest/2019/scores/RS022;;;;;;;;;;;;;;;;;;;;;;;;;;;;
7/27;12/22;10/22;20/27;22/41;27/45;5/18;13/19;6/19;13/18;1;1;0/3;5/6;1/6;3/3;1;1;7;7;7;7;28/86;58/86;12/45;25/41;16/41;33/45;1/7;6/10;4/10;6/7;10/19;7/14;1/7;7/9;2/9;6/7;0;1;0/0;3/4;1/4;0/0;1;0;3;3;3;3;8/33;25/33;2/14;13/19;6/19;12/14;6/20;6/12;6/12;14/20;12/22;20/31;4/11;6/10;4/10;7/11;1;0;0/3;2/2;0/2;3/3;0;1;4;4;4;4;20/53;33/53;10/31;12/22;10/22;21/31;0;1;;;21.75;28.25;;Left-Handed;https://wtatennis.com/tournament/1079/bucharest/2019/scores/RS025;;;;;;;;;;;;;;;;;;;;;;;;;;;;
15/29;19/49;30/49;14/29;49/60;29/57;16/28;5/11;6/11;12/28;0;3;5/10;2/6;4/6;5/10;2;4;9;9;9;9;67/117;50/117;31/57;24/60;36/60;26/57;8/19;11/32;21/32;11/19;32/40;19/37;7/18;3/8;5/8;11/18;0;3;1/6;0/4;4/4;5/6;2;2;5;5;5;5;41/77;36/77;15/37;14/40;26/40;22/37;7/10;8/17;9/17;3/10;17/20;10/20;9/10;2/3;1/3;1/10;0;0;4/4;2/2;0/2;0/4;0;2;4;4;4;4;26/40;14/40;16/20;10/20;10/20;4/20;1;0;1.68;;23.75;27.83;Right-Handed;Left-Handed;https://wtatennis.com/tournament/1079/bucharest/2019/scores/RS030;;;;;;;;;;;;;;;;;;;;;;;;;;;;
47/108;32/84;52/84;61/108;84/127;108/164;31/56;31/43;12/43;25/56;1;3;8/29;8/12;4/12;21/29;7;13;18;18;18;18;142/291;149/291;78/164;63/127;64/127;86/164;15/32;15/32;17/32;17/32;32/44;32/45;7/13;7/12;5/12;6/13;0;2;3/6;3/4;1/4;3/6;2;3;6;6;6;6;44/89;45/89;22/45;22/44;22/44;23/45;19/43;9/26;17/26;24/43;26/42;43/64;9/21;11/16;5/16;12/21;0;1;2/12;2/3;1/3;10/12;1;3;6;6;6;6;50/106;56/106;28/64;20/42;22/42;36/64;2;1;;;26.0;24.67;Right-Handed;;https://wtatennis.com/tournament/1079/bucharest/2019/scores/RS029;13/33;8/26;18/26;20/33;26/41;33/55;15/22;13/15;2/15;7/22;1.0;0.0;3/11;3/5;2/5;8/11;4.0;7.0;6.0;6.0;6.0;6.0;48/96;48/96;28/55;21/41;20/41;27/55
7/26;16/32;16/32;19/26;32/71;26/55;14/29;17/39;22/39;15/29;1;2;2/3;4/9;5/9;1/3;3;6;10;9;9;10;59/126;67/126;21/55;33/71;38/71;34/55;4/14;8/17;9/17;10/14;17/38;14/28;6/14;9/21;12/21;8/14;1;1;1/2;2/7;5/7;1/2;2;3;5;5;5;5;31/66;35/66;10/28;17/38;21/38;18/28;3/12;8/15;7/15;9/12;15/33;12/27;8/15;8/18;10/18;7/15;0;1;1/1;2/2;0/2;0/1;1;3;5;4;4;5;28/60;32/60;11/27;16/33;17/33;16/27;1;1;;;31.5;30.42;Left-Handed;Right-Handed;https://wtatennis.com/tournament/1079/bucharest/2019/scores/RS020;;;;;;;;;;;;;;;;;;;;;;;;;;;;
16/34;7/33;26/33;18/34;33/46;34/55;14/21;5/13;8/13;7/21;0;2;4/12;0/1;1/1;8/12;2;1;7;8;8;7;64/101;37/101;30/55;12/46;34/46;25/55;7/10;4/18;14/18;3/10;18/25;10/17;3/7;3/7;4/7;4/7;0;0;2/2;0/1;1/1;0/2;1;0;3;4;4;3;28/42;14/42;10/17;7/25;18/25;7/17;9/24;3/15;12/15;15/24;15/21;24/38;11/14;2/6;4/6;3/14;0;2;2/10;0/0;0/0;8/10;1;1;4;4;4;4;36/59;23/59;20/38;5/21;16/21;18/38;1;0;1.73;;32.58;29.58;Right-Handed;;https://wtatennis.com/tournament/1079/bucharest/2019/scores/RS028;;;;;;;;;;;;;;;;;;;;;;;;;;;;
9/28;11/34;23/34;19/28;34/71;28/53;13/25;25/37;12/37;12/25;1;3;3/6;6/7;1/7;3/6;13;4;9;10;10;9;57/124;67/124;22/53;36/71;35/71;31/53;5/13;7/18;11/18;8/13;18/35;13/23;3/10;11/17;6/17;7/10;0;0;1/2;3/3;0/3;1/2;7;1;4;5;5;4;25/58;33/58;8/23;18/35;17/35;15/23;4/15;4/16;12/16;11/15;16/36;15/30;10/15;14/20;6/20;5/15;1;3;2/4;3/4;1/4;2/4;6;3;5;5;5;5;32/66;34/66;14/30;18/36;18/36;16/30;0;1;1.73;;22.75;32.33;Right-Handed;Right-Handed;https://wtatennis.com/tournament/1079/bucharest/2019/scores/RS027;;;;;;;;;;;;;;;;;;;;;;;;;;;;
23/59;15/53;38/53;36/59;53/88;59/81;8/22;27/35;8/35;14/22;1;3;4/9;5/12;7/12;5/9;11;4;14;14;14;14;77/169;92/169;31/81;42/88;46/88;50/81;13/27;1/18;17/18;14/27;18/39;27/30;2/3;16/21;5/21;1/3;0;1;2/6;1/7;6/7;4/6;4;1;4;5;5;4;37/69;32/69;15/30;17/39;22/39;15/30;5/16;5/13;8/13;11/16;13/19;16/24;2/8;6/6;0/6;6/8;0;2;1/2;2/2;0/2;1/2;2;1;5;4;4;5;15/43;28/43;7/24;11/19;8/19;17/24;0;1;;1.71;22.67;30.58;;Right-Handed;https://wtatennis.com/tournament/1079/bucharest/2019/scores/RS026;5/16;9/22;13/22;11/16;22/30;16/27;4/11;5/8;3/8;7/11;1.0;0.0;1/1;2/3;1/3;0/1;5.0;2.0;5.0;5.0;5.0;5.0;25/57;32/57;9/27;14/30;16/30;18/27
10/20;9/27;18/27;10/20;27/38;20/39;12/19;8/11;3/11;7/19;0;1;3/9;1/6;5/6;6/9;1;3;5;4;4;5;43/77;34/77;22/39;17/38;21/38;17/39;10/20;9/27;18/27;10/20;27/38;20/39;12/19;8/11;3/11;7/19;0;1;3/9;1/6;5/6;6/9;1;3;5;4;4;5;43/77;34/77;22/39;17/38;21/38;17/39;0/0;0/0;0/0;0/0;0/0;0/0;0/0;0/0;0/0;0/0;0;0;0/0;0/0;0/0;0/0;0;0;0;0;0;0;0/0;0/0;0/0;0/0;0/0;0/0;2;2;1.73;1.83;34.33;32.0;Right-Handed;Right-Handed;https://wtatennis.com/tournament/1079/bucharest/2019/scores/RS019;;;;;;;;;;;;;;;;;;;;;;;;;;;;
17/41;18/45;27/45;24/41;45/72;41/73;21/32;14/27;13/27;11/32;5;0;6/14;4/9;5/9;8/14;8;7;10;10;10;10;78/145;67/145;38/73;32/72;40/72;35/73;11/27;11/30;19/30;16/27;30/36;27/43;11/16;4/6;2/6;5/16;4;0;3/7;2/5;3/5;4/7;4;3;5;5;5;5;43/79;36/79;22/43;15/36;21/36;21/43;6/14;7/15;8/15;8/14;15/36;14/30;10/16;10/21;11/21;6/16;1;0;3/7;2/4;2/4;4/7;4;4;5;5;5;5;35/66;31/66;16/30;17/36;19/36;14/30;1;0;;;28.83;27.25;Right-Handed;;https://wtatennis.com/tournament/1079/bucharest/2019/scores/RS018;;;;;;;;;;;;;;;;;;;;;;;;;;;;
25/68;30/75;45/75;43/68;75/135;68/99;13/31;34/60;26/60;18/31;5;2;3/3;6/15;9/15;0/3;2;0;15;15;15;15;109/234;125/234;38/99;64/135;71/135;61/99;14/28;11/38;27/38;14/28;38/68;28/44;5/16;19/30;11/30;11/16;2;2;1/1;1/7;6/7;0/1;2;0;6;6;6;6;57/112;55/112;19/44;30/68;38/68;25/44;1/10;8/11;3/11;9/10;11/19;10/16;3/6;6/8;2/8;3/6;1;0;0/0;3/6;3/6;0/0;0;0;3;3;3;3;9/35;26/35;4/16;14/19;5/19;12/16;2;1;1.75;;26.0;28.25;Right-Handed;Left-Handed;https://wtatennis.com/tournament/1079/bucharest/2019/scores/RS012;10/30;11/26;15/26;20/30;26/48;30/39;5/9;9/22;13/22;4/9;2.0;0.0;2/2;2/2;0/2;0/2;0.0;0.0;6.0;6.0;6.0;6.0;43/87;44/87;15/39;20/48;28/48;24/39
50/100;49/98;49/98;50/100;98/157;100/138;22/38;32/59;27/59;16/38;1;0;10/18;10/20;10/20;8/18;4;10;18;18;18;18;148/295;147/295;72/138;81/157;76/157;66/138;16/36;15/38;23/38;20/36;38/54;36/50;7/14;7/16;9/16;7/14;0;0;2/4;2/3;1/3;2/4;1;5;6;6;6;6;55/104;49/104;23/50;22/54;32/54;27/50;20/38;20/35;15/35;18/38;35/53;38/53;9/15;10/18;8/18;6/15;0;0;4/9;4/9;5/9;5/9;0;4;6;6;6;6;52/106;54/106;29/53;30/53;23/53;24/53;0;4;;1.7;27.5;33.08;;Right-Handed;https://wtatennis.com/tournament/1079/bucharest/2019/scores/RS011;14/26;14/25;11/25;12/26;25/50;26/35;6/9;15/25;10/25;3/9;1.0;0.0;4/5;4/8;4/8;1/5;3.0;1.0;6.0;6.0;6.0;6.0;41/85;44/85;20/35;29/50;21/50;15/35
26/55;37/76;39/76;29/55;76/99;55/99;24/44;18/23;5/23;20/44;0;5;8/13;10/19;9/19;5/13;6;6;16;14;14;16;94/198;104/198;50/99;55/99;44/99;49/99;6/10;10/23;13/23;4/10;23/32;10/23;5/13;8/9;1/9;8/13;0;1;2/2;3/9;6/9;0/2;4;2;5;4;4;5;25/55;30/55;11/23;18/32;14/32;12/23;12/25;14/30;16/30;13/25;30/42;25/44;13/19;9/12;3/12;6/19;0;3;4/8;4/6;2/6;4/8;2;1;6;6;6;6;44/86;42/86;25/44;23/42;19/42;19/44;0;1;1.64;1.84;36.08;31.67;Right-Handed;Right-Handed;https://wtatennis.com/tournament/1079/bucharest/2019/scores/RS008;8/20;13/23;10/23;12/20;23/25;20/32;6/12;1/2;1/2;6/12;0.0;1.0;2/3;3/4;1/4;1/3;0.0;3.0;5.0;4.0;4.0;5.0;25/57;32/57;14/32;14/25;11/25;18/32
22/47;18/42;24/42;25/47;42/64;47/67;16/20;13/22;9/22;4/20;0;2;7/8;4/10;6/10;1/8;3;3;11;10;10;11;71/131;60/131;38/67;31/64;33/64;29/67;12/23;12/23;11/23;11/23;23/37;23/34;9/11;8/14;6/14;2/11;0;2;4/5;3/7;4/7;1/5;1;1;6;6;6;6;38/71;33/71;21/34;20/37;17/37;13/34;10/24;6/19;13/19;14/24;19/27;24/33;7/9;5/8;3/8;2/9;0;0;3/3;1/3;2/3;0/3;2;2;5;4;4;5;33/60;27/60;17/33;11/27;16/27;16/33;1;0;1.68;;23.75;29.0;Right-Handed;;https://wtatennis.com/tournament/1079/bucharest/2019/scores/RS015;;;;;;;;;;;;;;;;;;;;;;;;;;;;
28/61;23/64;41/64;33/61;64/96;61/100;28/39;20/32;12/32;11/39;0;0;8/19;4/15;11/15;11/19;7;6;13;13;13;13;109/196;87/196;56/100;43/96;53/96;44/100;7/24;13/30;17/30;17/24;30/48;24/42;13/18;12/18;6/18;5/18;0;0;2/4;3/9;6/9;2/4;7;3;6;6;6;6;43/90;47/90;20/42;25/48;23/48;22/42;4/8;7/20;13/20;4/8;20/28;8/16;8/8;5/8;3/8;0/8;0;0;3/3;1/5;4/5;0/3;0;1;3;4;4;3;28/44;16/44;12/16;12/28;16/28;4/16;1;0;1.73;1.73;28.83;34.33;Right-Handed;Right-Handed;https://wtatennis.com/tournament/1079/bucharest/2019/scores/RS009;17/29;3/14;11/14;12/29;14/20;29/42;7/13;3/6;3/6;6/13;0.0;0.0;3/12;0/1;1/1;9/12;0.0;2.0;4.0;3.0;3.0;4.0;38/62;24/62;24/42;6/20;14/20;18/42
2/21;23/43;20/43;19/21;43/62;21/40;11/19;13/19;6/19;8/19;1;5;1/1;6/17;11/17;0/1;4;1;7;8;8;7;39/102;63/102;13/40;36/62;26/62;27/40;1/10;8/12;4/12;9/10;12/19;10/14;1/4;5/7;2/7;3/4;0;2;0/0;3/4;1/4;0/0;1;0;3;3;3;3;8/33;25/33;2/14;13/19;6/19;12/14;1/11;15/31;16/31;10/11;31/43;11/26;10/15;8/12;4/12;5/15;1;3;1/1;3/13;10/13;0/1;3;1;4;5;5;4;31/69;38/69;11/26;23/43;20/43;15/26;3;2;1.71;;30.58;32.33;Right-Handed;Right-Handed;https://wtatennis.com/tournament/1079/bucharest/2019/scores/RS013;;;;;;;;;;;;;;;;;;;;;;;;;;;;
10/35;15/40;25/40;25/35;40/60;35/65;16/30;14/20;6/20;14/30;3;3;2/4;4/7;3/7;2/4;2;2;10;9;9;10;57/125;68/125;26/65;29/60;31/60;39/65;6/19;7/18;11/18;13/19;18/26;19/31;7/12;5/8;3/8;5/12;1;2;1/1;2/2;0/2;0/1;1;1;5;4;4;5;27/57;30/57;13/31;12/26;14/26;18/31;4/16;8/22;14/22;12/16;22/34;16/34;9/18;9/12;3/12;9/18;2;1;1/3;2/5;3/5;2/3;1;1;5;5;5;5;30/68;38/68;13/34;17/34;17/34;21/34;1;1;1.75;;26.0;32.33;Right-Handed;Right-Handed;https://wtatennis.com/tournament/1079/bucharest/2019/scores/RS006;;;;;;;;;;;;;;;;;;;;;;;;;;;;
35/68;16/51;35/51;33/68;51/83;68/92;12/24;15/32;17/32;12/24;1;1;7/14;3/10;7/10;7/14;5;5;13;13;13;13;99/175;76/175;47/92;31/83;52/83;45/92;15/38;12/24;12/24;23/38;24/43;38/52;8/14;9/19;10/19;6/14;1;1;2/7;3/7;4/7;5/7;3;3;6;6;6;6;45/95;50/95;23/52;21/43;22/43;29/52;11/11;3/15;12/15;0/11;15/19;11/14;1/3;3/4;1/4;2/3;0;0;3/3;0/1;1/1;0/3;1;0;3;3;3;3;25/33;8/33;12/14;6/19;13/19;2/14;2;0;;1.7;25.42;33.08;;Right-Handed;https://wtatennis.com/tournament/1079/bucharest/2019/scores/RS005;9/19;1/12;11/12;10/19;12/21;19/26;3/7;3/9;6/9;4/7;0.0;0.0;2/4;0/2;2/2;2/4;1.0;2.0;4.0;4.0;4.0;4.0;29/47;18/47;12/26;4/21;17/21;14/26
6/31;14/44;30/44;25/31;44/68;31/53;9/22;16/24;8/24;13/22;1;0;0/3;3/13;10/13;3/3;6;3;9;8;8;9;53/121;68/121;15/53;30/68;38/68;38/53;3/16;6/21;15/21;13/16;21/28;16/29;5/13;5/7;2/7;8/13;1;0;0/1;1/3;2/3;1/1;2;0;5;4;4;5;25/57;32/57;8/29;11/28;17/28;21/29;3/15;8/23;15/23;12/15;23/40;15/24;4/9;11/17;6/17;5/9;0;0;0/2;2/10;8/10;2/2;4;3;4;4;4;4;28/64;36/64;7/24;19/40;21/40;17/24;0;1;1.84;1.84;31.67;28.83;Right-Handed;Right-Handed;https://wtatennis.com/tournament/1079/bucharest/2019/scores/RS004;;;;;;;;;;;;;;;;;;;;;;;;;;;;
31/72;24/49;25/49;41/72;49/89;72/89;5/17;19/40;21/40;12/17;1;0;3/6;6/16;10/16;3/6;7;1;13;14;14;13;82/178;96/178;36/89;43/89;46/89;53/89;9/22;8/16;8/16;13/22;16/32;22/28;3/6;9/16;7/16;3/6;0;0;1/2;3/8;5/8;1/2;3;1;4;5;5;4;27/60;33/60;12/28;17/32;15/32;16/28;14/30;7/15;8/15;16/30;15/28;30/34;1/4;4/13;9/13;3/4;1;0;2/3;1/4;3/4;1/3;1;0;5;5;5;5;32/62;30/62;15/34;11/28;17/28;19/34;0;2;1.73;1.68;32.58;23.75;Right-Handed;Right-Handed;https://wtatennis.com/tournament/1079/bucharest/2019/scores/RS007;8/20;9/18;9/18;12/20;18/29;20/27;1/7;6/11;5/11;6/7;0.0;0.0;0/1;2/4;2/4;1/1;3.0;0.0;4.0;4.0;4.0;4.0;23/56;33/56;9/27;15/29;14/29;18/27
17/43;18/36;18/36;26/43;36/67;43/64;13/21;17/31;14/31;8/21;0;0;4/9;7/8;1/8;5/9;2;3;10;11;11;10;62/131;69/131;30/64;35/67;32/67;34/64;5/15;10/18;8/18;10/15;18/29;15/25;5/10;5/11;6/11;5/10;0;0;1/2;3/3;0/3;1/2;1;2;4;5;5;4;24/54;30/54;10/25;15/29;14/29;15/25;12/28;8/18;10/18;16/28;18/38;28/39;8/11;12/20;8/20;3/11;0;0;3/7;4/5;1/5;4/7;1;1;6;6;6;6;38/77;39/77;20/39;20/38;18/38;19/39;3;2;1.73;1.78;32.58;28.75;Right-Handed;Left-Handed;https://wtatennis.com/tournament/1079/bucharest/2019/scores/LS018;;;;;;;;;;;;;;;;;;;;;;;;;;;;
7/40;31/75;44/75;33/40;75/123;40/67;13/27;26/48;22/48;14/27;5;1;2/2;3/19;16/19;0/2;5;4;12;12;12;12;86/190;104/190;20/67;57/123;66/123;47/67;5/23;19/44;25/44;18/23;44/64;23/33;5/10;11/20;9/20;5/10;3;0;1/1;2/10;8/10;0/1;3;2;6;6;6;6;44/97;53/97;10/33;30/64;34/64;23/33;2/17;12/31;19/31;15/17;31/59;17/34;8/17;15/28;13/28;9/17;2;1;1/1;1/9;8/9;0/1;2;2;6;6;6;6;42/93;51/93;10/34;27/59;32/59;24/34;4;3;1.8;1.84;25.58;24.0;Right-Handed;Right-Handed;https://wtatennis.com/tournament/1079/bucharest/2019/scores/LS029;;;;;;;;;;;;;;;;;;;;;;;;;;;;
30/69;33/80;47/80;39/69;80/101;69/107;19/38;14/21;7/21;19/38;0;0;5/13;6/13;7/13;8/13;2;8;15;14;14;15;103/208;105/208;49/107;47/101;54/101;58/107;11/25;12/32;20/32;14/25;32/42;25/37;8/12;7/10;3/10;4/12;0;0;3/6;2/6;4/6;3/6;1;3;5;5;5;5;42/79;37/79;19/37;19/42;23/42;18/37;12/22;11/20;9/20;10/22;20/23;22/30;3/8;3/3;0/3;5/8;0;0;2/4;3/4;1/4;2/4;0;2;5;4;4;5;24/53;29/53;15/30;14/23;9/23;15/30;1;2;1.8;1.68;26.33;35.25;Right-Handed;Right-Handed;https://wtatennis.com/tournament/1079/bucharest/2019/scores/LS023;7/22;10/28;18/28;15/22;28/36;22/40;8/18;4/8;4/8;10/18;0.0;0.0;0/3;1/3;2/3;3/3;1.0;3.0;5.0;5.0;5.0;5.0;37/76;39/76;15/40;14/36;22/36;25/40
20/37;10/33;23/33;17/37;33/55;37/53;8/16;12/22;10/22;8/16;2;1;5/8;2/5;3/5;3/8;3;3;8;9;9;8;61/108;47/108;28/53;22/55;33/55;25/53;10/19;8/21;13/21;9/19;21/33;19/26;3/7;6/12;6/12;4/7;1;1;2/4;1/4;3/4;2/4;2;0;4;5;5;4;32/59;27/59;13/26;14/33;19/33;13/26;10/18;2/12;10/12;8/18;12/22;18/27;5/9;6/10;4/10;4/9;1;0;3/4;1/1;0/1;1/4;1;3;4;4;4;4;29/49;20/49;15/27;8/22;14/22;12/27;1;0;1.72;1.75;25.58;26.5;Right-Handed;Right-Handed;https://wtatennis.com/tournament/1079/bucharest/2019/scores/LS024;;;;;;;;;;;;;;;;;;;;;;;;;;;;
6/25;13/32;19/32;19/25;32/56;25/40;5/15;17/24;7/24;10/15;1;4;1/2;5/8;3/8;1/2;0;3;8;8;8;8;37/96;59/96;11/40;30/56;26/56;29/40;4/13;9/19;10/19;9/13;19/31;13/21;4/8;9/12;3/12;4/8;1;0;1/2;3/4;1/4;1/2;0;2;4;4;4;4;21/52;31/52;8/21;18/31;13/31;13/21;2/12;4/13;9/13;10/12;13/25;12/19;1/7;8/12;4/12;6/7;0;4;0/0;2/4;2/4;0/0;0;1;4;4;4;4;16/44;28/44;3/19;12/25;13/25;16/19;1;3;1.7;1.8;32.25;25.08;Right-Handed;Right-Handed;https://wtatennis.com/tournament/1079/bucharest/2019/scores/LS031;;;;;;;;;;;;;;;;;;;;;;;;;;;;
24/60;13/44;31/44;36/60;44/89;60/80;11/20;30/45;15/45;9/20;2;2;4/9;4/10;6/10;5/9;12;1;12;11;11;12;81/169;88/169;35/80;43/89;46/89;45/80;11/27;4/12;8/12;16/27;12/32;27/37;5/10;14/20;6/20;5/10;1;1;1/4;2/3;1/3;3/4;6;0;5;4;4;5;30/69;39/69;16/37;18/32;14/32;21/37;9/15;4/18;14/18;6/15;18/30;15/23;6/8;8/12;4/12;2/8;0;0;3/5;0/3;3/3;2/5;4;1;3;3;3;3;33/53;20/53;15/23;12/30;18/30;8/23;0;2;1.73;1.78;25.58;27.5;Right-Handed;Right-Handed;https://wtatennis.com/tournament/1079/bucharest/2019/scores/LS025;4/18;5/14;9/14;14/18;14/27;18/20;0/2;8/13;5/13;2/2;1.0;1.0;0/0;2/4;2/4;0/0;2.0;0.0;4.0;4.0;4.0;4.0;18/47;29/47;4/20;13/27;14/27;16/20
35/85;25/75;50/75;50/85;75/135;85/128;22/43;35/60;25/60;21/43;6;5;6/18;6/19;13/19;12/18;3;3;18;18;18;18;132/263;131/263;57/128;60/135;75/135;71/128;10/26;4/16;12/16;16/26;16/36;26/39;6/13;14/20;6/20;7/13;1;4;2/2;3/7;4/7;0/2;2;0;6;6;6;6;34/75;41/75;16/39;18/36;18/36;23/39;15/34;12/33;21/33;19/34;33/53;34/55;9/21;9/20;11/20;12/21;3;0;1/9;1/3;2/3;8/9;0;2;6;6;6;6;56/108;52/108;24/55;21/53;32/53;31/55;2;2;1.69;1.71;33.17;30.58;Right-Handed;Right-Handed;https://wtatennis.com/tournament/1079/bucharest/2019/scores/LS016;10/25;9/26;17/26;15/25;26/46;25/34;7/9;12/20;8/20;2/9;2.0;1.0;3/7;2/9;7/9;4/7;1.0;1.0;6.0;6.0;6.0;6.0;42/80;38/80;17/34;21/46;25/46;17/34
8/30;16/35;19/35;22/30;35/56;30/42;4/12;13/21;8/21;8/12;2;1;0/1;5/13;8/13;1/1;0;2;7;8;8;7;39/98;59/98;12/42;29/56;27/56;30/42;2/12;5/14;9/14;10/12;14/27;12/21;3/9;8/13;5/13;6/9;0;1;0/0;2/6;4/6;0/0;0;2;4;4;4;4;19/48;29/48;5/21;13/27;14/27;16/21;6/18;11/21;10/21;12/18;21/29;18/21;1/3;5/8;3/8;2/3;2;0;0/1;3/7;4/7;1/1;0;0;3;4;4;3;20/50;30/50;7/21;16/29;13/29;14/21;0;2;1.75;1.75;26.0;28.83;Right-Handed;Right-Handed;https://wtatennis.com/tournament/1079/bucharest/2019/scores/LS017;;;;;;;;;;;;;;;;;;;;;;;;;;;;
13/32;9/35;26/35;19/32;35/57;32/55;15/23;10/22;12/22;8/23;3;0;5/8;2/6;4/6;3/8;2;0;9;10;10;9;66/112;46/112;28/55;19/57;38/57;27/55;7/18;7/23;16/23;11/18;23/36;18/35;10/17;8/13;5/13;7/17;2;0;3/5;2/3;1/3;2/5;1;0;6;6;6;6;38/71;33/71;17/35;15/36;21/36;18/35;6/14;2/12;10/12;8/14;12/21;14/20;5/6;2/9;7/9;1/6;1;0;2/3;0/3;3/3;1/3;1;0;3;4;4;3;28/41;13/41;11/20;4/21;17/21;9/20;4;0;1.81;1.63;32.75;30.25;Right-Handed;Right-Handed;https://wtatennis.com/tournament/1079/bucharest/2019/scores/LS021;;;;;;;;;;;;;;;;;;;;;;;;;;;;
35/94;34/84;50/84;59/94;84/123;94/131;25/37;24/39;15/39;12/37;6;2;6/15;8/14;6/14;9/15;5;5;18;18;18;18;125/254;129/254;60/131;58/123;65/123;71/131;8/21;12/27;15/27;13/21;27/41;21/31;7/10;9/14;5/14;3/10;2;0;2/2;3/3;0/3;0/2;1;1;6;6;6;6;35/72;37/72;15/31;21/41;20/41;16/31;12/35;11/36;25/36;23/35;36/53;35/45;8/10;10/17;7/17;2/10;4;0;2/6;2/7;5/7;4/6;4;1;6;6;6;6;52/98;46/98;20/45;21/53;32/53;25/45;0;1;;1.64;25.42;31.25;;Right-Handed;https://wtatennis.com/tournament/1079/bucharest/2019/scores/LS022;15/38;11/21;10/21;23/38;21/29;38/55;10/17;5/8;3/8;7/17;0.0;2.0;2/7;3/4;1/4;5/7;0.0;3.0;6.0;6.0;6.0;6.0;38/84;46/84;25/55;16/29;13/29;30/55
31/69;21/52;31/52;38/69;52/67;69/95;17/26;6/15;9/15;9/26;0;2;5/13;4/7;3/7;8/13;0;5;10;11;11;10;88/162;74/162;48/95;27/67;40/67;47/95;13/28;8/18;10/18;15/28;18/24;28/42;11/14;1/6;5/6;3/14;0;0;3/8;2/3;1/3;5/8;0;3;4;5;5;4;39/66;27/66;24/42;9/24;15/24;18/42;18/41;13/34;21/34;23/41;34/43;41/53;6/12;5/9;4/9;6/12;0;2;2/5;2/4;2/4;3/5;0;2;6;6;6;6;49/96;47/96;24/53;18/43;25/43;29/53;2;0;1.68;1.64;23.75;28.25;Right-Handed;Right-Handed;https://wtatennis.com/tournament/1079/bucharest/2019/scores/LS030;;;;;;;;;;;;;;;;;;;;;;;;;;;;
17/53;20/60;40/60;36/53;60/93;53/90;19/37;21/33;12/33;18/37;5;1;3/5;5/15;10/15;2/5;5;5;14;14;14;14;88/183;95/183;36/90;41/93;52/93;54/90;8/21;12/29;17/29;13/21;29/45;21/34;5/13;10/16;6/16;8/13;1;0;1/3;2/8;6/8;2/3;3;2;5;5;5;5;36/79;43/79;13/34;22/45;23/45;21/34;4/16;7/22;15/22;12/16;22/28;16/29;10/13;3/6;3/6;3/13;3;0;2/2;1/4;3/4;0/2;1;2;5;5;5;5;32/57;25/57;14/29;10/28;18/28;15/29;0;1;1.76;1.82;33.17;25.0;Right-Handed;Right-Handed;https://wtatennis.com/tournament/1079/bucharest/2019/scores/LS028;5/16;1/9;8/9;11/16;9/20;16/27;4/11;8/11;3/11;7/11;1.0;1.0;0/0;2/3;1/3;0/0;1.0;1.0;4.0;4.0;4.0;4.0;20/47;27/47;9/27;9/20;11/20;18/27
13/47;23/60;37/60;34/47;60/104;47/74;14/27;31/44;13/44;13/27;0;4;4/6;8/18;10/18;2/6;9;4;13;13;13;13;77/178;101/178;27/74;54/104;50/104;47/74;8/21;5/27;22/27;13/21;27/48;21/40;11/19;15/21;6/21;8/19;0;2;3/5;2/9;7/9;2/5;3;3;6;6;6;6;47/88;41/88;19/40;20/48;28/48;21/40;3/15;9/15;6/15;12/15;15/26;15/19;2/4;8/11;3/11;2/4;0;2;1/1;3/5;2/5;0/1;2;0;4;3;3;4;14/45;31/45;5/19;17/26;9/26;14/19;1;1;1.84;1.7;31.67;22.58;Right-Handed;Right-Handed;https://wtatennis.com/tournament/1079/bucharest/2019/scores/LS020;2/11;9/18;9/18;9/11;18/30;11/15;1/4;8/12;4/12;3/4;0.0;0.0;0/0;3/4;1/4;0/0;4.0;1.0;3.0;4.0;4.0;3.0;16/45;29/45;3/15;17/30;13/30;12/15
6/40;15/40;25/40;34/40;40/50;40/58;9/18;6/10;4/10;9/18;1;13;0/3;3/4;1/4;3/3;2;3;10;9;9;10;44/108;64/108;15/58;21/50;29/50;43/58;5/25;10/29;19/29;20/25;29/34;25/35;4/10;2/5;3/5;6/10;1;8;0/1;1/2;1/2;1/1;1;1;6;6;6;6;31/69;38/69;9/35;12/34;22/34;26/35;1/15;5/11;6/11;14/15;11/16;15/23;5/8;4/5;1/5;3/8;0;5;0/2;2/2;0/2;2/2;1;2;4;3;3;4;13/39;26/39;6/23;9/16;7/16;17/23;0;2;1.7;1.84;33.08;31.25;Right-Handed;Left-Handed;https://wtatennis.com/tournament/1079/bucharest/2019/scores/LS019;;;;;;;;;;;;;;;;;;;;;;;;;;;;
6/31;17/43;26/43;25/31;43/62;31/58;14/27;13/19;6/19;13/27;0;2;1/5;4/6;2/6;4/5;3;4;9;9;9;9;52/120;68/120;20/58;30/62;32/62;38/58;4/15;10/25;15/25;11/15;25/34;15/30;6/15;7/9;2/9;9/15;0;1;0/3;2/4;2/4;3/3;1;3;4;4;4;4;27/64;37/64;10/30;17/34;17/34;20/30;2/16;7/18;11/18;14/16;18/28;16/28;8/12;6/10;4/10;4/12;0;1;1/2;2/2;0/2;1/2;2;1;5;5;5;5;25/56;31/56;10/28;13/28;15/28;18/28;1;3;1.8;1.75;32.5;26.17;Left-Handed;Right-Handed;https://wtatennis.com/tournament/1079/bucharest/2019/scores/LS027;;;;;;;;;;;;;;;;;;;;;;;;;;;;
9/33;20/54;34/54;24/33;54/78;33/58;8/25;17/24;7/24;17/25;1;5;1/2;4/13;9/13;1/2;3;3;10;10;10;10;58/136;78/136;17/58;37/78;41/78;41/58;4/17;13/37;24/37;13/17;37/51;17/33;6/16;11/14;3/14;10/16;1;2;1/1;2/10;8/10;0/1;2;3;6;6;6;6;37/84;47/84;10/33;24/51;27/51;23/33;5/16;7/17;10/17;11/16;17/27;16/25;2/9;6/10;4/10;7/9;0;3;0/1;2/3;1/3;1/1;1;0;4;4;4;4;21/52;31/52;7/25;13/27;14/27;18/25;0;1;1.68;1.8;23.75;25.08;Right-Handed;Right-Handed;https://wtatennis.com/tournament/1079/bucharest/2019/scores/LS015;;;;;;;;;;;;;;;;;;;;;;;;;;;;
1/22;19/43;24/43;21/22;43/70;22/40;9/18;20/27;7/27;9/18;3;12;0/1;5/18;13/18;1/1;8;2;7;7;7;7;41/110;69/110;10/40;39/70;31/70;30/40;0/8;10/25;15/25;8/8;25/44;8/13;1/5;16/19;3/19;4/5;1;5;0/0;3/13;10/13;0/0;6;0;3;3;3;3;19/57;38/57;1/13;26/44;18/44;12/13;1/14;9/18;9/18;13/14;18/26;14/27;8/13;4/8;4/8;5/13;2;7;0/1;2/5;3/5;1/1;2;2;4;4;4;4;22/53;31/53;9/27;13/26;13/26;18/27;0;3;1.78;1.84;28.75;31.25;Left-Handed;Left-Handed;https://wtatennis.com/tournament/1079/bucharest/2019/scores/LS009;;;;;;;;;;;;;;;;;;;;;;;;;;;;
22/58;27/51;24/51;36/58;51/74;58/74;7/16;8/23;15/23;9/16;0;1;2/6;4/11;7/11;4/6;2;5;11;10;10;11;68/148;80/148;29/74;35/74;39/74;45/74;12/31;12/26;14/26;19/31;26/36;31/42;5/11;3/10;7/10;6/11;0;1;1/5;2/4;2/4;4/5;0;3;6;6;6;6;38/78;40/78;17/42;15/36;21/36;25/42;10/27;15/25;10/25;17/27;25/38;27/32;2/5;5/13;8/13;3/5;0;0;1/1;2/7;5/7;0/1;2;2;5;4;4;5;30/70;40/70;12/32;20/38;18/38;20/32;0;2;1.64;1.68;31.25;35.25;Right-Handed;Right-Handed;https://wtatennis.com/tournament/1079/bucharest/2019/scores/LS011;;;;;;;;;;;;;;;;;;;;;;;;;;;;
9/31;23/51;28/51;22/31;51/85;31/47;10/16;22/34;12/34;6/16;2;1;3/4;6/17;11/17;1/4;3;4;9;10;10;9;59/132;73/132;19/47;45/85;40/85;28/47;5/15;11/24;13/24;10/15;24/44;15/25;7/10;12/20;8/20;3/10;1;1;2/2;3/6;3/6;0/2;1;3;5;5;5;5;33/69;36/69;12/25;23/44;21/44;13/25;4/16;12/27;15/27;12/16;27/41;16/22;3/6;10/14;4/14;3/6;1;0;1/2;3/11;8/11;1/2;2;1;4;5;5;4;26/63;37/63;7/22;22/41;19/41;15/22;0;1;1.7;1.81;22.58;32.75;Right-Handed;Right-Handed;https://wtatennis.com/tournament/1079/bucharest/2019/scores/LS010;;;;;;;;;;;;;;;;;;;;;;;;;;;;
14/50;28/74;46/74;36/50;74/109;50/90;21/40;20/35;15/35;19/40;3;3;4/7;5/13;8/13;3/7;1;5;14;14;14;14;96/199;103/199;35/90;48/109;61/109;55/90;6/15;13/31;18/31;9/15;31/43;15/23;6/8;5/12;7/12;2/8;2;2;2/2;1/3;2/3;0/2;0;3;4;5;5;4;37/66;29/66;12/23;18/43;25/43;11/23;2/8;5/11;6/11;6/8;11/23;8/23;6/15;10/12;2/12;9/15;0;0;1/2;3/5;2/5;1/2;1;0;4;3;3;4;16/46;30/46;8/23;15/23;8/23;15/23;0;1;1.8;;37.08;32.33;Left-Handed;Right-Handed;https://wtatennis.com/tournament/1079/bucharest/2019/scores/LS026;6/27;10/32;22/32;21/27;32/43;27/44;9/17;5/11;6/11;8/17;1.0;1.0;1/3;1/5;4/5;2/3;0.0;2.0;6.0;6.0;6.0;6.0;43/87;44/87;15/44;15/43;28/43;29/44
7/28;12/18;6/18;21/28;18/35;28/40;4/12;11/17;6/17;8/12;0;6;0/1;5/7;2/7;1/1;2;0;7;6;6;7;23/75;52/75;11/40;23/35;12/35;29/40;5/18;6/12;6/12;13/18;12/22;18/23;1/5;5/10;5/10;4/5;0;4;0/1;2/4;2/4;1/1;1;0;4;3;3;4;17/45;28/45;6/23;11/22;11/22;17/23;2/10;6/6;0/6;8/10;6/13;10/17;3/7;6/7;1/7;4/7;0;2;0/0;3/3;0/3;0/0;1;0;3;3;3;3;6/30;24/30;5/17;12/13;1/13;12/17;1;1;1.82;1.84;25.0;24.0;Right-Handed;Right-Handed;https://wtatennis.com/tournament/1079/bucharest/2019/scores/LS014;;;;;;;;;;;;;;;;;;;;;;;;;;;;
8/35;10/32;22/32;27/35;32/53;35/58;10/23;11/21;10/21;13/23;1;9;1/3;2/6;4/6;2/3;1;3;9;9;9;9;50/111;61/111;18/58;21/53;32/53;40/58;3/16;5/12;7/12;13/16;12/20;16/28;5/12;5/8;3/8;7/12;0;5;0/2;2/3;1/3;2/2;1;2;4;4;4;4;18/48;30/48;8/28;10/20;10/20;20/28;5/19;5/20;15/20;14/19;20/33;19/30;5/11;6/13;7/13;6/11;1;4;1/1;0/3;3/3;0/1;0;1;5;5;5;5;32/63;31/63;10/30;11/33;22/33;20/30;1;1;;1.75;32.33;26.17;Right-Handed;Right-Handed;https://wtatennis.com/tournament/1079/bucharest/2019/scores/LS013;;;;;;;;;;;;;;;;;;;;;;;;;;;;
9/33;6/13;7/13;24/33;13/23;33/41;4/8;7/10;3/10;4/8;0;1;0/4;3/4;1/4;4/4;1;0;6;5;5;6;23/64;41/64;13/41;13/23;10/23;28/41;3/14;6/8;2/8;11/14;8/14;14/15;0/1;6/6;0/6;1/1;0;1;0/0;3/4;1/4;0/0;1;0;3;3;3;3;5/29;24/29;3/15;12/14;2/14;12/15;6/19;0/5;5/5;13/19;5/9;19/26;4/7;1/4;3/4;3/7;0;0;0/4;0/0;0/0;4/4;0;0;3;2;2;3;18/35;17/35;10/26;1/9;8/9;16/26;0;1;1.72;1.78;25.58;27.5;Right-Handed;Right-Handed;https://wtatennis.com/tournament/1079/bucharest/2019/scores/LS012;;;;;;;;;;;;;;;;;;;;;;;;;;;;
13/42;15/38;23/38;29/42;38/68;42/61;7/19;16/30;14/30;12/19;0;2;1/3;4/8;4/8;2/3;1;1;10;10;10;10;57/129;72/129;20/61;31/68;37/68;41/61;3/16;5/11;6/11;13/16;11/23;16/23;3/7;6/12;6/12;4/7;0;1;0/1;2/5;3/5;1/1;0;0;4;4;4;4;18/46;28/46;6/23;11/23;12/23;17/23;10/26;10/27;17/27;16/26;27/45;26/38;4/12;10/18;8/18;8/12;0;1;1/2;2/3;1/3;1/2;1;1;6;6;6;6;39/83;44/83;14/38;20/45;25/45;24/38;1;1;1.69;1.69;33.17;28.83;Right-Handed;Right-Handed;https://wtatennis.com/tournament/1079/bucharest/2019/scores/LS008;;;;;;;;;;;;;;;;;;;;;;;;;;;;
12/39;26/50;24/50;27/39;50/65;39/59;12/20;8/15;7/15;8/20;1;6;3/6;5/10;5/10;3/6;1;1;10;10;10;10;55/124;69/124;24/59;34/65;31/65;35/59;6/20;13/28;15/28;14/20;28/34;20/33;7/13;3/6;3/6;6/13;1;1;1/3;2/4;2/4;2/3;0;0;5;5;5;5;31/67;36/67;13/33;16/34;18/34;20/33;6/19;13/22;9/22;13/19;22/31;19/26;5/7;5/9;4/9;2/7;0;5;2/3;3/6;3/6;1/3;1;1;5;5;5;5;24/57;33/57;11/26;18/31;13/31;15/26;0;1;1.78;;27.5;32.33;Right-Handed;Right-Handed;https://wtatennis.com/tournament/1079/bucharest/2019/scores/LS006;;;;;;;;;;;;;;;;;;;;;;;;;;;;
12/47;20/66;46/66;35/47;66/98;47/74;15/27;17/32;15/32;12/27;5;8;3/5;2/10;8/10;2/5;5;4;13;14;14;13;88/172;84/172;27/74;37/98;61/98;47/74;3/14;10/32;22/32;11/14;32/48;14/25;6/11;9/16;7/16;5/11;2;2;1/3;0/7;7/7;2/3;4;3;4;5;5;4;38/73;35/73;9/25;19/48;29/48;16/25;4/20;4/15;11/15;16/20;15/20;20/27;3/7;3/5;2/5;4/7;3;6;0/0;1/2;1/2;0/0;1;0;5;4;4;5;20/47;27/47;7/27;7/20;13/20;20/27;1;0;1.84;1.84;28.83;31.25;Right-Handed;Left-Handed;https://wtatennis.com/tournament/1079/bucharest/2019/scores/LS004;5/13;6/19;13/19;8/13;19/30;13/22;6/9;5/11;6/11;3/9;0.0;0.0;2/2;1/1;0/1;0/2;0.0;1.0;4.0;5.0;5.0;4.0;30/52;22/52;11/22;11/30;19/30;11/22
13/43;22/45;23/45;30/43;45/75;43/59;7/16;14/30;16/30;9/16;1;0;2/3;5/9;4/9;1/3;3;2;10;10;10;10;59/134;75/134;20/59;36/75;39/75;39/59;8/26;12/27;15/27;18/26;27/41;26/36;4/10;5/14;9/14;6/10;1;0;1/2;2/3;1/3;1/2;2;0;6;6;6;6;36/77;41/77;12/36;17/41;24/41;24/36;5/17;10/18;8/18;12/17;18/34;17/23;3/6;9/16;7/16;3/6;0;0;1/1;3/6;3/6;0/1;1;2;4;4;4;4;23/57;34/57;8/23;19/34;15/34;15/23;1;4;1.81;1.68;32.75;35.25;Right-Handed;Right-Handed;https://wtatennis.com/tournament/1079/bucharest/2019/scores/LS005;;;;;;;;;;;;;;;;;;;;;;;;;;;;
12/45;18/50;32/50;33/45;50/78;45/72;16/27;11/28;17/28;11/27;3;4;3/5;1/9;8/9;2/5;4;5;11;10;10;11;77/150;73/150;28/72;29/78;49/78;44/72;6/25;9/27;18/27;19/25;27/39;25/40;8/15;5/12;7/12;7/15;0;3;1/1;1/4;3/4;0/1;0;3;6;6;6;6;39/79;40/79;14/40;14/39;25/39;26/40;6/20;9/23;14/23;14/20;23/39;20/32;8/12;6/16;10/16;4/12;3;1;2/4;0/5;5/5;2/4;4;2;5;4;4;5;38/71;33/71;14/32;15/39;24/39;18/32;2;0;1.84;1.8;24.0;25.08;Right-Handed;Right-Handed;https://wtatennis.com/tournament/1079/bucharest/2019/scores/LS007;;;;;;;;;;;;;;;;;;;;;;;;;;;;
5/27;11/30;19/30;22/27;30/51;27/48;8/21;14/21;7/21;13/21;2;6;1/1;4/10;6/10;0/1;3;4;9;8;8;9;39/99;60/99;13/48;25/51;26/51;35/48;4/16;6/15;9/15;12/16;15/24;16/30;7/14;5/9;4/9;7/14;2;5;1/1;2/5;3/5;0/1;2;3;5;4;4;5;24/54;30/54;11/30;11/24;13/24;19/30;1/11;5/15;10/15;10/11;15/27;11/18;1/7;9/12;3/12;6/7;0;1;0/0;2/5;3/5;0/0;1;1;4;4;4;4;15/45;30/45;2/18;14/27;13/27;16/18;0;1;;1.84;32.33;24.0;Right-Handed;Right-Handed;https://wtatennis.com/tournament/1079/bucharest/2019/scores/LS003;;;;;;;;;;;;;;;;;;;;;;;;;;;;
17/31;10/38;28/38;14/31;38/60;31/43;6/12;10/22;12/22;6/12;0;2;4/6;0/8;8/8;2/6;0;1;8;8;8;8;63/103;40/103;23/43;20/60;40/60;20/43;5/13;7/26;19/26;8/13;26/39;13/22;4/9;7/13;6/13;5/9;0;1;1/1;0/4;4/4;0/1;0;1;4;5;5;4;34/61;27/61;9/22;14/39;25/39;13/22;12/18;3/12;9/12;6/18;12/21;18/21;2/3;3/9;6/9;1/3;0;1;3/5;0/4;4/4;2/5;0;0;4;3;3;4;29/42;13/42;14/21;6/21;15/21;7/21;1;3;1.68;1.68;28.83;35.25;Right-Handed;Right-Handed;https://wtatennis.com/tournament/1079/bucharest/2019/scores/LS002;;;;;;;;;;;;;;;;;;;;;;;;;;;;
10/33;17/30;13/30;23/33;30/46;33/49;6/16;11/16;5/16;10/16;1;2;0/2;5/8;3/8;2/2;6;2;7;7;7;7;34/95;61/95;16/49;28/46;18/46;33/49;6/22;10/20;10/20;16/22;20/30;22/33;6/11;6/10;4/10;5/11;1;0;0/2;2/4;2/4;2/2;5;2;4;4;4;4;26/63;37/63;12/33;16/30;14/30;21/33;4/11;7/10;3/10;7/11;10/16;11/16;0/5;5/6;1/6;5/5;0;2;0/0;3/4;1/4;0/0;1;0;3;3;3;3;8/32;24/32;4/16;12/16;4/16;12/16;0;1;1.84;1.84;28.83;24.0;Right-Handed;Right-Handed;https://wtatennis.com/tournament/1079/bucharest/2019/scores/LS001;;;;;;;;;;;;;;;;;;;;;;;;;;;;
10/40;19/36;17/36;30/40;36/64;40/59;11/19;16/28;12/28;8/19;0;2;2/10;5/11;6/11;8/10;3;1;9;9;9;9;50/123;73/123;21/59;35/64;29/64;38/59;2/18;7/14;7/14;16/18;14/33;18/25;2/7;7/19;12/19;5/7;0;2;0/2;1/5;4/5;2/2;0;0;5;4;4;5;23/58;35/58;4/25;14/33;19/33;21/25;8/22;12/22;10/22;14/22;22/31;22/34;9/12;9/9;0/9;3/12;0;0;2/8;4/6;2/6;6/8;3;1;4;5;5;4;27/65;38/65;17/34;21/31;10/31;17/34;0;1;;;30.58;25.67;Right-Handed;N/A;https://wtatennis.com/tournament/1079/bucharest/2019/scores/RS010;;;;;;;;;;;;;;;;;;;;;;;;;;;;
10/24;23/59;36/59;14/24;59/78;24/56;22/32;13/19;6/19;10/32;0;1;6/12;3/8;5/8;6/12;7;7;9;9;9;9;74/134;60/134;32/56;36/78;42/78;24/56;5/10;14/33;19/33;5/10;33/44;10/24;10/14;7/11;4/11;4/14;0;1;3/7;2/6;4/6;4/7;5;4;4;5;5;4;38/68;30/68;15/24;21/44;23/44;9/24;5/14;9/26;17/26;9/14;26/34;14/32;12/18;6/8;2/8;6/18;0;0;3/5;1/2;1/2;2/5;2;3;5;4;4;5;36/66;30/66;17/32;15/34;19/34;15/32;1;0;1.73;;32.75;24.92;Right-Handed;N/A;https://wtatennis.com/tournament/1079/bucharest/2019/scores/RS014;;;;;;;;;;;;;;;;;;;;;;;;;;;;
