statut;duration;stage;url_match_stats;player_1_name;player_1_set_1;player_1_set_1_tiebreak;player_1_set_2;player_1_set_2_tiebreak;player_1_set_3;player_1_set_3_tiebreak;player_2_name;player_2_set_1;player_2_set_1_tiebreak;player_2_set_2;player_2_set_2_tiebreak;player_2_set_3;player_2_set_3_tiebreak;day;scores_link
Completed;1:53;Round of 32;https://wtatennis.com/tournament/1039/monterrey/2019/scores/LS021;T.Babos;6;;4;;3;;I.Jorovic;2;;6;;6;;Qualifying-Day 1;https://www.wtatennis.com/tournament/1039/monterrey/2019/scores
Completed;1:27;Round of 32;https://wtatennis.com/tournament/1039/monterrey/2019/scores/LS025;A.Bogdan;6;4;2;;-;;S.Voegele;7;;6;;-;;Qualifying-Day 1;https://www.wtatennis.com/tournament/1039/monterrey/2019/scores
Completed;0:48;Round of 32;https://wtatennis.com/tournament/1039/monterrey/2019/scores/LS030;V.Rodriguez;1;;0;;-;;M.Gasparyan;6;;6;;-;;Qualifying-Day 1;https://www.wtatennis.com/tournament/1039/monterrey/2019/scores
Completed;2:09;Round of 32;https://wtatennis.com/tournament/1039/monterrey/2019/scores/LS026;N.Hibino;4;;6;;7;;G.Olmos;6;;1;;6;5;Qualifying-Day 1;https://www.wtatennis.com/tournament/1039/monterrey/2019/scores
Completed;2:20;Round of 32;https://wtatennis.com/tournament/1039/monterrey/2019/scores/LS024;M.Rybarikova;2;;7;;6;;M.Doi;6;;6;5;4;;Qualifying-Day 1;https://www.wtatennis.com/tournament/1039/monterrey/2019/scores
Completed;0:59;Round of 32;https://wtatennis.com/tournament/1039/monterrey/2019/scores/LS019;O.Danilovic;2;;1;;-;;K.Flipkens;6;;6;;-;;Qualifying-Day 1;https://www.wtatennis.com/tournament/1039/monterrey/2019/scores
Completed;1:17;Round of 16;https://wtatennis.com/tournament/1039/monterrey/2019/scores/LD014;A.Blinkova;3;;6;;3;;P.Kania;6;;2;;10;;Qualifying-Day 1;https://www.wtatennis.com/tournament/1039/monterrey/2019/scores
Completed;1:17;Round of 16;https://wtatennis.com/tournament/1039/monterrey/2019/scores/LD012;A.Guarachi;7;;6;;-;;J.Jaksic;6;5;2;;-;;Qualifying-Day 1;https://www.wtatennis.com/tournament/1039/monterrey/2019/scores
Completed;1:14;Qualifying;https://wtatennis.com/tournament/1039/monterrey/2019/scores/RS023;E.Ruse;6;;7;;-;;K.Swan;2;;5;;-;;Qualifying-Day 1;https://www.wtatennis.com/tournament/1039/monterrey/2019/scores
Completed;1:28;Qualifying;https://wtatennis.com/tournament/1039/monterrey/2019/scores/RS031;D.Khazaniuk;4;;2;;-;;D.Lao;6;;6;;-;;Qualifying-Day 1;https://www.wtatennis.com/tournament/1039/monterrey/2019/scores
Completed;1:48;Qualifying;https://wtatennis.com/tournament/1039/monterrey/2019/scores/RS024;M.Niculescu;7;;6;;-;;N.Kostic;6;2;2;;-;;Qualifying-Day 1;https://www.wtatennis.com/tournament/1039/monterrey/2019/scores
Completed;1:50;Qualifying;https://wtatennis.com/tournament/1039/monterrey/2019/scores/RS022;M.Sanchez;3;;6;4;-;;J.Jaksic;6;;7;;-;;Qualifying-Day 1;https://www.wtatennis.com/tournament/1039/monterrey/2019/scores
Completed;1:49;Qualifying;https://wtatennis.com/tournament/1039/monterrey/2019/scores/RS018;A.Panova;6;;7;;-;;J.Fett;2;;6;10;-;;Qualifying-Day 1;https://www.wtatennis.com/tournament/1039/monterrey/2019/scores
Completed;1:26;Qualifying;https://wtatennis.com/tournament/1039/monterrey/2019/scores/RS027;V.Savinykh;3;;5;;-;;K.Ahn;6;;7;;-;;Qualifying-Day 1;https://www.wtatennis.com/tournament/1039/monterrey/2019/scores
Completed;0:58;Qualifying;https://wtatennis.com/tournament/1039/monterrey/2019/scores/RS026;S.Xu;6;;6;;-;;A.Sanchez;2;;1;;-;;Qualifying-Day 1;https://www.wtatennis.com/tournament/1039/monterrey/2019/scores
Completed;1:41;Qualifying;https://wtatennis.com/tournament/1039/monterrey/2019/scores/RS019;A.Muhammad;7;;6;;-;;J.Lu;6;3;4;;-;;Qualifying-Day 1;https://www.wtatennis.com/tournament/1039/monterrey/2019/scores
Completed;1:24;Qualifying;https://wtatennis.com/tournament/1039/monterrey/2019/scores/RS028;B.Haddad Maia;6;;6;;-;;M.Zacarias;2;;4;;-;;Qualifying-Day 1;https://www.wtatennis.com/tournament/1039/monterrey/2019/scores
Completed;2:40;Qualifying;https://wtatennis.com/tournament/1039/monterrey/2019/scores/RS016;M.Bouzkova;6;;4;;4;;H.Kuwata;3;;6;;6;;Qualifying-Day 1;https://www.wtatennis.com/tournament/1039/monterrey/2019/scores
Completed;2:31;Qualifying;https://wtatennis.com/tournament/1039/monterrey/2019/scores/RS017;A.Kratzer;6;4;6;;3;;M.Kato;7;;2;;6;;Qualifying-Day 1;https://www.wtatennis.com/tournament/1039/monterrey/2019/scores
Completed;2:12;Qualifying;https://wtatennis.com/tournament/1039/monterrey/2019/scores/RS030;G.Arn;6;2;6;;6;;A.Rosca;7;;4;;1;;Qualifying-Day 1;https://www.wtatennis.com/tournament/1039/monterrey/2019/scores
Completed;0:43;Qualifying;https://wtatennis.com/tournament/1039/monterrey/2019/scores/RS021;A.Guarachi;6;;6;;-;;R.Cardenas Rifka;1;;0;;-;;Qualifying-Day 1;https://www.wtatennis.com/tournament/1039/monterrey/2019/scores
Completed;1:20;Qualifying;https://wtatennis.com/tournament/1039/monterrey/2019/scores/RS020;C.Mchale;2;;4;;-;;K.Kucova;6;;6;;-;;Qualifying-Day 1;https://www.wtatennis.com/tournament/1039/monterrey/2019/scores
Completed;1:17;Qualifying;https://wtatennis.com/tournament/1039/monterrey/2019/scores/RS029;Y.Sizikova;4;;1;;-;;A.Gamiz;6;;6;;-;;Qualifying-Day 1;https://www.wtatennis.com/tournament/1039/monterrey/2019/scores
Completed;1:54;Qualifying;https://wtatennis.com/tournament/1039/monterrey/2019/scores/RS025;A.Guadiana Campos;7;;7;;-;;N.Uberoi;6;3;6;4;-;;Qualifying-Day 1;https://www.wtatennis.com/tournament/1039/monterrey/2019/scores
Completed;1:53;Round of 32;https://wtatennis.com/tournament/1039/monterrey/2019/scores/LS021;T.Babos;6;;4;;3;;I.Jorovic;2;;6;;6;;Qualifying-Day 2;https://www.wtatennis.com/tournament/1039/monterrey/2019/scores
Completed;1:27;Round of 32;https://wtatennis.com/tournament/1039/monterrey/2019/scores/LS025;A.Bogdan;6;4;2;;-;;S.Voegele;7;;6;;-;;Qualifying-Day 2;https://www.wtatennis.com/tournament/1039/monterrey/2019/scores
Completed;0:48;Round of 32;https://wtatennis.com/tournament/1039/monterrey/2019/scores/LS030;V.Rodriguez;1;;0;;-;;M.Gasparyan;6;;6;;-;;Qualifying-Day 2;https://www.wtatennis.com/tournament/1039/monterrey/2019/scores
Completed;2:09;Round of 32;https://wtatennis.com/tournament/1039/monterrey/2019/scores/LS026;N.Hibino;4;;6;;7;;G.Olmos;6;;1;;6;5;Qualifying-Day 2;https://www.wtatennis.com/tournament/1039/monterrey/2019/scores
Completed;2:20;Round of 32;https://wtatennis.com/tournament/1039/monterrey/2019/scores/LS024;M.Rybarikova;2;;7;;6;;M.Doi;6;;6;5;4;;Qualifying-Day 2;https://www.wtatennis.com/tournament/1039/monterrey/2019/scores
Completed;0:59;Round of 32;https://wtatennis.com/tournament/1039/monterrey/2019/scores/LS019;O.Danilovic;2;;1;;-;;K.Flipkens;6;;6;;-;;Qualifying-Day 2;https://www.wtatennis.com/tournament/1039/monterrey/2019/scores
Completed;1:17;Round of 16;https://wtatennis.com/tournament/1039/monterrey/2019/scores/LD014;A.Blinkova;3;;6;;3;;P.Kania;6;;2;;10;;Qualifying-Day 2;https://www.wtatennis.com/tournament/1039/monterrey/2019/scores
Completed;1:17;Round of 16;https://wtatennis.com/tournament/1039/monterrey/2019/scores/LD012;A.Guarachi;7;;6;;-;;J.Jaksic;6;5;2;;-;;Qualifying-Day 2;https://www.wtatennis.com/tournament/1039/monterrey/2019/scores
Completed;1:11;Qualifying;https://wtatennis.com/tournament/1039/monterrey/2019/scores/RS013;S.Xu;7;;6;;-;;K.Ahn;5;;1;;-;;Qualifying-Day 2;https://www.wtatennis.com/tournament/1039/monterrey/2019/scores
Completed;1:16;Qualifying;https://wtatennis.com/tournament/1039/monterrey/2019/scores/RS011;J.Jaksic;2;;4;;-;;E.Ruse;6;;6;;-;;Qualifying-Day 2;https://www.wtatennis.com/tournament/1039/monterrey/2019/scores
Completed;2:08;Qualifying;https://wtatennis.com/tournament/1039/monterrey/2019/scores/RS008;H.Kuwata;6;;3;;5;;M.Kato;1;;6;;7;;Qualifying-Day 2;https://www.wtatennis.com/tournament/1039/monterrey/2019/scores
Completed;0:44;Qualifying;https://wtatennis.com/tournament/1039/monterrey/2019/scores/RS010;K.Kucova;6;;6;;-;;A.Guarachi;1;;0;;-;;Qualifying-Day 2;https://www.wtatennis.com/tournament/1039/monterrey/2019/scores
Completed;1:55;Qualifying;https://wtatennis.com/tournament/1039/monterrey/2019/scores/RS009;A.Panova;1;;6;;6;;A.Muhammad;6;;3;;3;;Qualifying-Day 2;https://www.wtatennis.com/tournament/1039/monterrey/2019/scores
Completed;1:11;Qualifying;https://wtatennis.com/tournament/1039/monterrey/2019/scores/RS015;G.Arn;6;;6;;-;;D.Lao;4;;1;;-;;Qualifying-Day 2;https://www.wtatennis.com/tournament/1039/monterrey/2019/scores
Completed;1:14;Qualifying;https://wtatennis.com/tournament/1039/monterrey/2019/scores/RS014;B.Haddad Maia;6;;6;;-;;A.Gamiz;1;;4;;-;;Qualifying-Day 2;https://www.wtatennis.com/tournament/1039/monterrey/2019/scores
Completed;0:00;Qualifying;https://wtatennis.com/tournament/1039/monterrey/2019/scores/RS012;M.Niculescu;0;;-;;-;;A.Guadiana Campos;0;;-;;-;;Qualifying-Day 2;https://www.wtatennis.com/tournament/1039/monterrey/2019/scores
Completed;1:53;Round of 32;https://wtatennis.com/tournament/1039/monterrey/2019/scores/LS021;T.Babos;6;;4;;3;;I.Jorovic;2;;6;;6;;Qualifying-Day 3;https://www.wtatennis.com/tournament/1039/monterrey/2019/scores
Completed;1:27;Round of 32;https://wtatennis.com/tournament/1039/monterrey/2019/scores/LS025;A.Bogdan;6;4;2;;-;;S.Voegele;7;;6;;-;;Qualifying-Day 3;https://www.wtatennis.com/tournament/1039/monterrey/2019/scores
Completed;0:48;Round of 32;https://wtatennis.com/tournament/1039/monterrey/2019/scores/LS030;V.Rodriguez;1;;0;;-;;M.Gasparyan;6;;6;;-;;Qualifying-Day 3;https://www.wtatennis.com/tournament/1039/monterrey/2019/scores
Completed;2:09;Round of 32;https://wtatennis.com/tournament/1039/monterrey/2019/scores/LS026;N.Hibino;4;;6;;7;;G.Olmos;6;;1;;6;5;Qualifying-Day 3;https://www.wtatennis.com/tournament/1039/monterrey/2019/scores
Completed;2:20;Round of 32;https://wtatennis.com/tournament/1039/monterrey/2019/scores/LS024;M.Rybarikova;2;;7;;6;;M.Doi;6;;6;5;4;;Qualifying-Day 3;https://www.wtatennis.com/tournament/1039/monterrey/2019/scores
Completed;0:59;Round of 32;https://wtatennis.com/tournament/1039/monterrey/2019/scores/LS019;O.Danilovic;2;;1;;-;;K.Flipkens;6;;6;;-;;Qualifying-Day 3;https://www.wtatennis.com/tournament/1039/monterrey/2019/scores
Completed;1:17;Round of 16;https://wtatennis.com/tournament/1039/monterrey/2019/scores/LD014;A.Blinkova;3;;6;;3;;P.Kania;6;;2;;10;;Qualifying-Day 3;https://www.wtatennis.com/tournament/1039/monterrey/2019/scores
Completed;1:17;Round of 16;https://wtatennis.com/tournament/1039/monterrey/2019/scores/LD012;A.Guarachi;7;;6;;-;;J.Jaksic;6;5;2;;-;;Qualifying-Day 3;https://www.wtatennis.com/tournament/1039/monterrey/2019/scores
Completed;1:05;Qualifying;https://wtatennis.com/tournament/1039/monterrey/2019/scores/RS005;K.Kucova;6;;6;;-;;E.Ruse;2;;3;;-;;Qualifying-Day 3;https://www.wtatennis.com/tournament/1039/monterrey/2019/scores
Completed;1:12;Qualifying;https://wtatennis.com/tournament/1039/monterrey/2019/scores/RS004;M.Kato;6;;6;;-;;A.Panova;4;;0;;-;;Qualifying-Day 3;https://www.wtatennis.com/tournament/1039/monterrey/2019/scores
Completed;1:27;Qualifying;https://wtatennis.com/tournament/1039/monterrey/2019/scores/RS007;B.Haddad Maia;6;;7;;-;;G.Arn;4;;5;;-;;Qualifying-Day 3;https://www.wtatennis.com/tournament/1039/monterrey/2019/scores
Completed;1:09;Qualifying;https://wtatennis.com/tournament/1039/monterrey/2019/scores/RS006;A.Guadiana Campos;2;;2;;-;;S.Xu;6;;6;;-;;Qualifying-Day 3;https://www.wtatennis.com/tournament/1039/monterrey/2019/scores
Completed;1:53;Round of 32;https://wtatennis.com/tournament/1039/monterrey/2019/scores/LS021;T.Babos;6;;4;;3;;I.Jorovic;2;;6;;6;;Singles-Day 3;https://www.wtatennis.com/tournament/1039/monterrey/2019/scores
Completed;1:27;Round of 32;https://wtatennis.com/tournament/1039/monterrey/2019/scores/LS025;A.Bogdan;6;4;2;;-;;S.Voegele;7;;6;;-;;Singles-Day 3;https://www.wtatennis.com/tournament/1039/monterrey/2019/scores
Completed;0:48;Round of 32;https://wtatennis.com/tournament/1039/monterrey/2019/scores/LS030;V.Rodriguez;1;;0;;-;;M.Gasparyan;6;;6;;-;;Singles-Day 3;https://www.wtatennis.com/tournament/1039/monterrey/2019/scores
Completed;2:09;Round of 32;https://wtatennis.com/tournament/1039/monterrey/2019/scores/LS026;N.Hibino;4;;6;;7;;G.Olmos;6;;1;;6;5;Singles-Day 3;https://www.wtatennis.com/tournament/1039/monterrey/2019/scores
Completed;2:20;Round of 32;https://wtatennis.com/tournament/1039/monterrey/2019/scores/LS024;M.Rybarikova;2;;7;;6;;M.Doi;6;;6;5;4;;Singles-Day 3;https://www.wtatennis.com/tournament/1039/monterrey/2019/scores
Completed;0:59;Round of 32;https://wtatennis.com/tournament/1039/monterrey/2019/scores/LS019;O.Danilovic;2;;1;;-;;K.Flipkens;6;;6;;-;;Singles-Day 3;https://www.wtatennis.com/tournament/1039/monterrey/2019/scores
Completed;1:17;Round of 16;https://wtatennis.com/tournament/1039/monterrey/2019/scores/LD014;A.Blinkova;3;;6;;3;;P.Kania;6;;2;;10;;Singles-Day 3;https://www.wtatennis.com/tournament/1039/monterrey/2019/scores
Completed;1:17;Round of 16;https://wtatennis.com/tournament/1039/monterrey/2019/scores/LD012;A.Guarachi;7;;6;;-;;J.Jaksic;6;5;2;;-;;Singles-Day 3;https://www.wtatennis.com/tournament/1039/monterrey/2019/scores
Completed;1:05;Qualifying;https://wtatennis.com/tournament/1039/monterrey/2019/scores/RS005;K.Kucova;6;;6;;-;;E.Ruse;2;;3;;-;;Singles-Day 3;https://www.wtatennis.com/tournament/1039/monterrey/2019/scores
Completed;1:12;Qualifying;https://wtatennis.com/tournament/1039/monterrey/2019/scores/RS004;M.Kato;6;;6;;-;;A.Panova;4;;0;;-;;Singles-Day 3;https://www.wtatennis.com/tournament/1039/monterrey/2019/scores
Completed;1:27;Qualifying;https://wtatennis.com/tournament/1039/monterrey/2019/scores/RS007;B.Haddad Maia;6;;7;;-;;G.Arn;4;;5;;-;;Singles-Day 3;https://www.wtatennis.com/tournament/1039/monterrey/2019/scores
Completed;1:09;Qualifying;https://wtatennis.com/tournament/1039/monterrey/2019/scores/RS006;A.Guadiana Campos;2;;2;;-;;S.Xu;6;;6;;-;;Singles-Day 3;https://www.wtatennis.com/tournament/1039/monterrey/2019/scores
Completed;1:43;Round of 32;https://wtatennis.com/tournament/1039/monterrey/2019/scores/LS031;E.Ruse;4;;6;4;-;;G.Muguruza;6;;7;;-;;Singles-Day 4;https://www.wtatennis.com/tournament/1039/monterrey/2019/scores
Completed;1:31;Round of 32;https://wtatennis.com/tournament/1039/monterrey/2019/scores/LS016;A.Kerber;7;;6;;-;;K.Kucova;6;4;2;;-;;Singles-Day 4;https://www.wtatennis.com/tournament/1039/monterrey/2019/scores
Completed;2:19;Round of 32;https://wtatennis.com/tournament/1039/monterrey/2019/scores/LS017;S.Xu;4;;7;;3;;K.Muchova;6;;5;;6;;Singles-Day 4;https://www.wtatennis.com/tournament/1039/monterrey/2019/scores
Completed;1:14;Round of 32;https://wtatennis.com/tournament/1039/monterrey/2019/scores/LS023;M.Kato;4;;2;;-;;V.Azarenka;6;;6;;-;;Singles-Day 4;https://www.wtatennis.com/tournament/1039/monterrey/2019/scores
Completed;0:56;Round of 32;https://wtatennis.com/tournament/1039/monterrey/2019/scores/LS020;A.Pavlyuchenkova;6;;6;;-;;A.Blinkova;0;;3;;-;;Singles-Day 4;https://www.wtatennis.com/tournament/1039/monterrey/2019/scores
Completed;2:04;Round of 32;https://wtatennis.com/tournament/1039/monterrey/2019/scores/LS029;G.Arn;7;;3;;7;;L.Arruabarrena;5;;6;;5;;Singles-Day 4;https://www.wtatennis.com/tournament/1039/monterrey/2019/scores
Completed;2:32;Round of 32;https://wtatennis.com/tournament/1039/monterrey/2019/scores/LS028;K.Mladenovic;6;;1;;7;;B.Haddad Maia;4;;6;;6;5;Singles-Day 4;https://www.wtatennis.com/tournament/1039/monterrey/2019/scores
Completed;1:40;Round of 32;https://wtatennis.com/tournament/1039/monterrey/2019/scores/LS027;S.Vickery;7;;6;;-;;A.Riske;6;6;1;;-;;Singles-Day 4;https://www.wtatennis.com/tournament/1039/monterrey/2019/scores
Completed;1:53;Round of 32;https://wtatennis.com/tournament/1039/monterrey/2019/scores/LS022;R.Zarazua;5;;4;;-;;Z.Diyas;7;;6;;-;;Singles-Day 4;https://www.wtatennis.com/tournament/1039/monterrey/2019/scores
Completed;1:07;Round of 32;https://wtatennis.com/tournament/1039/monterrey/2019/scores/LS018;H.Dart;2;;3;;-;;D.Jakupovic;6;;6;;-;;Singles-Day 4;https://www.wtatennis.com/tournament/1039/monterrey/2019/scores
Completed;1:14;Round of 16;https://wtatennis.com/tournament/1039/monterrey/2019/scores/LD015;G.Olmos;6;;7;;-;;L.Arruabarrena;3;;5;;-;;Singles-Day 4;https://www.wtatennis.com/tournament/1039/monterrey/2019/scores
Completed;0:56;Round of 16;https://wtatennis.com/tournament/1039/monterrey/2019/scores/LD013;V.Rodriguez;4;;1;;-;;A.Muhammad;6;;6;;-;;Singles-Day 4;https://www.wtatennis.com/tournament/1039/monterrey/2019/scores
Completed;1:43;Round of 16;https://wtatennis.com/tournament/1039/monterrey/2019/scores/LD009;M.Doi;6;4;6;;7;;M.Adamczak;7;;3;;10;;Singles-Day 4;https://www.wtatennis.com/tournament/1039/monterrey/2019/scores
Completed;1:05;Qualifying;https://wtatennis.com/tournament/1039/monterrey/2019/scores/RS005;K.Kucova;6;;6;;-;;E.Ruse;2;;3;;-;;Singles-Day 4;https://www.wtatennis.com/tournament/1039/monterrey/2019/scores
Completed;1:12;Qualifying;https://wtatennis.com/tournament/1039/monterrey/2019/scores/RS004;M.Kato;6;;6;;-;;A.Panova;4;;0;;-;;Singles-Day 4;https://www.wtatennis.com/tournament/1039/monterrey/2019/scores
Completed;1:27;Qualifying;https://wtatennis.com/tournament/1039/monterrey/2019/scores/RS007;B.Haddad Maia;6;;7;;-;;G.Arn;4;;5;;-;;Singles-Day 4;https://www.wtatennis.com/tournament/1039/monterrey/2019/scores
Completed;1:09;Qualifying;https://wtatennis.com/tournament/1039/monterrey/2019/scores/RS006;A.Guadiana Campos;2;;2;;-;;S.Xu;6;;6;;-;;Singles-Day 4;https://www.wtatennis.com/tournament/1039/monterrey/2019/scores
Completed;0:50;Round of 16;https://wtatennis.com/tournament/1039/monterrey/2019/scores/LS010;A.Pavlyuchenkova;6;;6;;-;;I.Jorovic;0;;0;;-;;Singles-Day 5;https://www.wtatennis.com/tournament/1039/monterrey/2019/scores
Completed;1:18;Round of 16;https://wtatennis.com/tournament/1039/monterrey/2019/scores/LS009;D.Jakupovic;3;;3;;-;;K.Flipkens;6;;6;;-;;Singles-Day 5;https://www.wtatennis.com/tournament/1039/monterrey/2019/scores
Completed;2:31;Round of 16;https://wtatennis.com/tournament/1039/monterrey/2019/scores/LS012;M.Rybarikova;5;;6;;6;;S.Voegele;7;;2;;3;;Singles-Day 5;https://www.wtatennis.com/tournament/1039/monterrey/2019/scores
Completed;2:50;Round of 16;https://wtatennis.com/tournament/1039/monterrey/2019/scores/LS013;N.Hibino;5;;7;;6;5;S.Vickery;7;;5;;7;;Singles-Day 5;https://www.wtatennis.com/tournament/1039/monterrey/2019/scores
Completed;1:01;Quarter finals;https://wtatennis.com/tournament/1039/monterrey/2019/scores/LD006;A.Guarachi;2;;4;;-;;A.Muhammad;6;;6;;-;;Singles-Day 5;https://www.wtatennis.com/tournament/1039/monterrey/2019/scores
Completed;1:11;Round of 16;https://wtatennis.com/tournament/1039/monterrey/2019/scores/LD010;N.Hibino;6;;5;;6;;A.Bogdan;0;;7;;10;;Singles-Day 5;https://www.wtatennis.com/tournament/1039/monterrey/2019/scores
Completed;1:18;Round of 16;https://wtatennis.com/tournament/1039/monterrey/2019/scores/LD008;M.Kato;6;;5;;4;;H.Dart;1;;7;;10;;Singles-Day 5;https://www.wtatennis.com/tournament/1039/monterrey/2019/scores
Completed;0:57;Quarter finals;https://wtatennis.com/tournament/1039/monterrey/2019/scores/LD007;P.Kania;1;;2;;-;;G.Olmos;6;;6;;-;;Singles-Day 5;https://www.wtatennis.com/tournament/1039/monterrey/2019/scores
Completed;1:05;Qualifying;https://wtatennis.com/tournament/1039/monterrey/2019/scores/RS005;K.Kucova;6;;6;;-;;E.Ruse;2;;3;;-;;Singles-Day 5;https://www.wtatennis.com/tournament/1039/monterrey/2019/scores
Completed;1:12;Qualifying;https://wtatennis.com/tournament/1039/monterrey/2019/scores/RS004;M.Kato;6;;6;;-;;A.Panova;4;;0;;-;;Singles-Day 5;https://www.wtatennis.com/tournament/1039/monterrey/2019/scores
Completed;1:27;Qualifying;https://wtatennis.com/tournament/1039/monterrey/2019/scores/RS007;B.Haddad Maia;6;;7;;-;;G.Arn;4;;5;;-;;Singles-Day 5;https://www.wtatennis.com/tournament/1039/monterrey/2019/scores
Completed;1:09;Qualifying;https://wtatennis.com/tournament/1039/monterrey/2019/scores/RS006;A.Guadiana Campos;2;;2;;-;;S.Xu;6;;6;;-;;Singles-Day 5;https://www.wtatennis.com/tournament/1039/monterrey/2019/scores
Completed;1:24;Round of 16;https://wtatennis.com/tournament/1039/monterrey/2019/scores/LS008;A.Kerber;6;;6;;-;;K.Muchova;3;;4;;-;;Singles-Day 6;https://www.wtatennis.com/tournament/1039/monterrey/2019/scores
Completed;1:07;Round of 16;https://wtatennis.com/tournament/1039/monterrey/2019/scores/LS011;Z.Diyas;3;;2;;-;;V.Azarenka;6;;6;;-;;Singles-Day 6;https://www.wtatennis.com/tournament/1039/monterrey/2019/scores
Completed;2:39;Round of 16;https://wtatennis.com/tournament/1039/monterrey/2019/scores/LS015;M.Gasparyan;3;;7;;2;;G.Muguruza;6;;6;1;6;;Singles-Day 6;https://www.wtatennis.com/tournament/1039/monterrey/2019/scores
Completed;1:18;Round of 16;https://wtatennis.com/tournament/1039/monterrey/2019/scores/LS014;K.Mladenovic;6;;6;;-;;G.Arn;0;;2;;-;;Singles-Day 6;https://www.wtatennis.com/tournament/1039/monterrey/2019/scores
Completed;1:14;Semifinal;https://wtatennis.com/tournament/1039/monterrey/2019/scores/LD003;A.Muhammad;6;;6;;-;;G.Olmos;4;;4;;-;;Singles-Day 6;https://www.wtatennis.com/tournament/1039/monterrey/2019/scores
Completed;1:25;Quarter finals;https://wtatennis.com/tournament/1039/monterrey/2019/scores/LD004;H.Dart;3;;7;;1;;M.Adamczak;6;;5;;10;;Singles-Day 6;https://www.wtatennis.com/tournament/1039/monterrey/2019/scores
Completed;0:00;Round of 16;https://wtatennis.com/tournament/1039/monterrey/2019/scores/LD011;D.Lao;0;;-;;-;;S.Fichman;0;;-;;-;;Singles-Day 6;https://www.wtatennis.com/tournament/1039/monterrey/2019/scores
Completed;1:05;Qualifying;https://wtatennis.com/tournament/1039/monterrey/2019/scores/RS005;K.Kucova;6;;6;;-;;E.Ruse;2;;3;;-;;Singles-Day 6;https://www.wtatennis.com/tournament/1039/monterrey/2019/scores
Completed;1:12;Qualifying;https://wtatennis.com/tournament/1039/monterrey/2019/scores/RS004;M.Kato;6;;6;;-;;A.Panova;4;;0;;-;;Singles-Day 6;https://www.wtatennis.com/tournament/1039/monterrey/2019/scores
Completed;1:27;Qualifying;https://wtatennis.com/tournament/1039/monterrey/2019/scores/RS007;B.Haddad Maia;6;;7;;-;;G.Arn;4;;5;;-;;Singles-Day 6;https://www.wtatennis.com/tournament/1039/monterrey/2019/scores
Completed;1:09;Qualifying;https://wtatennis.com/tournament/1039/monterrey/2019/scores/RS006;A.Guadiana Campos;2;;2;;-;;S.Xu;6;;6;;-;;Singles-Day 6;https://www.wtatennis.com/tournament/1039/monterrey/2019/scores
Completed;1:08;Quarter finals;https://wtatennis.com/tournament/1039/monterrey/2019/scores/LS005;A.Pavlyuchenkova;0;;4;;-;;V.Azarenka;6;;6;;-;;Singles-Day 7;https://www.wtatennis.com/tournament/1039/monterrey/2019/scores
Completed;1:06;Quarter finals;https://wtatennis.com/tournament/1039/monterrey/2019/scores/LS004;A.Kerber;6;;6;;-;;K.Flipkens;2;;4;;-;;Singles-Day 7;https://www.wtatennis.com/tournament/1039/monterrey/2019/scores
Completed;1:57;Quarter finals;https://wtatennis.com/tournament/1039/monterrey/2019/scores/LS007;K.Mladenovic;1;;6;5;-;;G.Muguruza;6;;7;;-;;Singles-Day 7;https://www.wtatennis.com/tournament/1039/monterrey/2019/scores
Completed;1:33;Quarter finals;https://wtatennis.com/tournament/1039/monterrey/2019/scores/LS006;M.Rybarikova;6;;6;;-;;S.Vickery;4;;4;;-;;Singles-Day 7;https://www.wtatennis.com/tournament/1039/monterrey/2019/scores
Completed;1:12;Quarter finals;https://wtatennis.com/tournament/1039/monterrey/2019/scores/LD005;A.Bogdan;6;;1;;10;;S.Fichman;4;;6;;8;;Singles-Day 7;https://www.wtatennis.com/tournament/1039/monterrey/2019/scores
Completed;1:05;Qualifying;https://wtatennis.com/tournament/1039/monterrey/2019/scores/RS005;K.Kucova;6;;6;;-;;E.Ruse;2;;3;;-;;Singles-Day 7;https://www.wtatennis.com/tournament/1039/monterrey/2019/scores
Completed;1:12;Qualifying;https://wtatennis.com/tournament/1039/monterrey/2019/scores/RS004;M.Kato;6;;6;;-;;A.Panova;4;;0;;-;;Singles-Day 7;https://www.wtatennis.com/tournament/1039/monterrey/2019/scores
Completed;1:27;Qualifying;https://wtatennis.com/tournament/1039/monterrey/2019/scores/RS007;B.Haddad Maia;6;;7;;-;;G.Arn;4;;5;;-;;Singles-Day 7;https://www.wtatennis.com/tournament/1039/monterrey/2019/scores
Completed;1:09;Qualifying;https://wtatennis.com/tournament/1039/monterrey/2019/scores/RS006;A.Guadiana Campos;2;;2;;-;;S.Xu;6;;6;;-;;Singles-Day 7;https://www.wtatennis.com/tournament/1039/monterrey/2019/scores
Completed;2:11;Semifinal;https://wtatennis.com/tournament/1039/monterrey/2019/scores/LS002;A.Kerber;4;;6;;1;;V.Azarenka;6;;4;;6;;Singles-Day 8;https://www.wtatennis.com/tournament/1039/monterrey/2019/scores
Completed;1:15;Semifinal;https://wtatennis.com/tournament/1039/monterrey/2019/scores/LS003;M.Rybarikova;2;;3;;-;;G.Muguruza;6;;6;;-;;Singles-Day 8;https://www.wtatennis.com/tournament/1039/monterrey/2019/scores
Completed;1:41;Semifinal;https://wtatennis.com/tournament/1039/monterrey/2019/scores/LD002;M.Adamczak;6;2;6;;10;;A.Bogdan;7;;3;;5;;Singles-Day 8;https://www.wtatennis.com/tournament/1039/monterrey/2019/scores
Completed;1:05;Qualifying;https://wtatennis.com/tournament/1039/monterrey/2019/scores/RS005;K.Kucova;6;;6;;-;;E.Ruse;2;;3;;-;;Singles-Day 8;https://www.wtatennis.com/tournament/1039/monterrey/2019/scores
Completed;1:12;Qualifying;https://wtatennis.com/tournament/1039/monterrey/2019/scores/RS004;M.Kato;6;;6;;-;;A.Panova;4;;0;;-;;Singles-Day 8;https://www.wtatennis.com/tournament/1039/monterrey/2019/scores
Completed;1:27;Qualifying;https://wtatennis.com/tournament/1039/monterrey/2019/scores/RS007;B.Haddad Maia;6;;7;;-;;G.Arn;4;;5;;-;;Singles-Day 8;https://www.wtatennis.com/tournament/1039/monterrey/2019/scores
Completed;1:09;Qualifying;https://wtatennis.com/tournament/1039/monterrey/2019/scores/RS006;A.Guadiana Campos;2;;2;;-;;S.Xu;6;;6;;-;;Singles-Day 8;https://www.wtatennis.com/tournament/1039/monterrey/2019/scores
Completed;1:06;Final;https://wtatennis.com/tournament/1039/monterrey/2019/scores/LS001;V.Azarenka;1;;1;;-;;G.Muguruza;6;;3;;-;;Singles-Day 9;https://www.wtatennis.com/tournament/1039/monterrey/2019/scores
Completed;1:39;Final;https://wtatennis.com/tournament/1039/monterrey/2019/scores/LD001;M.Adamczak;6;2;4;;-;;A.Muhammad;7;;6;;-;;Singles-Day 9;https://www.wtatennis.com/tournament/1039/monterrey/2019/scores
Completed;1:05;Qualifying;https://wtatennis.com/tournament/1039/monterrey/2019/scores/RS005;K.Kucova;6;;6;;-;;E.Ruse;2;;3;;-;;Singles-Day 9;https://www.wtatennis.com/tournament/1039/monterrey/2019/scores
Completed;1:12;Qualifying;https://wtatennis.com/tournament/1039/monterrey/2019/scores/RS004;M.Kato;6;;6;;-;;A.Panova;4;;0;;-;;Singles-Day 9;https://www.wtatennis.com/tournament/1039/monterrey/2019/scores
Completed;1:27;Qualifying;https://wtatennis.com/tournament/1039/monterrey/2019/scores/RS007;B.Haddad Maia;6;;7;;-;;G.Arn;4;;5;;-;;Singles-Day 9;https://www.wtatennis.com/tournament/1039/monterrey/2019/scores
Completed;1:09;Qualifying;https://wtatennis.com/tournament/1039/monterrey/2019/scores/RS006;A.Guadiana Campos;2;;2;;-;;S.Xu;6;;6;;-;;Singles-Day 9;https://www.wtatennis.com/tournament/1039/monterrey/2019/scores
