match_1st Return Points Won_player_1;match_1st Return Points Won_player_2;match_1st Serve Points Won_player_1;match_1st Serve Points Won_player_2;match_1st Serve_player_1;match_1st Serve_player_2;match_2nd Return Points Won_player_1;match_2nd Return Points Won_player_2;match_2nd Serve Points Won_player_1;match_2nd Serve Points Won_player_2;match_Aces_player_1;match_Aces_player_2;match_Break Points Converted_player_1;match_Break Points Converted_player_2;match_Break Points Saved_player_1;match_Break Points Saved_player_2;match_Double Faults_player_1;match_Double Faults_player_2;match_Return Games Played_player_1;match_Return Games Played_player_2;match_Service Games Played_player_1;match_Service Games Played_player_2;match_Total Points Won_player_1;match_Total Points Won_player_2;match_Total Return Points Won_player_1;match_Total Return Points Won_player_2;match_Total Service Points Won_player_1;match_Total Service Points Won_player_2;set1_1st Return Points Won_player_1;set1_1st Return Points Won_player_2;set1_1st Serve Points Won_player_1;set1_1st Serve Points Won_player_2;set1_1st Serve_player_1;set1_1st Serve_player_2;set1_2nd Return Points Won_player_1;set1_2nd Return Points Won_player_2;set1_2nd Serve Points Won_player_1;set1_2nd Serve Points Won_player_2;set1_Aces_player_1;set1_Aces_player_2;set1_Break Points Converted_player_1;set1_Break Points Converted_player_2;set1_Break Points Saved_player_1;set1_Break Points Saved_player_2;set1_Double Faults_player_1;set1_Double Faults_player_2;set1_Return Games Played_player_1;set1_Return Games Played_player_2;set1_Service Games Played_player_1;set1_Service Games Played_player_2;set1_Total Points Won_player_1;set1_Total Points Won_player_2;set1_Total Return Points Won_player_1;set1_Total Return Points Won_player_2;set1_Total Service Points Won_player_1;set1_Total Service Points Won_player_2;set2_1st Return Points Won_player_1;set2_1st Return Points Won_player_2;set2_1st Serve Points Won_player_1;set2_1st Serve Points Won_player_2;set2_1st Serve_player_1;set2_1st Serve_player_2;set2_2nd Return Points Won_player_1;set2_2nd Return Points Won_player_2;set2_2nd Serve Points Won_player_1;set2_2nd Serve Points Won_player_2;set2_Aces_player_1;set2_Aces_player_2;set2_Break Points Converted_player_1;set2_Break Points Converted_player_2;set2_Break Points Saved_player_1;set2_Break Points Saved_player_2;set2_Double Faults_player_1;set2_Double Faults_player_2;set2_Return Games Played_player_1;set2_Return Games Played_player_2;set2_Service Games Played_player_1;set2_Service Games Played_player_2;set2_Total Points Won_player_1;set2_Total Points Won_player_2;set2_Total Return Points Won_player_1;set2_Total Return Points Won_player_2;set2_Total Service Points Won_player_1;set2_Total Service Points Won_player_2;h2h_wins_player_1;h2h_wins_player_2;Height_player_1;Height_player_2;Date of Birth_player_1;Date of Birth_player_2;Plays_player_1;Plays_player_2;url_match_stats;set3_1st Return Points Won_player_1;set3_1st Return Points Won_player_2;set3_1st Serve Points Won_player_1;set3_1st Serve Points Won_player_2;set3_1st Serve_player_1;set3_1st Serve_player_2;set3_2nd Return Points Won_player_1;set3_2nd Return Points Won_player_2;set3_2nd Serve Points Won_player_1;set3_2nd Serve Points Won_player_2;set3_Aces_player_1;set3_Aces_player_2;set3_Break Points Converted_player_1;set3_Break Points Converted_player_2;set3_Break Points Saved_player_1;set3_Break Points Saved_player_2;set3_Double Faults_player_1;set3_Double Faults_player_2;set3_Return Games Played_player_1;set3_Return Games Played_player_2;set3_Service Games Played_player_1;set3_Service Games Played_player_2;set3_Total Points Won_player_1;set3_Total Points Won_player_2;set3_Total Return Points Won_player_1;set3_Total Return Points Won_player_2;set3_Total Service Points Won_player_1;set3_Total Service Points Won_player_2
18/43;19/45;26/45;25/43;45/63;43/64;14/21;8/18;10/18;7/21;0;0;5/13;3/6;3/6;8/13;1;2;10;10;10;10;68/127;59/127;32/64;27/63;36/63;32/64;5/18;5/16;11/16;13/18;16/27;18/26;6/8;5/11;6/11;2/8;0;0;2/4;1/1;0/1;2/4;0;2;5;5;5;5;28/53;25/53;11/26;10/27;17/27;15/26;13/25;14/29;15/29;12/25;29/36;25/38;8/13;3/7;4/7;5/13;0;0;3/9;2/5;3/5;6/9;1;0;5;5;5;5;40/74;34/74;21/38;17/36;19/36;17/38;1;0;;1.71;26.17;30.58;Right-Handed;Right-Handed;https://wtatennis.com/tournament/466/palermo/2019/scores/RS027;;;;;;;;;;;;;;;;;;;;;;;;;;;;
10/35;18/46;28/46;25/35;46/65;35/58;15/23;7/19;12/19;8/23;1;3;4/6;1/7;6/7;2/6;1;4;9;9;9;9;65/123;58/123;25/58;25/65;40/65;33/58;6/17;13/30;17/30;11/17;30/38;17/25;3/8;3/8;5/8;5/8;1;2;2/2;1/4;3/4;0/2;1;1;5;5;5;5;31/63;32/63;9/25;16/38;22/38;16/25;4/18;5/16;11/16;14/18;16/27;18/33;12/15;4/11;7/11;3/15;0;1;2/4;0/3;3/3;2/4;0;3;4;4;4;4;34/60;26/60;16/33;9/27;18/27;17/33;1;0;1.64;;28.83;26.17;Right-Handed;Right-Handed;https://wtatennis.com/tournament/466/palermo/2019/scores/RS026;;;;;;;;;;;;;;;;;;;;;;;;;;;;
19/52;26/52;26/52;33/52;52/78;52/62;4/10;15/26;11/26;6/10;0;0;2/5;6/11;5/11;3/5;2;1;9;10;10;9;60/140;80/140;23/62;41/78;37/78;39/62;15/37;15/30;15/30;22/37;30/43;37/44;3/7;6/13;7/13;4/7;0;0;2/4;3/4;1/4;2/4;0;1;6;6;6;6;40/87;47/87;18/44;21/43;22/43;26/44;4/15;11/22;11/22;11/15;22/35;15/18;1/3;9/13;4/13;2/3;0;0;0/1;3/7;4/7;1/1;2;0;3;4;4;3;20/53;33/53;5/18;20/35;15/35;13/18;1;4;;1.76;32.92;29.08;N/A;Right-Handed;https://wtatennis.com/tournament/466/palermo/2019/scores/RS023;;;;;;;;;;;;;;;;;;;;;;;;;;;;
25/46;11/33;22/33;21/46;33/59;46/65;14/19;16/26;10/26;5/19;0;0;7/14;3/5;2/5;7/14;4;4;9;8;8;9;71/124;53/124;39/65;27/59;32/59;26/65;7/18;4/19;15/19;11/18;19/32;18/25;5/7;7/13;6/13;2/7;0;0;2/5;0/0;0/0;3/5;4;3;4;4;4;4;33/57;24/57;12/25;11/32;21/32;13/25;18/28;7/14;7/14;10/28;14/27;28/40;9/12;9/13;4/13;3/12;0;0;5/9;3/5;2/5;4/9;0;1;5;4;4;5;38/67;29/67;27/40;16/27;11/27;13/40;1;0;1.73;;32.58;23.92;Right-Handed;N/A;https://wtatennis.com/tournament/466/palermo/2019/scores/RS022;;;;;;;;;;;;;;;;;;;;;;;;;;;;
5/24;11/31;20/31;19/24;31/61;24/47;8/23;19/30;11/30;15/23;4;3;1/1;4/8;4/8;0/1;6;2;9;8;8;9;44/108;64/108;13/47;30/61;31/61;34/47;4/13;5/14;9/14;9/13;14/29;13/19;2/6;11/15;4/15;4/6;1;1;1/1;3/5;2/5;0/1;5;1;4;4;4;4;19/48;29/48;6/19;16/29;13/29;13/19;1/11;6/17;11/17;10/11;17/32;11/28;6/17;8/15;7/15;11/17;3;2;0/0;1/3;2/3;0/0;1;1;5;4;4;5;25/60;35/60;7/28;14/32;18/32;21/28;0;2;;;33.42;25.42;N/A;N/A;https://wtatennis.com/tournament/466/palermo/2019/scores/RS017;;;;;;;;;;;;;;;;;;;;;;;;;;;;
23/39;2/21;19/21;16/39;21/35;39/52;8/13;5/14;9/14;5/13;3;2;5/13;0/0;0/0;8/13;1;2;6;7;7;6;59/87;28/87;31/52;7/35;28/35;21/52;15/28;2/12;10/12;13/28;12/21;28/36;4/8;3/9;6/9;4/8;1;2;2/9;0/0;0/0;7/9;1;2;3;4;4;3;35/57;22/57;19/36;5/21;16/21;17/36;8/11;0/9;9/9;3/11;9/14;11/16;4/5;2/5;3/5;1/5;2;0;3/4;0/0;0/0;1/4;0;0;3;3;3;3;24/30;6/30;12/16;2/14;12/14;4/16;1;1;1.82;1.70;24.58;26.33;Right-Handed;Right-Handed;https://wtatennis.com/tournament/466/palermo/2019/scores/RS018;;;;;;;;;;;;;;;;;;;;;;;;;;;;
15/39;27/54;27/54;24/39;54/86;39/79;26/40;18/32;14/32;14/40;1;2;8/10;8/14;6/14;2/10;3;4;14;15;15;14;82/165;83/165;41/79;45/86;41/86;38/79;6/8;4/12;8/12;2/8;12/22;8/18;7/10;5/10;5/10;3/10;0;0;3/4;1/1;0/1;1/4;1;2;3;4;4;3;26/40;14/40;13/18;9/22;13/22;5/18;6/12;10/16;6/16;6/12;16/26;12/27;9/15;7/10;3/10;6/15;0;0;3/4;4/7;3/7;1/4;2;1;5;5;5;5;24/53;29/53;15/27;17/26;9/26;12/27;0;1;1.70;1.64;27.0;30.42;Right-Handed;Right-Handed;https://wtatennis.com/tournament/466/palermo/2019/scores/RS019;3/19;13/26;13/26;16/19;26/38;19/34;10/15;6/12;6/12;5/15;1;2;2/2;3/6;3/6;0/2;0;1;6;6;6;6;32/72;40/72;13/34;19/38;19/38;21/34
26/61;30/65;35/65;35/61;65/108;61/104;26/43;29/43;14/43;17/43;2;0;9/14;10/16;6/16;5/14;3;8;16;16;16;16;101/212;111/212;52/104;59/108;49/108;52/104;8/20;10/24;14/24;12/20;24/33;20/38;13/18;7/9;2/9;5/18;2;0;4/5;3/5;2/5;1/5;2;6;6;6;6;6;37/71;34/71;21/38;17/33;16/33;17/38;10/23;10/22;12/22;13/23;22/40;23/37;6/14;11/18;7/18;8/14;0;0;2/4;3/4;1/4;2/4;1;2;5;5;5;5;35/77;42/77;16/37;21/40;19/40;21/37;1;1;1.73;;23.33;30.25;Right-Handed;Left-Handed;https://wtatennis.com/tournament/466/palermo/2019/scores/RS016;8/18;10/19;9/19;10/18;19/35;18/29;7/11;11/16;5/16;4/11;0;0;3/5;4/7;3/7;2/5;0;0;5;5;5;5;29/64;35/64;15/29;21/35;14/35;14/29
4/26;9/23;14/23;22/26;23/41;26/41;5/15;11/18;7/18;10/15;1;4;0/0;4/5;1/5;0/0;3;1;8;7;7;8;30/82;52/82;9/41;20/41;21/41;32/41;2/13;2/7;5/7;11/13;7/18;13/21;3/8;8/11;3/11;5/8;0;2;0/0;2/3;1/3;0/0;1;1;4;3;3;4;13/39;26/39;5/21;10/18;8/18;16/21;2/13;7/16;9/16;11/13;16/23;13/20;2/7;3/7;4/7;5/7;1;2;0/0;2/2;0/2;0/0;2;0;4;4;4;4;17/43;26/43;4/20;10/23;13/23;16/20;0;2;;1.72;27.83;24.58;Right-Handed;Right-Handed;https://wtatennis.com/tournament/466/palermo/2019/scores/RS021;;;;;;;;;;;;;;;;;;;;;;;;;;;;
39/82;39/69;30/69;43/82;69/105;82/121;25/39;18/36;18/36;14/39;1;0;9/21;9/9;0/9;12/21;0;3;15;15;15;15;112/226;114/226;64/121;57/105;48/105;57/121;14/33;9/18;9/18;19/33;18/33;33/49;13/16;7/15;8/15;3/16;0;0;4/11;2/2;0/2;7/11;0;2;5;4;4;5;44/82;38/82;27/49;16/33;17/33;22/49;9/16;12/22;10/22;7/16;22/31;16/26;5/10;7/9;2/9;5/10;1;0;2/4;4/4;0/4;2/4;0;0;4;5;5;4;26/57;31/57;14/26;19/31;12/31;12/26;0;3;1.74;1.66;32.5;22.42;Right-Handed;Right-Handed;https://wtatennis.com/tournament/466/palermo/2019/scores/RS020;16/33;18/29;11/29;17/33;29/41;33/46;7/13;4/12;8/12;6/13;0;0;3/6;3/3;0/3;3/6;0;1;6;6;6;6;42/87;45/87;23/46;22/41;19/41;23/46
19/56;24/56;32/56;37/56;56/103;56/95;22/39;28/47;19/47;17/39;2;4;5/12;8/13;5/13;7/12;10;6;15;15;15;15;92/198;106/198;41/95;52/103;51/103;54/95;3/11;6/9;3/9;8/11;9/15;11/19;3/8;6/6;0/6;5/8;0;2;0/3;3/3;0/3;3/3;2;1;3;3;3;3;9/34;25/34;6/19;12/15;3/15;13/19;8/21;9/26;17/26;13/21;26/43;21/37;10/16;9/17;8/17;6/16;2;1;3/6;2/4;2/4;3/6;5;2;6;6;6;6;43/80;37/80;18/37;18/43;25/43;19/37;0;1;;1.87;22.0;31.08;N/A;Right-Handed;https://wtatennis.com/tournament/466/palermo/2019/scores/RS025;8/24;9/21;12/21;16/24;21/45;24/39;9/15;13/24;11/24;6/15;0;1;2/3;3/6;3/6;1/3;3;3;6;6;6;6;40/84;44/84;17/39;22/45;23/45;22/39
31/93;19/63;44/63;62/93;63/126;93/118;13/25;33/63;30/63;12/25;6;0;5/13;5/8;3/8;8/13;7;1;17;17;17;17;118/244;126/244;44/118;52/126;74/126;74/118;4/22;5/21;16/21;18/22;21/41;22/32;7/10;13/20;7/20;3/10;2;0;1/1;2/4;2/4;0/1;3;1;6;6;6;6;34/73;39/73;11/32;18/41;23/41;21/32;11/27;7/18;11/18;16/27;18/34;27/34;3/7;7/16;9/16;4/7;2;0;2/7;1/1;0/1;5/7;1;0;5;5;5;5;34/68;34/68;14/34;14/34;20/34;20/34;0;1;1.75;1.68;26.0;23.75;Right-Handed;Right-Handed;https://wtatennis.com/tournament/466/palermo/2019/scores/RS024;16/44;7/24;17/24;28/44;24/51;44/52;3/8;13/27;14/27;5/8;2;0;2/5;2/3;1/3;3/5;3;0;6;6;6;6;50/103;53/103;19/52;20/51;31/51;33/52
45/90;23/65;42/65;45/90;65/100;90/110;11/20;24/35;11/35;9/20;0;1;10/21;8/20;12/20;11/21;6;5;17;16;16;17;109/210;101/210;56/110;47/100;53/100;54/110;12/22;3/15;12/15;10/22;15/30;22/31;5/9;9/15;6/15;4/9;0;0;3/7;1/5;4/5;4/7;1;1;5;4;4;5;35/61;26/61;17/31;12/30;18/30;14/31;10/28;11/22;11/22;18/28;22/31;28/33;4/5;6/9;3/9;1/5;0;0;3/3;4/8;4/8;0/3;1;3;6;6;6;6;28/64;36/64;14/33;17/31;14/31;19/33;4;2;1.73;1.76;32.58;29.08;Right-Handed;Right-Handed;https://wtatennis.com/tournament/466/palermo/2019/scores/RS011;23/40;9/28;19/28;17/40;28/39;40/46;2/6;9/11;2/11;4/6;0;1;4/11;3/7;4/7;7/11;4;1;6;6;6;6;46/85;39/85;25/46;18/39;21/39;21/46
22/58;26/47;21/47;36/58;47/65;58/78;6/20;11/18;7/18;14/20;1;0;2/6;6/11;5/11;4/6;0;1;12;11;11;12;56/143;87/143;28/78;37/65;28/65;50/78;11/25;13/27;14/27;14/25;27/35;25/34;4/9;2/8;6/8;5/9;1;0;2/3;1/5;4/5;1/3;0;1;5;5;5;5;35/69;34/69;15/34;15/35;20/35;19/34;5/17;7/12;5/12;12/17;12/16;17/23;1/6;3/4;1/4;5/6;0;0;0/2;2/3;1/3;2/2;0;0;4;3;3;4;12/39;27/39;6/23;10/16;6/16;17/23;0;1;1.64;;28.83;26.17;Right-Handed;Right-Handed;https://wtatennis.com/tournament/466/palermo/2019/scores/RS013;6/16;6/8;2/8;10/16;8/14;16/21;1/5;6/6;0/6;4/5;0;0;0/1;3/3;0/3;1/1;0;0;3;3;3;3;9/35;26/35;7/21;12/14;2/14;14/21
18/50;21/60;39/60;32/50;60/96;50/94;24/44;19/36;17/36;20/44;1;6;5/10;4/12;8/12;5/10;2;8;14;14;14;14;98/190;92/190;42/94;40/96;56/96;52/94;8/21;4/14;10/14;13/21;14/22;21/37;9/16;2/8;6/8;7/16;1;5;2/6;0/0;0/0;4/6;1;4;5;4;4;5;33/59;26/59;17/37;6/22;16/22;20/37;4/11;9/16;7/16;7/11;16/27;11/30;9/19;6/11;5/11;10/19;0;0;1/2;3/4;1/4;1/2;0;2;4;5;5;4;25/57;32/57;13/30;15/27;12/27;17/30;1;0;1.66;1.72;22.42;24.58;Right-Handed;Right-Handed;https://wtatennis.com/tournament/466/palermo/2019/scores/RS010;6/18;8/30;22/30;12/18;30/47;18/27;6/9;11/17;6/17;3/9;0;1;2/2;1/8;7/8;0/2;1;2;5;5;5;5;40/74;34/74;12/27;19/47;28/47;15/27
15/29;9/33;24/33;14/29;33/56;29/48;14/19;11/23;12/23;5/19;0;0;6/11;2/3;1/3;5/11;6;4;9;9;9;9;65/104;39/104;29/48;20/56;36/56;19/48;9/22;7/22;15/22;13/22;22/41;22/34;8/12;10/19;9/19;4/12;0;0;3/6;2/3;1/3;3/6;5;2;6;6;6;6;41/75;34/75;17/34;17/41;24/41;17/34;6/7;2/11;9/11;1/7;11/15;7/14;6/7;1/4;3/4;1/7;0;0;3/5;0/0;0/0;2/5;1;2;3;3;3;3;24/29;5/29;12/14;3/15;12/15;2/14;1;1;;;30.25;25.42;Left-Handed;N/A;https://wtatennis.com/tournament/466/palermo/2019/scores/RS008;;;;;;;;;;;;;;;;;;;;;;;;;;;;
12/24;11/34;23/34;12/24;34/53;24/49;11/25;7/19;12/19;14/25;0;1;4/10;1/5;4/5;6/10;3;1;9;9;9;9;58/102;44/102;23/49;18/53;35/53;26/49;8/13;8/19;11/19;5/13;19/30;13/25;4/12;4/11;7/11;8/12;0;1;2/7;1/2;1/2;5/7;2;1;4;5;5;4;30/55;25/55;12/25;12/30;18/30;13/25;4/11;3/15;12/15;7/11;15/23;11/24;7/13;3/8;5/8;6/13;0;0;2/3;0/3;3/3;1/3;1;0;5;4;4;5;28/47;19/47;11/24;6/23;17/23;13/24;1;1;1.68;1.87;23.75;31.08;Right-Handed;Right-Handed;https://wtatennis.com/tournament/466/palermo/2019/scores/RS012;;;;;;;;;;;;;;;;;;;;;;;;;;;;
15/42;13/36;23/36;27/42;36/75;42/80;17/38;19/39;20/39;21/38;5;5;3/6;4/6;2/6;3/6;7;5;11;11;11;11;75/155;80/155;32/80;32/75;43/75;48/80;7/16;3/13;10/13;9/16;13/27;16/31;7/15;12/14;2/14;8/15;4;2;2/4;3/5;2/5;2/4;3;2;5;5;5;5;26/58;32/58;14/31;15/27;12/27;17/31;8/26;10/23;13/23;18/26;23/48;26/49;10/23;7/25;18/25;13/23;1;3;1/2;1/1;0/1;1/2;4;3;6;6;6;6;49/97;48/97;18/49;17/48;31/48;31/49;0;1;1.82;1.64;24.58;30.42;Right-Handed;Right-Handed;https://wtatennis.com/tournament/466/palermo/2019/scores/RS009;;;;;;;;;;;;;;;;;;;;;;;;;;;;
27/51;12/35;23/35;24/51;35/64;51/62;8/11;17/29;12/29;3/11;2;1;6/9;4/7;3/7;3/9;4;0;9;10;10;9;70/126;56/126;35/62;29/64;35/64;27/62;15/26;6/22;16/22;11/26;22/35;26/30;3/4;10/13;3/13;1/4;2;1;3/3;2/5;3/5;0/3;2;0;4;5;5;4;37/65;28/65;18/30;16/35;19/35;12/30;12/25;6/13;7/13;13/25;13/29;25/32;5/7;7/16;9/16;2/7;0;0;3/6;2/2;0/2;3/6;2;0;5;5;5;5;33/61;28/61;17/32;13/29;16/29;15/32;1;1;1.82;1.68;24.58;23.75;Right-Handed;Right-Handed;https://wtatennis.com/tournament/466/palermo/2019/scores/LS026;;;;;;;;;;;;;;;;;;;;;;;;;;;;
10/30;23/47;24/47;20/30;47/64;30/51;7/21;9/17;8/17;14/21;0;0;1/3;5/10;5/10;2/3;0;2;8;9;9;8;49/115;66/115;17/51;32/64;32/64;34/51;1/10;12/25;13/25;9/10;25/27;10/23;5/13;1/2;1/2;8/13;0;0;0/0;2/5;3/5;0/0;0;2;4;4;4;4;20/50;30/50;6/23;13/27;14/27;17/23;9/20;11/22;11/22;11/20;22/37;20/28;2/8;8/15;7/15;6/8;0;0;1/3;3/5;2/5;2/3;0;0;4;5;5;4;29/65;36/65;11/28;19/37;18/37;17/28;0;1;;1.63;26.17;30.25;Right-Handed;Right-Handed;https://wtatennis.com/tournament/466/palermo/2019/scores/LS017;;;;;;;;;;;;;;;;;;;;;;;;;;;;
8/23;7/24;17/24;15/23;24/37;23/31;7/8;6/13;7/13;1/8;0;0;2/3;0/4;4/4;1/3;2;3;6;5;5;6;39/68;29/68;15/31;13/37;24/37;16/31;7/18;6/19;13/19;11/18;19/32;18/25;6/7;6/13;7/13;1/7;0;0;2/3;0/4;4/4;1/3;2;2;4;4;4;4;33/57;24/57;13/25;12/32;20/32;12/25;1/5;1/5;4/5;4/5;5/5;5/6;1/1;0/0;0/0;0/1;0;0;0/0;0/0;0/0;0/0;0;1;2;1;1;2;6/11;5/11;2/6;1/5;4/5;4/6;2;0;1.85;1.85;35.58;26.83;Right-Handed;Right-Handed;https://wtatennis.com/tournament/466/palermo/2019/scores/LS025;;;;;;;;;;;;;;;;;;;;;;;;;;;;
12/56;25/67;42/67;44/56;67/96;56/87;15/31;11/29;18/29;16/31;0;4;2/6;3/10;7/10;4/6;7;1;15;14;14;15;87/183;96/183;27/87;36/96;60/96;60/87;2/16;2/16;14/16;14/16;16/28;16/24;5/8;5/12;7/12;3/8;0;1;1/2;0/0;0/0;1/2;4;1;5;5;5;5;28/52;24/52;7/24;7/28;21/28;17/24;1/10;7/10;3/10;9/10;10/15;10/20;3/10;2/5;3/5;7/10;0;3;0/0;2/2;0/2;0/0;0;0;4;3;3;4;10/35;25/35;4/20;9/15;6/15;16/20;1;0;;1.87;30.25;31.08;Left-Handed;Right-Handed;https://wtatennis.com/tournament/466/palermo/2019/scores/LS029;9/30;16/41;25/41;21/30;41/53;30/43;7/13;4/12;8/12;6/13;0;0;1/4;1/8;7/8;3/4;3;0;6;6;6;6;49/96;47/96;16/43;20/53;33/53;27/43
15/40;11/41;30/41;25/40;41/73;40/81;25/41;18/32;14/32;16/41;2;3;5/15;4/9;5/9;10/15;3;6;11;11;11;11;84/154;70/154;40/81;29/73;44/73;41/81;11/19;4/17;13/17;8/19;17/32;19/33;8/14;10/15;5/15;6/14;1;1;3/7;2/5;3/5;4/7;2;2;5;5;5;5;37/65;28/65;19/33;14/32;18/32;14/33;4/21;7/24;17/24;17/21;24/41;21/48;17/27;8/17;9/17;10/27;1;2;2/8;2/4;2/4;6/8;1;4;6;6;6;6;47/89;42/89;21/48;15/41;26/41;27/48;1;0;1.80;1.75;25.58;37.33;Right-Handed;Right-Handed;https://wtatennis.com/tournament/466/palermo/2019/scores/LS023;;;;;;;;;;;;;;;;;;;;;;;;;;;;
17/33;12/34;22/34;16/33;34/48;33/63;16/30;4/14;10/14;14/30;2;3;5/12;1/3;2/3;7/12;1;5;8;8;8;8;65/111;46/111;33/63;16/48;32/48;30/63;6/11;5/17;12/17;5/11;17/22;11/21;5/10;0/5;5/5;5/10;1;3;2/3;0/1;1/1;1/3;0;3;3;4;4;3;28/43;15/43;11/21;5/22;17/22;10/21;11/22;7/17;10/17;11/22;17/26;22/42;11/20;4/9;5/9;9/20;1;0;3/9;1/2;1/2;6/9;1;2;5;4;4;5;37/68;31/68;22/42;11/26;15/26;20/42;3;0;1.80;1.64;32.5;30.42;Left-Handed;Right-Handed;https://wtatennis.com/tournament/466/palermo/2019/scores/LS021;;;;;;;;;;;;;;;;;;;;;;;;;;;;
11/37;19/35;16/35;26/37;35/50;37/65;20/28;11/15;4/15;8/28;0;0;3/13;6/13;7/13;10/13;0;3;9;8;8;9;51/115;64/115;31/65;30/50;20/50;34/65;7/19;11/16;5/16;12/19;16/23;19/30;9/11;6/7;1/7;2/11;0;0;2/8;4/7;3/7;6/8;0;1;4;4;4;4;22/53;31/53;16/30;17/23;6/23;14/30;4/18;8/19;11/19;14/18;19/27;18/35;11/17;5/8;3/8;6/17;0;0;1/5;2/6;4/6;4/5;0;2;5;4;4;5;29/62;33/62;15/35;13/27;14/27;20/35;1;1;1.64;1.68;31.25;25.42;Right-Handed;Right-Handed;https://wtatennis.com/tournament/466/palermo/2019/scores/LS027;;;;;;;;;;;;;;;;;;;;;;;;;;;;
24/56;37/71;34/71;32/56;71/101;56/89;21/33;19/30;11/30;12/33;1;0;6/9;10/18;8/18;3/9;6;4;14;15;15;14;90/190;100/190;45/89;56/101;45/101;44/89;14/27;16/32;16/32;13/27;32/42;27/44;11/17;5/10;5/10;6/17;0;0;3/5;3/5;2/5;2/5;3;3;6;6;6;6;46/86;40/86;25/44;21/42;21/42;19/44;6/14;11/22;11/22;8/14;22/33;14/26;8/12;8/11;3/11;4/12;1;0;3/4;4/7;3/7;1/4;2;1;5;5;5;5;28/59;31/59;14/26;19/33;14/33;12/26;0;2;1.60;1.73;29.58;33.42;Left-Handed;Right-Handed;https://wtatennis.com/tournament/466/palermo/2019/scores/LS031;4/15;10/17;7/17;11/15;17/26;15/19;2/4;6/9;3/9;2/4;0;0;0/0;3/6;3/6;0/0;1;0;3;4;4;3;16/45;29/45;6/19;16/26;10/26;13/19
16/31;5/18;13/18;15/31;18/37;31/61;19/30;7/19;12/19;11/30;4;0;6/16;0/2;2/2;10/16;5;4;7;6;6;7;60/98;38/98;35/61;12/37;25/37;26/61;10/19;1/9;8/9;9/19;9/18;19/36;11/17;5/9;4/9;6/17;2;0;3/12;0/0;0/0;9/12;4;2;3;3;3;3;33/54;21/54;21/36;6/18;12/18;15/36;6/12;4/9;5/9;6/12;9/19;12/25;8/13;2/10;8/10;5/13;2;0;3/4;0/2;2/2;1/4;1;2;4;3;3;4;27/44;17/44;14/25;6/19;13/19;11/25;1;0;1.82;;31.5;31.5;Right-Handed;Left-Handed;https://wtatennis.com/tournament/466/palermo/2019/scores/LS016;;;;;;;;;;;;;;;;;;;;;;;;;;;;
27/67;11/41;30/41;40/67;41/82;67/102;21/35;23/41;18/41;14/35;9;1;6/15;5/8;3/8;9/15;6;5;14;14;14;14;96/184;88/184;48/102;34/82;48/82;54/102;15/30;4/14;10/14;15/30;14/29;30/40;6/10;9/15;6/15;4/10;3;0;3/9;2/3;1/3;6/9;3;2;5;5;5;5;37/69;32/69;21/40;13/29;16/29;19/40;3/17;7/14;7/14;14/17;14/29;17/31;8/14;8/15;7/15;6/14;5;1;1/2;2/3;1/3;1/2;3;0;5;4;4;5;25/60;35/60;11/31;15/29;14/29;20/31;1;0;1.80;1.66;25.08;22.42;Right-Handed;Right-Handed;https://wtatennis.com/tournament/466/palermo/2019/scores/LS020;9/20;0/13;13/13;11/20;13/24;20/31;7/11;6/11;5/11;4/11;1;0;2/4;1/2;1/2;2/4;0;3;4;5;5;4;34/55;21/55;16/31;6/24;18/24;15/31
17/46;25/45;20/45;29/46;45/59;46/66;14/20;9/14;5/14;6/20;0;0;4/8;7/10;3/10;4/8;5;6;10;10;10;10;56/125;69/125;31/66;34/59;25/59;35/66;14/32;12/22;10/22;18/32;22/33;32/43;8/11;6/11;5/11;3/11;0;0;3/5;4/6;2/6;2/5;4;3;6;6;6;6;37/76;39/76;22/43;18/33;15/33;21/43;3/14;13/23;10/23;11/14;23/26;14/23;6/9;3/3;0/3;3/9;0;0;1/3;3/4;1/4;2/3;1;3;4;4;4;4;19/49;30/49;9/23;16/26;10/26;14/23;1;1;1.73;1.81;32.58;32.75;Right-Handed;Right-Handed;https://wtatennis.com/tournament/466/palermo/2019/scores/LS018;;;;;;;;;;;;;;;;;;;;;;;;;;;;
19/48;19/59;40/59;29/48;59/84;48/82;17/34;12/25;13/25;17/34;1;0;4/5;3/7;4/7;1/5;5;7;12;12;12;12;89/166;77/166;36/82;31/84;53/84;46/82;11/30;7/26;19/26;19/30;26/37;30/45;7/15;4/11;7/11;8/15;1;0;1/1;1/3;2/3;0/1;1;3;6;6;6;6;44/82;38/82;18/45;11/37;26/37;27/45;8/18;12/33;21/33;10/18;33/47;18/37;10/19;8/14;6/14;9/19;0;0;3/4;2/4;2/4;1/4;4;4;6;6;6;6;45/84;39/84;18/37;20/47;27/47;19/37;1;1;1.70;1.66;25.92;29.25;Left-Handed;Right-Handed;https://wtatennis.com/tournament/466/palermo/2019/scores/LS028;;;;;;;;;;;;;;;;;;;;;;;;;;;;
12/35;19/44;25/44;23/35;44/67;35/73;24/38;20/23;3/23;14/38;0;8;6/10;8/13;5/13;4/10;10;4;13;13;13;13;64/140;76/140;36/73;39/67;28/67;37/73;2/11;6/10;4/10;9/11;10/15;11/21;3/10;4/5;1/5;7/10;0;4;0/0;2/2;0/2;0/0;3;0;4;3;3;4;10/36;26/36;5/21;10/15;5/15;16/21;7/10;6/17;11/17;3/10;17/24;10/21;9/11;7/7;0/7;2/11;0;1;4/5;3/5;2/5;1/5;3;1;4;5;5;4;27/45;18/45;16/21;13/24;11/24;5/21;0;1;1.64;1.72;36.08;24.58;Right-Handed;Right-Handed;https://wtatennis.com/tournament/466/palermo/2019/scores/LS022;3/14;7/17;10/17;11/14;17/28;14/31;12/17;9/11;2/11;5/17;0;3;2/5;3/6;3/6;3/5;4;3;5;5;5;5;27/59;32/59;15/31;16/28;12/28;16/31
19/35;15/43;28/43;16/35;43/54;35/49;8/14;5/11;6/11;6/14;0;1;5/11;2/6;4/6;6/11;1;1;8;9;9;8;61/103;42/103;27/49;20/54;34/54;22/49;11/15;7/21;14/21;4/15;21/25;15/21;3/6;3/4;1/4;3/6;0;0;3/8;1/3;2/3;5/8;0;0;3;4;4;3;29/46;17/46;14/21;10/25;15/25;7/21;8/20;8/22;14/22;12/20;22/29;20/28;5/8;2/7;5/7;3/8;0;1;2/3;1/3;2/3;1/3;1;1;5;5;5;5;32/57;25/57;13/28;10/29;19/29;15/28;1;1;1.63;1.68;27.42;35.25;Right-Handed;Right-Handed;https://wtatennis.com/tournament/466/palermo/2019/scores/LS019;;;;;;;;;;;;;;;;;;;;;;;;;;;;
17/45;11/41;30/41;28/45;41/68;45/71;17/26;13/27;14/27;9/26;1;2;4/7;2/6;4/6;3/7;3;5;10;10;10;10;78/139;61/139;34/71;24/68;44/68;37/71;8/17;4/11;7/11;9/17;11/23;17/30;10/13;4/12;8/12;3/13;0;1;3/6;1/1;0/1;3/6;0;3;4;4;4;4;33/53;20/53;18/30;8/23;15/23;12/30;9/28;7/30;23/30;19/28;30/45;28/41;7/13;9/15;6/15;6/13;1;1;1/1;1/5;4/5;0/1;3;2;6;6;6;6;45/86;41/86;16/41;16/45;29/45;25/41;2;2;1.74;1.70;29.33;33.25;Right-Handed;Right-Handed;https://wtatennis.com/tournament/466/palermo/2019/scores/LS030;;;;;;;;;;;;;;;;;;;;;;;;;;;;
9/38;29/63;34/63;29/38;63/79;38/56;9/18;7/16;9/16;9/18;0;1;2/4;4/8;4/8;2/4;1;0;11;11;11;11;61/135;74/135;18/56;36/79;43/79;38/56;2/17;12/27;15/27;15/17;27/36;17/26;4/9;2/9;7/9;5/9;0;0;0/0;1/4;3/4;0/0;0;0;5;5;5;5;28/62;34/62;6/26;14/36;22/36;20/26;7/21;17/36;19/36;14/21;36/43;21/30;5/9;5/7;2/7;4/9;0;1;2/4;3/4;1/4;2/4;1;0;6;6;6;6;33/73;40/73;12/30;22/43;21/43;18/30;1;2;1.76;1.70;26.67;26.25;Right-Handed;Right-Handed;https://wtatennis.com/tournament/466/palermo/2019/scores/LS024;;;;;;;;;;;;;;;;;;;;;;;;;;;;
12/31;14/39;25/39;19/31;39/53;31/55;15/24;4/14;10/14;9/24;0;0;4/8;1/1;0/1;4/8;0;1;8;9;9;8;62/108;46/108;27/55;18/53;35/53;28/55;5/13;6/16;10/16;8/13;16/25;13/25;8/12;3/9;6/9;4/12;0;0;2/3;1/1;0/1;1/3;0;1;4;5;5;4;29/50;21/50;13/25;9/25;16/25;12/25;7/18;8/23;15/23;11/18;23/28;18/30;7/12;1/5;4/5;5/12;0;0;2/5;0/0;0/0;3/5;0;0;4;4;4;4;33/58;25/58;14/30;9/28;19/28;16/30;2;0;1.70;1.70;26.25;35.58;Right-Handed;Right-Handed;https://wtatennis.com/tournament/466/palermo/2019/scores/LS012;;;;;;;;;;;;;;;;;;;;;;;;;;;;
19/39;16/43;27/43;20/39;43/73;39/67;17/28;17/30;13/30;11/28;2;1;6/10;4/10;6/10;4/10;6;5;11;11;11;11;76/140;64/140;36/67;33/73;40/73;31/67;8/20;7/23;16/23;12/20;23/39;20/35;8/15;8/16;8/16;7/15;1;1;2/3;1/4;3/4;1/3;3;3;6;6;6;6;40/74;34/74;16/35;15/39;24/39;19/35;11/19;9/20;11/20;8/19;20/34;19/32;9/13;9/14;5/14;4/13;1;0;4/7;3/6;3/6;3/7;3;2;5;5;5;5;36/66;30/66;20/32;18/34;16/34;12/32;1;0;1.74;1.73;29.33;33.42;Right-Handed;Right-Handed;https://wtatennis.com/tournament/466/palermo/2019/scores/LS015;;;;;;;;;;;;;;;;;;;;;;;;;;;;
17/42;14/44;30/44;25/42;44/75;42/61;13/19;16/31;15/31;6/19;1;0;4/7;2/3;1/3;3/7;0;4;9;10;10;9;75/136;61/136;30/61;30/75;45/75;31/61;3/9;3/14;11/14;6/9;14/28;9/15;6/6;6/14;8/14;0/6;1;0;2/3;0/1;1/1;1/3;0;1;3;4;4;3;28/43;15/43;9/15;9/28;19/28;6/15;14/33;11/30;19/30;19/33;30/47;33/46;7/13;10/17;7/17;6/13;0;0;2/4;2/2;0/2;2/4;0;3;6;6;6;6;47/93;46/93;21/46;21/47;26/47;25/46;1;0;1.70;;25.92;30.25;Left-Handed;Left-Handed;https://wtatennis.com/tournament/466/palermo/2019/scores/LS014;;;;;;;;;;;;;;;;;;;;;;;;;;;;
21/44;15/44;29/44;23/44;44/78;44/62;10/18;17/34;17/34;8/18;1;0;5/7;2/6;4/6;2/7;4;3;10;10;10;10;77/140;63/140;31/62;32/78;46/78;31/62;9/16;7/19;12/19;7/16;19/36;16/23;4/7;9/17;8/17;3/7;1;0;3/4;1/5;4/5;1/4;4;1;4;4;4;4;33/59;26/59;13/23;16/36;20/36;10/23;12/28;8/25;17/25;16/28;25/42;28/39;6/11;8/17;9/17;5/11;0;0;2/3;1/1;0/1;1/3;0;2;6;6;6;6;44/81;37/81;18/39;16/42;26/42;21/39;3;0;1.82;1.68;24.58;25.42;Right-Handed;Right-Handed;https://wtatennis.com/tournament/466/palermo/2019/scores/LS013;;;;;;;;;;;;;;;;;;;;;;;;;;;;
30/76;23/66;43/66;46/76;66/106;76/115;22/39;23/40;17/40;17/39;1;0;6/12;6/10;4/10;6/12;9;5;17;17;17;17;112/221;109/221;52/115;46/106;60/106;63/115;6/15;6/18;12/18;9/15;18/32;15/27;6/12;11/14;3/14;6/12;1;0;2/4;3/5;2/5;2/4;4;2;5;5;5;5;27/59;32/59;12/27;17/32;15/32;15/27;15/30;11/27;16/27;15/30;27/39;30/46;7/16;6/12;6/12;9/16;0;0;3/4;2/3;1/3;1/4;4;2;6;6;6;6;44/85;41/85;22/46;17/39;22/39;24/46;3;1;1.81;1.63;32.75;27.42;Right-Handed;Right-Handed;https://wtatennis.com/tournament/466/palermo/2019/scores/LS009;9/31;6/21;15/21;22/31;21/35;31/42;9/11;6/14;8/14;2/11;0;0;1/4;1/2;1/2;3/4;1;1;6;6;6;6;41/77;36/77;18/42;12/35;23/35;24/42
21/35;9/28;19/28;14/35;28/51;35/58;13/23;11/23;12/23;10/23;4;1;6/9;2/7;5/7;3/9;4;4;8;8;8;8;65/109;44/109;34/58;20/51;31/51;24/58;8/16;4/16;12/16;8/16;16/27;16/30;8/14;6/11;5/11;6/14;2;1;3/3;1/4;3/4;0/3;3;3;5;4;4;5;33/57;24/57;16/30;10/27;17/27;14/30;13/19;5/12;7/12;6/19;12/24;19/28;5/9;5/12;7/12;4/9;2;0;3/6;1/3;2/3;3/6;1;1;3;4;4;3;32/52;20/52;18/28;10/24;14/24;10/28;3;0;1.82;1.63;31.5;30.25;Right-Handed;Right-Handed;https://wtatennis.com/tournament/466/palermo/2019/scores/LS008;;;;;;;;;;;;;;;;;;;;;;;;;;;;
4/24;8/25;17/25;20/24;25/49;24/44;7/20;16/24;8/24;13/20;2;5;0/0;4/6;2/6;0/0;6;1;8;8;8;8;36/93;57/93;11/44;24/49;25/49;33/44;2/7;4/12;8/12;5/7;12/28;7/18;3/11;12/16;4/16;8/11;2;2;0/0;3/5;2/5;0/0;4;1;3;4;4;3;17/46;29/46;5/18;16/28;12/28;13/18;2/17;4/13;9/13;15/17;13/21;17/26;4/9;4/8;4/8;5/9;0;3;0/0;1/1;0/1;0/0;2;0;5;4;4;5;19/47;28/47;6/26;8/21;13/21;20/26;1;2;1.72;1.80;24.58;25.58;Right-Handed;Right-Handed;https://wtatennis.com/tournament/466/palermo/2019/scores/LS011;;;;;;;;;;;;;;;;;;;;;;;;;;;;
13/35;16/39;23/39;22/35;39/72;35/53;9/18;23/33;10/33;9/18;2;3;4/6;6/10;4/10;2/6;6;4;10;10;10;10;55/125;70/125;22/53;39/72;33/72;31/53;10/20;9/18;9/18;10/20;18/37;20/29;5/9;14/19;5/19;4/9;2;1;3/5;4/7;3/7;2/5;3;2;5;5;5;5;29/66;37/66;15/29;23/37;14/37;14/29;3/15;7/21;14/21;12/15;21/35;15/24;4/9;9/14;5/14;5/9;0;2;1/1;2/3;1/3;0/1;3;2;5;5;5;5;26/59;33/59;7/24;16/35;19/35;17/24;1;2;1.80;1.80;25.08;32.5;Right-Handed;Left-Handed;https://wtatennis.com/tournament/466/palermo/2019/scores/LS010;;;;;;;;;;;;;;;;;;;;;;;;;;;;
23/60;10/36;26/36;37/60;36/69;60/78;7/18;16/33;17/33;11/18;7;1;4/9;3/7;4/7;5/9;4;1;12;12;12;12;73/147;74/147;30/78;26/69;43/69;48/78;13/30;6/18;12/18;17/30;18/31;30/42;5/12;6/13;7/13;7/12;3;1;2/6;1/3;2/3;4/6;3;1;5;5;5;5;37/73;36/73;18/42;12/31;19/31;24/42;4/17;2/4;2/4;13/17;4/16;17/20;0/3;7/12;5/12;3/3;1;0;0/0;2/4;2/4;0/0;1;0;4;3;3;4;11/36;25/36;4/20;9/16;7/16;16/20;1;0;1.82;1.63;31.5;27.42;Right-Handed;Right-Handed;https://wtatennis.com/tournament/466/palermo/2019/scores/LS004;6/13;2/14;12/14;7/13;14/22;13/16;2/3;3/8;5/8;1/3;3;0;2/3;0/0;0/0;1/3;0;0;3;4;4;3;25/38;13/38;8/16;5/22;17/22;8/16
17/58;20/62;42/62;41/58;62/100;58/115;25/57;16/38;22/38;32/57;6;6;1/5;3/10;7/10;4/5;0;3;16;15;15;16;106/215;109/215;42/115;36/100;64/100;73/115;10/30;6/26;20/26;20/30;26/42;30/53;13/23;9/16;7/16;10/23;3;2;1/4;1/3;2/3;3/4;0;2;6;6;6;6;50/95;45/95;23/53;15/42;27/42;30/53;3/15;7/15;8/15;12/15;15/28;15/30;6/15;4/13;9/13;9/15;1;4;0/0;1/5;4/5;0/0;0;1;5;4;4;5;26/58;32/58;9/30;11/28;17/28;21/30;1;1;1.70;1.82;26.25;24.58;Right-Handed;Right-Handed;https://wtatennis.com/tournament/466/palermo/2019/scores/LS006;4/13;7/21;14/21;9/13;21/30;13/32;6/19;3/9;6/9;13/19;2;0;0/1;1/2;1/2;1/1;0;0;5;5;5;5;30/62;32/62;10/32;10/30;20/30;22/32
4/25;16/30;14/30;21/25;30/53;25/42;10/17;13/23;10/23;7/17;1;3;1/6;6/9;3/9;5/6;2;3;7;8;8;7;38/95;57/95;14/42;29/53;24/53;28/42;4/13;7/14;7/14;9/13;14/24;13/25;6/12;6/10;4/10;6/12;1;0;1/4;3/3;0/3;3/4;0;2;4;4;4;4;21/49;28/49;10/25;13/24;11/24;15/25;0/12;9/16;7/16;12/12;16/29;12/17;4/5;7/13;6/13;1/5;0;3;0/2;3/6;3/6;2/2;2;1;3;4;4;3;17/46;29/46;4/17;16/29;13/29;13/17;1;2;1.80;1.80;32.5;25.58;Left-Handed;Right-Handed;https://wtatennis.com/tournament/466/palermo/2019/scores/LS005;;;;;;;;;;;;;;;;;;;;;;;;;;;;
15/24;1/10;9/10;9/24;10/17;24/30;4/6;0/7;7/7;2/6;2;0;3/4;0/0;0/0;1/4;0;1;4;4;4;4;35/47;12/47;19/30;1/17;16/17;11/30;13/20;1/7;6/7;7/20;7/13;20/25;3/5;0/6;6/6;2/5;2;0;3/4;0/0;0/0;1/4;0;1;3;3;3;3;28/38;10/38;16/25;1/13;12/13;9/25;2/4;0/3;3/3;2/4;3/4;4/5;1/1;0/1;1/1;0/1;0;0;0/0;0/0;0/0;0/0;0;0;1;1;1;1;7/9;2/9;3/5;0/4;4/4;2/5;2;0;1.70;1.74;25.92;29.33;Left-Handed;Right-Handed;https://wtatennis.com/tournament/466/palermo/2019/scores/LS007;;;;;;;;;;;;;;;;;;;;;;;;;;;;
10/30;12/33;21/33;20/30;33/67;30/59;20/29;13/34;21/34;9/29;3;1;5/11;2/4;2/4;6/11;1;4;9;10;10;9;72/126;54/126;30/59;25/67;42/67;29/59;4/11;2/12;10/12;7/11;12/20;11/25;9/14;2/8;6/8;5/14;2;0;2/5;0/0;0/0;3/5;0;2;3;4;4;3;29/45;16/45;13/25;4/20;16/20;12/25;6/19;10/21;11/21;13/19;21/47;19/34;11/15;11/26;15/26;4/15;1;1;3/6;2/4;2/4;3/6;1;2;6;6;6;6;43/81;38/81;17/34;21/47;26/47;17/34;2;0;1.82;1.80;31.5;25.58;Right-Handed;Right-Handed;https://wtatennis.com/tournament/466/palermo/2019/scores/LS002;;;;;;;;;;;;;;;;;;;;;;;;;;;;
15/40;14/27;13/27;25/40;27/56;40/61;11/21;19/29;10/29;10/21;0;4;2/8;6/13;7/13;6/8;3;1;8;8;8;8;49/117;68/117;26/61;33/56;23/56;35/61;10/23;9/21;12/21;13/23;21/32;23/34;6/11;10/11;1/11;5/11;0;3;2/5;3/8;5/8;3/5;2;1;5;4;4;5;29/66;37/66;16/34;19/32;13/32;18/34;5/17;5/6;1/6;12/17;6/24;17/27;5/10;9/18;9/18;5/10;0;1;0/3;3/5;2/5;3/3;1;0;3;4;4;3;20/51;31/51;10/27;14/24;10/24;17/27;0;2;1.82;1.70;24.58;25.92;Right-Handed;Left-Handed;https://wtatennis.com/tournament/466/palermo/2019/scores/LS003;;;;;;;;;;;;;;;;;;;;;;;;;;;;
19/53;20/44;24/44;34/53;44/74;53/79;14/26;19/30;11/30;12/26;0;1;3/7;5/11;6/11;4/7;5;2;10;10;10;10;68/153;85/153;33/79;39/74;35/74;46/79;12/29;14/29;15/29;17/29;29/47;29/51;12/22;10/18;8/18;10/22;0;1;3/4;3/7;4/7;1/4;3;1;6;6;6;6;47/98;51/98;24/51;24/47;23/47;27/51;7/24;6/15;9/15;17/24;15/27;24/28;2/4;9/12;3/12;2/4;0;0;0/3;2/4;2/4;3/3;2;1;4;4;4;4;21/55;34/55;9/28;15/27;12/27;19/28;1;1;1.82;1.70;31.5;25.92;Right-Handed;Left-Handed;https://wtatennis.com/tournament/466/palermo/2019/scores/LS001;;;;;;;;;;;;;;;;;;;;;;;;;;;;
