statut;duration;stage;url_match_stats;player_1_name;player_1_set_1;player_1_set_1_tiebreak;player_1_set_2;player_1_set_2_tiebreak;player_1_set_3;player_1_set_3_tiebreak;player_2_name;player_2_set_1;player_2_set_1_tiebreak;player_2_set_2;player_2_set_2_tiebreak;player_2_set_3;player_2_set_3_tiebreak;scores_link
Completed;1:27;Qualifying;https://wtatennis.com/tournament/466/palermo/2019/scores/RS027;J.Pieri;6;;6;;-;;D.Seguel;4;;4;;-;;https://www.wtatennis.com/tournament/466/palermo/2019/scores
Completed;1:30;Qualifying;https://wtatennis.com/tournament/466/palermo/2019/scores/RS026;L.Pigossi;6;;6;;-;;D.Spiteri;4;;2;;-;;https://www.wtatennis.com/tournament/466/palermo/2019/scores
Completed;1:30;Qualifying;https://wtatennis.com/tournament/466/palermo/2019/scores/RS023;A.Grymalska;5;;1;;-;;K.Von Deichmann;7;;6;;-;;https://www.wtatennis.com/tournament/466/palermo/2019/scores
Completed;1:47;Qualifying;https://wtatennis.com/tournament/466/palermo/2019/scores/RS022;T.Mrdeza;6;;6;;-;;F.Bilardo;2;;3;;-;;https://www.wtatennis.com/tournament/466/palermo/2019/scores
Completed;1:07;Qualifying;https://wtatennis.com/tournament/466/palermo/2019/scores/RS017;A.Bai;2;;3;;-;;S.Xu;6;;6;;-;;https://www.wtatennis.com/tournament/466/palermo/2019/scores
Completed;0:50;Qualifying;https://wtatennis.com/tournament/466/palermo/2019/scores/RS018;L.Samsonova;6;;6;;-;;N.Podoroska;1;;0;;-;;https://www.wtatennis.com/tournament/466/palermo/2019/scores
Completed;2:12;Qualifying;https://wtatennis.com/tournament/466/palermo/2019/scores/RS019;D.Chiesa;6;;4;;5;;A.Hesse;1;;6;;7;;https://www.wtatennis.com/tournament/466/palermo/2019/scores
Completed;3:12;Qualifying;https://wtatennis.com/tournament/466/palermo/2019/scores/RS016;K.Zavatska;7;;4;;4;;G.Ce;5;;6;;6;;https://www.wtatennis.com/tournament/466/palermo/2019/scores
Completed;0:53;Qualifying;https://wtatennis.com/tournament/466/palermo/2019/scores/RS021;C.Ferrando;1;;2;;-;;F.Stollar;6;;6;;-;;https://www.wtatennis.com/tournament/466/palermo/2019/scores
Completed;2:42;Qualifying;https://wtatennis.com/tournament/466/palermo/2019/scores/RS020;C.Perrin;6;;3;;6;2;E.Cocciaretto;3;;6;;7;;https://www.wtatennis.com/tournament/466/palermo/2019/scores
Completed;2:21;Qualifying;https://wtatennis.com/tournament/466/palermo/2019/scores/RS025;F.Rossi;0;;7;;5;;G.Garcia Perez;6;;5;;7;;https://www.wtatennis.com/tournament/466/palermo/2019/scores
Completed;3:00;Qualifying;https://wtatennis.com/tournament/466/palermo/2019/scores/RS024;A.Bondar;5;;6;;6;9;J.Fourlis;7;;4;;7;;https://www.wtatennis.com/tournament/466/palermo/2019/scores
Completed;2:33;Qualifying;https://wtatennis.com/tournament/466/palermo/2019/scores/RS011;T.Mrdeza;6;;5;;7;;K.Von Deichmann;3;;7;;5;;https://www.wtatennis.com/tournament/466/palermo/2019/scores
Completed;1:55;Qualifying;https://wtatennis.com/tournament/466/palermo/2019/scores/RS013;L.Pigossi;6;;1;;0;;J.Pieri;4;;6;;6;;https://www.wtatennis.com/tournament/466/palermo/2019/scores
Completed;2:14;Qualifying;https://wtatennis.com/tournament/466/palermo/2019/scores/RS010;E.Cocciaretto;6;;3;;6;;F.Stollar;3;;6;;4;;https://www.wtatennis.com/tournament/466/palermo/2019/scores
Completed;1:20;Qualifying;https://wtatennis.com/tournament/466/palermo/2019/scores/RS008;G.Ce;7;;6;;-;;S.Xu;5;;0;;-;;https://www.wtatennis.com/tournament/466/palermo/2019/scores
Completed;1:16;Qualifying;https://wtatennis.com/tournament/466/palermo/2019/scores/RS012;J.Fourlis;6;;6;;-;;G.Garcia Perez;3;;3;;-;;https://www.wtatennis.com/tournament/466/palermo/2019/scores
Completed;1:49;Qualifying;https://wtatennis.com/tournament/466/palermo/2019/scores/RS009;L.Samsonova;4;;6;10;-;;A.Hesse;6;;7;;-;;https://www.wtatennis.com/tournament/466/palermo/2019/scores
Completed;1:30;Round of 32;https://wtatennis.com/tournament/466/palermo/2019/scores/LS026;L.Samsonova;6;;6;;-;;J.Fourlis;3;;4;;-;;https://www.wtatennis.com/tournament/466/palermo/2019/scores
Completed;1:25;Round of 32;https://wtatennis.com/tournament/466/palermo/2019/scores/LS017;J.Pieri;2;;3;;-;;A.Krunic;6;;6;;-;;https://www.wtatennis.com/tournament/466/palermo/2019/scores
Completed;0:49;Round of 32;https://wtatennis.com/tournament/466/palermo/2019/scores/LS025;G.Gatto-Monticone;6;;1;;-;;A.Lottner;2;;1;;-;;https://www.wtatennis.com/tournament/466/palermo/2019/scores
Completed;2:29;Round of 32;https://wtatennis.com/tournament/466/palermo/2019/scores/LS029;G.Ce;6;;1;;7;;G.Garcia Perez;4;;6;;6;4;https://www.wtatennis.com/tournament/466/palermo/2019/scores
Completed;1:51;Round of 32;https://wtatennis.com/tournament/466/palermo/2019/scores/LS023;P.Badosa;6;;7;;-;;P.Parmentier;4;;6;4;-;;https://www.wtatennis.com/tournament/466/palermo/2019/scores
Completed;1:29;Round of 32;https://wtatennis.com/tournament/466/palermo/2019/scores/LS021;A.Rus;6;;6;;-;;A.Hesse;1;;3;;-;;https://www.wtatennis.com/tournament/466/palermo/2019/scores
Completed;1:19;Round of 32;https://wtatennis.com/tournament/466/palermo/2019/scores/LS027;L.Arruabarrena;2;;3;;-;;T.Zidansek;6;;6;;-;;https://www.wtatennis.com/tournament/466/palermo/2019/scores
Completed;2:46;Round of 32;https://wtatennis.com/tournament/466/palermo/2019/scores/LS031;M.Trevisan;7;;4;;1;;A.Cornet;6;5;6;;6;;https://www.wtatennis.com/tournament/466/palermo/2019/scores
Completed;1:12;Round of 32;https://wtatennis.com/tournament/466/palermo/2019/scores/LS016;K.Bertens;6;;6;;-;;E.Gorgodze;0;;1;;-;;https://www.wtatennis.com/tournament/466/palermo/2019/scores
Completed;2:03;Round of 32;https://wtatennis.com/tournament/466/palermo/2019/scores/LS020;V.Kuzmova;6;;3;;6;;E.Cocciaretto;4;;6;;3;;https://www.wtatennis.com/tournament/466/palermo/2019/scores
Completed;1:43;Round of 32;https://wtatennis.com/tournament/466/palermo/2019/scores/LS018;T.Mrdeza;5;;2;;-;;I.Begu;7;;6;;-;;https://www.wtatennis.com/tournament/466/palermo/2019/scores
Completed;2:06;Round of 32;https://wtatennis.com/tournament/466/palermo/2019/scores/LS028;J.Teichmann;7;;7;;-;;D.Gavrilova;6;3;5;;-;;https://www.wtatennis.com/tournament/466/palermo/2019/scores
Completed;1:50;Round of 32;https://wtatennis.com/tournament/466/palermo/2019/scores/LS022;S.Errani;1;;6;;4;;F.Stollar;6;;3;;6;;https://www.wtatennis.com/tournament/466/palermo/2019/scores
Completed;1:23;Round of 32;https://wtatennis.com/tournament/466/palermo/2019/scores/LS019;J.Paolini;6;;6;;-;;L.Siegemund;1;;4;;-;;https://www.wtatennis.com/tournament/466/palermo/2019/scores
Completed;1:35;Round of 32;https://wtatennis.com/tournament/466/palermo/2019/scores/LS030;A.Friedsam;6;;7;;-;;S.Voegele;2;;6;6;-;;https://www.wtatennis.com/tournament/466/palermo/2019/scores
Completed;1:38;Round of 32;https://wtatennis.com/tournament/466/palermo/2019/scores/LS024;S.Sorribes Tormo;4;;5;;-;;F.Ferro;6;;7;;-;;https://www.wtatennis.com/tournament/466/palermo/2019/scores
Completed;1:16;Round of 16;https://wtatennis.com/tournament/466/palermo/2019/scores/LS012;F.Ferro;6;;6;;-;;G.Gatto-Monticone;3;;2;;-;;https://www.wtatennis.com/tournament/466/palermo/2019/scores
Completed;1:45;Round of 16;https://wtatennis.com/tournament/466/palermo/2019/scores/LS015;A.Friedsam;7;;6;;-;;A.Cornet;5;;4;;-;;https://www.wtatennis.com/tournament/466/palermo/2019/scores
Completed;1:43;Round of 16;https://wtatennis.com/tournament/466/palermo/2019/scores/LS014;J.Teichmann;6;;7;;-;;G.Ce;1;;6;4;-;;https://www.wtatennis.com/tournament/466/palermo/2019/scores
Completed;1:38;Round of 16;https://wtatennis.com/tournament/466/palermo/2019/scores/LS013;L.Samsonova;6;;7;;-;;T.Zidansek;2;;5;;-;;https://www.wtatennis.com/tournament/466/palermo/2019/scores
Completed;2:46;Round of 16;https://wtatennis.com/tournament/466/palermo/2019/scores/LS009;I.Begu;4;;7;;6;4;J.Paolini;6;;5;;7;;https://www.wtatennis.com/tournament/466/palermo/2019/scores
Completed;1:18;Round of 16;https://wtatennis.com/tournament/466/palermo/2019/scores/LS008;K.Bertens;6;;6;;-;;A.Krunic;3;;1;;-;;https://www.wtatennis.com/tournament/466/palermo/2019/scores
Completed;1:06;Round of 16;https://wtatennis.com/tournament/466/palermo/2019/scores/LS011;F.Stollar;1;;3;;-;;P.Badosa;6;;6;;-;;https://www.wtatennis.com/tournament/466/palermo/2019/scores
Completed;1:31;Round of 16;https://wtatennis.com/tournament/466/palermo/2019/scores/LS010;V.Kuzmova;4;;4;;-;;A.Rus;6;;6;;-;;https://www.wtatennis.com/tournament/466/palermo/2019/scores
Completed;1:48;Quarterfinal;https://wtatennis.com/tournament/466/palermo/2019/scores/LS004;K.Bertens;6;;1;;6;;J.Paolini;4;;6;;1;;https://www.wtatennis.com/tournament/466/palermo/2019/scores
Completed;2:37;Quarterfinal;https://wtatennis.com/tournament/466/palermo/2019/scores/LS006;F.Ferro;7;;3;;4;;L.Samsonova;6;4;6;;6;;https://www.wtatennis.com/tournament/466/palermo/2019/scores
Completed;1:13;Quarterfinal;https://wtatennis.com/tournament/466/palermo/2019/scores/LS005;A.Rus;2;;1;;-;;P.Badosa;6;;6;;-;;https://www.wtatennis.com/tournament/466/palermo/2019/scores
Completed;0:32;Quarterfinal;https://wtatennis.com/tournament/466/palermo/2019/scores/LS007;J.Teichmann;6;;1;;-;;A.Friedsam;0;;0;;-;;https://www.wtatennis.com/tournament/466/palermo/2019/scores
Completed;1:37;Semifinal;https://wtatennis.com/tournament/466/palermo/2019/scores/LS002;K.Bertens;6;;7;;-;;P.Badosa;1;;5;;-;;https://www.wtatennis.com/tournament/466/palermo/2019/scores
Completed;1:18;Semifinal;https://wtatennis.com/tournament/466/palermo/2019/scores/LS003;L.Samsonova;3;;1;;-;;J.Teichmann;6;;6;;-;;https://www.wtatennis.com/tournament/466/palermo/2019/scores
Completed;1:52;Final;https://wtatennis.com/tournament/466/palermo/2019/scores/LS001;K.Bertens;6;3;2;;-;;J.Teichmann;7;;6;;-;;https://www.wtatennis.com/tournament/466/palermo/2019/scores
