match_1st Return Points Won_player_1;match_1st Return Points Won_player_2;match_1st Serve Points Won_player_1;match_1st Serve Points Won_player_2;match_1st Serve_player_1;match_1st Serve_player_2;match_2nd Return Points Won_player_1;match_2nd Return Points Won_player_2;match_2nd Serve Points Won_player_1;match_2nd Serve Points Won_player_2;match_Aces_player_1;match_Aces_player_2;match_Break Points Converted_player_1;match_Break Points Converted_player_2;match_Break Points Saved_player_1;match_Break Points Saved_player_2;match_Double Faults_player_1;match_Double Faults_player_2;match_Return Games Played_player_1;match_Return Games Played_player_2;match_Service Games Played_player_1;match_Service Games Played_player_2;match_Total Points Won_player_1;match_Total Points Won_player_2;match_Total Return Points Won_player_1;match_Total Return Points Won_player_2;match_Total Service Points Won_player_1;match_Total Service Points Won_player_2;set1_1st Return Points Won_player_1;set1_1st Return Points Won_player_2;set1_1st Serve Points Won_player_1;set1_1st Serve Points Won_player_2;set1_1st Serve_player_1;set1_1st Serve_player_2;set1_2nd Return Points Won_player_1;set1_2nd Return Points Won_player_2;set1_2nd Serve Points Won_player_1;set1_2nd Serve Points Won_player_2;set1_Aces_player_1;set1_Aces_player_2;set1_Break Points Converted_player_1;set1_Break Points Converted_player_2;set1_Break Points Saved_player_1;set1_Break Points Saved_player_2;set1_Double Faults_player_1;set1_Double Faults_player_2;set1_Return Games Played_player_1;set1_Return Games Played_player_2;set1_Service Games Played_player_1;set1_Service Games Played_player_2;set1_Total Points Won_player_1;set1_Total Points Won_player_2;set1_Total Return Points Won_player_1;set1_Total Return Points Won_player_2;set1_Total Service Points Won_player_1;set1_Total Service Points Won_player_2;set2_1st Return Points Won_player_1;set2_1st Return Points Won_player_2;set2_1st Serve Points Won_player_1;set2_1st Serve Points Won_player_2;set2_1st Serve_player_1;set2_1st Serve_player_2;set2_2nd Return Points Won_player_1;set2_2nd Return Points Won_player_2;set2_2nd Serve Points Won_player_1;set2_2nd Serve Points Won_player_2;set2_Aces_player_1;set2_Aces_player_2;set2_Break Points Converted_player_1;set2_Break Points Converted_player_2;set2_Break Points Saved_player_1;set2_Break Points Saved_player_2;set2_Double Faults_player_1;set2_Double Faults_player_2;set2_Return Games Played_player_1;set2_Return Games Played_player_2;set2_Service Games Played_player_1;set2_Service Games Played_player_2;set2_Total Points Won_player_1;set2_Total Points Won_player_2;set2_Total Return Points Won_player_1;set2_Total Return Points Won_player_2;set2_Total Service Points Won_player_1;set2_Total Service Points Won_player_2;set3_1st Return Points Won_player_1;set3_1st Return Points Won_player_2;set3_1st Serve Points Won_player_1;set3_1st Serve Points Won_player_2;set3_1st Serve_player_1;set3_1st Serve_player_2;set3_2nd Return Points Won_player_1;set3_2nd Return Points Won_player_2;set3_2nd Serve Points Won_player_1;set3_2nd Serve Points Won_player_2;set3_Aces_player_1;set3_Aces_player_2;set3_Break Points Converted_player_1;set3_Break Points Converted_player_2;set3_Break Points Saved_player_1;set3_Break Points Saved_player_2;set3_Double Faults_player_1;set3_Double Faults_player_2;set3_Return Games Played_player_1;set3_Return Games Played_player_2;set3_Service Games Played_player_1;set3_Service Games Played_player_2;set3_Total Points Won_player_1;set3_Total Points Won_player_2;set3_Total Return Points Won_player_1;set3_Total Return Points Won_player_2;set3_Total Service Points Won_player_1;set3_Total Service Points Won_player_2;h2h_wins_player_1;h2h_wins_player_2;Height_player_1;Height_player_2;Date of Birth_player_1;Date of Birth_player_2;Plays_player_1;Plays_player_2;url_match_stats
13/40;22/47;25/47;27/40;47/71;40/67;19/27;18/24;6/24;8/27;1;0;6/7;8/12;4/12;1/7;8;9;13;12;12;13;63/138;75/138;32/67;40/71;31/71;35/67;6/17;7/15;8/15;11/17;15/25;17/29;6/12;8/10;2/10;6/12;0;0;2/3;3/5;2/5;1/3;3;3;5;5;5;5;22/54;32/54;12/29;15/25;10/25;17/29;6/11;7/16;9/16;5/11;16/22;11/23;11/12;3/6;3/6;1/12;1;0;4/4;2/2;0/2;0/4;1;6;5;4;4;5;29/45;16/45;17/23;10/22;12/22;6/23;1/12;8/16;8/16;11/12;16/24;12/15;2/3;7/8;1/8;1/3;0;0;0/0;3/5;2/5;0/0;4;0;3;3;3;3;12/39;27/39;3/15;15/24;9/24;12/15;0;3;1.72;1.59;33.0;32.08;Left-Handed;Left-Handed;https://wtatennis.com/tournament/718/dubai/2019/scores/RS031
16/33;14/41;27/41;17/33;41/58;33/56;13/23;7/17;10/17;10/23;1;1;5/10;1/3;2/3;5/10;0;5;9;8;8;9;66/114;48/114;29/56;21/58;37/58;27/56;10/21;6/20;14/20;11/21;20/26;21/33;8/12;3/6;3/6;4/12;0;1;3/7;1/2;1/2;4/7;0;4;5;4;4;5;35/59;24/59;18/33;9/26;17/26;15/33;6/12;8/21;13/21;6/12;21/32;12/23;5/11;4/11;7/11;6/11;1;0;2/3;0/1;1/1;1/3;0;1;4;4;4;4;31/55;24/55;11/23;12/32;20/32;12/23;;;;;;;;;;;;;;;;;;;;;;;;;;;;;1;1;1.64;1.73;31.25;32.58;Right-Handed;Right-Handed;https://wtatennis.com/tournament/718/dubai/2019/scores/RS026
13/18;8/29;21/29;5/18;29/51;18/39;14/21;14/22;8/22;7/21;1;0;6/11;2/6;4/6;5/11;3;6;7;8;8;7;56/90;34/90;27/39;22/51;29/51;12/39;5/7;5/17;12/17;2/7;17/28;7/19;8/12;7/11;4/11;4/12;0;0;3/4;1/5;4/5;1/4;3;4;4;4;4;4;29/47;18/47;13/19;12/28;16/28;6/19;8/11;3/12;9/12;3/11;12/23;11/20;6/9;7/11;4/11;3/9;1;0;3/7;1/1;0/1;4/7;0;2;3;4;4;3;27/43;16/43;14/20;10/23;13/23;6/20;;;;;;;;;;;;;;;;;;;;;;;;;;;;;1;0;1.78;1.78;31.17;28.75;Right-Handed;Right-Handed;https://wtatennis.com/tournament/718/dubai/2019/scores/RS027
22/35;4/20;16/20;13/35;20/37;35/55;14/20;7/17;10/17;6/20;3;3;7/13;1/3;2/3;6/13;0;4;7;6;6;7;62/92;30/92;36/55;11/37;26/37;19/55;10/17;4/13;9/13;7/17;13/24;17/26;8/9;6/11;5/11;1/9;1;2;4/6;1/3;2/3;2/6;0;2;4;3;3;4;32/50;18/50;18/26;10/24;14/24;8/26;12/18;0/7;7/7;6/18;7/13;18/29;6/11;1/6;5/6;5/11;2;1;3/7;0/0;0/0;4/7;0;2;3;3;3;3;30/42;12/42;18/29;1/13;12/13;11/29;;;;;;;;;;;;;;;;;;;;;;;;;;;;;1;1;1.70;;33.25;25.42;Right-Handed;N/A;https://wtatennis.com/tournament/718/dubai/2019/scores/RS018
5/19;6/28;22/28;14/19;28/44;19/52;24/33;8/16;8/16;9/33;2;6;5/7;1/1;0/1;2/7;2;8;7;8;8;7;59/96;37/96;29/52;14/44;30/44;23/52;0/3;5/17;12/17;3/3;17/22;3/19;13/16;3/5;2/5;3/16;1;2;3/4;1/1;0/1;1/4;1;3;3;4;4;3;27/41;14/41;13/19;8/22;14/22;6/19;5/16;1/11;10/11;11/16;11/22;16/33;11/17;5/11;6/11;6/17;1;4;2/3;0/0;0/0;1/3;1;5;4;4;4;4;32/55;23/55;16/33;6/22;16/22;17/33;;;;;;;;;;;;;;;;;;;;;;;;;;;;;2;0;1.72;1.78;29.67;33.75;Right-Handed;Right-Handed;https://wtatennis.com/tournament/718/dubai/2019/scores/RS028
5/30;18/36;18/36;25/30;36/55;30/50;11/20;12/19;7/19;9/20;0;4;1/4;5/10;5/10;3/4;3;2;8;8;8;8;41/105;64/105;16/50;30/55;25/55;34/50;4/17;10/23;13/23;13/17;23/36;17/23;4/6;9/13;4/13;2/6;0;2;1/1;3/8;5/8;0/1;2;0;4;5;5;4;25/59;34/59;8/23;19/36;17/36;15/23;1/13;8/13;5/13;12/13;13/19;13/27;7/14;3/6;3/6;7/14;0;2;0/3;2/2;0/2;3/3;1;2;4;3;3;4;16/46;30/46;8/27;11/19;8/19;19/27;;;;;;;;;;;;;;;;;;;;;;;;;;;;;0;1;1.80;1.71;39.17;25.5;Right-Handed;Right-Handed;https://wtatennis.com/tournament/718/dubai/2019/scores/RS030
16/48;13/23;10/23;32/48;23/36;48/57;3/9;7/13;6/13;6/9;0;2;0/4;5/5;0/5;4/4;0;0;7;7;7;7;35/93;58/93;19/57;20/36;16/36;38/57;5/16;9/15;6/15;11/16;15/22;16/19;0/3;3/7;4/7;3/3;0;0;0/1;3/3;0/3;1/1;0;0;3;4;4;3;15/41;26/41;5/19;12/22;10/22;14/19;11/32;4/8;4/8;21/32;8/14;32/38;3/6;4/6;2/6;3/6;0;2;0/3;2/2;0/2;3/3;0;0;4;3;3;4;20/52;32/52;14/38;8/14;6/14;24/38;;;;;;;;;;;;;;;;;;;;;;;;;;;;;0;1;1.63;1.68;30.42;35.67;Right-Handed;Right-Handed;https://wtatennis.com/tournament/718/dubai/2019/scores/RS029
5/25;20/29;9/29;20/25;29/41;25/38;7/13;8/12;4/12;6/13;0;2;0/3;6/8;2/8;3/3;4;5;6;6;6;6;25/79;54/79;12/38;28/41;13/41;26/38;2/11;9/13;4/13;9/11;13/18;11/16;2/5;4/5;1/5;3/5;0;1;0/0;3/4;1/4;0/0;2;1;3;3;3;3;9/34;25/34;4/16;13/18;5/18;12/16;3/14;11/16;5/16;11/14;16/23;14/22;5/8;4/7;3/7;3/8;0;1;0/3;3/4;1/4;3/3;2;4;3;3;3;3;16/45;29/45;8/22;15/23;8/23;14/22;;;;;;;;;;;;;;;;;;;;;;;;;;;;;0;2;;1.74;28.0;26.08;N/A;Right-Handed;https://wtatennis.com/tournament/718/dubai/2019/scores/RS019
27/64;28/60;32/60;37/64;60/88;64/102;20/38;20/28;8/28;18/38;0;3;6/13;9/11;2/11;7/13;7;5;15;15;15;15;87/190;103/190;47/102;48/88;40/88;55/102;15/29;11/26;15/26;14/29;26/37;29/43;8/14;7/11;4/11;6/14;0;0;4/8;3/3;0/3;4/8;3;4;6;6;6;6;42/80;38/80;23/43;18/37;19/37;20/43;2/14;9/13;4/13;12/14;13/21;14/21;4/7;6/8;2/8;3/7;0;1;0/1;3/5;2/5;1/1;3;0;3;3;3;3;12/42;30/42;6/21;15/21;6/21;15/21;10/21;8/21;13/21;11/21;21/30;21/38;8/17;7/9;2/9;9/17;0;2;2/4;3/3;0/3;2/4;1;1;6;6;6;6;33/68;35/68;18/38;15/30;15/30;20/38;0;1;1.64;1.73;28.25;29.33;Right-Handed;Right-Handed;https://wtatennis.com/tournament/718/dubai/2019/scores/RS025
5/31;9/31;22/31;26/31;31/56;31/55;10/24;14/25;11/25;14/24;14;5;0/3;3/5;2/5;3/3;2;2;9;9;9;9;48/111;63/111;15/55;23/56;33/56;40/55;4/14;5/19;14/19;10/14;19/35;14/28;3/14;9/16;7/16;11/14;8;2;0/2;1/3;2/3;2/2;1;0;5;5;5;5;28/63;35/63;7/28;14/35;21/35;21/28;1/17;4/12;8/12;16/17;12/21;17/27;7/10;5/9;4/9;3/10;6;3;0/1;2/2;0/2;1/1;1;2;4;4;4;4;20/48;28/48;8/27;9/21;12/21;19/27;;;;;;;;;;;;;;;;;;;;;;;;;;;;;0;1;1.84;1.82;31.25;24.58;Left-Handed;Right-Handed;https://wtatennis.com/tournament/718/dubai/2019/scores/RS024
8/33;23/53;30/53;25/33;53/79;33/59;13/26;16/26;10/26;13/26;1;6;3/7;6/13;7/13;4/7;4;3;11;12;12;11;61/138;77/138;21/59;39/79;40/79;38/59;3/10;5/22;17/22;7/10;22/31;10/20;6/10;6/9;3/9;4/10;0;1;2/3;0/3;3/3;1/3;2;1;4;4;4;4;29/51;22/51;9/20;11/31;20/31;11/20;4/13;9/13;4/13;9/13;13/22;13/25;6/12;4/9;5/9;6/12;0;1;1/4;3/5;2/5;3/4;2;1;4;4;4;4;19/47;28/47;10/25;13/22;9/22;15/25;1/10;9/18;9/18;9/10;18/26;10/14;1/4;6/8;2/8;3/4;1;4;0/0;3/5;2/5;0/0;0;1;3;4;4;3;13/40;27/40;2/14;15/26;11/26;12/14;0;1;1.75;1.77;27.25;38.08;Right-Handed;Right-Handed;https://wtatennis.com/tournament/718/dubai/2019/scores/RS023
24/69;23/73;50/73;45/69;73/115;69/108;18/39;22/42;20/42;21/39;6;5;4/6;4/8;4/8;2/6;1;5;16;17;17;16;112/223;111/223;42/108;45/115;70/115;66/108;6/18;7/20;13/20;12/18;20/45;18/30;5/12;15/25;10/25;7/12;3;2;2/3;3/5;2/5;1/3;1;3;6;6;6;6;34/75;41/75;11/30;22/45;23/45;19/30;8/27;11/31;20/31;19/27;31/42;27/44;9/17;5/11;6/11;8/17;0;2;1/1;1/3;2/3;0/1;0;2;6;6;6;6;43/86;43/86;17/44;16/42;26/42;27/44;10/24;5/22;17/22;14/24;22/28;24/34;4/10;2/6;4/6;6/10;3;1;1/2;0/0;0/0;1/2;0;0;4;5;5;4;35/62;27/62;14/34;7/28;21/28;20/34;2;0;1.85;1.85;32.42;29.0;Right-Handed;Right-Handed;https://wtatennis.com/tournament/718/dubai/2019/scores/RS022
11/38;18/41;23/41;27/38;41/72;38/61;10/23;16/31;15/31;13/23;2;4;1/2;4/8;4/8;1/2;6;4;10;10;10;10;59/133;74/133;21/61;34/72;38/72;40/61;4/16;11/18;7/18;12/16;18/29;16/28;5/12;4/11;7/11;7/12;1;1;0/1;2/3;1/3;1/1;2;3;4;4;4;4;23/57;34/57;9/28;15/29;14/29;19/28;7/22;7/23;16/23;15/22;23/43;22/33;5/11;12/20;8/20;6/11;1;3;1/1;2/5;3/5;0/1;4;1;6;6;6;6;36/76;40/76;12/33;19/43;24/43;21/33;;;;;;;;;;;;;;;;;;;;;;;;;;;;;0;1;1.72;1.78;34.0;28.17;Right-Handed;Right-Handed;https://wtatennis.com/tournament/718/dubai/2019/scores/RS021
17/27;6/26;20/26;10/27;26/35;27/49;14/22;3/9;6/9;8/22;3;0;6/13;0/2;2/2;7/13;1;5;7;6;6;7;57/84;27/84;31/49;9/35;26/35;18/49;10/18;5/14;9/14;8/18;14/20;18/32;8/14;1/6;5/6;6/14;1;0;3/7;0/2;2/2;4/7;0;3;4;3;3;4;32/52;20/52;18/32;6/20;14/20;14/32;7/9;1/12;11/12;2/9;12/15;9/17;6/8;2/3;1/3;2/8;2;0;3/6;0/0;0/0;3/6;1;2;3;3;3;3;25/32;7/32;13/17;3/15;12/15;4/17;;;;;;;;;;;;;;;;;;;;;;;;;;;;;1;0;1.76;;28.5;29.67;Left-Handed;N/A;https://wtatennis.com/tournament/718/dubai/2019/scores/RS016
16/46;19/50;31/50;30/46;50/80;46/85;25/39;13/30;17/30;14/39;0;4;4/9;3/7;4/7;5/9;4;7;10;11;11;10;89/165;76/165;41/85;32/80;48/80;44/85;9/30;6/23;17/23;21/30;23/40;30/56;15/26;7/17;10/17;11/26;0;2;1/3;1/3;2/3;2/3;2;2;6;6;6;6;51/96;45/96;24/56;13/40;27/40;32/56;7/16;13/27;14/27;9/16;27/40;16/29;10/13;6/13;7/13;3/13;0;2;3/6;2/4;2/4;3/6;2;5;4;5;5;4;38/69;31/69;17/29;19/40;21/40;12/29;;;;;;;;;;;;;;;;;;;;;;;;;;;;;2;1;1.70;1.79;32.25;28.92;Right-Handed;Right-Handed;https://wtatennis.com/tournament/718/dubai/2019/scores/RS020
5/23;15/31;16/31;18/23;31/56;23/45;12/22;17/25;8/25;10/22;2;1;3/4;6/10;4/10;1/4;4;7;9;9;9;9;41/101;60/101;17/45;32/56;24/56;28/45;2/15;6/15;9/15;13/15;15/27;15/25;5/10;7/12;5/12;5/10;2;0;1/1;2/3;1/3;0/1;3;3;5;4;4;5;21/52;31/52;7/25;13/27;14/27;18/25;3/8;9/16;7/16;5/8;16/29;8/20;7/12;10/13;3/13;5/12;0;1;2/3;4/7;3/7;1/3;1;4;4;5;5;4;20/49;29/49;10/20;19/29;10/29;10/20;;;;;;;;;;;;;;;;;;;;;;;;;;;;;0;3;1.78;1.80;32.17;26.33;Right-Handed;Right-Handed;https://wtatennis.com/tournament/718/dubai/2019/scores/RS017
28/64;14/60;46/60;36/64;60/100;64/102;20/38;26/40;14/40;18/38;7;0;5/13;2/12;10/12;8/13;4;8;13;13;13;13;108/202;94/202;48/102;40/100;60/100;54/102;8/21;6/18;12/18;13/21;18/34;21/33;5/12;10/16;6/16;7/12;0;0;1/2;2/5;3/5;1/2;0;1;5;5;5;5;31/67;36/67;13/33;16/34;18/34;20/33;10/28;5/24;19/24;18/28;24/36;28/46;12/18;8/12;4/12;6/18;3;0;2/7;0/6;6/6;5/7;3;6;5;4;4;5;45/82;37/82;22/46;13/36;23/36;24/46;10/15;3/18;15/18;5/15;18/30;15/23;3/8;8/12;4/12;5/8;4;0;2/4;0/1;1/1;2/4;1;1;3;4;4;3;32/53;21/53;13/23;11/30;19/30;10/23;1;1;1.71;1.59;25.5;32.08;Right-Handed;Left-Handed;https://wtatennis.com/tournament/718/dubai/2019/scores/RS015
19/43;11/37;26/37;24/43;37/54;43/71;18/28;7/17;10/17;10/28;1;7;5/10;2/3;1/3;5/10;0;3;10;9;9;10;73/125;52/125;37/71;18/54;36/54;34/71;12/26;9/24;15/24;14/26;24/35;26/43;12/17;6/11;5/11;5/17;1;4;3/8;2/3;1/3;5/8;0;2;5;5;5;5;44/78;34/78;24/43;15/35;20/35;19/43;7/17;2/13;11/13;10/17;13/19;17/28;6/11;1/6;5/6;5/11;0;3;2/2;0/0;0/0;0/2;0;1;5;4;4;5;29/47;18/47;13/28;3/19;16/19;15/28;;;;;;;;;;;;;;;;;;;;;;;;;;;;;2;0;1.64;1.78;31.25;31.17;Right-Handed;Right-Handed;https://wtatennis.com/tournament/718/dubai/2019/scores/RS013
13/45;15/42;27/42;32/45;42/76;45/85;22/40;20/34;14/34;18/40;4;6;3/7;5/10;5/10;4/7;4;9;13;13;13;13;76/161;85/161;35/85;35/76;41/76;50/85;4/15;5/18;13/18;11/15;18/26;15/27;10/12;3/8;5/8;2/12;1;3;2/4;0/3;3/3;2/4;0;6;4;4;4;4;32/53;21/53;14/27;8/26;18/26;13/27;7/22;6/16;10/16;15/22;16/33;22/39;8/17;8/17;9/17;9/17;2;2;1/3;2/2;0/2;2/3;0;3;6;6;6;6;34/72;38/72;15/39;14/33;19/33;24/39;2/8;4/8;4/8;6/8;8/17;8/19;4/11;9/9;0/9;7/11;1;1;0/0;3/5;2/5;0/0;4;0;3;3;3;3;10/36;26/36;6/19;13/17;4/17;13/19;1;3;1.85;1.77;32.42;38.08;Right-Handed;Right-Handed;https://wtatennis.com/tournament/718/dubai/2019/scores/RS011
18/39;14/38;24/38;21/39;38/58;39/58;14/19;11/20;9/20;5/19;0;0;6/10;4/8;4/8;4/10;1;1;10;10;10;10;65/116;51/116;32/58;25/58;33/58;26/58;12/16;10/20;10/20;4/16;20/29;16/26;8/10;7/9;2/9;2/10;0;0;5/7;4/8;4/8;2/7;1;0;5;5;5;5;32/55;23/55;20/26;17/29;12/29;6/26;6/23;4/18;14/18;17/23;18/29;23/32;6/9;4/11;7/11;3/9;0;0;1/3;0/0;0/0;2/3;0;1;5;5;5;5;33/61;28/61;12/32;8/29;21/29;20/32;;;;;;;;;;;;;;;;;;;;;;;;;;;;;3;2;1.72;1.68;29.67;35.67;Right-Handed;Right-Handed;https://wtatennis.com/tournament/718/dubai/2019/scores/RS014
6/32;13/40;27/40;26/32;40/71;32/54;14/22;21/31;10/31;8/22;1;6;3/5;5/9;4/9;2/5;3;4;10;10;10;10;57/125;68/125;20/54;34/71;37/71;34/54;5/20;8/21;13/21;15/20;21/37;20/30;8/10;11/16;5/16;2/10;1;4;2/4;3/4;1/4;2/4;0;3;5;5;5;5;31/67;36/67;13/30;19/37;18/37;17/30;1/12;5/19;14/19;11/12;19/34;12/24;6/12;10/15;5/15;6/12;0;2;1/1;2/5;3/5;0/1;3;1;5;5;5;5;26/58;32/58;7/24;15/34;19/34;17/24;;;;;;;;;;;;;;;;;;;;;;;;;;;;;0;1;1.70;1.74;33.25;26.08;Right-Handed;Right-Handed;https://wtatennis.com/tournament/718/dubai/2019/scores/RS009
21/57;20/60;40/60;36/57;60/89;57/87;19/30;13/29;16/29;11/30;4;0;5/10;3/5;2/5;5/10;5;8;13;14;14;13;96/176;80/176;40/87;33/89;56/89;47/87;5/20;11/28;17/28;15/20;28/44;20/31;6/11;9/16;7/16;5/11;1;0;1/2;2/4;2/4;1/2;4;4;5;5;5;5;35/75;40/75;11/31;20/44;24/44;20/31;6/18;4/15;11/15;12/18;15/22;18/28;8/10;2/7;5/7;2/10;2;0;2/3;1/1;0/1;1/3;0;2;4;5;5;4;30/50;20/50;14/28;6/22;16/22;14/28;10/19;5/17;12/17;9/19;17/23;19/28;5/9;2/6;4/6;4/9;1;0;2/5;0/0;0/0;3/5;1;2;4;4;4;4;31/51;20/51;15/28;7/23;16/23;13/28;1;3;1.76;1.80;28.5;26.33;Left-Handed;Right-Handed;https://wtatennis.com/tournament/718/dubai/2019/scores/RS008
17/52;14/37;23/37;35/52;37/51;52/66;7/14;7/14;7/14;7/14;3;3;1/3;3/7;4/7;2/3;0;0;10;9;9;10;54/117;63/117;24/66;21/51;30/51;42/66;7/26;3/14;11/14;19/26;14/20;26/31;2/5;4/6;2/6;3/5;1;1;0/1;1/1;0/1;1/1;0;0;5;4;4;5;22/51;29/51;9/31;7/20;13/20;22/31;10/26;11/23;12/23;16/26;23/31;26/35;5/9;3/8;5/8;4/9;2;2;1/2;2/6;4/6;1/2;0;0;5;5;5;5;32/66;34/66;15/35;14/31;17/31;20/35;;;;;;;;;;;;;;;;;;;;;;;;;;;;;0;1;1.82;1.73;24.58;29.33;Right-Handed;Right-Handed;https://wtatennis.com/tournament/718/dubai/2019/scores/RS012
3/21;14/26;12/26;18/21;26/42;21/41;8/20;11/16;5/16;12/20;0;5;1/2;5/8;3/8;1/2;1;3;8;7;7;8;28/83;55/83;11/41;25/42;17/42;30/41;1/11;7/9;2/9;10/11;9/16;11/16;3/5;5/7;2/7;2/5;0;3;0/0;3/3;0/3;0/0;1;1;3;3;3;3;8/32;24/32;4/16;12/16;4/16;12/16;2/10;7/17;10/17;8/10;17/26;10/25;5/15;6/9;3/9;10/15;0;2;1/2;2/5;3/5;1/2;0;2;5;4;4;5;20/51;31/51;7/25;13/26;13/26;18/25;;;;;;;;;;;;;;;;;;;;;;;;;;;;;0;2;1.70;1.78;32.25;28.17;Right-Handed;Right-Handed;https://wtatennis.com/tournament/718/dubai/2019/scores/RS010
14/38;9/24;15/24;24/38;24/44;38/74;25/36;8/20;12/20;11/36;4;1;6/13;3/4;1/4;7/13;1;6;10;9;9;10;66/118;52/118;39/74;17/44;27/44;35/74;7/18;3/11;8/11;11/18;11/19;18/36;12/18;3/8;5/8;6/18;2;1;3/6;1/2;1/2;3/6;0;3;5;4;4;5;32/55;23/55;19/36;6/19;13/19;17/36;7/20;6/13;7/13;13/20;13/25;20/38;13/18;5/12;7/12;5/18;2;0;3/7;2/2;0/2;4/7;1;3;5;5;5;5;34/63;29/63;20/38;11/25;14/25;18/38;;;;;;;;;;;;;;;;;;;;;;;;;;;;;1;0;1.78;1.84;29.25;24.67;Right-Handed;Right-Handed;https://wtatennis.com/tournament/718/dubai/2019/scores/LS041
17/47;22/65;43/65;30/47;65/109;47/90;31/43;29/44;15/44;12/43;3;4;8/11;6/15;9/15;3/11;7;11;14;14;14;14;106/199;93/199;48/90;51/109;58/109;42/90;7/18;5/17;12/17;11/18;17/38;18/34;11/16;17/21;4/21;5/16;1;2;3/4;4/11;7/11;1/4;3;5;5;5;5;5;34/72;38/72;18/34;22/38;16/38;16/34;7/15;9/24;15/24;8/15;24/32;15/29;10/14;5/8;3/8;4/14;1;1;3/3;1/3;2/3;0/3;2;4;5;4;4;5;35/61;26/61;17/29;14/32;18/32;12/29;3/14;8/24;16/24;11/14;24/39;14/27;10/13;7/15;8/15;3/13;1;1;2/4;1/1;0/1;2/4;2;2;4;5;5;4;37/66;29/66;13/27;15/39;24/39;14/27;2;2;1.82;1.75;29.67;23.08;Right-Handed;Right-Handed;https://wtatennis.com/tournament/718/dubai/2019/scores/LS036
25/62;18/49;31/49;37/62;49/85;62/89;17/27;19/36;17/36;10/27;6;0;7/11;5/9;4/9;4/11;6;11;14;14;14;14;90/174;84/174;42/89;37/85;48/85;47/89;5/18;7/20;13/20;13/18;20/33;18/28;5/10;7/13;6/13;5/10;3;0;1/1;2/5;3/5;0/1;1;4;5;5;5;5;29/61;32/61;10/28;14/33;19/33;18/28;8/22;6/14;8/14;14/22;14/29;22/31;7/9;7/15;8/15;2/9;1;0;3/5;2/2;0/2;2/5;3;4;5;5;5;5;31/60;29/60;15/31;13/29;16/29;16/31;12/22;5/15;10/15;10/22;15/23;22/30;5/8;5/8;3/8;3/8;2;0;3/5;1/2;1/2;2/5;2;3;4;4;4;4;30/53;23/53;17/30;10/23;13/23;13/30;1;0;1.74;1.64;26.08;36.08;Right-Handed;Right-Handed;https://wtatennis.com/tournament/718/dubai/2019/scores/LS046
8/39;10/47;37/47;31/39;47/69;39/72;21/33;13/22;9/22;12/33;5;5;3/7;2/5;3/5;4/7;7;8;11;11;11;11;75/141;66/141;29/72;23/69;46/69;43/72;4/17;1/18;17/18;13/17;18/25;17/26;6/9;4/7;3/7;3/9;5;3;1/1;0/0;0/0;0/1;3;1;5;5;5;5;30/51;21/51;10/26;5/25;20/25;16/26;4/22;9/29;20/29;18/22;29/44;22/46;15/24;9/15;6/15;9/24;0;2;2/6;2/5;3/5;4/6;4;7;6;6;6;6;45/90;45/90;19/46;18/44;26/44;27/46;;;;;;;;;;;;;;;;;;;;;;;;;;;;;1;0;1.75;1.77;26.25;38.08;Right-Handed;Right-Handed;https://wtatennis.com/tournament/718/dubai/2019/scores/LS045
9/23;8/23;15/23;14/23;23/35;23/43;15/20;6/12;6/12;5/20;2;1;4/10;1/4;3/4;6/10;2;4;6;5;5;6;45/78;33/78;24/43;14/35;21/35;19/43;6/18;6/16;10/16;12/18;16/27;18/37;14/19;5/11;6/11;5/19;2;1;3/9;1/4;3/4;6/9;2;3;5;4;4;5;36/64;28/64;20/37;11/27;16/27;17/37;3/5;2/7;5/7;2/5;7/8;5/6;1/1;1/1;0/1;0/1;0;0;1/1;0/0;0/0;0/1;0;1;1;1;1;1;9/14;5/14;4/6;3/8;5/8;2/6;;;;;;;;;;;;;;;;;;;;;;;;;;;;;2;5;1.74;1.63;34.0;28.42;Right-Handed;Right-Handed;https://wtatennis.com/tournament/718/dubai/2019/scores/LS042
36/76;27/58;31/58;40/76;58/94;76/106;14/30;19/36;17/36;16/30;2;2;6/16;7/14;7/14;10/16;2;3;14;14;14;14;98/200;102/200;50/106;46/94;48/94;56/106;8/16;9/18;9/18;8/16;18/29;16/25;4/9;9/11;2/11;5/9;1;2;2/4;4/6;2/6;2/4;2;0;4;5;5;4;23/54;31/54;12/25;18/29;11/29;13/25;18/34;6/13;7/13;16/34;13/23;34/44;6/10;3/10;7/10;4/10;0;0;3/8;1/1;0/1;5/8;0;2;5;4;4;5;38/67;29/67;24/44;9/23;14/23;20/44;10/26;12/27;15/27;16/26;27/42;26/37;4/11;7/15;8/15;7/11;1;0;1/4;2/7;5/7;3/4;0;1;5;5;5;5;37/79;42/79;14/37;19/42;23/42;23/37;0;2;1.71;1.70;25.5;26.08;Right-Handed;Right-Handed;https://wtatennis.com/tournament/718/dubai/2019/scores/LS059
18/50;12/51;39/51;32/50;51/94;50/85;20/35;27/43;16/43;15/35;11;3;4/10;4/13;9/13;6/10;9;5;12;12;12;12;93/179;86/179;38/85;39/94;55/94;47/85;8/23;9/23;14/23;15/23;23/45;23/36;9/13;12/22;10/22;4/13;3;2;3/4;3/9;6/9;1/4;5;3;6;6;6;6;41/81;40/81;17/36;21/45;24/45;19/36;10/27;3/28;25/28;17/27;28/49;27/49;11/22;15/21;6/21;11/22;8;1;1/6;1/4;3/4;5/6;4;2;6;6;6;6;52/98;46/98;21/49;18/49;31/49;28/49;;;;;;;;;;;;;;;;;;;;;;;;;;;;;2;1;1.80;1.76;25.08;28.5;Right-Handed;Left-Handed;https://wtatennis.com/tournament/718/dubai/2019/scores/LS057
11/30;9/40;31/40;19/30;40/66;30/53;13/23;12/26;14/26;10/23;3;0;3/4;1/4;3/4;1/4;3;3;9;10;10;9;69/119;50/119;24/53;21/66;45/66;29/53;7/20;1/18;17/18;13/20;18/32;20/33;6/13;8/14;6/14;7/13;2;0;1/2;0/2;2/2;1/2;1;2;5;5;5;5;36/65;29/65;13/33;9/32;23/32;20/33;4/10;8/22;14/22;6/10;22/34;10/20;7/10;4/12;8/12;3/10;1;0;2/2;1/2;1/2;0/2;2;1;4;5;5;4;33/54;21/54;11/20;12/34;22/34;9/20;;;;;;;;;;;;;;;;;;;;;;;;;;;;;2;0;1.73;1.79;33.42;30.08;Right-Handed;Right-Handed;https://wtatennis.com/tournament/718/dubai/2019/scores/LS053
19/50;24/64;40/64;31/50;64/109;50/89;23/39;30/45;15/45;16/39;1;2;6/11;8/12;4/12;5/11;4;6;15;15;15;15;97/198;101/198;42/89;54/109;55/109;47/89;3/12;8/17;9/17;9/12;17/31;12/22;6/10;9/14;5/14;4/10;0;1;1/2;3/3;0/3;1/2;2;2;4;4;4;4;23/53;30/53;9/22;17/31;14/31;13/22;8/19;5/23;18/23;11/19;23/35;19/34;8/15;8/12;4/12;7/15;1;1;2/4;1/1;0/1;2/4;1;2;5;5;5;5;38/69;31/69;16/34;13/35;22/35;18/34;8/19;11/24;13/24;11/19;24/43;19/33;9/14;13/19;6/19;5/14;0;0;3/5;4/8;4/8;2/5;1;2;6;6;6;6;36/76;40/76;17/33;24/43;19/43;16/33;2;1;1.80;1.70;30.08;29.33;Right-Handed;Right-Handed;https://wtatennis.com/tournament/718/dubai/2019/scores/LS037
15/29;6/26;20/26;14/29;26/46;29/59;22/30;13/20;7/20;8/30;1;0;7/13;2/4;2/4;6/13;7;10;7;7;7;7;64/105;41/105;37/59;19/46;27/46;22/59;7/10;3/14;11/14;3/10;14/25;10/19;6/9;7/11;4/11;3/9;1;0;3/5;1/3;2/3;2/5;4;5;3;4;4;3;28/44;16/44;13/19;10/25;15/25;6/19;8/19;3/12;9/12;11/19;12/21;19/40;16/21;6/9;3/9;5/21;0;0;4/8;1/1;0/1;4/8;3;5;4;3;3;4;36/61;25/61;24/40;9/21;12/21;16/40;;;;;;;;;;;;;;;;;;;;;;;;;;;;;1;0;1.84;;30.08;32.08;Right-Handed;N/A;https://wtatennis.com/tournament/718/dubai/2019/scores/LS033
12/30;12/38;26/38;18/30;38/59;30/51;11/21;10/21;11/21;10/21;1;0;4/12;1/4;3/4;8/12;0;1;9;9;9;9;60/110;50/110;23/51;22/59;37/59;28/51;4/16;5/17;12/17;12/16;17/29;16/25;5/9;6/12;6/12;4/9;0;0;2/5;1/2;1/2;3/5;0;0;5;5;5;5;27/54;27/54;9/25;11/29;18/29;16/25;8/14;7/21;14/21;6/14;21/30;14/26;6/12;4/9;5/9;6/12;1;0;2/7;0/2;2/2;5/7;0;1;4;4;4;4;33/56;23/56;14/26;11/30;19/30;12/26;;;;;;;;;;;;;;;;;;;;;;;;;;;;;1;0;1.69;1.69;37.42;33.17;Right-Handed;Right-Handed;https://wtatennis.com/tournament/718/dubai/2019/scores/LS051
32/77;23/56;33/56;45/77;56/91;77/109;21/32;16/35;19/35;11/32;6;9;7/17;6/11;5/11;10/17;2;6;14;14;14;14;105/200;95/200;53/109;39/91;52/91;56/109;11/20;0/7;7/7;9/20;7/14;20/32;8/12;2/7;5/7;4/12;2;1;3/8;0/0;0/0;5/8;0;2;3;3;3;3;31/46;15/46;19/32;2/14;12/14;13/32;8/23;11/25;14/25;15/23;25/34;23/36;7/13;4/9;5/9;6/13;1;4;2/4;3/4;1/4;2/4;1;2;6;6;6;6;34/70;36/70;15/36;15/34;19/34;21/36;13/34;12/24;12/24;21/34;24/43;34/41;6/7;10/19;9/19;1/7;3;4;2/5;3/7;4/7;3/5;1;2;5;5;5;5;40/84;44/84;19/41;22/43;21/43;22/41;0;1;1.80;1.74;35.0;29.25;Left-Handed;Right-Handed;https://wtatennis.com/tournament/718/dubai/2019/scores/LS050
12/23;10/27;17/27;11/23;27/41;23/43;16/20;4/14;10/14;4/20;4;0;6/8;1/2;1/2;2/8;0;7;7;7;7;7;55/84;29/84;28/43;14/41;27/41;15/43;8/15;8/18;10/18;7/15;18/26;15/27;8/12;3/8;5/8;4/12;2;0;3/4;1/2;1/2;1/4;0;4;4;4;4;4;31/53;22/53;16/27;11/26;15/26;11/27;4/8;2/9;7/9;4/8;9/15;8/16;8/8;1/6;5/6;0/8;2;0;3/4;0/0;0/0;1/4;0;3;3;3;3;3;24/31;7/31;12/16;3/15;12/15;4/16;;;;;;;;;;;;;;;;;;;;;;;;;;;;;2;4;1.77;1.76;29.67;31.92;Right-Handed;Right-Handed;https://wtatennis.com/tournament/718/dubai/2019/scores/LS060
18/60;17/48;31/48;42/60;48/76;60/90;16/30;20/28;8/28;14/30;5;2;4/14;7/14;7/14;10/14;6;7;14;13;13;14;73/166;93/166;34/90;37/76;39/76;56/90;12/31;7/28;21/28;19/31;28/39;31/42;8/11;9/11;2/11;3/11;2;0;3/8;2/7;5/7;5/8;2;2;6;6;6;6;43/81;38/81;20/42;16/39;23/39;22/42;4/17;4/8;4/8;13/17;8/16;17/29;5/12;5/8;3/8;7/12;1;0;0/4;2/2;0/2;4/4;3;3;4;3;3;4;16/45;29/45;9/29;9/16;7/16;20/29;2/12;6/12;6/12;10/12;12/21;12/19;3/7;6/9;3/9;4/7;2;2;1/2;3/5;2/5;1/2;1;2;4;4;4;4;14/40;26/40;5/19;12/21;9/21;14/19;0;2;1.64;1.61;31.25;34.08;Right-Handed;Right-Handed;https://wtatennis.com/tournament/718/dubai/2019/scores/LS054
5/28;11/32;21/32;23/28;32/62;28/47;9/19;20/30;10/30;10/19;6;1;1/2;5/8;3/8;1/2;5;2;8;9;9;8;45/109;64/109;14/47;31/62;31/62;33/47;2/12;5/18;13/18;10/12;18/30;12/22;5/10;10/12;2/12;5/10;3;0;1/1;3/3;0/3;0/1;3;0;4;5;5;4;22/52;30/52;7/22;15/30;15/30;15/22;3/16;6/14;8/14;13/16;14/32;16/25;4/9;10/18;8/18;5/9;3;1;0/1;2/5;3/5;1/1;2;2;4;4;4;4;23/57;34/57;7/25;16/32;16/32;18/25;;;;;;;;;;;;;;;;;;;;;;;;;;;;;3;1;1.85;1.70;32.42;33.25;Right-Handed;Right-Handed;https://wtatennis.com/tournament/718/dubai/2019/scores/LS044
28/68;40/81;41/81;40/68;81/117;68/123;32/55;18/36;18/36;23/55;2;4;9/16;8/18;10/18;7/16;0;6;17;17;17;17;119/240;121/240;60/123;58/117;59/117;63/123;7/20;17/33;16/33;13/20;33/44;20/33;6/13;5/11;6/11;7/13;1;1;2/3;3/6;3/6;1/3;0;2;6;6;6;6;35/77;42/77;13/33;22/44;22/44;20/33;11/25;8/14;6/14;14/25;14/26;25/51;17/26;7/12;5/12;9/26;1;0;4/9;3/4;1/4;5/9;0;2;5;5;5;5;39/77;38/77;28/51;15/26;11/26;23/51;10/23;15/34;19/34;13/23;34/47;23/39;9/16;6/13;7/13;7/16;0;3;3/4;2/8;6/8;1/4;0;2;6;6;6;6;45/86;41/86;19/39;21/47;26/47;20/39;1;3;1.73;1.79;29.33;27.58;Right-Handed;Right-Handed;https://wtatennis.com/tournament/718/dubai/2019/scores/LS043
10/32;25/41;16/41;22/32;41/59;32/50;10/18;11/18;7/18;8/18;1;0;2/4;6/12;6/12;2/4;2;2;8;8;8;8;43/109;66/109;20/50;36/59;23/59;30/50;6/19;11/14;3/14;13/19;14/19;19/26;5/7;3/5;2/5;2/7;0;0;1/1;3/3;0/3;0/1;0;1;4;3;3;4;16/45;29/45;11/26;14/19;5/19;15/26;4/13;14/27;13/27;9/13;27/40;13/24;5/11;8/13;5/13;6/11;1;0;1/3;3/9;6/9;2/3;2;1;4;5;5;4;27/64;37/64;9/24;22/40;18/40;15/24;;;;;;;;;;;;;;;;;;;;;;;;;;;;;1;9;1.64;1.62;37.17;34.75;Right-Handed;Right-Handed;https://wtatennis.com/tournament/718/dubai/2019/scores/LS034
18/34;4/20;16/20;16/34;20/51;34/64;21/30;18/31;13/31;9/30;5;4;7/14;3/5;2/5;7/14;7;11;8;8;8;8;68/115;47/115;39/64;22/51;29/51;25/64;12/25;3/10;7/10;13/25;10/33;25/44;13/19;14/23;9/23;6/19;2;2;4/7;3/5;2/5;3/7;6;7;5;5;5;5;41/77;36/77;25/44;17/33;16/33;19/44;6/9;1/10;9/10;3/9;10/18;9/20;8/11;4/8;4/8;3/11;3;2;3/7;0/0;0/0;4/7;1;4;3;3;3;3;27/38;11/38;14/20;5/18;13/18;6/20;;;;;;;;;;;;;;;;;;;;;;;;;;;;;2;2;1.78;1.77;28.17;26.0;Right-Handed;Right-Handed;https://wtatennis.com/tournament/718/dubai/2019/scores/LS061
27/60;17/42;25/42;33/60;42/81;60/87;15/27;18/39;21/39;12/27;3;2;5/11;4/12;8/12;6/11;6;4;10;11;11;10;88/168;80/168;42/87;35/81;46/81;45/87;17/34;9/22;13/22;17/34;22/47;34/51;9/17;13/25;12/25;8/17;0;0;3/7;3/9;6/9;4/7;6;2;6;6;6;6;51/98;47/98;26/51;22/47;25/47;25/51;10/26;8/20;12/20;16/26;20/34;26/36;6/10;5/14;9/14;4/10;3;2;2/4;1/3;2/3;2/4;0;2;4;5;5;4;37/70;33/70;16/36;13/34;21/34;20/36;;;;;;;;;;;;;;;;;;;;;;;;;;;;;2;4;1.77;1.74;34.42;27.5;Right-Handed;Right-Handed;https://wtatennis.com/tournament/718/dubai/2019/scores/LS035
22/47;14/39;25/39;25/47;39/63;47/81;18/34;11/24;13/24;16/34;2;2;4/12;2/4;2/4;8/12;0;5;9;10;10;9;78/144;66/144;40/81;25/63;38/63;41/81;10/25;4/17;13/17;15/25;17/26;25/37;8/12;5/9;4/9;4/12;1;1;2/4;1/1;0/1;2/4;0;1;5;5;5;5;35/63;28/63;18/37;9/26;17/26;19/37;12/22;10/22;12/22;10/22;22/37;22/44;10/22;6/15;9/15;12/22;1;1;2/8;1/3;2/3;6/8;0;4;4;5;5;4;43/81;38/81;22/44;16/37;21/37;22/44;;;;;;;;;;;;;;;;;;;;;;;;;;;;;2;0;1.74;1.81;27.08;32.42;Right-Handed;Right-Handed;https://wtatennis.com/tournament/718/dubai/2019/scores/LS062
16/44;12/33;21/33;28/44;33/76;44/70;16/26;26/43;17/43;10/26;5;2;4/10;6/12;6/12;6/10;4;5;11;11;11;11;70/146;76/146;32/70;38/76;38/76;38/70;11/26;6/15;9/15;15/26;15/38;26/33;4/7;14/23;9/23;3/7;1;2;2/6;3/8;5/8;4/6;3;1;5;5;5;5;33/71;38/71;15/33;20/38;18/38;18/33;5/18;6/18;12/18;13/18;18/38;18/37;12/19;12/20;8/20;7/19;4;0;2/4;3/4;1/4;2/4;1;4;6;6;6;6;37/75;38/75;17/37;18/38;20/38;20/37;;;;;;;;;;;;;;;;;;;;;;;;;;;;;3;2;1.80;1.75;34.58;32.92;Right-Handed;Right-Handed;https://wtatennis.com/tournament/718/dubai/2019/scores/LS052
6/21;5/27;22/27;15/21;27/44;21/56;24/35;7/17;10/17;11/35;2;2;5/13;0/2;2/2;8/13;4;9;8;7;7;8;62/100;38/100;30/56;12/44;32/44;26/56;4/15;1/13;12/13;11/15;13/18;15/34;12/19;1/5;4/5;7/19;1;2;2/7;0/0;0/0;5/7;0;4;5;4;4;5;32/52;20/52;16/34;2/18;16/18;18/34;2/6;4/14;10/14;4/6;14/26;6/22;12/16;6/12;6/12;4/16;1;0;3/6;0/2;2/2;3/6;4;5;3;3;3;3;30/48;18/48;14/22;10/26;16/26;8/22;;;;;;;;;;;;;;;;;;;;;;;;;;;;;1;0;1.70;1.75;24.58;35.08;Right-Handed;Left-Handed;https://wtatennis.com/tournament/718/dubai/2019/scores/LS058
21/42;16/44;28/44;21/42;44/75;42/66;12/24;17/31;14/31;12/24;0;1;5/5;3/7;4/7;0/5;5;2;11;11;11;11;75/141;66/141;33/66;33/75;42/75;33/66;3/13;5/10;5/10;10/13;10/24;13/18;3/5;10/14;4/14;2/5;0;1;0/0;3/3;0/3;0/0;3;2;3;4;4;3;15/42;27/42;6/18;15/24;9/24;12/18;10/14;5/15;10/15;4/14;15/24;14/24;5/10;4/9;5/9;5/10;0;0;3/3;0/4;4/4;0/3;1;0;4;3;3;4;30/48;18/48;15/24;9/24;15/24;9/24;8/15;6/19;13/19;7/15;19/27;15/24;4/9;3/8;5/8;5/9;0;0;2/2;0/0;0/0;0/2;1;0;4;4;4;4;30/51;21/51;12/24;9/27;18/27;12/24;1;0;1.70;1.72;32.25;29.67;Right-Handed;Right-Handed;https://wtatennis.com/tournament/718/dubai/2019/scores/LS049
15/40;16/38;22/38;25/40;38/90;40/82;21/42;23/52;29/52;21/42;4;1;4/8;3/11;8/11;4/8;6;5;11;11;11;11;87/172;85/172;36/82;39/90;51/90;46/82;6/17;4/14;10/14;11/17;14/36;17/39;12/22;11/22;11/22;10/22;1;1;2/5;1/4;3/4;3/5;3;3;5;5;5;5;39/75;36/75;18/39;15/36;21/36;21/39;9/23;12/24;12/24;14/23;24/54;23/43;9/20;12/30;18/30;11/20;3;0;2/3;2/7;5/7;1/3;3;2;6;6;6;6;48/97;49/97;18/43;24/54;30/54;25/43;;;;;;;;;;;;;;;;;;;;;;;;;;;;;3;1;1.67;1.79;28.75;26.92;Right-Handed;Right-Handed;https://wtatennis.com/tournament/718/dubai/2019/scores/LS038
8/47;22/55;33/55;39/47;55/86;47/68;9/21;14/31;17/31;12/21;1;13;1/1;3/8;5/8;0/1;4;2;13;13;13;13;67/154;87/154;17/68;36/86;50/86;51/68;5/18;11/20;9/20;13/18;20/27;18/24;1/6;4/7;3/7;5/6;0;4;0/0;2/5;3/5;0/0;1;0;4;4;4;4;18/51;33/51;6/24;15/27;12/27;18/24;3/14;6/20;14/20;11/14;20/32;14/20;4/6;4/12;8/12;2/6;1;4;1/1;0/0;0/0;0/1;3;1;4;5;5;4;29/52;23/52;7/20;10/32;22/32;13/20;0/15;5/15;10/15;15/15;15/27;15/24;4/9;6/12;6/12;5/9;0;5;0/0;1/3;2/3;0/0;0;1;5;4;4;5;20/51;31/51;4/24;11/27;16/27;20/24;3;2;1.61;1.86;34.08;31.25;Right-Handed;Right-Handed;https://wtatennis.com/tournament/718/dubai/2019/scores/LS027
12/29;10/22;12/22;17/29;22/49;29/52;14/23;22/27;5/27;9/23;1;4;4/7;7/10;3/10;3/7;5;0;9;9;9;9;43/101;58/101;26/52;32/49;17/49;26/52;8/18;5/13;8/13;10/18;13/28;18/28;4/10;11/15;4/15;6/10;1;3;1/4;3/4;1/4;3/4;3;0;4;5;5;4;24/56;32/56;12/28;16/28;12/28;16/28;4/11;5/9;4/9;7/11;9/21;11/24;10/13;11/12;1/12;3/13;0;1;3/3;4/6;2/6;0/3;2;0;5;4;4;5;19/45;26/45;14/24;16/21;5/21;10/24;;;;;;;;;;;;;;;;;;;;;;;;;;;;;2;1;1.80;1.84;25.67;30.08;Right-Handed;Right-Handed;https://wtatennis.com/tournament/718/dubai/2019/scores/LS016
9/39;15/38;23/38;30/39;38/59;39/52;5/13;14/21;7/21;8/13;6;5;0/3;4/8;4/8;3/3;6;3;8;8;8;8;44/111;67/111;14/52;29/59;30/59;38/52;8/28;9/29;20/29;20/28;29/42;28/37;3/9;8/13;5/13;6/9;6;2;0/3;1/4;3/4;3/3;5;2;5;5;5;5;36/79;43/79;11/37;17/42;25/42;26/37;1/11;6/9;3/9;10/11;9/17;11/15;2/4;6/8;2/8;2/4;0;3;0/0;3/4;1/4;0/0;1;1;3;3;3;3;8/32;24/32;3/15;12/17;5/17;12/15;;;;;;;;;;;;;;;;;;;;;;;;;;;;;2;1;1.74;1.82;26.08;25.08;Right-Handed;Right-Handed;https://wtatennis.com/tournament/718/dubai/2019/scores/LS023
35/65;11/35;24/35;30/65;35/65;65/90;10/25;16/30;14/30;15/25;0;1;5/12;3/4;1/4;7/12;6;3;11;10;10;11;83/155;72/155;45/90;27/65;38/65;45/90;18/34;7/21;14/21;16/34;21/42;34/45;5/11;14/21;7/21;6/11;0;1;3/5;3/4;1/4;2/5;5;2;6;6;6;6;44/87;43/87;23/45;21/42;21/42;22/45;17/31;4/14;10/14;14/31;14/23;31/45;5/14;2/9;7/9;9/14;0;0;2/7;0/0;0/0;5/7;1;1;5;4;4;5;39/68;29/68;22/45;6/23;17/23;23/45;;;;;;;;;;;;;;;;;;;;;;;;;;;;;1;0;1.73;1.70;35.42;32.25;Left-Handed;Right-Handed;https://wtatennis.com/tournament/718/dubai/2019/scores/LS024
30/70;37/83;46/83;40/70;83/113;70/116;29/46;14/30;16/30;17/46;3;0;8/15;6/12;6/12;7/15;8;4;15;16;16;15;121/229;108/229;59/116;51/113;62/113;57/116;6/21;4/19;15/19;15/21;19/29;21/36;8/15;3/10;7/10;7/15;1;0;1/3;0/1;1/1;2/3;2;2;5;5;5;5;36/65;29/65;14/36;7/29;22/29;22/36;10/27;16/33;17/33;17/27;33/46;27/46;13/19;8/13;5/13;6/19;2;0;3/5;3/6;3/6;2/5;5;2;6;6;6;6;45/92;47/92;23/46;24/46;22/46;23/46;14/22;17/31;14/31;8/22;31/38;22/34;8/12;3/7;4/7;4/12;0;0;4/7;3/5;2/5;3/7;1;0;4;5;5;4;40/72;32/72;22/34;20/38;18/38;12/34;2;1;1.74;1.73;34.0;29.33;Right-Handed;Right-Handed;https://wtatennis.com/tournament/718/dubai/2019/scores/LS021
6/28;11/22;11/22;22/28;22/43;28/40;5/12;15/21;6/21;7/12;3;2;0/0;5/7;2/7;0/0;5;0;7;7;7;7;28/83;55/83;11/40;26/43;17/43;29/40;2/14;2/8;6/8;12/14;8/21;14/23;4/9;9/13;4/13;5/9;2;2;0/0;2/3;1/3;0/0;4;0;4;3;3;4;16/44;28/44;6/23;11/21;10/21;17/23;4/14;9/14;5/14;10/14;14/22;14/17;1/3;6/8;2/8;2/3;1;0;0/0;3/4;1/4;0/0;1;0;3;4;4;3;12/39;27/39;5/17;15/22;7/22;12/17;;;;;;;;;;;;;;;;;;;;;;;;;;;;;0;1;1.70;1.75;33.25;26.25;Right-Handed;Right-Handed;https://wtatennis.com/tournament/718/dubai/2019/scores/LS022
7/36;10/48;38/48;29/36;48/69;36/78;24/42;12/21;9/21;18/42;3;0;2/7;1/1;0/1;5/7;4;7;11;11;11;11;78/147;69/147;31/78;22/69;47/69;47/78;5/20;5/24;19/24;15/20;24/38;20/41;11/21;9/14;5/14;10/21;1;0;1/2;1/1;0/1;1/2;3;3;6;6;6;6;40/79;39/79;16/41;14/38;24/38;25/41;2/16;5/24;19/24;14/16;24/31;16/37;13/21;3/7;4/7;8/21;2;0;1/5;0/0;0/0;4/5;1;4;5;5;5;5;38/68;30/68;15/37;8/31;23/31;22/37;;;;;;;;;;;;;;;;;;;;;;;;;;;;;4;1;1.68;1.78;31.67;29.25;Right-Handed;Right-Handed;https://wtatennis.com/tournament/718/dubai/2019/scores/LS020
5/32;22/55;33/55;27/32;55/78;32/59;11/27;11/23;12/23;16/27;1;6;1/2;3/16;13/16;1/2;1;1;11;11;11;11;61/137;76/137;16/59;33/78;45/78;43/59;2/15;5/20;15/20;13/15;20/32;15/27;4/12;7/12;5/12;8/12;0;3;0/1;1/5;4/5;1/1;1;0;5;5;5;5;26/59;33/59;6/27;12/32;20/32;21/27;3/17;17/35;18/35;14/17;35/46;17/32;7/15;4/11;7/11;8/15;1;3;1/1;2/11;9/11;0/1;0;1;6;6;6;6;35/78;43/78;10/32;21/46;25/46;22/32;;;;;;;;;;;;;;;;;;;;;;;;;;;;;3;4;1.77;1.78;29.67;28.17;Right-Handed;Right-Handed;https://wtatennis.com/tournament/718/dubai/2019/scores/LS030
18/38;11/42;31/42;20/38;42/60;38/65;16/27;9/18;9/18;11/27;3;0;5/12;2/8;6/8;7/12;1;4;10;10;10;10;74/125;51/125;34/65;20/60;40/60;31/65;9/24;6/25;19/25;15/24;25/37;24/41;11/17;6/12;6/12;6/17;1;0;2/8;1/5;4/5;6/8;0;3;6;6;6;6;45/78;33/78;20/41;12/37;25/37;21/41;9/14;5/17;12/17;5/14;17/23;14/24;5/10;3/6;3/6;5/10;2;0;3/4;1/3;2/3;1/4;1;1;4;4;4;4;29/47;18/47;14/24;8/23;15/23;10/24;;;;;;;;;;;;;;;;;;;;;;;;;;;;;3;0;1.82;1.70;29.67;29.33;Right-Handed;Right-Handed;https://wtatennis.com/tournament/718/dubai/2019/scores/LS018
22/51;19/48;29/48;29/51;48/77;51/85;21/34;14/29;15/29;13/34;3;0;5/11;3/9;6/9;6/11;2;4;10;10;10;10;87/162;75/162;43/85;33/77;44/77;42/85;8/19;13/27;14/27;11/19;27/44;19/35;11/16;8/17;9/17;5/16;0;0;3/6;2/8;6/8;3/6;2;2;5;5;5;5;42/79;37/79;19/35;21/44;23/44;16/35;14/32;6/21;15/21;18/32;21/33;32/50;10/18;6/12;6/12;8/18;3;0;2/5;1/1;0/1;3/5;0;2;5;5;5;5;45/83;38/83;24/50;12/33;21/33;26/50;;;;;;;;;;;;;;;;;;;;;;;;;;;;;4;0;1.62;1.77;34.75;34.42;Right-Handed;Right-Handed;https://wtatennis.com/tournament/718/dubai/2019/scores/LS017
10/31;13/36;23/36;21/31;36/64;31/59;12/28;19/28;9/28;16/28;4;2;2/3;4/11;7/11;1/3;1;3;8;8;8;8;54/123;69/123;22/59;32/64;32/64;37/59;8/22;9/27;18/27;14/22;27/48;22/49;12/27;13/21;8/21;15/27;3;1;2/3;2/6;4/6;1/3;1;3;6;6;6;6;46/97;51/97;20/49;22/48;26/48;29/49;2/9;4/9;5/9;7/9;9/16;9/10;0/1;6/7;1/7;1/1;1;1;0/0;2/5;3/5;0/0;0;0;2;2;2;2;8/26;18/26;2/10;10/16;6/16;8/10;;;;;;;;;;;;;;;;;;;;;;;;;;;;;1;3;1.67;1.74;28.75;28.75;Right-Handed;Right-Handed;https://wtatennis.com/tournament/718/dubai/2019/scores/LS019
13/37;13/42;29/42;24/37;42/57;37/59;14/22;7/15;8/15;8/22;1;0;4/8;0/3;3/3;4/8;1;6;9;8;8;9;64/116;52/116;27/59;20/57;37/57;32/59;3/9;8/21;13/21;6/9;21/26;9/21;7/12;1/5;4/5;5/12;0;0;2/2;0/0;0/0;0/2;1;2;4;4;4;4;27/47;20/47;10/21;9/26;17/26;11/21;10/28;5/21;16/21;18/28;21/31;28/38;7/10;6/10;4/10;3/10;1;0;2/6;0/3;3/3;4/6;0;4;5;4;4;5;37/69;32/69;17/38;11/31;20/31;21/38;;;;;;;;;;;;;;;;;;;;;;;;;;;;;7;0;1.75;1.73;32.92;33.42;Right-Handed;Right-Handed;https://wtatennis.com/tournament/718/dubai/2019/scores/LS026
16/47;9/23;14/23;31/47;23/49;47/61;5/14;17/26;9/26;9/14;1;1;0/4;4/11;7/11;4/4;5;0;8;7;7;8;44/110;66/110;21/61;26/49;23/49;40/61;6/22;6/10;4/10;16/22;10/20;22/31;5/9;6/10;4/10;4/9;0;0;0/1;2/4;2/4;1/1;2;0;4;3;3;4;19/51;32/51;11/31;12/20;8/20;20/31;10/25;3/13;10/13;15/25;13/29;25/30;0/5;11/16;5/16;5/5;1;1;0/3;2/7;5/7;3/3;3;0;4;4;4;4;25/59;34/59;10/30;14/29;15/29;20/30;;;;;;;;;;;;;;;;;;;;;;;;;;;;;0;3;1.74;1.69;29.25;37.42;Right-Handed;Right-Handed;https://wtatennis.com/tournament/718/dubai/2019/scores/LS025
22/49;22/52;30/52;27/49;52/86;49/71;16/22;22/34;12/34;6/22;5;0;8/11;7/11;4/11;3/11;8;7;14;13;13;14;80/157;77/157;38/71;44/86;42/86;33/71;7/16;1/9;8/9;9/16;9/21;16/25;7/9;6/12;6/12;2/9;2;0;3/3;1/1;0/1;0/3;4;3;5;4;4;5;28/46;18/46;14/25;7/21;14/21;11/25;5/15;12/22;10/22;10/15;22/30;15/20;3/5;5/8;3/8;2/5;1;0;1/1;3/4;1/4;0/1;2;1;4;4;4;4;21/50;29/50;8/20;17/30;13/30;12/20;10/18;9/21;12/21;8/18;21/35;18/26;6/8;11/14;3/14;2/8;2;0;4/7;3/6;3/6;3/7;2;3;5;5;5;5;31/61;30/61;16/26;20/35;15/35;10/26;2;1;1.70;1.70;24.58;26.08;Right-Handed;Right-Handed;https://wtatennis.com/tournament/718/dubai/2019/scores/LS029
21/67;16/62;46/62;46/67;62/104;67/107;22/40;27/42;15/42;18/40;8;2;4/10;5/13;8/13;6/10;9;3;15;15;15;15;104/211;107/211;43/107;43/104;61/104;64/107;5/16;5/15;10/15;11/16;15/27;16/27;6/11;10/12;2/12;5/11;2;0;1/4;3/6;3/6;3/4;3;1;4;4;4;4;23/54;31/54;11/27;15/27;12/27;16/27;5/17;4/17;13/17;12/17;17/31;17/27;7/10;8/14;6/14;3/10;1;0;2/2;1/2;1/2;0/2;2;2;5;5;5;5;31/58;27/58;12/27;12/31;19/31;15/27;11/34;7/30;23/30;23/34;30/46;34/53;9/19;9/16;7/16;10/19;5;2;1/4;1/5;4/5;3/4;4;0;6;6;6;6;50/99;49/99;20/53;16/46;30/46;33/53;1;2;1.82;1.80;31.5;25.08;Right-Handed;Right-Handed;https://wtatennis.com/tournament/718/dubai/2019/scores/LS028
15/65;17/64;47/64;50/65;64/95;65/109;22/44;11/31;20/31;22/44;4;7;1/7;3/9;6/9;6/7;2;9;16;16;16;16;104/204;100/204;37/109;28/95;67/95;72/109;7/23;6/22;16/22;16/23;22/38;23/46;11/23;5/16;11/16;12/23;2;3;1/5;1/4;3/4;4/5;1;5;6;6;6;6;45/84;39/84;18/46;11/38;27/38;28/46;5/22;7/21;14/21;17/22;21/32;22/34;5/12;4/11;7/11;7/12;0;2;0/2;1/4;3/4;2/2;1;2;5;5;5;5;31/66;35/66;10/34;11/32;21/32;24/34;3/20;4/21;17/21;17/20;21/25;20/29;6/9;2/4;2/4;3/9;2;2;0/0;1/1;0/1;0/0;0;2;5;5;5;5;28/54;26/54;9/29;6/25;19/25;20/29;0;3;1.74;1.82;27.08;33.25;Right-Handed;Left-Handed;https://wtatennis.com/tournament/718/dubai/2019/scores/LS031
20/64;27/81;54/81;44/64;81/128;64/104;22/40;30/47;17/47;18/40;0;8;4/10;5/15;10/15;6/10;13;8;15;15;15;15;113/232;119/232;42/104;57/128;71/128;62/104;6/17;6/25;19/25;11/17;25/41;17/28;6/11;11/16;5/16;5/11;0;2;2/3;1/3;2/3;1/3;6;2;5;5;5;5;36/69;33/69;12/28;17/41;24/41;16/28;4/15;8/22;14/22;11/15;22/31;15/25;4/10;7/9;2/9;6/10;0;0;0/1;2/5;3/5;1/1;3;2;4;4;4;4;24/56;32/56;8/25;15/31;16/31;17/25;10/32;13/34;21/34;22/32;34/56;32/51;12/19;12/22;10/22;7/19;0;6;2/6;2/7;5/7;4/6;4;4;6;6;6;6;53/107;54/107;22/51;25/56;31/56;29/51;1;2;1.75;1.82;26.25;25.08;Right-Handed;Right-Handed;https://wtatennis.com/tournament/718/dubai/2019/scores/LS011
8/23;18/30;12/30;15/23;30/51;23/46;7/23;11/21;10/21;16/23;1;2;1/1;5/8;3/8;0/1;2;2;8;7;7;8;37/97;60/97;15/46;29/51;22/51;31/46;3/9;11/17;6/17;6/9;17/29;9/23;6/14;7/12;5/12;8/14;0;1;1/1;3/6;3/6;0/1;1;2;4;3;3;4;20/52;32/52;9/23;18/29;11/29;14/23;5/14;7/13;6/13;9/14;13/22;14/23;1/9;4/9;5/9;8/9;1;1;0/0;2/2;0/2;0/0;1;0;4;4;4;4;17/45;28/45;6/23;11/22;11/22;17/23;;;;;;;;;;;;;;;;;;;;;;;;;;;;;5;7;1.82;1.74;29.67;28.75;Right-Handed;Right-Handed;https://wtatennis.com/tournament/718/dubai/2019/scores/LS009
22/63;18/56;38/56;41/63;56/83;63/97;15/34;15/27;12/27;19/34;1;10;2/8;2/10;8/10;6/8;5;3;12;12;12;12;87/180;93/180;37/97;33/83;50/83;60/97;3/24;8/26;18/26;21/24;26/37;24/38;6/14;3/11;8/11;8/14;0;6;0/1;0/0;0/0;1/1;1;2;6;6;6;6;35/75;40/75;9/38;11/37;26/37;29/38;19/39;10/30;20/30;20/39;30/46;39/59;9/20;12/16;4/16;11/20;1;4;2/7;2/10;8/10;5/7;4;1;6;6;6;6;52/105;53/105;28/59;22/46;24/46;31/59;;;;;;;;;;;;;;;;;;;;;;;;;;;;;1;8;1.75;1.86;32.92;31.25;Right-Handed;Right-Handed;https://wtatennis.com/tournament/718/dubai/2019/scores/LS013
18/51;24/57;33/57;33/51;57/82;51/85;22/34;18/25;7/25;12/34;0;0;5/13;7/13;6/13;8/13;0;4;12;12;12;12;80/167;87/167;40/85;42/82;40/82;45/85;10/25;13/27;14/27;15/25;27/40;25/43;9/18;7/13;6/13;9/18;0;0;2/8;3/4;1/4;6/8;0;3;6;6;6;6;39/83;44/83;19/43;20/40;20/40;24/43;8/26;11/30;19/30;18/26;30/42;26/42;13/16;11/12;1/12;3/16;0;0;3/5;4/9;5/9;2/5;0;1;6;6;6;6;41/84;43/84;21/42;22/42;20/42;21/42;;;;;;;;;;;;;;;;;;;;;;;;;;;;;1;4;1.84;1.62;30.08;34.75;Right-Handed;Right-Handed;https://wtatennis.com/tournament/718/dubai/2019/scores/LS008
18/53;27/61;34/61;35/53;61/86;53/83;17/30;15/25;10/25;13/30;2;1;4/6;7/14;7/14;2/6;2;3;14;14;14;14;79/169;90/169;35/83;42/86;44/86;48/83;11/23;9/24;15/24;12/23;24/34;23/37;8/14;5/10;5/10;6/14;0;0;3/3;2/4;2/4;0/3;1;1;6;6;6;6;39/71;32/71;19/37;14/34;20/34;18/37;3/16;12/28;16/28;13/16;28/35;16/28;8/12;3/7;4/7;4/12;2;1;1/1;2/6;4/6;0/1;0;2;5;5;5;5;31/63;32/63;11/28;15/35;20/35;17/28;4/14;6/9;3/9;10/14;9/17;14/18;1/4;7/8;1/8;3/4;0;0;0/2;3/4;1/4;2/2;1;0;3;3;3;3;9/35;26/35;5/18;13/17;4/17;13/18;2;1;1.73;1.69;35.42;37.42;Left-Handed;Right-Handed;https://wtatennis.com/tournament/718/dubai/2019/scores/LS012
20/42;8/28;20/28;22/42;28/51;42/60;13/18;11/23;12/23;5/18;1;0;7/10;4/4;0/4;3/10;1;2;11;10;10;11;65/111;46/111;33/60;19/51;32/51;27/60;10/20;4/12;8/12;10/20;12/23;20/31;9/11;6/11;5/11;2/11;0;0;4/7;2/2;0/2;3/7;1;2;5;4;4;5;32/54;22/54;19/31;10/23;13/23;12/31;10/22;4/16;12/16;12/22;16/28;22/29;4/7;5/12;7/12;3/7;1;0;3/3;2/2;0/2;0/3;0;0;6;6;6;6;33/57;24/57;14/29;9/28;19/28;15/29;;;;;;;;;;;;;;;;;;;;;;;;;;;;;9;0;1.68;1.74;31.67;34.0;Right-Handed;Right-Handed;https://wtatennis.com/tournament/718/dubai/2019/scores/LS010
35/70;17/46;29/46;35/70;46/88;70/107;18/37;23/42;19/42;19/37;8;1;6/14;5/10;5/10;8/14;5;6;14;13;13;14;101/195;94/195;53/107;40/88;48/88;54/107;12/28;7/14;7/14;16/28;14/24;28/37;2/9;6/10;4/10;7/9;3;1;0/4;2/4;2/4;4/4;1;0;4;3;3;4;25/61;36/61;14/37;13/24;11/24;23/37;11/23;8/22;14/22;12/23;22/44;23/41;11/18;12/22;10/22;7/18;1;0;3/5;2/5;3/5;2/5;2;3;6;6;6;6;46/85;39/85;22/41;20/44;24/44;19/41;12/19;2/10;8/10;7/19;10/20;19/29;5/10;5/10;5/10;5/10;4;0;3/5;1/1;0/1;2/5;2;3;4;4;4;4;30/49;19/49;17/29;7/20;13/20;12/29;2;1;1.80;1.70;25.08;24.58;Right-Handed;Right-Handed;https://wtatennis.com/tournament/718/dubai/2019/scores/LS014
20/58;7/42;35/42;38/58;42/89;58/102;21/44;29/47;18/47;23/44;3;5;3/9;3/11;8/11;6/9;6;10;14;14;14;14;94/191;97/191;41/102;36/89;53/89;61/102;7/21;1/13;12/13;14/21;13/34;21/38;7/17;15/21;6/21;10/17;2;1;1/1;2/5;3/5;0/1;4;3;6;6;6;6;32/72;40/72;14/38;16/34;18/34;24/38;9/18;4/16;12/16;9/18;16/32;18/28;6/10;8/16;8/16;4/10;0;2;2/5;0/4;4/4;3/5;1;4;3;4;4;3;35/60;25/60;15/28;12/32;20/32;13/28;4/19;2/13;11/13;15/19;13/23;19/36;8/17;6/10;4/10;9/17;1;2;0/3;1/2;1/2;3/3;1;3;5;4;4;5;27/59;32/59;12/36;8/23;15/23;24/36;0;3;1.78;1.82;28.17;33.25;Right-Handed;Left-Handed;https://wtatennis.com/tournament/718/dubai/2019/scores/LS015
8/30;17/35;18/35;22/30;35/56;30/59;14/29;14/21;7/21;15/29;0;3;2/3;5/10;5/10;1/3;2;2;9;8;8;9;47/115;68/115;22/59;31/56;25/56;37/59;3/15;10/21;11/21;12/15;21/32;15/23;3/8;6/11;5/11;5/8;0;2;0/0;2/3;1/3;0/0;0;0;4;4;4;4;22/55;33/55;6/23;16/32;16/32;17/23;5/15;7/14;7/14;10/15;14/24;15/36;11/21;8/10;2/10;10/21;0;1;2/3;3/7;4/7;1/3;2;2;5;4;4;5;25/60;35/60;16/36;15/24;9/24;20/36;;;;;;;;;;;;;;;;;;;;;;;;;;;;;4;4;1.62;1.74;34.75;28.75;Right-Handed;Right-Handed;https://wtatennis.com/tournament/718/dubai/2019/scores/LS004
33/69;24/58;34/58;36/69;58/93;69/107;19/38;22/35;13/35;19/38;8;1;5/10;7/14;7/14;5/10;13;4;14;14;14;14;99/200;101/200;52/107;46/93;47/93;55/107;12/22;8/21;13/21;10/22;21/36;22/36;9/14;9/15;6/15;5/14;3;0;3/3;2/6;4/6;0/3;5;2;5;5;5;5;40/72;32/72;21/36;17/36;19/36;15/36;11/26;7/15;8/15;15/26;15/26;26/39;5/13;4/11;7/11;8/13;3;1;1/3;2/2;0/2;2/3;4;1;5;5;5;5;31/65;34/65;16/39;11/26;15/26;23/39;10/21;9/22;13/22;11/21;22/31;21/32;5/11;9/9;0/9;6/11;2;0;1/4;3/6;3/6;3/4;4;1;4;4;4;4;28/63;35/63;15/32;18/31;13/31;17/32;2;2;1.68;1.75;31.67;26.25;Right-Handed;Right-Handed;https://wtatennis.com/tournament/718/dubai/2019/scores/LS005
8/31;11/23;12/23;23/31;23/40;31/51;9/20;12/17;5/17;11/20;1;2;1/4;5/7;2/7;3/4;3;4;8;8;8;8;34/91;57/91;17/51;23/40;17/40;34/51;6/18;5/14;9/14;12/18;14/25;18/31;5/13;6/11;5/11;8/13;0;0;1/2;2/2;0/2;1/2;2;1;5;5;5;5;25/56;31/56;11/31;11/25;14/25;20/31;2/13;6/9;3/9;11/13;9/15;13/20;4/7;6/6;0/6;3/7;1;2;0/2;3/5;2/5;2/2;1;3;3;3;3;3;9/35;26/35;6/20;12/15;3/15;14/20;;;;;;;;;;;;;;;;;;;;;;;;;;;;;0;1;1.80;1.82;25.08;33.25;Right-Handed;Left-Handed;https://wtatennis.com/tournament/718/dubai/2019/scores/LS007
24/65;21/64;43/64;41/65;64/95;65/93;15/28;18/31;13/31;13/28;2;9;4/8;4/13;9/13;4/8;5;5;15;14;14;15;95/188;93/188;39/93;39/95;56/95;54/93;5/18;7/29;22/29;13/18;29/38;18/26;4/8;5/9;4/9;4/8;1;4;1/1;0/4;4/4;0/1;4;3;5;5;5;5;35/64;29/64;9/26;12/38;26/38;17/26;5/18;2/5;3/5;13/18;5/16;18/27;4/9;7/11;4/11;5/9;0;3;0/0;2/4;2/4;0/0;0;1;4;3;3;4;16/43;27/43;9/27;9/16;7/16;18/27;14/29;12/30;18/30;15/29;30/41;29/40;7/11;6/11;5/11;4/11;1;2;3/7;2/5;3/5;4/7;1;1;6;6;6;6;44/81;37/81;21/40;18/41;23/41;19/40;1;2;1.69;1.86;37.42;31.25;Right-Handed;Right-Handed;https://wtatennis.com/tournament/718/dubai/2019/scores/LS006
22/54;22/64;42/64;32/54;64/95;54/80;10/26;21/31;10/31;16/26;7;4;4/5;5/12;7/12;1/5;7;6;14;15;15;14;84/175;91/175;32/80;43/95;52/95;48/80;2/13;4/15;11/15;11/13;15/22;13/20;2/7;6/7;1/7;5/7;2;3;0/0;2/4;2/4;0/0;1;0;4;4;4;4;16/42;26/42;4/20;10/22;12/22;16/20;9/10;8/22;14/22;1/10;22/32;10/19;5/9;8/10;2/10;4/9;4;0;3/3;2/4;2/4;0/3;4;3;4;5;5;4;30/51;21/51;14/19;16/32;16/32;5/19;11/31;10/27;17/27;20/31;27/41;31/41;3/10;7/14;7/14;7/10;1;1;1/2;1/4;3/4;1/2;2;3;6;6;6;6;38/82;44/82;14/41;17/41;24/41;27/41;2;2;1.74;1.75;28.75;26.25;Right-Handed;Right-Handed;https://wtatennis.com/tournament/718/dubai/2019/scores/LS002
18/47;25/58;33/58;29/47;58/95;47/90;17/43;16/37;21/37;26/43;1;3;3/7;4/11;7/11;4/7;3;8;14;13;13;14;89/185;96/185;35/90;41/95;54/95;55/90;5/15;4/14;10/14;10/15;14/23;15/26;7/11;2/9;7/9;4/11;0;1;2/2;0/0;0/0;0/2;1;5;5;4;4;5;29/49;20/49;12/26;6/23;17/23;14/26;8/18;8/15;7/15;10/18;15/26;18/35;5/17;5/11;6/11;12/17;1;2;0/4;2/6;4/6;4/4;0;2;4;4;4;4;26/61;35/61;13/35;13/26;13/26;22/35;5/14;13/29;16/29;9/14;29/46;14/29;5/15;9/17;8/17;10/15;0;0;1/1;2/5;3/5;0/1;2;1;5;5;5;5;34/75;41/75;10/29;22/46;24/46;19/29;0;4;1.69;1.82;37.42;33.25;Right-Handed;Left-Handed;https://wtatennis.com/tournament/718/dubai/2019/scores/LS003
15/40;22/51;29/51;25/40;51/79;40/72;18/32;13/28;15/28;14/32;3;3;5/9;4/6;2/6;4/9;4;7;12;12;12;12;77/151;74/151;33/72;35/79;44/79;39/72;8/17;5/14;9/14;9/17;14/23;17/35;11/18;5/9;4/9;7/18;1;1;3/5;1/1;0/1;2/5;1;3;5;4;4;5;32/58;26/58;19/35;10/23;13/23;16/35;3/12;9/17;8/17;9/12;17/25;12/16;1/4;5/8;3/8;3/4;1;1;0/0;3/3;0/3;0/0;3;1;3;4;4;3;15/41;26/41;4/16;14/25;11/25;12/16;4/11;8/20;12/20;7/11;20/31;11/21;6/10;3/11;8/11;4/10;1;1;2/4;0/2;2/2;2/4;0;3;4;4;4;4;30/52;22/52;10/21;11/31;20/31;11/21;2;4;1.75;1.82;26.25;33.25;Right-Handed;Left-Handed;https://wtatennis.com/tournament/718/dubai/2019/scores/LS001
