statut;duration;stage;url_match_stats;player_1_name;player_1_set_1;player_1_set_1_tiebreak;player_1_set_2;player_1_set_2_tiebreak;player_1_set_3;player_1_set_3_tiebreak;player_2_name;player_2_set_1;player_2_set_1_tiebreak;player_2_set_2;player_2_set_2_tiebreak;player_2_set_3;player_2_set_3_tiebreak;scores_link
Completed;1:35;Qualifying;https://wtatennis.com/tournament/718/dubai/2019/scores/RS031;X.Han;4;;6;;0;;M.Doi;6;;3;;6;;https://www.wtatennis.com/tournament/718/dubai/2019/scores
Completed;1:12;Qualifying;https://wtatennis.com/tournament/718/dubai/2019/scores/RS026;L.Arruabarrena;6;;6;;-;;T.Mrdeza;3;;2;;-;;https://www.wtatennis.com/tournament/718/dubai/2019/scores
Completed;0:57;Qualifying;https://wtatennis.com/tournament/718/dubai/2019/scores/RS027;G.Dabrowski;6;;6;;-;;S.Sharipova;2;;1;;-;;https://www.wtatennis.com/tournament/718/dubai/2019/scores
Completed;0:54;Qualifying;https://wtatennis.com/tournament/718/dubai/2019/scores/RS018;S.Voegele;6;;6;;-;;S.Xu;1;;0;;-;;https://www.wtatennis.com/tournament/718/dubai/2019/scores
Completed;0:57;Qualifying;https://wtatennis.com/tournament/718/dubai/2019/scores/RS028;Z.Diyas;6;;6;;-;;S.Lisicki;1;;2;;-;;https://www.wtatennis.com/tournament/718/dubai/2019/scores
Completed;0:59;Qualifying;https://wtatennis.com/tournament/718/dubai/2019/scores/RS030;D.Jurak;3;;1;;-;;M.Frech;6;;6;;-;;https://www.wtatennis.com/tournament/718/dubai/2019/scores
Completed;1:12;Qualifying;https://wtatennis.com/tournament/718/dubai/2019/scores/RS029;A.Raina;1;;1;;-;;M.Niculescu;6;;6;;-;;https://www.wtatennis.com/tournament/718/dubai/2019/scores
Completed;0:53;Qualifying;https://wtatennis.com/tournament/718/dubai/2019/scores/RS019;V.Strakhova;0;;0;;-;;I.Jorovic;6;;6;;-;;https://www.wtatennis.com/tournament/718/dubai/2019/scores
Completed;2:09;Qualifying;https://wtatennis.com/tournament/718/dubai/2019/scores/RS025;I.Bara;7;;0;;5;;L.Zhu;5;;6;;7;;https://www.wtatennis.com/tournament/718/dubai/2019/scores
Completed;0:59;Qualifying;https://wtatennis.com/tournament/718/dubai/2019/scores/RS024;K.Pliskova;4;;2;;-;;L.Samsonova;6;;6;;-;;https://www.wtatennis.com/tournament/718/dubai/2019/scores
Completed;1:32;Qualifying;https://wtatennis.com/tournament/718/dubai/2019/scores/RS023;E.Silva;6;;2;;1;;L.Hradecka;2;;6;;6;;https://www.wtatennis.com/tournament/718/dubai/2019/scores
Completed;2:48;Qualifying;https://wtatennis.com/tournament/718/dubai/2019/scores/RS022;P.Hercog;5;;7;;6;;J.Elbaba;7;;6;7;3;;https://www.wtatennis.com/tournament/718/dubai/2019/scores
Completed;1:30;Qualifying;https://wtatennis.com/tournament/718/dubai/2019/scores/RS021;A.Dulgheru;2;;5;;-;;J.Brady;6;;7;;-;;https://www.wtatennis.com/tournament/718/dubai/2019/scores
Completed;0:51;Qualifying;https://wtatennis.com/tournament/718/dubai/2019/scores/RS016;B.Pera;6;;6;;-;;N.Uberoi;1;;0;;-;;https://www.wtatennis.com/tournament/718/dubai/2019/scores
Completed;1:44;Qualifying;https://wtatennis.com/tournament/718/dubai/2019/scores/RS020;D.Jakupovic;7;;6;;-;;C.Paquet;6;3;3;;-;;https://www.wtatennis.com/tournament/718/dubai/2019/scores
Completed;1:13;Qualifying;https://wtatennis.com/tournament/718/dubai/2019/scores/RS017;A.Muhammad;3;;3;;-;;A.Kalinina;6;;6;;-;;https://www.wtatennis.com/tournament/718/dubai/2019/scores
Completed;2:08;Qualifying;https://wtatennis.com/tournament/718/dubai/2019/scores/RS015;M.Frech;4;;6;;6;;M.Doi;6;;3;;1;;https://www.wtatennis.com/tournament/718/dubai/2019/scores
Completed;1:14;Qualifying;https://wtatennis.com/tournament/718/dubai/2019/scores/RS013;L.Arruabarrena;6;;6;;-;;G.Dabrowski;4;;3;;-;;https://www.wtatennis.com/tournament/718/dubai/2019/scores
Completed;1:51;Qualifying;https://wtatennis.com/tournament/718/dubai/2019/scores/RS011;P.Hercog;6;;5;;0;;L.Hradecka;2;;7;;6;;https://www.wtatennis.com/tournament/718/dubai/2019/scores
Completed;1:28;Qualifying;https://wtatennis.com/tournament/718/dubai/2019/scores/RS014;Z.Diyas;6;;6;;-;;M.Niculescu;4;;4;;-;;https://www.wtatennis.com/tournament/718/dubai/2019/scores
Completed;1:19;Qualifying;https://wtatennis.com/tournament/718/dubai/2019/scores/RS009;S.Voegele;4;;4;;-;;I.Jorovic;6;;6;;-;;https://www.wtatennis.com/tournament/718/dubai/2019/scores
Completed;1:56;Qualifying;https://wtatennis.com/tournament/718/dubai/2019/scores/RS008;B.Pera;4;;6;;6;;A.Kalinina;6;;3;;2;;https://www.wtatennis.com/tournament/718/dubai/2019/scores
Completed;1:10;Qualifying;https://wtatennis.com/tournament/718/dubai/2019/scores/RS012;L.Samsonova;3;;4;;-;;L.Zhu;6;;6;;-;;https://www.wtatennis.com/tournament/718/dubai/2019/scores
Completed;0:56;Qualifying;https://wtatennis.com/tournament/718/dubai/2019/scores/RS010;D.Jakupovic;0;;3;;-;;J.Brady;6;;6;;-;;https://www.wtatennis.com/tournament/718/dubai/2019/scores
Completed;1:21;Round of 64;https://wtatennis.com/tournament/718/dubai/2019/scores/LS041;E.Bouchard;6;;6;;-;;V.Lapko;3;;4;;-;;https://www.wtatennis.com/tournament/718/dubai/2019/scores
Completed;2:06;Round of 64;https://wtatennis.com/tournament/718/dubai/2019/scores/LS036;G.Muguruza;4;;6;;6;;D.Yastremska;6;;3;;3;;https://www.wtatennis.com/tournament/718/dubai/2019/scores
Completed;2:14;Round of 64;https://wtatennis.com/tournament/718/dubai/2019/scores/LS046;I.Jorovic;4;;6;;6;;S.Errani;6;;4;;2;;https://www.wtatennis.com/tournament/718/dubai/2019/scores
Completed;1:40;Round of 64;https://wtatennis.com/tournament/718/dubai/2019/scores/LS045;B.Bencic;6;;7;;-;;L.Hradecka;4;;6;6;-;;https://www.wtatennis.com/tournament/718/dubai/2019/scores
Completed;1:07;Round of 64;https://wtatennis.com/tournament/718/dubai/2019/scores/LS042;L.Tsurenko;6;;2;;-;;Y.Putintseva;3;;0;;-;;https://www.wtatennis.com/tournament/718/dubai/2019/scores
Completed;2:15;Round of 64;https://wtatennis.com/tournament/718/dubai/2019/scores/LS059;M.Frech;3;;6;;4;;D.Kasatkina;6;;3;;6;;https://www.wtatennis.com/tournament/718/dubai/2019/scores
Completed;2:00;Round of 64;https://wtatennis.com/tournament/718/dubai/2019/scores/LS057;V.Kuzmova;7;;7;;-;;B.Pera;6;2;6;3;-;;https://www.wtatennis.com/tournament/718/dubai/2019/scores
Completed;1:25;Round of 64;https://wtatennis.com/tournament/718/dubai/2019/scores/LS053;A.Cornet;6;;6;;-;;T.Babos;4;;3;;-;;https://www.wtatennis.com/tournament/718/dubai/2019/scores
Completed;2:35;Round of 64;https://wtatennis.com/tournament/718/dubai/2019/scores/LS037;A.Tomljanovic;2;;6;;5;;S.Zheng;6;;4;;7;;https://www.wtatennis.com/tournament/718/dubai/2019/scores
Completed;1:11;Round of 64;https://wtatennis.com/tournament/718/dubai/2019/scores/LS033;K.Mladenovic;6;;6;;-;;F.Al Nabhani;1;;1;;-;;https://www.wtatennis.com/tournament/718/dubai/2019/scores
Completed;1:10;Round of 64;https://wtatennis.com/tournament/718/dubai/2019/scores/LS051;S.Hsieh;6;;6;;-;;A.Sevastova;4;;2;;-;;https://www.wtatennis.com/tournament/718/dubai/2019/scores
Completed;2:23;Round of 64;https://wtatennis.com/tournament/718/dubai/2019/scores/LS050;E.Makarova;6;;5;;4;;A.Sasnovich;0;;7;;6;;https://www.wtatennis.com/tournament/718/dubai/2019/scores
Completed;1:02;Round of 64;https://wtatennis.com/tournament/718/dubai/2019/scores/LS060;C.Garcia;6;;6;;-;;A.Pavlyuchenkova;2;;0;;-;;https://www.wtatennis.com/tournament/718/dubai/2019/scores
Completed;1:55;Round of 64;https://wtatennis.com/tournament/718/dubai/2019/scores/LS054;L.Arruabarrena;7;;1;;2;;D.Cibulkova;5;;6;;6;;https://www.wtatennis.com/tournament/718/dubai/2019/scores
Completed;1:13;Round of 64;https://wtatennis.com/tournament/718/dubai/2019/scores/LS044;P.Hercog;3;;2;;-;;S.Voegele;6;;6;;-;;https://www.wtatennis.com/tournament/718/dubai/2019/scores
Completed;2:58;Round of 64;https://wtatennis.com/tournament/718/dubai/2019/scores/LS043;L.Zhu;5;;6;;7;;E.Mertens;7;;4;;5;;https://www.wtatennis.com/tournament/718/dubai/2019/scores
Completed;1:14;Round of 64;https://wtatennis.com/tournament/718/dubai/2019/scores/LS034;B.Strycova;1;;3;;-;;C.Suarez Navarro;6;;6;;-;;https://www.wtatennis.com/tournament/718/dubai/2019/scores
Completed;1:18;Round of 64;https://wtatennis.com/tournament/718/dubai/2019/scores/LS061;J.Brady;6;;6;;-;;J.Ostapenko;4;;0;;-;;https://www.wtatennis.com/tournament/718/dubai/2019/scores
Completed;1:44;Round of 64;https://wtatennis.com/tournament/718/dubai/2019/scores/LS035;S.Zhang;7;;6;;-;;A.Kontaveit;6;3;3;;-;;https://www.wtatennis.com/tournament/718/dubai/2019/scores
Completed;1:41;Round of 64;https://wtatennis.com/tournament/718/dubai/2019/scores/LS062;K.Siniakova;6;;6;;-;;P.Martic;4;;3;;-;;https://www.wtatennis.com/tournament/718/dubai/2019/scores
Completed;1:46;Round of 64;https://wtatennis.com/tournament/718/dubai/2019/scores/LS052;J.Goerges;4;;5;;-;;A.Riske;6;;7;;-;;https://www.wtatennis.com/tournament/718/dubai/2019/scores
Completed;1:11;Round of 64;https://wtatennis.com/tournament/718/dubai/2019/scores/LS058;S.Kenin;6;;6;;-;;M.Buzarnescu;3;;0;;-;;https://www.wtatennis.com/tournament/718/dubai/2019/scores
Completed;1:34;Round of 64;https://wtatennis.com/tournament/718/dubai/2019/scores/LS049;D.Jakupovic;1;;6;;6;;Z.Diyas;6;;1;;2;;https://www.wtatennis.com/tournament/718/dubai/2019/scores
Completed;1:53;Round of 64;https://wtatennis.com/tournament/718/dubai/2019/scores/LS038;O.Jabeur;6;;7;;-;;D.Vekic;4;;6;9;-;;https://www.wtatennis.com/tournament/718/dubai/2019/scores
Completed;1:53;Round of 32;https://wtatennis.com/tournament/718/dubai/2019/scores/LS027;D.Cibulkova;2;;6;;3;;K.Pliskova;6;;3;;6;;https://www.wtatennis.com/tournament/718/dubai/2019/scores
Completed;1:06;Round of 32;https://wtatennis.com/tournament/718/dubai/2019/scores/LS016;N.Osaka;3;;3;;-;;K.Mladenovic;6;;6;;-;;https://www.wtatennis.com/tournament/718/dubai/2019/scores
Completed;1:09;Round of 32;https://wtatennis.com/tournament/718/dubai/2019/scores/LS023;I.Jorovic;4;;0;;-;;A.Sabalenka;6;;6;;-;;https://www.wtatennis.com/tournament/718/dubai/2019/scores
Completed;1:33;Round of 32;https://wtatennis.com/tournament/718/dubai/2019/scores/LS024;A.Kerber;7;;6;;-;;D.Jakupovic;6;4;3;;-;;https://www.wtatennis.com/tournament/718/dubai/2019/scores
Completed;2:28;Round of 32;https://wtatennis.com/tournament/718/dubai/2019/scores/LS021;L.Tsurenko;6;;6;5;6;;L.Zhu;4;;7;;3;;https://www.wtatennis.com/tournament/718/dubai/2019/scores
Completed;0:52;Round of 32;https://wtatennis.com/tournament/718/dubai/2019/scores/LS022;S.Voegele;1;;1;;-;;B.Bencic;6;;6;;-;;https://www.wtatennis.com/tournament/718/dubai/2019/scores
Completed;1:42;Round of 32;https://wtatennis.com/tournament/718/dubai/2019/scores/LS020;S.Halep;7;;6;;-;;E.Bouchard;6;4;4;;-;;https://www.wtatennis.com/tournament/718/dubai/2019/scores
Completed;1:38;Round of 32;https://wtatennis.com/tournament/718/dubai/2019/scores/LS030;C.Garcia;4;;5;;-;;J.Brady;6;;7;;-;;https://www.wtatennis.com/tournament/718/dubai/2019/scores
Completed;1:33;Round of 32;https://wtatennis.com/tournament/718/dubai/2019/scores/LS018;G.Muguruza;7;;6;;-;;S.Zheng;5;;2;;-;;https://www.wtatennis.com/tournament/718/dubai/2019/scores
Completed;1:41;Round of 32;https://wtatennis.com/tournament/718/dubai/2019/scores/LS017;C.Suarez Navarro;6;;6;;-;;S.Zhang;4;;4;;-;;https://www.wtatennis.com/tournament/718/dubai/2019/scores
Completed;1:19;Round of 32;https://wtatennis.com/tournament/718/dubai/2019/scores/LS019;O.Jabeur;6;4;0;;-;;E.Svitolina;7;;4;;-;;https://www.wtatennis.com/tournament/718/dubai/2019/scores
Completed;1:18;Round of 32;https://wtatennis.com/tournament/718/dubai/2019/scores/LS026;A.Riske;6;;6;;-;;A.Cornet;2;;3;;-;;https://www.wtatennis.com/tournament/718/dubai/2019/scores
Completed;1:08;Round of 32;https://wtatennis.com/tournament/718/dubai/2019/scores/LS025;A.Sasnovich;1;;2;;-;;S.Hsieh;6;;6;;-;;https://www.wtatennis.com/tournament/718/dubai/2019/scores
Completed;1:40;Round of 32;https://wtatennis.com/tournament/718/dubai/2019/scores/LS029;S.Kenin;6;;2;;6;;D.Kasatkina;3;;6;;4;;https://www.wtatennis.com/tournament/718/dubai/2019/scores
Completed;2:11;Round of 32;https://wtatennis.com/tournament/718/dubai/2019/scores/LS028;K.Bertens;2;;6;;6;6;V.Kuzmova;6;;4;;7;;https://www.wtatennis.com/tournament/718/dubai/2019/scores
Completed;2:34;Round of 32;https://wtatennis.com/tournament/718/dubai/2019/scores/LS031;K.Siniakova;7;;4;;4;;P.Kvitova;6;3;6;;6;;https://www.wtatennis.com/tournament/718/dubai/2019/scores
Completed;2:26;Round of 16;https://wtatennis.com/tournament/718/dubai/2019/scores/LS011;B.Bencic;6;;2;;7;;A.Sabalenka;4;;6;;6;7;https://www.wtatennis.com/tournament/718/dubai/2019/scores
Completed;1:02;Round of 16;https://wtatennis.com/tournament/718/dubai/2019/scores/LS009;G.Muguruza;1;;2;;-;;E.Svitolina;6;;6;;-;;https://www.wtatennis.com/tournament/718/dubai/2019/scores
Completed;2:04;Round of 16;https://wtatennis.com/tournament/718/dubai/2019/scores/LS013;A.Riske;6;3;6;5;-;;K.Pliskova;7;;7;;-;;https://www.wtatennis.com/tournament/718/dubai/2019/scores
Completed;1:53;Round of 16;https://wtatennis.com/tournament/718/dubai/2019/scores/LS008;K.Mladenovic;5;;5;;-;;C.Suarez Navarro;7;;7;;-;;https://www.wtatennis.com/tournament/718/dubai/2019/scores
Completed;1:44;Round of 16;https://wtatennis.com/tournament/718/dubai/2019/scores/LS012;A.Kerber;7;;4;;0;;S.Hsieh;5;;6;;6;;https://www.wtatennis.com/tournament/718/dubai/2019/scores
Completed;1:20;Round of 16;https://wtatennis.com/tournament/718/dubai/2019/scores/LS010;S.Halep;6;;7;;-;;L.Tsurenko;3;;5;;-;;https://www.wtatennis.com/tournament/718/dubai/2019/scores
Completed;2:16;Round of 16;https://wtatennis.com/tournament/718/dubai/2019/scores/LS014;V.Kuzmova;1;;7;;6;;S.Kenin;6;;5;;2;;https://www.wtatennis.com/tournament/718/dubai/2019/scores
Completed;2:12;Round of 16;https://wtatennis.com/tournament/718/dubai/2019/scores/LS015;J.Brady;5;;6;;3;;P.Kvitova;7;;1;;6;;https://www.wtatennis.com/tournament/718/dubai/2019/scores
Completed;1:18;Quarterfinal;https://wtatennis.com/tournament/718/dubai/2019/scores/LS004;C.Suarez Navarro;2;;3;;-;;E.Svitolina;6;;6;;-;;https://www.wtatennis.com/tournament/718/dubai/2019/scores
Completed;2:17;Quarterfinal;https://wtatennis.com/tournament/718/dubai/2019/scores/LS005;S.Halep;6;;4;;2;;B.Bencic;4;;6;;6;;https://www.wtatennis.com/tournament/718/dubai/2019/scores
Completed;1:02;Quarterfinal;https://wtatennis.com/tournament/718/dubai/2019/scores/LS007;V.Kuzmova;4;;0;;-;;P.Kvitova;6;;6;;-;;https://www.wtatennis.com/tournament/718/dubai/2019/scores
Completed;1:59;Quarterfinal;https://wtatennis.com/tournament/718/dubai/2019/scores/LS006;S.Hsieh;6;;1;;7;;K.Pliskova;4;;6;;5;;https://www.wtatennis.com/tournament/718/dubai/2019/scores
Completed;1:58;Semifinal;https://wtatennis.com/tournament/718/dubai/2019/scores/LS002;E.Svitolina;2;;6;;6;3;B.Bencic;6;;3;;7;;https://www.wtatennis.com/tournament/718/dubai/2019/scores
Completed;2:09;Semifinal;https://wtatennis.com/tournament/718/dubai/2019/scores/LS003;S.Hsieh;6;;2;;4;;P.Kvitova;3;;6;;6;;https://www.wtatennis.com/tournament/718/dubai/2019/scores
Completed;1:43;Final;https://wtatennis.com/tournament/718/dubai/2019/scores/LS001;B.Bencic;6;;1;;6;;P.Kvitova;3;;6;;2;;https://www.wtatennis.com/tournament/718/dubai/2019/scores
