match_1st Return Points Won_player_1;match_1st Return Points Won_player_2;match_1st Serve Points Won_player_1;match_1st Serve Points Won_player_2;match_1st Serve_player_1;match_1st Serve_player_2;match_2nd Return Points Won_player_1;match_2nd Return Points Won_player_2;match_2nd Serve Points Won_player_1;match_2nd Serve Points Won_player_2;match_Aces_player_1;match_Aces_player_2;match_Break Points Converted_player_1;match_Break Points Converted_player_2;match_Break Points Saved_player_1;match_Break Points Saved_player_2;match_Double Faults_player_1;match_Double Faults_player_2;match_Return Games Played_player_1;match_Return Games Played_player_2;match_Service Games Played_player_1;match_Service Games Played_player_2;match_Total Points Won_player_1;match_Total Points Won_player_2;match_Total Return Points Won_player_1;match_Total Return Points Won_player_2;match_Total Service Points Won_player_1;match_Total Service Points Won_player_2;set1_1st Return Points Won_player_1;set1_1st Return Points Won_player_2;set1_1st Serve Points Won_player_1;set1_1st Serve Points Won_player_2;set1_1st Serve_player_1;set1_1st Serve_player_2;set1_2nd Return Points Won_player_1;set1_2nd Return Points Won_player_2;set1_2nd Serve Points Won_player_1;set1_2nd Serve Points Won_player_2;set1_Aces_player_1;set1_Aces_player_2;set1_Break Points Converted_player_1;set1_Break Points Converted_player_2;set1_Break Points Saved_player_1;set1_Break Points Saved_player_2;set1_Double Faults_player_1;set1_Double Faults_player_2;set1_Return Games Played_player_1;set1_Return Games Played_player_2;set1_Service Games Played_player_1;set1_Service Games Played_player_2;set1_Total Points Won_player_1;set1_Total Points Won_player_2;set1_Total Return Points Won_player_1;set1_Total Return Points Won_player_2;set1_Total Service Points Won_player_1;set1_Total Service Points Won_player_2;set2_1st Return Points Won_player_1;set2_1st Return Points Won_player_2;set2_1st Serve Points Won_player_1;set2_1st Serve Points Won_player_2;set2_1st Serve_player_1;set2_1st Serve_player_2;set2_2nd Return Points Won_player_1;set2_2nd Return Points Won_player_2;set2_2nd Serve Points Won_player_1;set2_2nd Serve Points Won_player_2;set2_Aces_player_1;set2_Aces_player_2;set2_Break Points Converted_player_1;set2_Break Points Converted_player_2;set2_Break Points Saved_player_1;set2_Break Points Saved_player_2;set2_Double Faults_player_1;set2_Double Faults_player_2;set2_Return Games Played_player_1;set2_Return Games Played_player_2;set2_Service Games Played_player_1;set2_Service Games Played_player_2;set2_Total Points Won_player_1;set2_Total Points Won_player_2;set2_Total Return Points Won_player_1;set2_Total Return Points Won_player_2;set2_Total Service Points Won_player_1;set2_Total Service Points Won_player_2;h2h_wins_player_1;h2h_wins_player_2;Height_player_1;Height_player_2;Date of Birth_player_1;Date of Birth_player_2;Plays_player_1;Plays_player_2;url_match_stats;set3_1st Return Points Won_player_1;set3_1st Return Points Won_player_2;set3_1st Serve Points Won_player_1;set3_1st Serve Points Won_player_2;set3_1st Serve_player_1;set3_1st Serve_player_2;set3_2nd Return Points Won_player_1;set3_2nd Return Points Won_player_2;set3_2nd Serve Points Won_player_1;set3_2nd Serve Points Won_player_2;set3_Aces_player_1;set3_Aces_player_2;set3_Break Points Converted_player_1;set3_Break Points Converted_player_2;set3_Break Points Saved_player_1;set3_Break Points Saved_player_2;set3_Double Faults_player_1;set3_Double Faults_player_2;set3_Return Games Played_player_1;set3_Return Games Played_player_2;set3_Service Games Played_player_1;set3_Service Games Played_player_2;set3_Total Points Won_player_1;set3_Total Points Won_player_2;set3_Total Return Points Won_player_1;set3_Total Return Points Won_player_2;set3_Total Service Points Won_player_1;set3_Total Service Points Won_player_2
19/31;20/53;33/53;12/31;53/80;31/55;13/24;16/27;11/27;11/24;1;0;6/10;3/14;11/14;4/10;3;1;8;9;9;8;76/135;59/135;32/55;36/80;44/80;23/55;10/17;13/34;21/34;7/17;34/46;17/26;5/9;9/12;3/12;4/9;1;0;3/5;2/9;7/9;2/5;3;0;4;5;5;4;39/72;33/72;15/26;22/46;24/46;11/26;9/14;7/19;12/19;5/14;19/34;14/29;8/15;7/15;8/15;7/15;0;0;3/5;1/5;4/5;2/5;0;1;4;4;4;4;37/63;26/63;17/29;14/34;20/34;12/29;1;0;1.62;1.67;34.75;41.08;Right-Handed;Right-Handed;https://wtatennis.com/tournament/806/montreal/2018/scores/RS032;;;;;;;;;;;;;;;;;;;;;;;;;;;;
14/35;12/43;31/43;21/35;43/55;35/54;8/19;3/12;9/12;11/19;5;0;3/4;1/4;3/4;1/4;0;0;9;10;10;9;62/109;47/109;22/54;15/55;40/55;32/54;4/11;5/19;14/19;7/11;19/25;11/20;5/9;2/6;4/6;4/9;4;0;2/3;1/2;1/2;1/3;0;0;4;5;5;4;27/45;18/45;9/20;7/25;18/25;11/20;10/24;7/24;17/24;14/24;24/30;24/34;3/10;1/6;5/6;7/10;1;0;1/1;0/2;2/2;0/1;0;0;5;5;5;5;35/64;29/64;13/34;8/30;22/30;21/34;1;0;1.78;1.82;24.75;33.67;Right-Handed;Right-Handed;https://wtatennis.com/tournament/806/montreal/2018/scores/RS051;;;;;;;;;;;;;;;;;;;;;;;;;;;;
11/29;7/35;28/35;18/29;35/60;29/59;15/30;11/25;14/25;15/30;4;2;3/7;0/2;2/2;4/7;3;5;8;9;9;8;68/119;51/119;26/59;18/60;42/60;33/59;5/12;5/20;15/20;7/12;20/33;12/26;9/14;7/13;6/13;5/14;2;0;2/5;0/2;2/2;3/5;2;5;3;4;4;3;35/59;24/59;14/26;12/33;21/33;12/26;6/17;2/15;13/15;11/17;15/27;17/33;6/16;4/12;8/12;10/16;2;2;1/2;0/0;0/0;1/2;1;0;5;5;5;5;33/60;27/60;12/33;6/27;21/27;21/33;2;1;1.65;1.68;37.42;38.17;Right-Handed;Right-Handed;https://wtatennis.com/tournament/806/montreal/2018/scores/RS036;;;;;;;;;;;;;;;;;;;;;;;;;;;;
11/28;10/37;27/37;17/28;37/61;28/50;12/22;9/24;15/24;10/22;5;1;4/7;1/6;5/6;3/7;3;3;9;9;9;9;65/111;46/111;23/50;19/61;42/61;27/50;3/10;1/17;16/17;7/10;17/28;10/21;4/11;5/11;6/11;7/11;4;1;1/2;0/2;2/2;1/2;2;1;4;5;5;4;29/49;20/49;7/21;6/28;22/28;14/21;8/18;9/20;11/20;10/18;20/33;18/29;8/11;4/13;9/13;3/11;1;0;3/5;1/4;3/4;2/5;1;2;5;4;4;5;36/62;26/62;16/29;13/33;20/33;13/29;1;0;1.70;1.70;29.67;22.75;Right-Handed;Right-Handed;https://wtatennis.com/tournament/806/montreal/2018/scores/RS050;;;;;;;;;;;;;;;;;;;;;;;;;;;;
19/45;15/31;16/31;26/45;31/61;45/54;3/9;22/30;8/30;6/9;0;1;3/8;6/13;7/13;5/8;6;1;9;8;8;9;46/115;69/115;22/54;37/61;24/61;32/54;9/19;9/21;12/21;10/19;21/39;19/24;0/5;13/18;5/18;5/5;0;0;1/1;3/8;5/8;0/1;5;0;4;4;4;4;26/63;37/63;9/24;22/39;17/39;15/24;10/26;6/10;4/10;16/26;10/22;26/30;3/4;9/12;3/12;1/4;0;1;2/7;3/5;2/5;5/7;1;1;5;4;4;5;20/52;32/52;13/30;15/22;7/22;17/30;0;1;1.70;1.71;29.83;33.83;Right-Handed;Right-Handed;https://wtatennis.com/tournament/806/montreal/2018/scores/RS046;;;;;;;;;;;;;;;;;;;;;;;;;;;;
7/34;9/22;13/22;27/34;22/48;34/48;7/14;15/26;11/26;7/14;1;5;0/4;3/6;3/6;4/4;3;2;7;8;8;7;38/96;58/96;14/48;24/48;24/48;34/48;5/22;6/17;11/17;17/22;17/36;22/33;6/11;11/19;8/19;5/11;1;3;0/4;2/5;3/5;4/4;2;2;4;5;5;4;30/69;39/69;11/33;17/36;19/36;22/33;2/12;3/5;2/5;10/12;5/12;12/15;1/3;4/7;3/7;2/3;0;2;0/0;1/1;0/1;0/0;1;0;3;3;3;3;8/27;19/27;3/15;7/12;5/12;12/15;0;2;1.71;1.71;25.5;30.5;Right-Handed;Right-Handed;https://wtatennis.com/tournament/806/montreal/2018/scores/RS055;;;;;;;;;;;;;;;;;;;;;;;;;;;;
9/23;13/38;25/38;14/23;38/59;23/43;12/20;9/21;12/21;8/20;1;2;4/6;1/3;2/3;2/6;2;5;8;9;9;8;58/102;44/102;21/43;22/59;37/59;22/43;6/14;8/21;13/21;8/14;21/34;14/23;4/9;6/13;7/13;5/9;1;1;2/4;1/3;2/3;2/4;1;1;4;5;5;4;30/57;27/57;10/23;14/34;20/34;13/23;3/9;5/17;12/17;6/9;17/25;9/20;8/11;3/8;5/8;3/11;0;1;2/2;0/0;0/0;0/2;1;4;4;4;4;4;28/45;17/45;11/20;8/25;17/25;9/20;1;0;1.68;1.66;20.75;37.5;Left-Handed;Right-Handed;https://wtatennis.com/tournament/806/montreal/2018/scores/RS035;;;;;;;;;;;;;;;;;;;;;;;;;;;;
21/53;22/54;32/54;32/53;54/104;53/90;22/37;33/50;17/50;15/37;6;1;7/13;8/19;11/19;6/13;8;5;14;13;13;14;92/194;102/194;43/90;55/104;49/104;47/90;3/14;9/18;9/18;11/14;18/32;14/30;10/16;10/14;4/14;6/16;1;0;2/2;3/9;6/9;0/2;3;2;5;4;4;5;26/62;36/62;13/30;19/32;13/32;17/30;11/18;6/17;11/17;7/18;17/37;18/27;7/9;13/20;7/20;2/9;2;1;4/8;3/5;2/5;4/8;5;3;4;5;5;4;36/64;28/64;18/27;19/37;18/37;9/27;0;1;1.63;1.75;33.08;36.83;Right-Handed;Right-Handed;https://wtatennis.com/tournament/806/montreal/2018/scores/RS033;7/21;7/19;12/19;14/21;19/35;21/33;5/12;10/16;6/16;7/12;3;0;1/3;2/5;3/5;2/3;0;0;5;4;4;5;30/68;38/68;12/33;17/35;18/35;21/33
19/38;5/25;20/25;19/38;25/41;38/57;14/19;9/16;7/16;5/19;1;1;6/15;2/3;1/3;9/15;2;3;8;8;8;8;60/98;38/98;33/57;14/41;27/41;24/57;12/30;2/11;9/11;18/30;11/20;30/42;9/12;5/9;4/9;3/12;1;1;3/11;1/1;0/1;8/11;0;3;5;4;4;5;34/62;28/62;21/42;7/20;13/20;21/42;7/8;3/14;11/14;1/8;14/21;8/15;5/7;4/7;3/7;2/7;0;0;3/4;1/2;1/2;1/4;2;0;3;4;4;3;26/36;10/36;12/15;7/21;14/21;3/15;1;0;1.75;;32.92;39.67;Right-Handed;Right-Handed;https://wtatennis.com/tournament/806/montreal/2018/scores/RS052;;;;;;;;;;;;;;;;;;;;;;;;;;;;
22/52;14/52;38/52;30/52;52/84;52/90;19/38;18/32;14/32;19/38;8;3;4/9;3/6;3/6;5/9;3;8;11;11;11;11;93/174;81/174;41/90;32/84;52/84;49/90;9/20;5/21;16/21;11/20;21/35;20/41;11/21;8/14;6/14;10/21;1;2;2/5;1/3;2/3;3/5;1;5;5;5;5;5;42/76;34/76;20/41;13/35;22/35;21/41;13/32;9/31;22/31;19/32;31/49;32/49;8/17;10/18;8/18;9/17;7;1;2/4;2/3;1/3;2/4;2;3;6;6;6;6;51/98;47/98;21/49;19/49;30/49;28/49;1;0;1.77;;36.33;24.42;Left-Handed;Right-Handed;https://wtatennis.com/tournament/806/montreal/2018/scores/RS042;;;;;;;;;;;;;;;;;;;;;;;;;;;;
15/53;18/59;41/59;38/53;59/100;53/92;25/39;19/41;22/41;14/39;4;7;5/16;3/12;9/12;11/16;7;12;15;15;15;15;103/192;89/192;40/92;37/100;63/100;52/92;5/25;10/29;19/29;20/25;29/46;25/38;9/13;10/17;7/17;4/13;3;4;1/5;2/7;5/7;4/5;5;4;6;6;6;6;40/84;44/84;14/38;20/46;26/46;24/38;7/18;5/17;12/17;11/18;17/30;18/32;9/14;6/13;7/13;5/14;0;1;2/7;1/4;3/4;5/7;2;4;5;5;5;5;35/62;27/62;16/32;11/30;19/30;16/32;1;0;1.70;;24.58;22.0;Right-Handed;N/A;https://wtatennis.com/tournament/806/montreal/2018/scores/RS054;3/10;3/13;10/13;7/10;13/24;10/22;7/12;3/11;8/11;5/12;1;2;2/4;0/1;1/1;2/4;0;4;4;4;4;4;28/46;18/46;10/22;6/24;18/24;12/22
8/24;18/32;14/32;16/24;32/54;24/42;7/18;14/22;8/22;11/18;1;1;2/2;6/14;8/14;0/2;2;1;8;7;7;8;37/96;59/96;15/42;32/54;22/54;27/42;5/12;12/20;8/20;7/12;20/34;12/21;5/9;9/14;5/14;4/9;0;0;2/2;4/9;5/9;0/2;1;1;4;4;4;4;23/55;32/55;10/21;21/34;13/34;11/21;3/12;6/12;6/12;9/12;12/20;12/21;2/9;5/8;3/8;7/9;1;1;0/0;2/5;3/5;0/0;1;0;4;3;3;4;14/41;27/41;5/21;11/20;9/20;16/21;0;1;;1.63;23.17;28.08;N/A;Right-Handed;https://wtatennis.com/tournament/806/montreal/2018/scores/RS039;;;;;;;;;;;;;;;;;;;;;;;;;;;;
5/38;7/36;29/36;33/38;36/70;38/80;25/42;15/34;19/34;17/42;15;5;4/6;2/2;0/2;2/6;2;8;14;13;13;14;78/150;72/150;30/80;22/70;48/70;50/80;2/14;5/11;6/11;12/14;11/20;14/28;7/14;4/9;5/9;7/14;1;2;1/1;2/2;0/2;0/1;0;3;5;4;4;5;20/48;28/48;9/28;9/20;11/20;19/28;1/10;2/13;11/13;9/10;13/30;10/20;5/10;7/17;10/17;5/10;5;2;1/1;0/0;0/0;0/1;0;1;4;5;5;4;27/50;23/50;6/20;9/30;21/30;14/20;1;0;1.83;1.84;32.5;24.67;Right-Handed;Right-Handed;https://wtatennis.com/tournament/806/montreal/2018/scores/RS041;2/14;0/12;12/12;12/14;12/20;14/32;13/18;4/8;4/8;5/18;9;1;2/4;0/0;0/0;2/4;2;4;5;4;4;5;31/52;21/52;15/32;4/20;16/20;17/32
7/27;14/30;16/30;20/27;30/50;27/49;10/22;12/20;8/20;12/22;0;4;1/5;5/7;2/7;4/5;3;1;8;8;8;8;41/99;58/99;17/49;26/50;24/50;32/49;5/18;7/17;10/17;13/18;17/29;18/29;8/11;9/12;3/12;3/11;0;2;1/5;3/5;2/5;4/5;3;1;4;4;4;4;26/58;32/58;13/29;16/29;13/29;16/29;2/9;7/13;6/13;7/9;13/21;9/20;2/11;3/8;5/8;9/11;0;2;0/0;2/2;0/2;0/0;0;0;4;4;4;4;15/41;26/41;4/20;10/21;11/21;16/20;0;1;;1.70;30.0;32.17;N/A;Right-Handed;https://wtatennis.com/tournament/806/montreal/2018/scores/RS045;;;;;;;;;;;;;;;;;;;;;;;;;;;;
22/65;11/41;30/41;43/65;41/80;65/104;22/39;14/39;25/39;17/39;3;11;2/12;2/4;2/4;10/12;6;5;12;12;12;12;99/184;85/184;44/104;25/80;55/80;60/104;13/37;9/25;16/25;24/37;25/42;37/56;10/19;5/17;12/17;9/19;1;6;1/7;1/3;2/3;6/7;2;2;6;6;6;6;51/98;47/98;23/56;14/42;28/42;33/56;9/28;2/16;14/16;19/28;16/38;28/48;12/20;9/22;13/22;8/20;2;5;1/5;1/1;0/1;4/5;4;3;6;6;6;6;48/86;38/86;21/48;11/38;27/38;27/48;3;1;1.70;1.70;31.08;33.25;Right-Handed;Right-Handed;https://wtatennis.com/tournament/806/montreal/2018/scores/RS053;;;;;;;;;;;;;;;;;;;;;;;;;;;;
16/33;7/31;24/31;17/33;31/45;33/61;17/28;8/14;6/14;11/28;0;3;5/8;2/2;0/2;3/8;4;7;9;9;9;9;63/106;43/106;33/61;15/45;30/45;28/61;10/20;4/15;11/15;10/20;15/20;20/36;10/16;3/5;2/5;6/16;0;1;3/5;1/1;0/1;2/5;1;6;5;4;4;5;33/56;23/56;20/36;7/20;13/20;16/36;6/13;3/16;13/16;7/13;16/25;13/25;7/12;5/9;4/9;5/12;0;2;2/3;1/1;0/1;1/3;3;1;4;5;5;4;30/50;20/50;13/25;8/25;17/25;12/25;1;1;1.68;1.75;35.67;28.58;Right-Handed;Right-Handed;https://wtatennis.com/tournament/806/montreal/2018/scores/RS044;;;;;;;;;;;;;;;;;;;;;;;;;;;;
6/29;16/30;14/30;23/29;30/51;29/59;17/30;13/21;8/21;13/30;0;9;1/6;5/6;1/6;5/6;4;2;8;7;7;8;45/110;65/110;23/59;29/51;22/51;36/59;4/16;9/14;5/14;12/16;14/21;16/34;11/18;5/7;2/7;7/18;0;3;1/5;3/3;0/3;4/5;1;2;4;3;3;4;22/55;33/55;15/34;14/21;7/21;19/34;2/13;7/16;9/16;11/13;16/30;13/25;6/12;8/14;6/14;6/12;0;6;0/1;2/3;1/3;1/1;3;0;4;4;4;4;23/55;32/55;8/25;15/30;15/30;17/25;0;3;1.63;1.78;31.42;28.17;Right-Handed;Right-Handed;https://wtatennis.com/tournament/806/montreal/2018/scores/RS043;;;;;;;;;;;;;;;;;;;;;;;;;;;;
4/27;12/25;13/25;23/27;25/45;27/46;10/19;12/20;8/20;9/19;5;2;0/1;5/8;3/8;1/1;4;5;7;8;8;7;35/91;56/91;14/46;24/45;21/45;32/46;2/12;7/11;4/11;10/12;11/21;12/22;5/10;5/10;5/10;5/10;1;0;0/1;3/4;1/4;1/1;2;4;3;4;4;3;16/43;27/43;7/22;12/21;9/21;15/22;2/15;5/14;9/14;13/15;14/24;15/24;5/9;7/10;3/10;4/9;4;2;0/0;2/4;2/4;0/0;2;1;4;4;4;4;19/48;29/48;7/24;12/24;12/24;17/24;0;1;1.78;1.76;31.17;28.5;Right-Handed;Left-Handed;https://wtatennis.com/tournament/806/montreal/2018/scores/RS049;;;;;;;;;;;;;;;;;;;;;;;;;;;;
12/47;13/38;25/38;35/47;38/61;47/72;12/25;10/23;13/23;13/25;3;2;1/3;2/5;3/5;2/3;3;6;11;10;10;11;62/133;71/133;24/72;23/61;38/61;48/72;7/25;3/11;8/11;18/25;11/21;25/36;5/11;5/10;5/10;6/11;1;1;0/2;1/1;0/1;2/2;1;3;5;4;4;5;25/57;32/57;12/36;8/21;13/21;24/36;5/22;10/27;17/27;17/22;27/40;22/36;7/14;5/13;8/13;7/14;2;1;1/1;1/4;3/4;0/1;2;3;6;6;6;6;37/76;39/76;12/36;15/40;25/40;24/36;0;1;1.75;;39.17;23.5;Right-Handed;Right-Handed;https://wtatennis.com/tournament/806/montreal/2018/scores/RS048;;;;;;;;;;;;;;;;;;;;;;;;;;;;
0/0;0/0;0/0;0/0;0/0;0/0;0/0;0/0;0/0;0/0;0;0;0/0;0/0;0/0;0/0;0;0;0;0;0;0;0/0;0/0;0/0;0/0;0/0;0/0;0/0;0/0;0/0;0/0;0/0;0/0;0/0;0/0;0/0;0/0;0;0;0/0;0/0;0/0;0/0;0;0;0;0;0;0;0/0;0/0;0/0;0/0;0/0;0/0;;;;;;;;;;;;;;;;;;;;;;;;;;;;;0;0;1.68;1.70;25.5;29.33;Right-Handed;Right-Handed;https://wtatennis.com/tournament/806/montreal/2018/scores/RS047;;;;;;;;;;;;;;;;;;;;;;;;;;;;
0/0;0/0;0/0;0/0;0/0;0/0;0/0;0/0;0/0;0/0;0;0;0/0;0/0;0/0;0/0;0;0;0;0;0;0;0/0;0/0;0/0;0/0;0/0;0/0;0/0;0/0;0/0;0/0;0/0;0/0;0/0;0/0;0/0;0/0;0;0;0/0;0/0;0/0;0/0;0;0;0;0;0;0;0/0;0/0;0/0;0/0;0/0;0/0;;;;;;;;;;;;;;;;;;;;;;;;;;;;;0;0;1.72;1.78;31.42;28.75;Right-Handed;Left-Handed;https://wtatennis.com/tournament/806/montreal/2018/scores/RS040;;;;;;;;;;;;;;;;;;;;;;;;;;;;
0/0;0/0;0/0;0/0;0/0;0/0;0/0;0/0;0/0;0/0;0;0;0/0;0/0;0/0;0/0;0;0;0;0;0;0;0/0;0/0;0/0;0/0;0/0;0/0;0/0;0/0;0/0;0/0;0/0;0/0;0/0;0/0;0/0;0/0;0;0;0/0;0/0;0/0;0/0;0;0;0;0;0;0;0/0;0/0;0/0;0/0;0/0;0/0;;;;;;;;;;;;;;;;;;;;;;;;;;;;;1;0;1.63;1.78;28.42;27.5;Right-Handed;Right-Handed;https://wtatennis.com/tournament/806/montreal/2018/scores/RS038;;;;;;;;;;;;;;;;;;;;;;;;;;;;
4/7;0/10;10/10;3/7;10/12;7/18;9/11;0/2;2/2;2/11;2;1;3/4;0/0;0/0;1/4;0;3;3;3;3;3;25/30;5/30;13/18;0/12;12/12;5/18;4/7;0/10;10/10;3/7;10/12;7/18;9/11;0/2;2/2;2/11;2;1;3/4;0/0;0/0;1/4;0;3;3;3;3;3;25/30;5/30;13/18;0/12;12/12;5/18;0/0;0/0;0/0;0/0;0/0;0/0;0/0;0/0;0/0;0/0;0;0;0/0;0/0;0/0;0/0;0;0;0;0;0;0;0/0;0/0;0/0;0/0;0/0;0/0;3;2;1.62;1.75;34.75;36.83;Right-Handed;Right-Handed;https://wtatennis.com/tournament/806/montreal/2018/scores/RS016;;;;;;;;;;;;;;;;;;;;;;;;;;;;
18/52;25/60;35/60;34/52;60/91;52/87;16/35;18/31;13/31;19/35;2;9;4/9;6/12;6/12;5/9;5;4;14;14;14;14;82/178;96/178;34/87;43/91;48/91;53/87;8/16;8/21;13/21;8/16;21/28;16/29;8/13;4/7;3/7;5/13;1;3;3/5;2/3;1/3;2/5;1;4;5;5;5;5;32/57;25/57;16/29;12/28;16/28;13/29;1/12;6/15;9/15;11/12;15/23;12/17;0/5;6/8;2/8;5/5;0;3;0/0;2/3;1/3;0/0;2;0;4;4;4;4;12/40;28/40;1/17;12/23;11/23;16/17;1;1;1.70;1.71;24.58;30.5;Right-Handed;Right-Handed;https://wtatennis.com/tournament/806/montreal/2018/scores/RS027;9/24;11/24;13/24;15/24;24/40;24/41;8/17;8/16;8/16;9/17;1;3;1/4;2/6;4/6;3/4;2;0;5;5;5;5;38/81;43/81;17/41;19/40;21/40;24/41
17/60;28/66;38/66;43/60;66/103;60/102;21/42;15/37;22/37;21/42;5;8;2/13;4/14;10/14;11/13;1;5;14;14;14;14;98/205;107/205;38/102;43/103;60/103;64/102;2/19;8/17;9/17;17/19;17/25;19/26;4/7;2/8;6/8;3/7;3;3;0/0;1/3;2/3;0/0;1;2;5;4;4;5;21/51;30/51;6/26;10/25;15/25;20/26;9/20;9/29;20/29;11/20;29/43;20/46;13/26;8/14;6/14;13/26;1;1;2/10;1/4;3/4;8/10;0;3;5;5;5;5;48/89;41/89;22/46;17/43;26/43;24/46;0;1;1.70;1.78;29.67;24.75;Right-Handed;Right-Handed;https://wtatennis.com/tournament/806/montreal/2018/scores/RS025;6/21;11/20;9/20;15/21;20/35;21/30;4/9;5/15;10/15;5/9;1;4;0/3;2/7;5/7;3/3;0;0;4;5;5;4;29/65;36/65;10/30;16/35;19/35;20/30
21/55;16/50;34/50;34/55;50/91;55/96;24/41;25/41;16/41;17/41;5;3;6/15;5/11;6/11;9/15;6;9;14;13;13;14;95/187;92/187;45/96;41/91;50/91;51/96;6/15;5/10;5/10;9/15;10/22;15/27;6/12;11/12;1/12;6/12;2;0;2/5;4/5;1/5;3/5;3;4;4;4;4;4;18/49;31/49;12/27;16/22;6/22;15/27;6/20;4/16;12/16;14/20;16/25;20/36;12/16;3/9;6/9;4/16;1;1;2/5;0/3;3/3;3/5;1;5;5;4;4;5;36/61;25/61;18/36;7/25;18/25;18/36;1;0;1.82;1.68;26.83;20.75;Right-Handed;Left-Handed;https://wtatennis.com/tournament/806/montreal/2018/scores/RS017;9/20;7/24;17/24;11/20;24/44;20/33;6/13;11/20;9/20;7/13;2;2;2/5;1/3;2/3;3/5;2;0;5;5;5;5;41/77;36/77;15/33;18/44;26/44;18/33
12/32;15/42;27/42;20/32;42/82;32/64;22/32;22/40;18/40;10/32;5;4;6/7;4/11;7/11;1/7;5;10;11;11;11;11;79/146;67/146;34/64;37/82;45/82;30/64;0/8;6/12;6/12;8/8;12/25;8/17;5/9;9/13;4/13;4/9;0;1;0/0;3/4;1/4;0/0;4;2;3;4;4;3;15/42;27/42;5/17;15/25;10/25;12/17;7/13;4/16;12/16;6/13;16/32;13/22;7/9;9/16;7/16;2/9;4;3;3/3;0/5;5/5;0/3;0;3;4;3;3;4;33/54;21/54;14/22;13/32;19/32;8/22;2;2;1.65;1.74;37.42;36.83;Right-Handed;Right-Handed;https://wtatennis.com/tournament/806/montreal/2018/scores/RS018;5/11;5/14;9/14;6/11;14/25;11/25;10/14;4/11;7/11;4/14;1;0;3/4;1/2;1/2;1/4;1;5;4;4;4;4;31/50;19/50;15/25;9/25;16/25;10/25
17/42;10/50;40/50;25/42;50/81;42/93;27/51;17/31;14/31;24/51;4;4;5/19;2/3;1/3;14/19;5;6;13;13;13;13;98/174;76/174;44/93;27/81;54/81;49/93;4/15;6/22;16/22;11/15;22/33;15/33;9/18;8/11;3/11;9/18;1;3;1/5;2/2;0/2;4/5;2;1;5;5;5;5;32/66;34/66;13/33;14/33;19/33;20/33;7/15;4/17;13/17;8/15;17/28;15/38;12/23;5/11;6/11;11/23;2;0;2/10;0/1;1/1;8/10;2;4;4;4;4;4;38/66;28/66;19/38;9/28;19/28;19/38;1;0;1.77;1.78;36.33;28.17;Left-Handed;Right-Handed;https://wtatennis.com/tournament/806/montreal/2018/scores/RS021;6/12;0/11;11/11;6/12;11/20;12/22;6/10;4/9;5/9;4/10;1;1;2/4;0/0;0/0;2/4;1;1;4;4;4;4;28/42;14/42;12/22;4/20;16/20;10/22
8/20;3/20;17/20;12/20;20/33;20/33;10/13;8/13;5/13;3/13;2;0;3/4;1/4;3/4;1/4;5;4;6;5;5;6;40/66;26/66;18/33;11/33;22/33;15/33;6/18;3/20;17/20;12/18;20/33;18/29;8/11;8/13;5/13;3/11;2;0;2/3;1/4;3/4;1/3;5;3;5;5;5;5;36/62;26/62;14/29;11/33;22/33;15/29;2/2;0/0;0/0;0/2;0/0;2/4;2/2;0/0;0/0;0/2;0;0;1/1;0/0;0/0;0/1;0;1;1;0;0;1;4/4;0/4;4/4;0/0;0/0;0/4;3;1;1.78;1.63;27.5;28.08;Right-Handed;Right-Handed;https://wtatennis.com/tournament/806/montreal/2018/scores/RS019;;;;;;;;;;;;;;;;;;;;;;;;;;;;
26/56;23/57;34/57;30/56;57/92;56/83;18/27;20/35;15/35;9/27;0;1;8/11;5/7;2/7;3/11;7;4;13;13;13;13;93/175;82/175;44/83;43/92;49/92;39/83;12/27;6/15;9/15;15/27;15/27;27/34;4/7;9/12;3/12;3/7;0;1;2/5;3/4;1/4;3/5;2;1;5;5;5;5;28/61;33/61;16/34;15/27;12/27;18/34;6/18;7/18;11/18;12/18;18/33;18/29;9/11;7/15;8/15;2/11;0;0;3/3;1/1;0/1;0/3;3;1;5;4;4;5;34/62;28/62;15/29;14/33;19/33;14/29;2;0;1.71;1.68;33.83;25.5;Right-Handed;Right-Handed;https://wtatennis.com/tournament/806/montreal/2018/scores/RS023;8/11;10/24;14/24;3/11;24/32;11/20;5/9;4/8;4/8;4/9;0;0;3/3;1/2;1/2;0/3;2;2;3;4;4;3;31/52;21/52;13/20;14/32;18/32;7/20
19/56;24/54;30/54;37/56;54/93;56/83;15/27;22/39;17/39;12/27;3;5;5/9;7/15;8/15;4/9;10;3;15;14;14;15;81/176;95/176;34/83;46/93;47/93;49/83;11/21;9/19;10/19;10/21;19/36;21/34;10/13;8/17;9/17;3/13;2;1;4/4;3/5;2/5;0/4;3;3;6;6;6;6;40/70;30/70;21/34;17/36;19/36;13/34;4/15;6/9;3/9;11/15;9/22;15/20;0/5;6/13;7/13;5/5;0;4;0/0;2/4;2/4;0/0;4;0;4;3;3;4;14/42;28/42;4/20;12/22;10/22;16/20;3;1;1.75;1.70;32.92;31.08;Right-Handed;Right-Handed;https://wtatennis.com/tournament/806/montreal/2018/scores/RS026;4/20;9/26;17/26;16/20;26/35;20/29;5/9;8/9;1/9;4/9;1;0;1/5;2/6;4/6;4/5;3;0;5;5;5;5;27/64;37/64;9/29;17/35;18/35;20/29
11/36;9/44;35/44;25/36;44/67;36/71;15/35;12/23;11/23;20/35;3;4;2/6;0/2;2/2;4/6;2;3;11;11;11;11;72/138;66/138;26/71;21/67;46/67;45/71;6/20;6/26;20/26;14/20;26/36;20/37;7/17;5/10;5/10;10/17;2;3;1/2;0/0;0/0;1/2;1;3;6;6;6;6;38/73;35/73;13/37;11/36;25/36;24/37;5/16;3/18;15/18;11/16;18/31;16/34;8/18;7/13;6/13;10/18;1;1;1/4;0/2;2/2;3/4;1;0;5;5;5;5;34/65;31/65;13/34;10/31;21/31;21/34;1;0;1.72;1.83;31.42;32.5;Right-Handed;Right-Handed;https://wtatennis.com/tournament/806/montreal/2018/scores/RS020;;;;;;;;;;;;;;;;;;;;;;;;;;;;
16/32;26/65;39/65;16/32;65/79;32/59;17/27;7/14;7/14;10/27;0;0;5/10;3/11;8/11;5/10;2;2;9;10;10;9;79/138;59/138;33/59;33/79;46/79;26/59;5/7;7/18;11/18;2/7;18/22;7/16;7/9;1/4;3/4;2/9;0;0;3/4;1/1;0/1;1/4;1;0;3;4;4;3;26/38;12/38;12/16;8/22;14/22;4/16;11/25;19/47;28/47;14/25;47/57;25/43;10/18;6/10;4/10;8/18;0;0;2/6;2/10;8/10;4/6;1;2;6;6;6;6;53/100;47/100;21/43;25/57;32/57;22/43;1;0;1.68;1.70;35.67;32.17;Right-Handed;Right-Handed;https://wtatennis.com/tournament/806/montreal/2018/scores/RS022;;;;;;;;;;;;;;;;;;;;;;;;;;;;
12/39;20/59;39/59;27/39;59/90;39/79;20/40;19/31;12/31;20/40;1;5;4/12;4/9;5/9;8/12;6;6;12;13;13;12;83/169;86/169;32/79;39/90;51/90;47/79;1/8;8/15;7/15;7/8;15/27;8/15;2/7;8/12;4/12;5/7;1;2;0/0;3/3;0/3;0/0;2;0;3;4;4;3;14/42;28/42;3/15;16/27;11/27;12/15;4/12;3/15;12/15;8/12;15/25;12/29;8/17;5/10;5/10;9/17;0;0;2/5;0/1;1/1;3/5;0;3;5;4;4;5;29/54;25/54;12/29;8/25;17/25;17/29;1;0;;1.76;23.5;28.5;Right-Handed;Left-Handed;https://wtatennis.com/tournament/806/montreal/2018/scores/RS024;7/19;9/29;20/29;12/19;29/38;19/35;10/16;6/9;3/9;6/16;0;3;2/7;1/5;4/5;5/7;4;3;4;5;5;4;40/73;33/73;17/35;15/38;23/38;18/35
4/27;17/41;24/41;23/27;41/62;27/52;11/25;14/21;7/21;14/25;3;0;1/1;4/10;6/10;0/1;5;3;10;9;9;10;46/114;68/114;15/52;31/62;31/62;37/52;3/16;13/33;20/33;13/16;33/49;16/30;6/14;10/16;6/16;8/14;2;0;1/1;2/8;6/8;0/1;5;3;6;6;6;6;35/79;44/79;9/30;23/49;26/49;21/30;1/11;4/8;4/8;10/11;8/13;11/22;5/11;4/5;1/5;6/11;1;0;0/0;2/2;0/2;0/0;0;0;4;3;3;4;11/35;24/35;6/22;8/13;5/13;16/22;0;1;1.78;1.85;24.75;43.0;Right-Handed;Right-Handed;https://wtatennis.com/tournament/806/montreal/2018/scores/LS035;;;;;;;;;;;;;;;;;;;;;;;;;;;;
18/35;6/28;22/28;17/35;28/49;35/70;18/35;10/21;11/21;17/35;4;2;5/11;2/3;1/3;6/11;6;2;9;9;9;9;69/119;50/119;36/70;16/49;33/49;34/70;9/21;4/15;11/15;12/21;15/24;21/46;12/25;2/9;7/9;13/25;3;2;2/7;1/1;0/1;5/7;1;1;5;5;5;5;39/70;31/70;21/46;6/24;18/24;25/46;9/14;2/13;11/13;5/14;13/25;14/24;6/10;8/12;4/12;4/10;1;0;3/4;1/2;1/2;1/4;5;1;4;4;4;4;30/49;19/49;15/24;10/25;15/25;9/24;3;0;1.74;1.82;34.0;26.83;Right-Handed;Right-Handed;https://wtatennis.com/tournament/806/montreal/2018/scores/LS053;;;;;;;;;;;;;;;;;;;;;;;;;;;;
15/56;30/79;49/79;41/56;79/108;56/107;29/51;16/29;13/29;22/51;1;7;4/13;5/13;8/13;9/13;3;5;14;15;15;14;106/215;109/215;44/107;46/108;62/108;63/107;4/10;6/22;16/22;6/10;22/32;10/23;8/13;5/10;5/10;5/13;0;1;2/3;1/3;2/3;1/3;2;1;4;5;5;4;33/55;22/55;12/23;11/32;21/32;11/23;10/33;13/36;23/36;23/33;36/49;33/64;18/31;9/13;4/13;13/31;0;5;2/10;2/8;6/8;8/10;1;4;6;6;6;6;55/113;58/113;28/64;22/49;27/49;36/64;4;3;1.64;1.80;37.17;34.67;Right-Handed;Right-Handed;https://wtatennis.com/tournament/806/montreal/2018/scores/LS038;1/13;11/21;10/21;12/13;21/27;13/20;3/7;2/6;4/6;4/7;1;1;0/0;2/2;0/2;0/0;0;0;4;4;4;4;18/47;29/47;4/20;13/27;14/27;16/20
9/35;10/39;29/39;26/35;39/71;35/64;16/29;16/32;16/32;13/29;4;5;3/8;1/3;2/3;5/8;9;5;10;10;10;10;70/135;65/135;25/64;26/71;45/71;39/64;3/15;6/22;16/22;12/15;22/40;15/27;6/12;8/18;10/18;6/12;2;3;1/1;0/2;2/2;0/1;5;2;5;5;5;5;35/67;32/67;9/27;14/40;26/40;18/27;6/20;4/17;13/17;14/20;17/31;20/37;10/17;8/14;6/14;7/17;2;2;2/7;1/1;0/1;5/7;4;3;5;5;5;5;35/68;33/68;16/37;12/31;19/31;21/37;2;0;1.86;1.74;31.25;27.08;Right-Handed;Right-Handed;https://wtatennis.com/tournament/806/montreal/2018/scores/LS044;;;;;;;;;;;;;;;;;;;;;;;;;;;;
30/66;32/73;41/73;36/66;73/114;66/106;26/40;25/41;16/41;14/40;6;1;9/18;8/17;9/17;9/18;8;17;16;16;16;16;113/220;107/220;56/106;57/114;57/114;50/106;12/24;9/20;11/20;12/24;20/32;24/34;5/10;8/12;4/12;5/10;2;1;2/5;3/4;1/4;3/5;3;4;5;5;5;5;32/66;34/66;17/34;17/32;15/32;17/34;10/19;8/22;14/22;9/19;22/36;19/32;8/13;8/14;6/14;5/13;2;0;3/5;2/5;3/5;2/5;3;5;5;5;5;5;38/68;30/68;18/32;16/36;20/36;14/32;5;2;1.77;1.66;36.33;29.25;Left-Handed;Right-Handed;https://wtatennis.com/tournament/806/montreal/2018/scores/LS050;8/23;15/31;16/31;15/23;31/46;23/40;13/17;9/15;6/15;4/17;2;0;4/8;3/8;5/8;4/8;2;8;6;6;6;6;43/86;43/86;21/40;24/46;22/46;19/40
10/58;11/54;43/54;48/58;54/93;58/102;20/44;16/39;23/39;24/44;8;17;1/10;1/2;1/2;9/10;1;5;15;16;16;15;96/195;99/195;30/102;27/93;66/93;72/102;3/12;4/17;13/17;9/12;17/28;12/20;3/8;3/11;8/11;5/8;3;3;1/1;0/0;0/0;0/1;0;0;4;5;5;4;27/48;21/48;6/20;7/28;21/28;14/20;5/28;4/23;19/23;23/28;23/35;28/49;9/21;4/12;8/12;12/21;4;10;0/7;0/0;0/0;7/7;0;4;6;6;6;6;41/84;43/84;14/49;8/35;27/35;35/49;1;2;1.79;1.80;30.08;34.58;Right-Handed;Right-Handed;https://wtatennis.com/tournament/806/montreal/2018/scores/LS051;2/18;3/14;11/14;16/18;14/30;18/33;8/15;9/16;7/16;7/15;1;4;0/2;1/2;1/2;2/2;1;1;5;5;5;5;28/63;35/63;10/33;12/30;18/30;23/33
4/23;8/21;13/21;19/23;21/48;23/46;12/23;22/27;5/27;11/23;1;1;0/3;6/9;3/9;3/3;2;5;6;7;7;6;34/94;60/94;16/46;30/48;18/48;30/46;2/14;2/12;10/12;12/14;12/31;14/28;8/14;16/19;3/19;6/14;1;1;0/3;3/5;2/5;3/3;2;2;3;4;4;3;23/59;36/59;10/28;18/31;13/31;18/28;2/9;6/9;3/9;7/9;9/17;9/18;4/9;6/8;2/8;5/9;0;0;0/0;3/4;1/4;0/0;0;3;3;3;3;3;11/35;24/35;6/18;12/17;5/17;12/18;3;5;1.63;1.69;30.25;33.17;Right-Handed;Right-Handed;https://wtatennis.com/tournament/806/montreal/2018/scores/LS049;;;;;;;;;;;;;;;;;;;;;;;;;;;;
14/50;20/53;33/53;36/50;53/84;50/85;15/35;16/31;15/31;20/35;7;5;1/7;4/6;2/6;6/7;6;6;13;13;13;13;77/169;92/169;29/85;36/84;48/84;56/85;7/23;2/17;15/17;16/23;17/29;23/33;6/10;6/12;6/12;4/10;3;2;1/3;0/0;0/0;2/3;2;1;5;5;5;5;34/62;28/62;13/33;8/29;21/29;20/33;4/15;11/27;16/27;11/15;27/38;15/27;5/12;6/11;5/11;7/12;4;0;0/2;2/4;2/4;2/2;3;2;4;5;5;4;30/65;35/65;9/27;17/38;21/38;18/27;0;2;1.80;1.74;35.0;27.42;Left-Handed;Right-Handed;https://wtatennis.com/tournament/806/montreal/2018/scores/LS046;3/12;7/9;2/9;9/12;9/17;12/25;4/13;4/8;4/8;9/13;0;3;0/2;2/2;0/2;2/2;1;3;4;3;3;4;13/42;29/42;7/25;11/17;6/17;18/25
14/33;5/29;24/29;19/33;29/48;33/64;21/31;13/19;6/19;10/31;3;0;6/11;2/3;1/3;5/11;4;5;9;8;8;9;65/112;47/112;35/64;18/48;30/48;29/64;8/21;2/17;15/17;13/21;17/23;21/34;8/13;4/6;2/6;5/13;2;0;2/5;0/1;1/1;3/5;1;3;5;4;4;5;33/57;24/57;16/34;6/23;17/23;18/34;6/12;3/12;9/12;6/12;12/25;12/30;13/18;9/13;4/13;5/18;1;0;4/6;2/2;0/2;2/6;3;2;4;4;4;4;32/55;23/55;19/30;12/25;13/25;11/30;1;0;1.78;1.65;26.33;37.42;Right-Handed;Right-Handed;https://wtatennis.com/tournament/806/montreal/2018/scores/LS054;;;;;;;;;;;;;;;;;;;;;;;;;;;;
19/53;21/47;26/47;34/53;47/84;53/85;11/32;17/37;20/37;21/32;3;3;2/9;5/11;6/11;7/9;4;2;13;13;13;13;76/169;93/169;30/85;38/84;46/84;55/85;10/23;7/20;13/20;13/23;20/33;23/40;9/17;6/13;7/13;8/17;1;1;2/6;1/3;2/3;4/6;1;2;5;5;5;5;39/73;34/73;19/40;13/33;20/33;21/40;4/14;7/12;5/12;10/14;12/19;14/23;2/9;3/7;4/7;7/9;2;1;0/2;2/4;2/4;2/2;1;0;4;3;3;4;15/42;27/42;6/23;10/19;9/19;17/23;1;3;1.80;1.77;34.67;29.67;Right-Handed;Right-Handed;https://wtatennis.com/tournament/806/montreal/2018/scores/LS019;5/16;7/15;8/15;11/16;15/32;16/22;0/6;8/17;9/17;6/6;0;1;0/1;2/4;2/4;1/1;2;0;4;5;5;4;22/54;32/54;5/22;15/32;17/32;17/22
20/46;11/44;33/44;26/46;44/80;46/82;21/36;23/36;13/36;15/36;0;2;5/8;3/10;7/10;3/8;4;8;12;12;12;12;87/162;75/162;41/82;34/80;46/80;41/82;9/20;8/21;13/21;11/20;21/40;20/36;10/16;11/19;8/19;6/16;0;0;3/3;2/5;3/5;0/3;3;2;6;6;6;6;40/76;36/76;19/36;19/40;21/40;17/36;11/26;3/23;20/23;15/26;23/40;26/46;11/20;12/17;5/17;9/20;0;2;2/5;1/5;4/5;3/5;1;6;6;6;6;6;47/86;39/86;22/46;15/40;25/40;24/46;1;0;1.77;1.78;34.42;27.5;Right-Handed;Right-Handed;https://wtatennis.com/tournament/806/montreal/2018/scores/LS061;;;;;;;;;;;;;;;;;;;;;;;;;;;;
10/21;7/28;21/28;11/21;28/40;21/44;17/23;4/12;8/12;6/23;1;2;5/9;0/0;0/0;4/9;0;10;6;7;7;6;56/84;28/84;27/44;11/40;29/40;17/44;5/12;3/9;6/9;7/12;9/17;12/23;10/11;2/8;6/8;1/11;1;1;3/6;0/0;0/0;3/6;0;6;3;3;3;3;27/40;13/40;15/23;5/17;12/17;8/23;5/9;4/19;15/19;4/9;19/23;9/21;7/12;2/4;2/4;5/12;0;1;2/3;0/0;0/0;1/3;0;4;3;4;4;3;29/44;15/44;12/21;6/23;17/23;9/21;2;0;1.83;1.84;33.83;30.08;Right-Handed;Right-Handed;https://wtatennis.com/tournament/806/montreal/2018/scores/LS058;;;;;;;;;;;;;;;;;;;;;;;;;;;;
19/48;29/73;44/73;29/48;73/101;48/94;32/46;18/28;10/28;14/46;1;1;8/17;5/19;14/19;9/17;8;6;14;13;13;14;105/195;90/195;51/94;47/101;54/101;43/94;6/18;7/22;15/22;12/18;22/29;18/40;13/22;4/7;3/7;9/22;1;0;2/6;1/2;1/2;4/6;2;3;5;5;5;5;37/69;32/69;19/40;11/29;18/29;21/40;7/22;14/32;18/32;15/22;32/48;22/34;9/12;11/16;5/16;3/12;0;1;2/5;3/11;8/11;3/5;4;2;5;5;5;5;39/82;43/82;16/34;25/48;23/48;18/34;4;1;1.70;1.72;26.08;27.83;Right-Handed;Right-Handed;https://wtatennis.com/tournament/806/montreal/2018/scores/LS036;6/8;8/19;11/19;2/8;19/24;8/20;10/12;3/5;2/5;2/12;0;0;4/6;1/6;5/6;2/6;2;1;4;3;3;4;29/44;15/44;16/20;11/24;13/24;4/20
13/34;8/28;20/28;21/34;28/50;34/57;16/23;9/22;13/22;7/23;2;1;5/11;1/3;2/3;6/11;3;3;9;8;8;9;62/107;45/107;29/57;17/50;33/50;28/57;5/22;2/10;8/10;17/22;10/23;22/35;11/13;4/13;9/13;2/13;0;1;2/4;0/0;0/0;2/4;1;2;5;4;4;5;33/58;25/58;16/35;6/23;17/23;19/35;8/12;6/18;12/18;4/12;18/27;12/22;5/10;5/9;4/9;5/10;2;0;3/7;1/3;2/3;4/7;2;1;4;4;4;4;29/49;20/49;13/22;11/27;16/27;9/22;6;3;1.76;1.70;31.92;31.08;Right-Handed;Right-Handed;https://wtatennis.com/tournament/806/montreal/2018/scores/LS033;;;;;;;;;;;;;;;;;;;;;;;;;;;;
16/35;11/42;31/42;19/35;42/67;35/67;19/32;16/25;9/25;13/32;5;4;5/11;2/11;9/11;6/11;5;5;9;9;9;9;75/134;59/134;35/67;27/67;40/67;32/67;6/12;8/28;20/28;6/12;28/43;12/25;8/13;11/15;4/15;5/13;4;2;3/5;1/10;9/10;2/5;4;2;4;4;4;4;38/68;30/68;14/25;19/43;24/43;11/25;10/23;3/14;11/14;13/23;14/24;23/42;11/19;5/10;5/10;8/19;1;2;2/6;1/1;0/1;4/6;1;3;5;5;5;5;37/66;29/66;21/42;8/24;16/24;21/42;3;0;1.79;1.78;27.58;29.25;Right-Handed;Right-Handed;https://wtatennis.com/tournament/806/montreal/2018/scores/LS060;;;;;;;;;;;;;;;;;;;;;;;;;;;;
10/35;17/37;20/37;25/35;37/75;35/65;15/30;20/38;18/38;15/30;1;4;2/6;5/13;8/13;4/6;5;8;10;10;10;10;63/140;77/140;25/65;37/75;38/75;40/65;1/11;9/16;7/16;10/11;16/36;11/21;6/10;11/20;9/20;4/10;0;2;1/1;3/11;8/11;0/1;4;2;4;4;4;4;23/57;34/57;7/21;20/36;16/36;14/21;9/24;8/21;13/21;15/24;21/39;24/44;9/20;9/18;9/18;11/20;1;2;1/5;2/2;0/2;4/5;1;6;6;6;6;6;40/83;43/83;18/44;17/39;22/39;26/44;0;1;1.72;1.75;31.42;35.08;Right-Handed;Left-Handed;https://wtatennis.com/tournament/806/montreal/2018/scores/LS057;;;;;;;;;;;;;;;;;;;;;;;;;;;;
7/44;15/55;40/55;37/44;55/84;44/86;24/42;14/29;15/29;18/42;5;14;2/7;3/7;4/7;5/7;3;7;13;14;14;13;86/170;84/170;31/86;29/84;55/84;55/86;5/14;0/13;13/13;9/14;13/22;14/28;9/14;5/9;4/9;5/14;1;1;2/4;0/0;0/0;2/4;2;2;4;4;4;4;31/50;19/50;14/28;5/22;17/22;14/28;0/14;4/17;13/17;14/14;17/25;14/32;9/18;3/8;5/8;9/18;2;6;0/0;1/1;0/1;0/0;0;3;5;5;5;5;27/57;30/57;9/32;7/25;18/25;23/32;2;4;1.77;1.80;36.33;34.58;Left-Handed;Right-Handed;https://wtatennis.com/tournament/806/montreal/2018/scores/LS025;2/16;11/25;14/25;14/16;25/37;16/26;6/10;6/12;6/12;4/10;2;7;0/3;2/6;4/6;3/3;1;2;4;5;5;4;28/63;35/63;8/26;17/37;20/37;18/26
4/24;11/23;12/23;20/24;23/39;24/47;10/23;10/16;6/16;13/23;0;9;0/0;4/6;2/6;0/0;5;6;8;7;7;8;32/86;54/86;14/47;21/39;18/39;33/47;3/12;7/13;6/13;9/12;13/20;12/26;6/14;4/7;3/7;8/14;0;5;0/0;2/3;1/3;0/0;2;4;4;3;3;4;18/46;28/46;9/26;11/20;9/20;17/26;1/12;4/10;6/10;11/12;10/19;12/21;4/9;6/9;3/9;5/9;0;4;0/0;2/3;1/3;0/0;3;2;4;4;4;4;14/40;26/40;5/21;10/19;9/19;16/21;0;1;1.68;1.82;28.0;31.5;Right-Handed;Right-Handed;https://wtatennis.com/tournament/806/montreal/2018/scores/LS045;;;;;;;;;;;;;;;;;;;;;;;;;;;;
16/53;11/47;36/47;37/53;47/81;53/88;21/35;16/34;18/34;14/35;6;2;4/11;3/7;4/7;7/11;9;5;14;15;15;14;91/169;78/169;37/88;27/81;54/81;51/88;2/13;4/19;15/19;11/13;19/27;13/26;10/13;5/8;3/8;3/13;4;0;2/3;1/2;1/2;1/3;3;2;5;5;5;5;30/53;23/53;12/26;9/27;18/27;14/26;7/22;5/10;5/10;15/22;10/30;22/34;6/12;9/20;11/20;6/12;1;1;1/4;2/5;3/5;3/4;5;1;5;5;5;5;29/64;35/64;13/34;14/30;16/30;21/34;1;0;1.82;1.71;25.08;30.5;Right-Handed;Right-Handed;https://wtatennis.com/tournament/806/montreal/2018/scores/LS062;7/18;2/18;16/18;11/18;18/24;18/28;5/10;2/6;4/6;5/10;1;1;1/4;0/0;0/0;3/4;1;2;4;5;5;4;32/52;20/52;12/28;4/24;20/24;16/28
9/32;17/45;28/45;23/32;45/73;32/60;9/28;15/28;13/28;19/28;2;4;1/6;3/10;7/10;5/6;6;6;10;9;9;10;59/133;74/133;18/60;32/73;41/73;42/60;3/13;8/17;9/17;10/13;17/30;13/27;5/14;7/13;6/13;9/14;0;3;1/4;2/2;0/2;3/4;2;3;5;4;4;5;23/57;34/57;8/27;15/30;15/30;19/27;6/19;9/28;19/28;13/19;28/43;19/33;4/14;8/15;7/15;10/14;2;1;0/2;1/8;7/8;2/2;4;3;5;5;5;5;36/76;40/76;10/33;17/43;26/43;23/33;3;5;1.74;1.82;27.42;33.25;Right-Handed;Left-Handed;https://wtatennis.com/tournament/806/montreal/2018/scores/LS023;;;;;;;;;;;;;;;;;;;;;;;;;;;;
10/37;26/49;23/49;27/37;49/78;37/59;11/22;13/29;16/29;11/22;3;3;2/3;4/11;7/11;1/3;1;1;10;10;10;10;60/137;77/137;21/59;39/78;39/78;38/59;4/18;16/30;14/30;14/18;30/49;18/37;9/19;6/19;13/19;10/19;3;2;1/2;1/8;7/8;1/2;1;1;6;6;6;6;40/86;46/86;13/37;22/49;27/49;24/37;6/19;10/19;9/19;13/19;19/29;19/22;2/3;7/10;3/10;1/3;0;1;1/1;3/3;0/3;0/1;0;0;4;4;4;4;20/51;31/51;8/22;17/29;12/29;14/22;0;2;1.80;1.62;25.67;34.75;Right-Handed;Right-Handed;https://wtatennis.com/tournament/806/montreal/2018/scores/LS052;;;;;;;;;;;;;;;;;;;;;;;;;;;;
16/29;10/24;14/24;13/29;24/50;29/40;9/11;10/26;16/26;2/11;3;0;6/9;1/7;6/7;3/9;3;4;8;7;7;8;55/90;35/90;25/40;20/50;30/50;15/40;6/14;3/12;9/12;8/14;12/21;14/21;6/7;4/9;5/9;1/7;1;0;3/4;0/3;3/3;1/4;1;3;4;3;3;4;26/42;16/42;12/21;7/21;14/21;9/21;10/15;7/12;5/12;5/15;12/29;15/19;3/4;6/17;11/17;1/4;2;0;3/5;1/4;3/4;2/5;2;1;4;4;4;4;29/48;19/48;13/19;13/29;16/29;6/19;2;0;1.73;;29.17;23.5;Right-Handed;Right-Handed;https://wtatennis.com/tournament/806/montreal/2018/scores/LS042;;;;;;;;;;;;;;;;;;;;;;;;;;;;
16/37;17/49;32/49;21/37;49/94;37/80;27/43;22/45;23/45;16/43;8;3;8/10;4/5;1/5;2/10;3;10;13;14;14;13;98/174;76/174;43/80;39/94;55/94;37/80;5/19;8/19;11/19;14/19;19/42;19/43;16/24;13/23;10/23;8/24;2;1;3/5;3/3;0/3;2/5;2;8;6;6;6;6;42/85;43/85;21/43;21/42;21/42;22/43;7/10;3/14;11/14;3/10;14/26;10/15;1/5;5/12;7/12;4/5;3;2;2/2;0/1;1/1;0/2;0;0;3;4;4;3;26/41;15/41;8/15;8/26;18/26;7/15;2;3;1.80;1.77;32.08;26.0;Right-Handed;Right-Handed;https://wtatennis.com/tournament/806/montreal/2018/scores/LS059;4/8;6/16;10/16;4/8;16/26;8/22;10/14;4/10;6/10;4/14;3;0;3/3;1/1;0/1;0/3;1;2;4;4;4;4;30/48;18/48;14/22;10/26;16/26;8/22
26/55;29/61;32/61;29/55;61/78;55/97;20/42;8/17;9/17;22/42;0;1;7/13;7/8;1/8;6/13;2;4;15;14;14;15;87/175;88/175;46/97;37/78;41/78;51/97;11/22;9/18;9/18;11/22;18/21;22/33;9/11;1/3;2/3;2/11;0;1;4/5;2/2;0/2;1/5;1;0;5;4;4;5;31/54;23/54;20/33;10/21;11/21;13/33;9/20;12/25;13/25;11/20;25/29;20/37;8/17;3/4;1/4;9/17;0;0;2/7;3/4;1/4;5/7;0;4;5;5;5;5;31/66;35/66;17/37;15/29;14/29;20/37;5;5;1.68;1.76;35.67;33.17;Right-Handed;Right-Handed;https://wtatennis.com/tournament/806/montreal/2018/scores/LS034;6/13;8/18;10/18;7/13;18/28;13/27;3/14;4/10;6/10;11/14;0;0;1/1;2/2;0/2;0/1;1;0;5;5;5;5;25/55;30/55;9/27;12/28;16/28;18/27
13/49;26/75;49/75;36/49;75/125;49/95;27/46;31/50;19/50;19/46;5;2;4/8;4/20;16/20;4/8;10;3;14;14;14;14;108/220;112/220;40/95;57/125;68/125;55/95;2/17;6/12;6/12;15/17;12/22;17/37;13/20;5/10;5/10;7/20;1;1;1/4;2/3;1/3;3/4;2;1;5;4;4;5;26/59;33/59;15/37;11/22;11/22;22/37;4/10;9/30;21/30;6/10;30/46;10/16;5/6;10/16;6/16;1/6;2;1;2/2;0/6;6/6;0/2;2;0;3;4;4;3;36/62;26/62;9/16;19/46;27/46;7/16;0;1;1.81;1.66;32.75;27.08;Right-Handed;Right-Handed;https://wtatennis.com/tournament/806/montreal/2018/scores/LS043;7/22;11/33;22/33;15/22;33/57;22/42;9/20;16/24;8/24;11/20;2;0;1/2;2/11;9/11;1/2;6;2;6;6;6;6;46/99;53/99;16/42;27/57;30/57;26/42
18/57;15/46;31/46;39/57;46/94;57/80;14/23;31/48;17/48;9/23;4;0;4/6;7/14;7/14;2/6;5;9;13;13;13;13;80/174;94/174;32/80;46/94;48/94;48/80;7/21;1/11;10/11;14/21;11/26;21/35;9/14;7/15;8/15;5/14;1;0;2/3;1/3;2/3;1/3;0;6;5;5;5;5;34/61;27/61;16/35;8/26;18/26;19/35;4/14;5/16;11/16;10/14;16/36;14/18;2/4;15/20;5/20;2/4;2;0;0/0;3/5;2/5;0/0;2;0;3;4;4;3;22/54;32/54;6/18;20/36;16/36;12/18;2;4;1.72;1.73;35.83;33.42;Right-Handed;Right-Handed;https://wtatennis.com/tournament/806/montreal/2018/scores/LS041;7/22;9/19;10/19;15/22;19/32;22/27;3/5;9/13;4/13;2/5;1;0;2/3;3/6;3/6;1/3;3;3;5;4;4;5;24/59;35/59;10/27;18/32;14/32;17/27
19/56;33/64;31/64;37/56;64/98;56/102;28/46;18/34;16/34;18/46;3;8;6/14;7/10;3/10;8/14;3;8;15;14;14;15;94/200;106/200;47/102;51/98;47/98;55/102;5/14;11/22;11/22;9/14;22/33;14/29;11/15;4/11;7/11;4/15;1;1;3/5;2/4;2/4;2/5;2;2;5;5;5;5;34/62;28/62;16/29;15/33;18/33;13/29;11/29;16/30;14/30;18/29;30/46;29/53;16/24;9/16;7/16;8/24;1;3;3/9;3/4;1/4;6/9;0;6;6;6;6;6;48/99;51/99;27/53;25/46;21/46;26/53;0;2;1.70;1.69;29.67;33.17;Right-Handed;Right-Handed;https://wtatennis.com/tournament/806/montreal/2018/scores/LS024;3/13;6/12;6/12;10/13;12/19;13/20;1/7;5/7;2/7;6/7;1;4;0/0;2/2;0/2;0/0;1;0;4;3;3;4;12/39;27/39;4/20;11/19;8/19;16/20
21/49;10/43;33/43;28/49;43/73;49/82;22/33;15/30;15/30;11/33;8;0;8/13;3/4;1/4;5/13;8;4;13;13;13;13;91/155;64/155;43/82;25/73;48/73;39/82;4/8;5/18;13/18;4/8;18/27;8/23;11/15;6/9;3/9;4/15;6;0;3/5;1/2;1/2;2/5;3;1;4;4;4;4;31/50;19/50;15/23;11/27;16/27;8/23;12/36;5/20;15/20;24/36;20/32;36/46;4/10;7/12;5/12;6/10;2;0;2/4;2/2;0/2;2/4;4;2;6;6;6;6;36/78;42/78;16/46;12/32;20/32;30/46;3;1;1.79;1.77;27.58;34.42;Right-Handed;Right-Handed;https://wtatennis.com/tournament/806/montreal/2018/scores/LS030;5/5;0/5;5/5;0/5;5/14;5/13;7/8;2/9;7/9;1/8;0;0;3/4;0/0;0/0;1/4;1;1;3;3;3;3;24/27;3/27;12/13;2/14;12/14;1/13
21/47;15/57;42/57;26/47;57/83;47/85;19/38;14/26;12/26;19/38;6;4;5/6;4/7;3/7;1/6;1;3;14;15;15;14;94/168;74/168;40/85;29/83;54/83;45/85;9/16;5/18;13/18;7/16;18/23;16/28;6/12;2/5;3/5;6/12;3;1;2/2;1/1;0/1;0/2;0;1;4;5;5;4;31/51;20/51;15/28;7/23;16/23;13/28;6/21;4/23;19/23;15/21;23/38;21/39;8/18;8/15;7/15;10/18;3;1;1/2;1/4;3/4;1/2;1;1;6;6;6;6;40/77;37/77;14/39;12/38;26/38;25/39;1;2;1.74;1.75;28.75;35.08;Right-Handed;Left-Handed;https://wtatennis.com/tournament/806/montreal/2018/scores/LS028;6/10;6/16;10/16;4/10;16/22;10/18;5/8;4/6;2/6;3/8;0;2;2/2;2/2;0/2;0/2;0;1;4;4;4;4;23/40;17/40;11/18;10/22;12/22;7/18
7/30;17/35;18/35;23/30;35/49;30/51;11/21;10/14;4/14;10/21;2;4;0/6;5/10;5/10;6/6;5;5;7;7;7;7;40/100;60/100;18/51;27/49;22/49;33/51;3/15;8/14;6/14;12/15;14/18;15/25;6/10;4/4;0/4;4/10;1;2;0/3;3/5;2/5;3/3;3;3;3;3;3;3;15/43;28/43;9/25;12/18;6/18;16/25;4/15;9/21;12/21;11/15;21/31;15/26;5/11;6/10;4/10;6/11;1;2;0/3;2/5;3/5;3/3;2;2;4;4;4;4;25/57;32/57;9/26;15/31;16/31;17/26;0;1;1.70;1.88;26.08;36.17;Right-Handed;Right-Handed;https://wtatennis.com/tournament/806/montreal/2018/scores/LS018;;;;;;;;;;;;;;;;;;;;;;;;;;;;
5/22;23/46;23/46;17/22;46/78;22/48;17/26;22/32;10/32;9/26;0;2;3/5;7/14;7/14;2/5;8;5;8;8;8;8;55/126;71/126;22/48;45/78;33/78;26/48;4/11;12/25;13/25;7/11;25/36;11/23;5/12;8/11;3/11;7/12;0;0;1/2;3/5;2/5;1/2;4;1;4;4;4;4;25/59;34/59;9/23;20/36;16/36;14/23;1/11;11/21;10/21;10/11;21/42;11/25;12/14;14/21;7/21;2/14;0;2;2/3;4/9;5/9;1/3;4;4;4;4;4;4;30/67;37/67;13/25;25/42;17/42;12/25;3;3;1.86;1.82;31.25;31.5;Right-Handed;Right-Handed;https://wtatennis.com/tournament/806/montreal/2018/scores/LS022;;;;;;;;;;;;;;;;;;;;;;;;;;;;
14/38;16/40;24/40;24/38;40/54;38/58;13/20;5/14;9/14;7/20;1;0;3/11;2/7;5/7;8/11;2;4;8;8;8;8;60/112;52/112;27/58;21/54;33/54;31/58;13/31;11/23;12/23;18/31;23/31;31/47;11/16;2/8;6/8;5/16;1;0;3/11;2/5;3/5;8/11;1;4;5;5;5;5;42/78;36/78;24/47;13/31;18/31;23/47;1/7;5/17;12/17;6/7;17/23;7/11;2/4;3/6;3/6;2/4;0;0;0/0;0/2;2/2;0/0;1;0;3;3;3;3;18/34;16/34;3/11;8/23;15/23;8/11;2;2;1.62;1.74;34.75;34.0;Right-Handed;Right-Handed;https://wtatennis.com/tournament/806/montreal/2018/scores/LS026;;;;;;;;;;;;;;;;;;;;;;;;;;;;
15/42;26/48;22/48;27/42;48/72;42/60;9/18;12/24;12/24;9/18;0;2;2/5;5/14;9/14;3/5;3;2;9;8;8;9;58/132;74/132;24/60;38/72;34/72;36/60;9/19;16/28;12/28;10/19;28/44;19/28;4/9;7/16;9/16;5/9;0;1;2/3;3/7;4/7;1/3;2;1;5;5;5;5;34/72;38/72;13/28;23/44;21/44;15/28;6/23;10/20;10/20;17/23;20/28;23/32;5/9;5/8;3/8;4/9;0;1;0/2;2/7;5/7;2/2;1;1;4;3;3;4;24/60;36/60;11/32;15/28;13/28;21/32;4;3;1.73;1.73;35.42;33.42;Left-Handed;Right-Handed;https://wtatennis.com/tournament/806/montreal/2018/scores/LS020;;;;;;;;;;;;;;;;;;;;;;;;;;;;
10/34;9/33;24/33;24/34;33/65;34/65;13/31;20/32;12/32;18/31;3;4;2/4;4/7;3/7;2/4;3;5;10;10;10;10;59/130;71/130;23/65;29/65;36/65;42/65;6/22;6/26;20/26;16/22;26/44;22/40;7/18;10/18;8/18;11/18;2;3;1/2;1/3;2/3;1/2;3;3;6;6;6;6;41/84;43/84;13/40;16/44;28/44;27/40;4/12;3/7;4/7;8/12;7/21;12/25;6/13;10/14;4/14;7/13;1;1;1/2;3/4;1/4;1/2;0;2;4;4;4;4;18/46;28/46;10/25;13/21;8/21;15/25;0;2;1.73;1.66;29.17;27.08;Right-Handed;Right-Handed;https://wtatennis.com/tournament/806/montreal/2018/scores/LS021;;;;;;;;;;;;;;;;;;;;;;;;;;;;
14/28;8/35;27/35;14/28;35/52;28/48;13/20;10/17;7/17;7/20;0;1;5/9;1/1;0/1;4/9;5;3;8;8;8;8;61/100;39/100;27/48;18/52;34/52;21/48;6/12;6/23;17/23;6/12;23/29;12/24;7/12;3/6;3/6;5/12;0;1;2/4;0/0;0/0;2/4;3;1;4;4;4;4;33/53;20/53;13/24;9/29;20/29;11/24;8/16;2/12;10/12;8/16;12/23;16/24;6/8;7/11;4/11;2/8;0;0;3/5;1/1;0/1;2/5;2;2;4;4;4;4;28/47;19/47;14/24;9/23;14/23;10/24;4;3;1.68;1.85;31.67;43.0;Right-Handed;Right-Handed;https://wtatennis.com/tournament/806/montreal/2018/scores/LS008;;;;;;;;;;;;;;;;;;;;;;;;;;;;
8/27;12/25;13/25;19/27;25/62;27/44;6/17;22/37;15/37;11/17;5;1;1/2;5/10;5/10;1/2;8;1;8;9;9;8;42/106;64/106;14/44;34/62;28/62;30/44;5/13;7/13;6/13;8/13;13/29;13/21;3/8;10/16;6/16;5/8;3;1;1/1;3/3;0/3;0/1;3;0;4;5;5;4;20/50;30/50;8/21;17/29;12/29;13/21;3/14;5/12;7/12;11/14;12/33;14/23;3/9;12/21;9/21;6/9;2;0;0/1;2/7;5/7;1/1;5;1;4;4;4;4;22/56;34/56;6/23;17/33;16/33;17/23;4;2;1.88;1.77;36.17;29.67;Right-Handed;Right-Handed;https://wtatennis.com/tournament/806/montreal/2018/scores/LS009;;;;;;;;;;;;;;;;;;;;;;;;;;;;
9/26;10/36;26/36;17/26;36/66;26/53;16/27;16/30;14/30;11/27;4;4;4/7;2/3;1/3;3/7;3;5;9;10;10;9;65/119;54/119;25/53;26/66;40/66;28/53;2/8;3/17;14/17;6/8;17/30;8/20;5/12;6/13;7/13;7/12;3;3;1/1;0/0;0/0;0/1;1;1;4;5;5;4;28/50;22/50;7/20;9/30;21/30;13/20;7/18;7/19;12/19;11/18;19/36;18/33;11/15;10/17;7/17;4/15;1;1;3/6;2/3;1/3;3/6;2;4;5;5;5;5;37/69;32/69;18/33;17/36;19/36;15/33;5;1;1.74;1.80;28.75;32.08;Right-Handed;Right-Handed;https://wtatennis.com/tournament/806/montreal/2018/scores/LS014;;;;;;;;;;;;;;;;;;;;;;;;;;;;
14/31;11/32;21/32;17/31;32/50;31/58;18/27;8/18;10/18;9/27;1;1;6/8;2/5;3/5;2/8;3;8;9;8;8;9;63/108;45/108;32/58;19/50;31/50;26/58;8/20;4/15;11/15;12/20;15/22;20/31;6/11;2/7;5/7;5/11;1;1;2/2;0/0;0/0;0/2;1;3;5;4;4;5;30/53;23/53;14/31;6/22;16/22;17/31;6/11;7/17;10/17;5/11;17/28;11/27;12/16;6/11;5/11;4/16;0;0;4/6;2/5;3/5;2/6;2;5;4;4;4;4;33/55;22/55;18/27;13/28;15/28;9/27;3;3;1.82;1.82;31.5;33.25;Right-Handed;Left-Handed;https://wtatennis.com/tournament/806/montreal/2018/scores/LS011;;;;;;;;;;;;;;;;;;;;;;;;;;;;
16/59;14/64;50/64;43/59;64/107;59/104;24/45;23/43;20/43;21/45;15;3;4/6;3/10;7/10;2/6;11;7;16;16;16;16;110/211;101/211;40/104;37/107;70/107;64/104;3/17;2/17;15/17;14/17;17/36;17/37;10/20;12/19;7/19;10/20;7;1;1/3;2/4;2/4;2/3;5;3;6;6;6;6;35/73;38/73;13/37;14/36;22/36;24/37;3/11;5/19;14/19;8/11;19/23;11/20;6/9;1/4;3/4;3/9;3;1;2/2;0/1;1/1;0/2;0;1;4;4;4;4;26/43;17/43;9/20;6/23;17/23;11/20;2;1;1.82;1.77;25.08;32.92;Right-Handed;Right-Handed;https://wtatennis.com/tournament/806/montreal/2018/scores/LS031;10/31;7/28;21/28;21/31;28/48;31/47;8/16;10/20;10/20;8/16;5;1;1/1;1/5;4/5;0/1;6;3;6;6;6;6;49/95;46/95;18/47;17/48;31/48;29/47
21/57;17/40;23/40;36/57;40/62;57/86;17/29;12/22;10/22;12/29;4;0;3/11;4/4;0/4;8/11;6;7;11;11;11;11;71/148;77/148;38/86;29/62;33/62;48/86;10/32;10/26;16/26;22/32;26/36;32/50;11/18;4/10;6/10;7/18;3;0;1/6;1/1;0/1;5/6;2;5;6;6;6;6;43/86;43/86;21/50;14/36;22/36;29/50;11/25;7/14;7/14;14/25;14/26;25/36;6/11;8/12;4/12;5/11;1;0;2/5;3/3;0/3;3/5;4;2;5;5;5;5;28/62;34/62;17/36;15/26;11/26;19/36;1;3;1.76;1.85;33.17;43.0;Right-Handed;Right-Handed;https://wtatennis.com/tournament/806/montreal/2018/scores/LS017;;;;;;;;;;;;;;;;;;;;;;;;;;;;
14/41;17/42;25/42;27/41;42/78;41/55;6/14;23/36;13/36;8/14;1;3;2/6;5/8;3/8;4/6;2;2;10;10;10;10;58/133;75/133;20/55;40/78;38/78;35/55;3/17;6/18;12/18;14/17;18/35;17/22;2/5;11/17;6/17;3/5;0;2;0/1;2/2;0/2;1/1;2;1;4;4;4;4;23/57;34/57;5/22;17/35;18/35;17/22;11/24;11/24;13/24;13/24;24/43;24/33;4/9;12/19;7/19;5/9;1;1;2/5;3/6;3/6;3/5;0;1;6;6;6;6;35/76;41/76;15/33;23/43;20/43;18/33;0;4;1.62;1.70;34.75;30.25;Right-Handed;Right-Handed;https://wtatennis.com/tournament/806/montreal/2018/scores/LS013;;;;;;;;;;;;;;;;;;;;;;;;;;;;
16/52;20/43;23/43;36/52;43/66;52/89;23/37;15/23;8/23;14/37;1;6;4/12;5/6;1/6;8/12;4;5;11;11;11;11;70/155;85/155;39/89;35/66;31/66;50/89;7/25;13/25;12/25;18/25;25/38;25/44;13/19;8/13;5/13;6/19;1;2;3/7;3/3;0/3;4/7;2;2;6;6;6;6;37/82;45/82;20/44;21/38;17/38;24/44;9/27;7/18;11/18;18/27;18/28;27/45;10/18;7/10;3/10;8/18;0;4;1/5;2/3;1/3;4/5;2;3;5;5;5;5;33/73;40/73;19/45;14/28;14/28;26/45;1;1;1.73;1.66;33.42;27.08;Right-Handed;Right-Handed;https://wtatennis.com/tournament/806/montreal/2018/scores/LS010;;;;;;;;;;;;;;;;;;;;;;;;;;;;
4/29;15/35;20/35;25/29;35/52;29/62;17/33;10/17;7/17;16/33;2;2;0/4;4/7;3/7;4/4;4;7;8;8;8;8;48/114;66/114;21/62;25/52;27/52;41/62;3/12;10/25;15/25;9/12;25/35;12/24;3/12;6/10;4/10;9/12;2;1;0/0;2/4;2/4;0/0;3;1;4;5;5;4;25/59;34/59;6/24;16/35;19/35;18/24;1/17;5/10;5/10;16/17;10/17;17/38;14/21;4/7;3/7;7/21;0;1;0/4;2/3;1/3;4/4;1;6;4;3;3;4;23/55;32/55;15/38;9/17;8/17;23/38;2;2;1.83;1.80;33.83;32.08;Right-Handed;Right-Handed;https://wtatennis.com/tournament/806/montreal/2018/scores/LS029;;;;;;;;;;;;;;;;;;;;;;;;;;;;
15/33;12/41;29/41;18/33;41/66;33/59;15/26;15/25;10/25;11/26;5;1;5/7;3/4;1/4;2/7;5;4;10;11;11;10;69/125;56/125;30/59;27/66;39/66;29/59;9/18;10/26;16/26;9/18;26/36;18/35;12/17;8/10;2/10;5/17;1;1;4/6;3/3;0/3;2/6;4;3;6;6;6;6;39/71;32/71;21/35;18/36;18/36;14/35;6/15;2/15;13/15;9/15;15/30;15/24;3/9;7/15;8/15;6/9;4;0;1/1;0/1;1/1;0/1;1;1;4;5;5;4;30/54;24/54;9/24;9/30;21/30;15/24;3;2;1.74;1.79;28.75;27.58;Right-Handed;Right-Handed;https://wtatennis.com/tournament/806/montreal/2018/scores/LS007;;;;;;;;;;;;;;;;;;;;;;;;;;;;
20/43;7/31;24/31;23/43;31/55;43/70;15/27;11/24;13/24;12/27;0;0;5/13;1/3;2/3;8/13;4;4;10;9;9;10;72/125;53/125;35/70;18/55;37/55;35/70;9/23;5/18;13/18;14/23;18/35;23/40;9/17;7/17;10/17;8/17;0;0;2/7;1/3;2/3;5/7;2;1;6;6;6;6;41/75;34/75;18/40;12/35;23/35;22/40;11/20;2/13;11/13;9/20;13/20;20/30;6/10;4/7;3/7;4/10;0;0;3/6;0/0;0/0;3/6;2;3;4;3;3;4;31/50;19/50;17/30;6/20;14/20;13/30;7;2;1.68;1.77;31.67;29.67;Right-Handed;Right-Handed;https://wtatennis.com/tournament/806/montreal/2018/scores/LS004;;;;;;;;;;;;;;;;;;;;;;;;;;;;
13/39;13/30;17/30;26/39;30/52;39/52;6/13;14/22;8/22;7/13;1;1;1/3;5/9;4/9;2/3;3;0;8;8;8;8;44/104;60/104;19/52;27/52;25/52;33/52;2/12;7/14;7/14;10/12;14/24;12/22;6/10;7/10;3/10;4/10;1;0;1/1;3/4;1/4;0/1;3;0;4;4;4;4;18/46;28/46;8/22;14/24;10/24;14/22;11/27;6/16;10/16;16/27;16/28;27/30;0/3;7/12;5/12;3/3;0;1;0/2;2/5;3/5;2/2;0;0;4;4;4;4;26/58;32/58;11/30;13/28;15/28;19/30;2;2;1.69;1.70;33.17;30.25;Right-Handed;Right-Handed;https://wtatennis.com/tournament/806/montreal/2018/scores/LS006;;;;;;;;;;;;;;;;;;;;;;;;;;;;
27/72;35/85;50/85;45/72;85/117;72/103;24/31;24/32;8/32;7/31;4;0;7/16;8/19;11/19;9/16;7;4;15;16;16;15;109/220;111/220;51/103;59/117;58/117;52/103;16/38;16/36;20/36;22/38;36/50;38/52;12/14;10/14;4/14;2/14;1;0;3/8;3/10;7/10;5/8;4;1;6;6;6;6;52/102;50/102;28/52;26/50;24/50;24/52;3/14;12/26;14/26;11/14;26/32;14/20;4/6;5/6;1/6;2/6;0;0;1/3;3/6;3/6;2/3;2;1;4;5;5;4;22/52;30/52;7/20;17/32;15/32;13/20;7;2;1.68;1.70;31.67;30.25;Right-Handed;Right-Handed;https://wtatennis.com/tournament/806/montreal/2018/scores/LS001;8/20;7/23;16/23;12/20;23/35;20/31;8/11;9/12;3/12;3/11;3;0;3/5;2/3;1/3;2/5;1;2;5;5;5;5;35/66;31/66;16/31;16/35;19/35;15/31
