statut;duration;stage;url_match_stats;player_1_name;player_1_set_1;player_1_set_1_tiebreak;player_1_set_2;player_1_set_2_tiebreak;player_1_set_3;player_1_set_3_tiebreak;player_2_name;player_2_set_1;player_2_set_1_tiebreak;player_2_set_2;player_2_set_2_tiebreak;player_2_set_3;player_2_set_3_tiebreak;scores_link
Completed;1:07;Qualifying;https://wtatennis.com/tournament/1080/nottingham/2019/scores/RS008;C.Paquet;3;;3;;-;;E.Ruse;6;;6;;-;;https://www.wtatennis.com/tournament/1080/nottingham/2019/scores
Completed;0:57;Qualifying;https://wtatennis.com/tournament/1080/nottingham/2019/scores/RS012;M.Frech;6;;6;;-;;V.Cepede Royg;2;;1;;-;;https://www.wtatennis.com/tournament/1080/nottingham/2019/scores
Completed;2:28;Qualifying;https://wtatennis.com/tournament/1080/nottingham/2019/scores/RS013;D.Lao;4;;7;;6;;J.Ponchet;6;;6;7;3;;https://www.wtatennis.com/tournament/1080/nottingham/2019/scores
Completed;1:02;Qualifying;https://wtatennis.com/tournament/1080/nottingham/2019/scores/RS011;L.Samsonova;6;;6;;-;;V.Savinykh;4;;1;;-;;https://www.wtatennis.com/tournament/1080/nottingham/2019/scores
Completed;0:36;Qualifying;https://wtatennis.com/tournament/1080/nottingham/2019/scores/RS009;T.Moore;5;;-;;-;;G.Gatto-Monticone;4;;-;;-;;https://www.wtatennis.com/tournament/1080/nottingham/2019/scores
Completed;1:35;Qualifying;https://wtatennis.com/tournament/1080/nottingham/2019/scores/RS010;E.Perez;6;;3;;6;;A.Raina;1;;6;;3;;https://www.wtatennis.com/tournament/1080/nottingham/2019/scores
Completed;1:32;Qualifying;https://wtatennis.com/tournament/1080/nottingham/2019/scores/RS017;E.Ruse;6;;7;;-;;J.Cepelova;4;;6;4;-;;https://www.wtatennis.com/tournament/1080/nottingham/2019/scores
Completed;1:18;Qualifying;https://wtatennis.com/tournament/1080/nottingham/2019/scores/RS024;M.Frech;6;;6;;-;;E.Silva;4;;2;;-;;https://www.wtatennis.com/tournament/1080/nottingham/2019/scores
Completed;1:29;Qualifying;https://wtatennis.com/tournament/1080/nottingham/2019/scores/RS016;C.Paquet;6;;7;;-;;M.Bolkvadze;0;;6;1;-;;https://www.wtatennis.com/tournament/1080/nottingham/2019/scores
Completed;1:14;Qualifying;https://wtatennis.com/tournament/1080/nottingham/2019/scores/RS025;C.Dolehide;4;;3;;-;;V.Cepede Royg;6;;6;;-;;https://www.wtatennis.com/tournament/1080/nottingham/2019/scores
Completed;2:00;Qualifying;https://wtatennis.com/tournament/1080/nottingham/2019/scores/RS023;F.Christie;6;;3;;4;;V.Savinykh;3;;6;;6;;https://www.wtatennis.com/tournament/1080/nottingham/2019/scores
Completed;1:51;Qualifying;https://wtatennis.com/tournament/1080/nottingham/2019/scores/RS026;D.Lao;7;;6;;-;;S.Grey;6;4;2;;-;;https://www.wtatennis.com/tournament/1080/nottingham/2019/scores
Completed;1:11;Qualifying;https://wtatennis.com/tournament/1080/nottingham/2019/scores/RS022;L.Samsonova;6;;6;;-;;S.Ma;4;;4;;-;;https://www.wtatennis.com/tournament/1080/nottingham/2019/scores
Completed;2:23;Qualifying;https://wtatennis.com/tournament/1080/nottingham/2019/scores/RS027;K.Mcphee;7;;6;2;1;;J.Ponchet;6;5;7;;6;;https://www.wtatennis.com/tournament/1080/nottingham/2019/scores
Completed;0:39;Qualifying;https://wtatennis.com/tournament/1080/nottingham/2019/scores/RS021;K.Zhang;3;;0;;-;;A.Raina;6;;0;;-;;https://www.wtatennis.com/tournament/1080/nottingham/2019/scores
Completed;1:08;Qualifying;https://wtatennis.com/tournament/1080/nottingham/2019/scores/RS020;K.Birrell;3;;3;;-;;E.Perez;6;;6;;-;;https://www.wtatennis.com/tournament/1080/nottingham/2019/scores
Completed;1:05;Qualifying;https://wtatennis.com/tournament/1080/nottingham/2019/scores/RS019;S.Xu;3;;3;;-;;G.Gatto-Monticone;6;;6;;-;;https://www.wtatennis.com/tournament/1080/nottingham/2019/scores
Completed;1:20;Qualifying;https://wtatennis.com/tournament/1080/nottingham/2019/scores/RS018;T.Martincova;4;;2;;-;;T.Moore;6;;6;;-;;https://www.wtatennis.com/tournament/1080/nottingham/2019/scores
Completed;1:19;Round of 32;https://wtatennis.com/tournament/1080/nottingham/2019/scores/LS028;K.Mladenovic;7;;6;;-;;M.Frech;5;;2;;-;;https://www.wtatennis.com/tournament/1080/nottingham/2019/scores
Completed;0:29;Round of 32;https://wtatennis.com/tournament/1080/nottingham/2019/scores/LS029;A.Sharma;6;;0;;-;;M.Rybarikova;1;;0;;-;;https://www.wtatennis.com/tournament/1080/nottingham/2019/scores
Completed;1:19;Round of 32;https://wtatennis.com/tournament/1080/nottingham/2019/scores/LS021;I.Jorovic;6;;6;;-;;E.Perez;3;;4;;-;;https://www.wtatennis.com/tournament/1080/nottingham/2019/scores
Completed;3:12;Round of 32;https://wtatennis.com/tournament/1080/nottingham/2019/scores/LS022;S.Sorribes Tormo;6;;5;;7;;S.Rogers;4;;7;;6;4;https://www.wtatennis.com/tournament/1080/nottingham/2019/scores
Completed;1:37;Round of 32;https://wtatennis.com/tournament/1080/nottingham/2019/scores/LS023;J.Brady;7;;6;;-;;S.Zhang;5;;3;;-;;https://www.wtatennis.com/tournament/1080/nottingham/2019/scores
Completed;1:29;Round of 32;https://wtatennis.com/tournament/1080/nottingham/2019/scores/LS017;T.Moore;3;;6;3;-;;M.Lumsden;6;;7;;-;;https://www.wtatennis.com/tournament/1080/nottingham/2019/scores
Completed;2:05;Round of 32;https://wtatennis.com/tournament/1080/nottingham/2019/scores/LS027;M.Niculescu;1;;6;;6;3;T.Maria;6;;3;;7;;https://www.wtatennis.com/tournament/1080/nottingham/2019/scores
Completed;0:57;Round of 32;https://wtatennis.com/tournament/1080/nottingham/2019/scores/LS016;C.Garcia;6;;6;;-;;N.Bains;1;;2;;-;;https://www.wtatennis.com/tournament/1080/nottingham/2019/scores
Completed;1:20;Round of 32;https://wtatennis.com/tournament/1080/nottingham/2019/scores/LS026;B.Pera;7;;6;;-;;K.Swan;6;5;1;;-;;https://www.wtatennis.com/tournament/1080/nottingham/2019/scores
Completed;1:23;Round of 32;https://wtatennis.com/tournament/1080/nottingham/2019/scores/LS020;M.Sakkari;6;;6;;-;;H.Watson;4;;3;;-;;https://www.wtatennis.com/tournament/1080/nottingham/2019/scores
Completed;2:23;Round of 32;https://wtatennis.com/tournament/1080/nottingham/2019/scores/LS025;H.Dart;7;;3;;6;;V.Lapko;6;7;6;;3;;https://www.wtatennis.com/tournament/1080/nottingham/2019/scores
Completed;1:07;Round of 32;https://wtatennis.com/tournament/1080/nottingham/2019/scores/LS024;A.Tomljanovic;6;;6;;-;;D.Lao;2;;3;;-;;https://www.wtatennis.com/tournament/1080/nottingham/2019/scores
Completed;2:00;Round of 32;https://wtatennis.com/tournament/1080/nottingham/2019/scores/LS030;C.Paquet;5;;6;;6;;A.Raina;7;;4;;2;;https://www.wtatennis.com/tournament/1080/nottingham/2019/scores
Completed;1:09;Round of 32;https://wtatennis.com/tournament/1080/nottingham/2019/scores/LS019;E.Ruse;6;;6;;-;;E.Rodina;3;;3;;-;;https://www.wtatennis.com/tournament/1080/nottingham/2019/scores
Completed;1:49;Round of 32;https://wtatennis.com/tournament/1080/nottingham/2019/scores/LS031;D.Jakupovic;2;;7;;0;;D.Vekic;6;;6;5;6;;https://www.wtatennis.com/tournament/1080/nottingham/2019/scores
Completed;2:15;Round of 32;https://wtatennis.com/tournament/1080/nottingham/2019/scores/LS018;L.Samsonova;1;;7;;3;;V.Golubic;6;;6;2;6;;https://www.wtatennis.com/tournament/1080/nottingham/2019/scores
Completed;1:23;Round of 16;https://wtatennis.com/tournament/1080/nottingham/2019/scores/LS014;K.Mladenovic;6;;7;;-;;A.Sharma;1;;5;;-;;https://www.wtatennis.com/tournament/1080/nottingham/2019/scores
Completed;3:10;Round of 16;https://wtatennis.com/tournament/1080/nottingham/2019/scores/LS011;S.Sorribes Tormo;4;;6;;5;;J.Brady;6;;3;;7;;https://www.wtatennis.com/tournament/1080/nottingham/2019/scores
Completed;1:23;Round of 16;https://wtatennis.com/tournament/1080/nottingham/2019/scores/LS010;M.Sakkari;6;;6;;-;;I.Jorovic;2;;4;;-;;https://www.wtatennis.com/tournament/1080/nottingham/2019/scores
Completed;0:52;Round of 16;https://wtatennis.com/tournament/1080/nottingham/2019/scores/LS008;C.Garcia;6;;6;;-;;M.Lumsden;3;;1;;-;;https://www.wtatennis.com/tournament/1080/nottingham/2019/scores
Completed;2:38;Round of 16;https://wtatennis.com/tournament/1080/nottingham/2019/scores/LS013;B.Pera;7;;6;5;3;;T.Maria;5;;7;;6;;https://www.wtatennis.com/tournament/1080/nottingham/2019/scores
Completed;0:53;Round of 16;https://wtatennis.com/tournament/1080/nottingham/2019/scores/LS015;C.Paquet;1;;2;;-;;D.Vekic;6;;6;;-;;https://www.wtatennis.com/tournament/1080/nottingham/2019/scores
Completed;2:05;Round of 16;https://wtatennis.com/tournament/1080/nottingham/2019/scores/LS012;A.Tomljanovic;6;5;6;;6;;H.Dart;7;;1;;2;;https://www.wtatennis.com/tournament/1080/nottingham/2019/scores
Completed;2:24;Round of 16;https://wtatennis.com/tournament/1080/nottingham/2019/scores/LS009;V.Golubic;6;3;6;;4;;E.Ruse;7;;4;;6;;https://www.wtatennis.com/tournament/1080/nottingham/2019/scores
Completed;1:58;Quarterfinal;https://wtatennis.com/tournament/1080/nottingham/2019/scores/LS004;C.Garcia;4;;7;;6;;E.Ruse;6;;6;3;1;;https://www.wtatennis.com/tournament/1080/nottingham/2019/scores
Completed;1:30;Quarterfinal;https://wtatennis.com/tournament/1080/nottingham/2019/scores/LS005;M.Sakkari;5;;3;;-;;J.Brady;7;;6;;-;;https://www.wtatennis.com/tournament/1080/nottingham/2019/scores
Completed;1:46;Quarterfinal;https://wtatennis.com/tournament/1080/nottingham/2019/scores/LS007;K.Mladenovic;5;;4;;-;;D.Vekic;7;;6;;-;;https://www.wtatennis.com/tournament/1080/nottingham/2019/scores
Completed;1:46;Quarterfinal;https://wtatennis.com/tournament/1080/nottingham/2019/scores/LS006;A.Tomljanovic;3;;6;7;-;;T.Maria;6;;7;;-;;https://www.wtatennis.com/tournament/1080/nottingham/2019/scores
Completed;1:40;Semifinal;https://wtatennis.com/tournament/1080/nottingham/2019/scores/LS003;T.Maria;7;;0;;0;;D.Vekic;5;;6;;6;;https://www.wtatennis.com/tournament/1080/nottingham/2019/scores
Completed;2:36;Final;https://wtatennis.com/tournament/1080/nottingham/2019/scores/LS001;C.Garcia;2;;7;;7;;D.Vekic;6;;6;4;6;4;https://www.wtatennis.com/tournament/1080/nottingham/2019/scores
Completed;1:49;Semifinal;https://wtatennis.com/tournament/1080/nottingham/2019/scores/LS002;C.Garcia;4;;6;;6;;J.Brady;6;;3;;3;;https://www.wtatennis.com/tournament/1080/nottingham/2019/scores
