statut;duration;stage;url_match_stats;player_1_name;player_1_set_1;player_1_set_1_tiebreak;player_1_set_2;player_1_set_2_tiebreak;player_1_set_3;player_1_set_3_tiebreak;player_2_name;player_2_set_1;player_2_set_1_tiebreak;player_2_set_2;player_2_set_2_tiebreak;player_2_set_3;player_2_set_3_tiebreak;scores_link
Completed;1:32;Group Stage;https://wtatennis.com/tournament/808/wta-finals/2018/scores/LS018;C.Wozniacki;2;;4;;-;;K.Pliskova;6;;6;;-;;https://www.wtatennis.com/tournament/808/wta-finals/2018/scores
Completed;1:28;Group Stage;https://wtatennis.com/tournament/808/wta-finals/2018/scores/LS019;P.Kvitova;3;;3;;-;;E.Svitolina;6;;6;;-;;https://www.wtatennis.com/tournament/808/wta-finals/2018/scores
Completed;2:00;Group Stage;https://wtatennis.com/tournament/808/wta-finals/2018/scores/LS010;A.Kerber;6;;3;;4;;K.Bertens;1;;6;;6;;https://www.wtatennis.com/tournament/808/wta-finals/2018/scores
Completed;2:24;Group Stage;https://wtatennis.com/tournament/808/wta-finals/2018/scores/LS011;N.Osaka;5;;6;;1;;S.Stephens;7;;4;;6;;https://www.wtatennis.com/tournament/808/wta-finals/2018/scores
Completed;1:54;Group Stage;https://wtatennis.com/tournament/808/wta-finals/2018/scores/LS021;E.Svitolina;6;;2;;6;;K.Pliskova;3;;6;;3;;https://www.wtatennis.com/tournament/808/wta-finals/2018/scores
Completed;2:19;Group Stage;https://wtatennis.com/tournament/808/wta-finals/2018/scores/LS016;C.Wozniacki;7;;3;;6;;P.Kvitova;5;;6;;2;;https://www.wtatennis.com/tournament/808/wta-finals/2018/scores
Completed;2:20;Group Stage;https://wtatennis.com/tournament/808/wta-finals/2018/scores/LS013;S.Stephens;7;;2;;6;;K.Bertens;6;4.0;6;;3;;https://www.wtatennis.com/tournament/808/wta-finals/2018/scores
Completed;2:29;Group Stage;https://wtatennis.com/tournament/808/wta-finals/2018/scores/LS008;A.Kerber;6;;5;;6;;N.Osaka;4;;7;;4;;https://www.wtatennis.com/tournament/808/wta-finals/2018/scores
Completed;2:35;Group Stage;https://wtatennis.com/tournament/808/wta-finals/2018/scores/LS017;C.Wozniacki;7;;5;;3;;E.Svitolina;5;;7;;6;;https://www.wtatennis.com/tournament/808/wta-finals/2018/scores
Completed;1:22;Group Stage;https://wtatennis.com/tournament/808/wta-finals/2018/scores/LS020;P.Kvitova;3;;4;;-;;K.Pliskova;6;;6;;-;;https://www.wtatennis.com/tournament/808/wta-finals/2018/scores
Completed;1:40;Group Stage;https://wtatennis.com/tournament/808/wta-finals/2018/scores/LS009;A.Kerber;3;;3;;-;;S.Stephens;6;;6;;-;;https://www.wtatennis.com/tournament/808/wta-finals/2018/scores
Completed;0:47;Group Stage;https://wtatennis.com/tournament/808/wta-finals/2018/scores/LS012;N.Osaka;3;;0;;-;;K.Bertens;6;;0;;-;;https://www.wtatennis.com/tournament/808/wta-finals/2018/scores
Completed;1:55;;https://wtatennis.com/tournament/808/wta-finals/2018/scores/LS002;S.Stephens;0;;6;;6;;K.Pliskova;6;;4;;1;;https://www.wtatennis.com/tournament/808/wta-finals/2018/scores
Completed;2:38;;https://wtatennis.com/tournament/808/wta-finals/2018/scores/LS003;K.Bertens;5;;7;;4;;E.Svitolina;7;;6;5.0;6;;https://www.wtatennis.com/tournament/808/wta-finals/2018/scores
Completed;2:23;Final;https://wtatennis.com/tournament/808/wta-finals/2018/scores/LS001;S.Stephens;6;;2;;2;;E.Svitolina;3;;6;;6;;https://www.wtatennis.com/tournament/808/wta-finals/2018/scores
