statut;duration;stage;url_match_stats;player_1_name;player_1_set_1;player_1_set_1_tiebreak;player_1_set_2;player_1_set_2_tiebreak;player_1_set_3;player_1_set_3_tiebreak;player_2_name;player_2_set_1;player_2_set_1_tiebreak;player_2_set_2;player_2_set_2_tiebreak;player_2_set_3;player_2_set_3_tiebreak;scores_link
Completed;2:26;Qualifying;https://wtatennis.com/tournament/1097/budapest/2019/scores/RS020;P.Badosa Gibert;6;;6;1;6;;A.Nagy;3;;7;;2;;https://www.wtatennis.com/tournament/1097/budapest/2019/scores
Completed;1:52;Qualifying;https://wtatennis.com/tournament/1097/budapest/2019/scores/RS017;A.Rodionova;6;;5;;6;;A.Kalinskaya;0;;7;;4;;https://www.wtatennis.com/tournament/1097/budapest/2019/scores
Completed;1:46;Qualifying;https://wtatennis.com/tournament/1097/budapest/2019/scores/RS021;G.Arn;7;;1;;6;;E.Gorgodze;5;;6;;2;;https://www.wtatennis.com/tournament/1097/budapest/2019/scores
Completed;1:40;Qualifying;https://wtatennis.com/tournament/1097/budapest/2019/scores/RS027;J.Paolini;1;;6;;7;;C.Perrin;6;;0;;5;;https://www.wtatennis.com/tournament/1097/budapest/2019/scores
Completed;2:01;Qualifying;https://wtatennis.com/tournament/1097/budapest/2019/scores/RS016;N.Vikhlyantseva;4;;6;;7;;D.Galfi;6;;1;;5;;https://www.wtatennis.com/tournament/1097/budapest/2019/scores
Completed;1:09;Qualifying;https://wtatennis.com/tournament/1097/budapest/2019/scores/RS026;P.Hon;2;;3;;-;;G.Garcia Perez;6;;6;;-;;https://www.wtatennis.com/tournament/1097/budapest/2019/scores
Completed;0:57;Qualifying;https://wtatennis.com/tournament/1097/budapest/2019/scores/RS025;X.Wang;2;;1;;-;;V.Tomova;6;;6;;-;;https://www.wtatennis.com/tournament/1097/budapest/2019/scores
Completed;1:01;Qualifying;https://wtatennis.com/tournament/1097/budapest/2019/scores/RS024;I.Swiatek;6;;6;;-;;B.Schoofs;2;;3;;-;;https://www.wtatennis.com/tournament/1097/budapest/2019/scores
Completed;1:17;Qualifying;https://wtatennis.com/tournament/1097/budapest/2019/scores/RS019;Q.Lemoine;3;;3;;-;;J.Teichmann;6;;6;;-;;https://www.wtatennis.com/tournament/1097/budapest/2019/scores
Completed;1:31;Qualifying;https://wtatennis.com/tournament/1097/budapest/2019/scores/RS018;Y.Bonaventure;6;;3;;6;;E.Rybakina;2;;6;;2;;https://www.wtatennis.com/tournament/1097/budapest/2019/scores
Completed;1:58;Qualifying;https://wtatennis.com/tournament/1097/budapest/2019/scores/RS023;R.Sramkova;6;;2;;2;;T.Martincova;4;;6;;6;;https://www.wtatennis.com/tournament/1097/budapest/2019/scores
Completed;1:40;Qualifying;https://wtatennis.com/tournament/1097/budapest/2019/scores/RS022;T.Smitkova;6;;7;;-;;D.Kovinic;3;;6;3;-;;https://www.wtatennis.com/tournament/1097/budapest/2019/scores
Completed;2:56;Qualifying;https://wtatennis.com/tournament/1097/budapest/2019/scores/RS008;N.Vikhlyantseva;6;7;6;;7;;A.Rodionova;7;;2;;6;5;https://www.wtatennis.com/tournament/1097/budapest/2019/scores
Completed;1:10;Qualifying;https://wtatennis.com/tournament/1097/budapest/2019/scores/RS010;P.Badosa Gibert;6;3;0;;-;;G.Arn;7;;6;;-;;https://www.wtatennis.com/tournament/1097/budapest/2019/scores
Completed;2:08;Qualifying;https://wtatennis.com/tournament/1097/budapest/2019/scores/RS013;G.Garcia Perez;6;;3;;6;;J.Paolini;3;;6;;3;;https://www.wtatennis.com/tournament/1097/budapest/2019/scores
Completed;1:39;Qualifying;https://wtatennis.com/tournament/1097/budapest/2019/scores/RS009;Y.Bonaventure;7;;7;;-;;J.Teichmann;5;;5;;-;;https://www.wtatennis.com/tournament/1097/budapest/2019/scores
Completed;1:04;Qualifying;https://wtatennis.com/tournament/1097/budapest/2019/scores/RS012;I.Swiatek;6;;6;;-;;V.Tomova;3;;2;;-;;https://www.wtatennis.com/tournament/1097/budapest/2019/scores
Completed;1:34;Qualifying;https://wtatennis.com/tournament/1097/budapest/2019/scores/RS011;T.Smitkova;7;;6;;-;;T.Martincova;6;7;3;;-;;https://www.wtatennis.com/tournament/1097/budapest/2019/scores
Completed;1:16;Round of 32;https://wtatennis.com/tournament/1097/budapest/2019/scores/LS020;P.Parmentier;7;;6;;-;;A.Konjuh;5;;3;;-;;https://www.wtatennis.com/tournament/1097/budapest/2019/scores
Completed;1:28;Round of 32;https://wtatennis.com/tournament/1097/budapest/2019/scores/LS027;T.Korpatsch;0;;5;;-;;A.Krunic;6;;7;;-;;https://www.wtatennis.com/tournament/1097/budapest/2019/scores
Completed;1:41;Round of 32;https://wtatennis.com/tournament/1097/budapest/2019/scores/LS022;A.Rus;7;;6;;-;;F.Ferro;5;;3;;-;;https://www.wtatennis.com/tournament/1097/budapest/2019/scores
Completed;2:16;Round of 32;https://wtatennis.com/tournament/1097/budapest/2019/scores/LS025;A.Potapova;6;;2;;7;;H.Watson;4;;6;;6;4;https://www.wtatennis.com/tournament/1097/budapest/2019/scores
Completed;0:57;Round of 32;https://wtatennis.com/tournament/1097/budapest/2019/scores/LS024;A.Petkovic;6;;6;;-;;A.Bogdan;1;;0;;-;;https://www.wtatennis.com/tournament/1097/budapest/2019/scores
Completed;2:11;Round of 32;https://wtatennis.com/tournament/1097/budapest/2019/scores/LS026;S.Cirstea;4;;6;;6;;A.Bondar;6;;3;;4;;https://www.wtatennis.com/tournament/1097/budapest/2019/scores
Completed;2:18;Round of 32;https://wtatennis.com/tournament/1097/budapest/2019/scores/LS029;A.Blinkova;3;;6;;6;;N.Vikhlyantseva;6;;4;;4;;https://www.wtatennis.com/tournament/1097/budapest/2019/scores
Completed;1:53;Round of 32;https://wtatennis.com/tournament/1097/budapest/2019/scores/LS021;T.Smitkova;4;;6;;6;;Y.Bonaventure;6;;3;;2;;https://www.wtatennis.com/tournament/1097/budapest/2019/scores
Completed;1:54;Round of 32;https://wtatennis.com/tournament/1097/budapest/2019/scores/LS031;E.Rodina;6;;4;;6;;V.Tomova;0;;6;;2;;https://www.wtatennis.com/tournament/1097/budapest/2019/scores
Completed;1:03;Round of 32;https://wtatennis.com/tournament/1097/budapest/2019/scores/LS017;O.Danilovic;3;;0;;-;;I.Swiatek;6;;6;;-;;https://www.wtatennis.com/tournament/1097/budapest/2019/scores
Completed;0:51;Round of 32;https://wtatennis.com/tournament/1097/budapest/2019/scores/LS019;K.Kozlova;6;;6;;-;;J.Larsson;1;;1;;-;;https://www.wtatennis.com/tournament/1097/budapest/2019/scores
Completed;1:24;Round of 16;https://wtatennis.com/tournament/1097/budapest/2019/scores/LS010;P.Parmentier;6;;7;;-;;T.Smitkova;1;;5;;-;;https://www.wtatennis.com/tournament/1097/budapest/2019/scores
Completed;1:23;Round of 16;https://wtatennis.com/tournament/1097/budapest/2019/scores/LS013;S.Cirstea;6;;6;;-;;A.Krunic;3;;3;;-;;https://www.wtatennis.com/tournament/1097/budapest/2019/scores
Completed;1:23;Round of 32;https://wtatennis.com/tournament/1097/budapest/2019/scores/LS018;F.Stollar;3;;3;;-;;M.Brengle;6;;6;;-;;https://www.wtatennis.com/tournament/1097/budapest/2019/scores
Completed;1:55;Round of 32;https://wtatennis.com/tournament/1097/budapest/2019/scores/LS016;A.Van Uytvanck;7;;7;;-;;V.Zvonareva;5;;5;;-;;https://www.wtatennis.com/tournament/1097/budapest/2019/scores
Completed;1:20;Round of 32;https://wtatennis.com/tournament/1097/budapest/2019/scores/LS028;M.Vondrousova;6;;7;;-;;G.Garcia Perez;0;;6;6;-;;https://www.wtatennis.com/tournament/1097/budapest/2019/scores
Completed;1:29;Round of 16;https://wtatennis.com/tournament/1097/budapest/2019/scores/LS012;A.Petkovic;2;;5;;-;;A.Potapova;6;;7;;-;;https://www.wtatennis.com/tournament/1097/budapest/2019/scores
Completed;2:07;Round of 32;https://wtatennis.com/tournament/1097/budapest/2019/scores/LS030;M.Barthel;6;;4;;2;;I.Begu;3;;6;;6;;https://www.wtatennis.com/tournament/1097/budapest/2019/scores
Completed;1:56;Round of 32;https://wtatennis.com/tournament/1097/budapest/2019/scores/LS023;G.Arn;6;;1;;4;;E.Alexandrova;4;;6;;6;;https://www.wtatennis.com/tournament/1097/budapest/2019/scores
Completed;0:58;Round of 16;https://wtatennis.com/tournament/1097/budapest/2019/scores/LS009;M.Brengle;0;;1;;-;;K.Kozlova;6;;6;;-;;https://www.wtatennis.com/tournament/1097/budapest/2019/scores
Completed;1:42;Round of 16;https://wtatennis.com/tournament/1097/budapest/2019/scores/LS008;A.Van Uytvanck;6;;7;;-;;I.Swiatek;4;;5;;-;;https://www.wtatennis.com/tournament/1097/budapest/2019/scores
Completed;2:34;Round of 16;https://wtatennis.com/tournament/1097/budapest/2019/scores/LS014;M.Vondrousova;7;;3;;6;;A.Blinkova;6;6;6;;3;;https://www.wtatennis.com/tournament/1097/budapest/2019/scores
Completed;1:16;Round of 16;https://wtatennis.com/tournament/1097/budapest/2019/scores/LS015;I.Begu;6;;6;;-;;E.Rodina;2;;3;;-;;https://www.wtatennis.com/tournament/1097/budapest/2019/scores
Completed;1:15;Round of 16;https://wtatennis.com/tournament/1097/budapest/2019/scores/LS011;A.Rus;4;;0;;-;;E.Alexandrova;6;;6;;-;;https://www.wtatennis.com/tournament/1097/budapest/2019/scores
Completed;2:03;Quarterfinal;https://wtatennis.com/tournament/1097/budapest/2019/scores/LS004;A.Van Uytvanck;3;;6;;6;;K.Kozlova;6;;1;;4;;https://www.wtatennis.com/tournament/1097/budapest/2019/scores
Completed;2:50;Quarterfinal;https://wtatennis.com/tournament/1097/budapest/2019/scores/LS006;A.Potapova;6;;6;5;7;;S.Cirstea;4;;7;;5;;https://www.wtatennis.com/tournament/1097/budapest/2019/scores
Completed;2:11;Quarterfinal;https://wtatennis.com/tournament/1097/budapest/2019/scores/LS007;M.Vondrousova;5;;6;;6;;I.Begu;7;;1;;3;;https://www.wtatennis.com/tournament/1097/budapest/2019/scores
Completed;1:18;Quarterfinal;https://wtatennis.com/tournament/1097/budapest/2019/scores/LS005;P.Parmentier;3;;2;;-;;E.Alexandrova;6;;6;;-;;https://www.wtatennis.com/tournament/1097/budapest/2019/scores
Completed;1:01;Semifinal;https://wtatennis.com/tournament/1097/budapest/2019/scores/LS003;A.Potapova;0;;2;;-;;M.Vondrousova;6;;6;;-;;https://www.wtatennis.com/tournament/1097/budapest/2019/scores
Completed;2:15;Semifinal;https://wtatennis.com/tournament/1097/budapest/2019/scores/LS002;A.Van Uytvanck;3;;6;;7;;E.Alexandrova;6;;4;;6;7;https://www.wtatennis.com/tournament/1097/budapest/2019/scores
Completed;2:00;Final;https://wtatennis.com/tournament/1097/budapest/2019/scores/LS001;A.Van Uytvanck;1;;7;;6;;M.Vondrousova;6;;5;;2;;https://www.wtatennis.com/tournament/1097/budapest/2019/scores
