match_1st Return Points Won_player_1;match_1st Return Points Won_player_2;match_1st Serve Points Won_player_1;match_1st Serve Points Won_player_2;match_1st Serve_player_1;match_1st Serve_player_2;match_2nd Return Points Won_player_1;match_2nd Return Points Won_player_2;match_2nd Serve Points Won_player_1;match_2nd Serve Points Won_player_2;match_Aces_player_1;match_Aces_player_2;match_Break Points Converted_player_1;match_Break Points Converted_player_2;match_Break Points Saved_player_1;match_Break Points Saved_player_2;match_Double Faults_player_1;match_Double Faults_player_2;match_Return Games Played_player_1;match_Return Games Played_player_2;match_Service Games Played_player_1;match_Service Games Played_player_2;match_Total Points Won_player_1;match_Total Points Won_player_2;match_Total Return Points Won_player_1;match_Total Return Points Won_player_2;match_Total Service Points Won_player_1;match_Total Service Points Won_player_2;set1_1st Return Points Won_player_1;set1_1st Return Points Won_player_2;set1_1st Serve Points Won_player_1;set1_1st Serve Points Won_player_2;set1_1st Serve_player_1;set1_1st Serve_player_2;set1_2nd Return Points Won_player_1;set1_2nd Return Points Won_player_2;set1_2nd Serve Points Won_player_1;set1_2nd Serve Points Won_player_2;set1_Aces_player_1;set1_Aces_player_2;set1_Break Points Converted_player_1;set1_Break Points Converted_player_2;set1_Break Points Saved_player_1;set1_Break Points Saved_player_2;set1_Double Faults_player_1;set1_Double Faults_player_2;set1_Return Games Played_player_1;set1_Return Games Played_player_2;set1_Service Games Played_player_1;set1_Service Games Played_player_2;set1_Total Points Won_player_1;set1_Total Points Won_player_2;set1_Total Return Points Won_player_1;set1_Total Return Points Won_player_2;set1_Total Service Points Won_player_1;set1_Total Service Points Won_player_2;set2_1st Return Points Won_player_1;set2_1st Return Points Won_player_2;set2_1st Serve Points Won_player_1;set2_1st Serve Points Won_player_2;set2_1st Serve_player_1;set2_1st Serve_player_2;set2_2nd Return Points Won_player_1;set2_2nd Return Points Won_player_2;set2_2nd Serve Points Won_player_1;set2_2nd Serve Points Won_player_2;set2_Aces_player_1;set2_Aces_player_2;set2_Break Points Converted_player_1;set2_Break Points Converted_player_2;set2_Break Points Saved_player_1;set2_Break Points Saved_player_2;set2_Double Faults_player_1;set2_Double Faults_player_2;set2_Return Games Played_player_1;set2_Return Games Played_player_2;set2_Service Games Played_player_1;set2_Service Games Played_player_2;set2_Total Points Won_player_1;set2_Total Points Won_player_2;set2_Total Return Points Won_player_1;set2_Total Return Points Won_player_2;set2_Total Service Points Won_player_1;set2_Total Service Points Won_player_2;h2h_wins_player_1;h2h_wins_player_2;Height_player_1;Height_player_2;Date of Birth_player_1;Date of Birth_player_2;Plays_player_1;Plays_player_2;url_match_stats;set3_1st Return Points Won_player_1;set3_1st Return Points Won_player_2;set3_1st Serve Points Won_player_1;set3_1st Serve Points Won_player_2;set3_1st Serve_player_1;set3_1st Serve_player_2;set3_2nd Return Points Won_player_1;set3_2nd Return Points Won_player_2;set3_2nd Serve Points Won_player_1;set3_2nd Serve Points Won_player_2;set3_Aces_player_1;set3_Aces_player_2;set3_Break Points Converted_player_1;set3_Break Points Converted_player_2;set3_Break Points Saved_player_1;set3_Break Points Saved_player_2;set3_Double Faults_player_1;set3_Double Faults_player_2;set3_Return Games Played_player_1;set3_Return Games Played_player_2;set3_Service Games Played_player_1;set3_Service Games Played_player_2;set3_Total Points Won_player_1;set3_Total Points Won_player_2;set3_Total Return Points Won_player_1;set3_Total Return Points Won_player_2;set3_Total Service Points Won_player_1;set3_Total Service Points Won_player_2
20/56;9/39;30/39;36/56;39/69;56/79;14/23;16/30;14/30;9/23;5;1;3/6;2/5;3/5;3/6;1;7;11;11;11;11;78/148;70/148;34/79;25/69;44/69;45/79;11/34;6/26;20/26;23/34;26/43;34/46;7/12;9/17;8/17;5/12;4;1;0/1;0/2;2/2;1/1;0;2;6;6;6;6;46/89;43/89;18/46;15/43;28/43;28/46;9/22;3/13;10/13;13/22;13/26;22/33;7/11;7/13;6/13;4/11;1;0;3/5;2/3;1/3;2/5;1;5;5;5;5;5;32/59;27/59;16/33;10/26;16/26;17/33;2;0;;1.76;28.42;28.33;N/A;Right-Handed;https://wtatennis.com/tournament/1063/shenzhen/2019/scores/RS012;;;;;;;;;;;;;;;;;;;;;;;;;;;;
16/38;14/45;31/45;22/38;45/68;38/68;18/30;16/23;7/23;12/30;4;4;5/10;3/10;7/10;5/10;5;3;10;10;10;10;72/136;64/136;34/68;30/68;38/68;34/68;8/19;6/22;16/22;11/19;22/32;19/31;6/12;8/10;2/10;6/12;2;3;2/3;1/4;3/4;1/3;2;1;5;5;5;5;32/63;31/63;14/31;14/32;18/32;17/31;8/19;8/23;15/23;11/19;23/36;19/37;12/18;8/13;5/13;6/18;2;1;3/7;2/6;4/6;4/7;3;2;5;5;5;5;40/73;33/73;20/37;16/36;20/36;17/37;1;0;1.79;1.86;24.75;33.92;Right-Handed;Right-Handed;https://wtatennis.com/tournament/1063/shenzhen/2019/scores/RS008;;;;;;;;;;;;;;;;;;;;;;;;;;;;
17/45;16/35;19/35;28/45;35/60;45/67;11/22;13/25;12/25;11/22;1;4;3/5;5/6;1/6;2/5;4;4;11;11;11;11;59/127;68/127;28/67;29/60;31/60;39/67;11/17;8/15;7/15;6/17;15/27;17/25;1/8;7/12;5/12;7/8;1;0;2/2;3/4;1/4;0/2;3;0;5;5;5;5;24/52;28/52;12/25;15/27;12/27;13/25;6/28;8/20;12/20;22/28;20/33;28/42;10/14;6/13;7/13;4/14;0;4;1/3;2/2;0/2;2/3;1;4;6;6;6;6;35/75;40/75;16/42;14/33;19/33;26/42;0;2;1.69;1.75;28.58;26.08;Right-Handed;Right-Handed;https://wtatennis.com/tournament/1063/shenzhen/2019/scores/RS009;;;;;;;;;;;;;;;;;;;;;;;;;;;;
19/41;7/30;23/30;22/41;30/52;41/75;17/34;9/22;13/22;17/34;0;0;4/12;1/1;0/1;8/12;7;2;10;9;9;10;72/127;55/127;36/75;16/52;36/52;39/75;8/18;5/19;14/19;10/18;19/34;18/38;8/20;7/15;8/15;12/20;0;0;1/5;0/0;0/0;4/5;6;0;5;5;5;5;38/72;34/72;16/38;12/34;22/34;22/38;11/23;2/11;9/11;12/23;11/18;23/37;9/14;2/7;5/7;5/14;0;0;3/7;1/1;0/1;4/7;1;2;5;4;4;5;34/55;21/55;20/37;4/18;14/18;17/37;1;0;1.80;1.80;26.33;27.5;Right-Handed;Right-Handed;https://wtatennis.com/tournament/1063/shenzhen/2019/scores/RS014;;;;;;;;;;;;;;;;;;;;;;;;;;;;
18/46;31/64;33/64;28/46;64/86;46/72;15/26;16/22;6/22;11/26;0;1;5/8;7/13;6/13;3/8;5;1;11;11;11;11;72/158;86/158;33/72;47/86;39/86;39/72;8/23;21/40;19/40;15/23;40/52;23/37;9/14;8/12;4/12;5/14;0;1;3/5;4/8;4/8;2/5;3;1;6;6;6;6;40/89;49/89;17/37;29/52;23/52;20/37;10/23;10/24;14/24;13/23;24/34;23/35;6/12;8/10;2/10;6/12;0;0;2/3;3/5;2/5;1/3;2;0;5;5;5;5;32/69;37/69;16/35;18/34;16/34;19/35;0;1;1.64;1.74;28.25;26.08;Right-Handed;Right-Handed;https://wtatennis.com/tournament/1063/shenzhen/2019/scores/RS015;;;;;;;;;;;;;;;;;;;;;;;;;;;;
9/33;13/28;15/28;24/33;28/47;33/52;9/19;13/19;6/19;10/19;1;1;1/1;5/5;0/5;0/1;5;1;8;8;8;8;39/99;60/99;18/52;26/47;21/47;34/52;5/17;8/17;9/17;12/17;17/26;17/29;4/12;4/9;5/9;8/12;1;0;0/0;2/2;0/2;0/0;1;0;4;4;4;4;23/55;32/55;9/29;12/26;14/26;20/29;4/16;5/11;6/11;12/16;11/21;16/23;5/7;9/10;1/10;2/7;0;1;1/1;3/3;0/3;0/1;4;1;4;4;4;4;16/44;28/44;9/23;14/21;7/21;14/23;0;1;1.85;1.63;26.33;28.5;Right-Handed;Right-Handed;https://wtatennis.com/tournament/1063/shenzhen/2019/scores/RS011;;;;;;;;;;;;;;;;;;;;;;;;;;;;
20/49;14/40;26/40;29/49;40/73;49/84;15/35;18/33;15/33;20/35;9;0;3/8;4/4;0/4;5/8;3;5;11;11;11;11;76/157;81/157;35/84;32/73;41/73;49/84;6/16;3/13;10/13;10/16;13/28;16/33;7/17;8/15;7/15;10/17;4;0;1/2;2/2;0/2;1/2;1;2;5;5;5;5;30/61;31/61;13/33;11/28;17/28;20/33;14/33;11/27;16/27;19/33;27/45;33/51;8/18;10/18;8/18;10/18;5;0;2/6;2/2;0/2;4/6;2;3;6;6;6;6;46/96;50/96;22/51;21/45;24/45;29/51;0;1;1.87;1.73;31.08;29.33;Right-Handed;Right-Handed;https://wtatennis.com/tournament/1063/shenzhen/2019/scores/RS013;;;;;;;;;;;;;;;;;;;;;;;;;;;;
18/66;12/38;26/38;48/66;38/76;66/99;22/33;23/38;15/38;11/33;2;3;5/10;6/10;4/10;5/10;7;6;14;14;14;14;81/175;94/175;40/99;35/76;41/76;59/99;1/11;2/6;4/6;10/11;6/20;11/21;5/10;11/14;3/14;5/10;1;0;0/3;3/4;1/4;3/3;4;1;3;4;4;3;13/41;28/41;6/21;13/20;7/20;15/21;8/25;0/7;7/7;17/25;7/16;25/42;13/17;4/9;5/9;4/17;0;1;3/5;1/1;0/1;2/5;0;3;5;4;4;5;33/58;25/58;21/42;4/16;12/16;21/42;0;4;1.79;1.75;24.75;26.08;Right-Handed;Right-Handed;https://wtatennis.com/tournament/1063/shenzhen/2019/scores/RS004;9/30;10/25;15/25;21/30;25/40;30/36;4/6;8/15;7/15;2/6;1;2;2/2;2/5;3/5;0/2;3;2;6;6;6;6;35/76;41/76;13/36;18/40;22/40;23/36
17/50;17/41;24/41;33/50;41/80;50/72;12/22;32/39;7/39;10/22;1;2;4/9;9/12;3/12;5/9;10;6;12;12;12;12;60/152;92/152;29/72;49/80;31/80;43/72;2/11;3/8;5/8;9/11;8/18;11/15;1/4;10/10;0/10;3/4;0;0;0/0;3/3;0/3;0/0;1;1;3;3;3;3;8/33;25/33;3/15;13/18;5/18;12/15;14/29;10/25;15/25;15/29;25/44;29/43;10/14;12/19;7/19;4/14;1;1;4/9;3/5;2/5;5/9;3;5;6;6;6;6;46/87;41/87;24/43;22/44;22/44;19/43;1;1;1.80;1.74;26.33;26.08;Right-Handed;Right-Handed;https://wtatennis.com/tournament/1063/shenzhen/2019/scores/RS007;1/10;4/8;4/8;9/10;8/18;10/14;1/4;10/10;0/10;3/4;0;1;0/0;3/4;1/4;0/0;6;0;3;3;3;3;6/32;26/32;2/14;14/18;4/18;12/14
27/69;19/70;51/70;42/69;70/106;69/114;26/45;26/36;10/36;19/45;11;2;6/16;5/12;7/12;10/16;8;4;16;15;15;16;114/220;106/220;53/114;45/106;61/106;61/114;13/22;3/18;15/18;9/22;18/25;22/30;4/8;7/7;0/7;4/8;4;1;3/5;1/3;2/3;2/5;1;3;5;4;4;5;32/55;23/55;17/30;10/25;15/25;13/30;5/19;7/22;15/22;14/19;22/36;19/32;7/13;10/14;4/14;6/13;4;1;1/5;2/4;2/4;4/5;4;0;5;5;5;5;31/68;37/68;12/32;17/36;19/36;20/32;1;2;;1.73;28.42;29.33;N/A;Right-Handed;https://wtatennis.com/tournament/1063/shenzhen/2019/scores/RS006;9/28;9/30;21/30;19/28;30/45;28/52;15/24;9/15;6/15;9/24;3;0;2/6;2/5;3/5;4/6;3;1;6;6;6;6;51/97;46/97;24/52;18/45;27/45;28/52
19/35;13/35;22/35;16/35;35/42;35/55;13/20;3/7;4/7;7/20;0;0;6/13;2/2;0/2;7/13;1;4;8;8;8;8;58/97;39/97;32/55;16/42;26/42;23/55;10/16;7/18;11/18;6/16;18/23;16/26;6/10;2/5;3/5;4/10;0;0;3/6;1/1;0/1;3/6;1;1;4;4;4;4;30/49;19/49;16/26;9/23;14/23;10/26;9/19;6/17;11/17;10/19;17/19;19/29;7/10;1/2;1/2;3/10;0;0;3/7;1/1;0/1;4/7;0;3;4;4;4;4;28/48;20/48;16/29;7/19;12/19;13/29;2;0;1.68;1.63;35.67;28.5;Right-Handed;Right-Handed;https://wtatennis.com/tournament/1063/shenzhen/2019/scores/RS005;;;;;;;;;;;;;;;;;;;;;;;;;;;;
21/53;22/54;32/54;32/53;54/85;53/85;12/32;16/31;15/31;20/32;1;2;2/8;5/8;3/8;6/8;3;5;12;13;13;12;80/170;90/170;33/85;38/85;47/85;52/85;9/25;8/20;12/20;16/25;20/29;25/35;4/10;7/9;2/9;6/10;0;2;0/2;2/3;1/3;2/2;2;1;4;4;4;4;27/64;37/64;13/35;15/29;14/29;22/35;5/13;2/12;10/12;8/13;12/26;13/22;3/9;4/14;10/14;6/9;1;0;1/3;0/0;0/0;2/3;0;2;4;5;5;4;28/48;20/48;8/22;6/26;20/26;14/22;1;2;1.70;1.75;29.33;37.33;Right-Handed;Right-Handed;https://wtatennis.com/tournament/1063/shenzhen/2019/scores/LS024;7/15;12/22;10/22;8/15;22/30;15/28;5/13;5/8;3/8;8/13;0;0;1/3;3/5;2/5;2/3;1;2;4;4;4;4;25/58;33/58;12/28;17/30;13/30;16/28
23/41;15/38;23/38;18/41;38/65;41/65;13/24;13/27;14/27;11/24;3;1;6/13;3/7;4/7;7/13;0;0;9;9;9;9;73/130;57/130;36/65;28/65;37/65;29/65;7/16;7/21;14/21;9/16;21/37;16/32;9/16;8/16;8/16;7/16;2;0;2/4;1/4;3/4;2/4;0;0;4;5;5;4;38/69;31/69;16/32;15/37;22/37;16/32;16/25;8/17;9/17;9/25;17/28;25/33;4/8;5/11;6/11;4/8;1;1;4/9;2/3;1/3;5/9;0;0;5;4;4;5;35/61;26/61;20/33;13/28;15/28;13/33;3;2;1.76;1.71;33.17;31.33;Right-Handed;Right-Handed;https://wtatennis.com/tournament/1063/shenzhen/2019/scores/LS025;;;;;;;;;;;;;;;;;;;;;;;;;;;;
3/20;20/27;7/27;17/20;27/44;20/38;11/18;12/17;5/17;7/18;1;2;1/3;7/10;3/10;2/3;4;2;6;7;7;6;26/82;56/82;14/38;32/44;12/44;24/38;1/7;12/15;3/15;6/7;15/19;7/16;6/9;4/4;0/4;3/9;1;1;1/1;4/5;1/5;0/1;2;2;3;4;4;3;10/35;25/35;7/16;16/19;3/19;9/16;2/13;8/12;4/12;11/13;12/25;13/22;5/9;8/13;5/13;4/9;0;1;0/2;3/5;2/5;2/2;2;0;3;3;3;3;16/47;31/47;7/22;16/25;9/25;15/22;1;2;1.76;1.70;28.75;29.08;Right-Handed;Right-Handed;https://wtatennis.com/tournament/1063/shenzhen/2019/scores/LS022;;;;;;;;;;;;;;;;;;;;;;;;;;;;
26/74;25/70;45/70;48/74;70/97;74/105;18/31;15/27;12/27;13/31;1;3;4/7;4/10;6/10;3/7;4;6;15;15;15;15;101/202;101/202;44/105;40/97;57/97;61/105;3/21;3/14;11/14;18/21;14/20;21/28;4/7;4/6;2/6;3/7;0;1;0/0;1/1;0/1;0/0;2;1;5;4;4;5;20/48;28/48;7/28;7/20;13/20;21/28;7/13;8/26;18/26;6/13;26/33;13/19;2/6;5/7;2/7;4/6;1;0;2/2;1/4;3/4;0/2;1;1;4;5;5;4;29/52;23/52;9/19;13/33;20/33;10/19;1;1;1.70;1.72;34.33;29.67;Right-Handed;Right-Handed;https://wtatennis.com/tournament/1063/shenzhen/2019/scores/LS026;16/40;14/30;16/30;24/40;30/44;40/58;12/18;6/14;8/14;6/18;0;2;2/5;2/5;3/5;3/5;1;4;6;6;6;6;52/102;50/102;28/58;20/44;24/44;30/58
8/29;19/41;22/41;21/29;41/76;29/50;11/21;20/35;15/35;10/21;0;1;2/4;5/13;8/13;2/4;4;4;9;9;9;9;56/126;70/126;19/50;39/76;37/76;31/50;4/14;14/27;13/27;10/14;27/45;14/23;4/9;10/18;8/18;5/9;0;1;1/3;3/10;7/10;2/3;3;1;4;5;5;4;29/68;39/68;8/23;24/45;21/45;15/23;4/15;5/14;9/14;11/15;14/31;15/27;7/12;10/17;7/17;5/12;0;0;1/1;2/3;1/3;0/1;1;3;5;4;4;5;27/58;31/58;11/27;15/31;16/31;16/27;0;1;1.67;1.72;29.92;38.75;Right-Handed;Right-Handed;https://wtatennis.com/tournament/1063/shenzhen/2019/scores/LS030;;;;;;;;;;;;;;;;;;;;;;;;;;;;
14/22;11/38;27/38;8/22;38/52;22/36;11/14;8/14;6/14;3/14;1;0;6/8;1/3;2/3;2/8;1;2;6;7;7;6;58/88;30/88;25/36;19/52;33/52;11/36;8/12;6/20;14/20;4/12;20/28;12/17;4/5;4/8;4/8;1/5;0;0;3/3;0/2;2/2;0/3;1;1;3;3;3;3;30/45;15/45;12/17;10/28;18/28;5/17;6/10;5/18;13/18;4/10;18/24;10/19;7/9;4/6;2/6;2/9;1;0;3/5;1/1;0/1;2/5;0;1;3;4;4;3;28/43;15/43;13/19;9/24;15/24;6/19;2;0;1.76;1.71;31.92;30.5;Right-Handed;Right-Handed;https://wtatennis.com/tournament/1063/shenzhen/2019/scores/LS028;;;;;;;;;;;;;;;;;;;;;;;;;;;;
19/48;20/49;29/49;29/48;49/80;48/79;22/31;15/31;16/31;9/31;1;3;7/11;4/9;5/9;4/11;5;4;13;12;12;13;86/159;73/159;41/79;35/80;45/80;38/79;7/24;6/17;11/17;17/24;17/31;24/41;10/17;9/14;5/14;7/17;0;1;1/5;2/3;1/3;4/5;3;2;5;4;4;5;33/72;39/72;17/41;15/31;16/31;24/41;6/12;7/18;11/18;6/12;18/25;12/19;6/7;4/7;3/7;1/7;1;0;3/3;2/2;0/2;0/3;1;1;4;5;5;4;26/44;18/44;12/19;11/25;14/25;7/19;3;0;1.82;1.72;25.08;35.83;Right-Handed;Right-Handed;https://wtatennis.com/tournament/1063/shenzhen/2019/scores/LS016;6/12;7/14;7/14;6/12;14/24;12/19;6/7;2/10;8/10;1/7;0;2;3/3;0/4;4/4;0/3;1;1;4;3;3;4;27/43;16/43;12/19;9/24;15/24;7/19
13/40;25/49;24/49;27/40;49/73;40/55;8/15;14/24;10/24;7/15;0;2;4/4;6/10;4/10;0/4;4;3;10;10;10;10;55/128;73/128;21/55;39/73;34/73;34/55;2/12;5/11;6/11;10/12;11/24;12/19;4/7;9/13;4/13;3/7;0;0;1/1;3/3;0/3;0/1;4;1;4;4;4;4;16/43;27/43;6/19;14/24;10/24;13/19;11/28;20/38;18/38;17/28;38/49;28/36;4/8;5/11;6/11;4/8;0;2;3/3;3/7;4/7;0/3;0;2;6;6;6;6;39/85;46/85;15/36;25/49;24/49;21/36;1;4;1.70;1.88;34.0;36.17;Right-Handed;Right-Handed;https://wtatennis.com/tournament/1063/shenzhen/2019/scores/LS019;;;;;;;;;;;;;;;;;;;;;;;;;;;;
18/41;9/37;28/37;23/41;37/66;41/67;19/26;17/29;12/29;7/26;2;1;5/9;3/8;5/8;4/9;5;8;9;10;10;9;77/133;56/133;37/67;26/66;40/66;30/67;8/17;7/23;16/23;9/17;23/35;17/25;5/8;6/12;6/12;3/8;2;1;2/2;1/4;3/4;0/2;3;1;4;5;5;4;35/60;25/60;13/25;13/35;22/35;12/25;10/24;2/14;12/14;14/24;14/31;24/42;14/18;11/17;6/17;4/18;0;0;3/7;2/4;2/4;4/7;2;7;5;5;5;5;42/73;31/73;24/42;13/31;18/31;18/42;2;0;1.75;1.70;28.58;32.17;Right-Handed;Right-Handed;https://wtatennis.com/tournament/1063/shenzhen/2019/scores/LS017;;;;;;;;;;;;;;;;;;;;;;;;;;;;
22/45;12/38;26/38;23/45;38/60;45/71;17/26;14/22;8/22;9/26;2;1;6/13;3/4;1/4;7/13;11;2;9;9;9;9;73/131;58/131;39/71;26/60;34/60;32/71;13/31;10/26;16/26;18/31;26/36;31/46;10/15;7/10;3/10;5/15;2;1;3/8;2/3;1/3;5/8;5;1;5;5;5;5;42/82;40/82;23/46;17/36;19/36;23/46;9/14;2/12;10/12;5/14;12/24;14/25;7/11;7/12;5/12;4/11;0;0;3/5;1/1;0/1;2/5;6;1;4;4;4;4;31/49;18/49;16/25;9/24;15/24;9/25;1;0;1.74;1.77;26.08;29.67;Right-Handed;Right-Handed;https://wtatennis.com/tournament/1063/shenzhen/2019/scores/LS031;;;;;;;;;;;;;;;;;;;;;;;;;;;;
24/54;10/39;29/39;30/54;39/82;54/76;11/22;23/43;20/43;11/22;3;5;4/7;3/8;5/8;3/7;8;3;11;11;11;11;84/158;74/158;35/76;33/82;49/82;41/76;13/34;4/16;12/16;21/34;16/39;34/45;5/11;9/23;14/23;6/11;2;3;1/4;1/3;2/3;3/4;4;2;6;6;6;6;44/84;40/84;18/45;13/39;26/39;27/45;11/20;6/23;17/23;9/20;23/43;20/31;6/11;14/20;6/20;5/11;1;2;3/3;2/5;3/5;0/3;4;1;5;5;5;5;40/74;34/74;17/31;20/43;23/43;14/31;2;2;1.82;;21.67;28.42;Right-Handed;N/A;https://wtatennis.com/tournament/1063/shenzhen/2019/scores/LS018;;;;;;;;;;;;;;;;;;;;;;;;;;;;
21/60;25/58;33/58;39/60;58/97;60/83;11/23;18/39;21/39;12/23;0;2;4/9;5/10;5/10;5/9;3;1;14;14;14;14;86/180;94/180;32/83;43/97;54/97;51/83;5/18;4/18;14/18;13/18;18/28;18/25;4/7;4/10;6/10;3/7;0;0;1/3;0/0;0/0;2/3;1;0;4;5;5;4;29/53;24/53;9/25;8/28;20/28;16/25;6/16;8/15;7/15;10/16;15/28;16/20;1/4;9/13;4/13;3/4;0;0;1/1;3/6;3/6;0/1;1;0;4;3;3;4;18/48;30/48;7/20;17/28;11/28;13/20;1;1;1.81;1.75;32.75;26.08;Right-Handed;Right-Handed;https://wtatennis.com/tournament/1063/shenzhen/2019/scores/LS029;10/26;13/25;12/25;16/26;25/41;26/38;6/12;5/16;11/16;6/12;0;2;2/5;2/4;2/4;3/5;1;1;6;6;6;6;39/79;40/79;16/38;18/41;23/41;22/38
13/31;14/47;33/47;18/31;47/74;31/62;17/31;17/27;10/27;14/31;0;0;5/6;2/8;6/8;1/6;3;4;9;9;9;9;73/136;63/136;30/62;31/74;43/74;32/62;4/13;10/25;15/25;9/13;25/38;13/28;9/15;7/13;6/13;6/15;0;0;3/3;1/5;4/5;0/3;1;2;5;4;4;5;34/66;32/66;13/28;17/38;21/38;15/28;9/18;4/22;18/22;9/18;22/36;18/34;8/16;10/14;4/14;8/16;0;0;2/3;1/3;2/3;1/3;2;2;4;5;5;4;39/70;31/70;17/34;14/36;22/36;17/34;3;0;1.75;1.72;32.92;31.42;Right-Handed;Right-Handed;https://wtatennis.com/tournament/1063/shenzhen/2019/scores/LS027;;;;;;;;;;;;;;;;;;;;;;;;;;;;
17/35;6/25;19/25;18/35;25/43;35/60;14/25;6/18;12/18;11/25;4;0;5/10;1/3;2/3;5/10;2;3;9;8;8;9;62/103;41/103;31/60;12/43;31/43;29/60;7/17;3/13;10/13;10/17;13/23;17/30;8/13;3/10;7/10;5/13;2;0;2/6;0/2;2/2;4/6;2;3;4;4;4;4;32/53;21/53;15/30;6/23;17/23;15/30;10/18;3/12;9/12;8/18;12/20;18/30;6/12;3/8;5/8;6/12;2;0;3/4;1/1;0/1;1/4;0;0;5;4;4;5;30/50;20/50;16/30;6/20;14/20;14/30;2;0;1.67;1.77;28.75;34.42;Right-Handed;Right-Handed;https://wtatennis.com/tournament/1063/shenzhen/2019/scores/LS023;;;;;;;;;;;;;;;;;;;;;;;;;;;;
11/35;17/43;26/43;24/35;43/75;35/62;14/27;21/32;11/32;13/27;2;2;4/5;6/9;3/9;1/5;5;2;11;12;12;11;62/137;75/137;25/62;38/75;37/75;37/62;3/13;8/15;7/15;10/13;15/24;13/25;7/12;7/9;2/9;5/12;0;0;1/2;3/3;0/3;1/2;4;2;4;4;4;4;19/49;30/49;10/25;15/24;9/24;15/25;5/8;3/14;11/14;3/8;14/22;8/15;3/7;3/8;5/8;4/7;2;1;2/2;0/0;0/0;0/2;0;0;3;4;4;3;24/37;13/37;8/15;6/22;16/22;7/15;2;2;1.76;1.75;31.92;26.08;Right-Handed;Right-Handed;https://wtatennis.com/tournament/1063/shenzhen/2019/scores/LS014;3/14;6/14;8/14;11/14;14/29;14/22;4/8;11/15;4/15;4/8;0;1;1/1;3/6;3/6;0/1;1;0;4;4;4;4;19/51;32/51;7/22;17/29;12/29;15/22
9/33;8/15;7/15;24/33;15/35;33/38;3/5;18/20;2/20;2/5;0;1;1/1;6/8;2/8;0/1;8;0;7;7;7;7;21/73;52/73;12/38;26/35;9/35;26/38;2/14;3/5;2/5;12/14;5/14;14/14;0/0;9/9;0/9;0/0;0;1;0/0;3/4;1/4;0/0;4;0;3;3;3;3;4/28;24/28;2/14;12/14;2/14;12/14;7/19;5/10;5/10;12/19;10/21;19/24;3/5;9/11;2/11;2/5;0;0;1/1;3/4;1/4;0/1;4;0;4;4;4;4;17/45;28/45;10/24;14/21;7/21;14/24;0;2;1.77;1.68;26.0;35.67;Right-Handed;Right-Handed;https://wtatennis.com/tournament/1063/shenzhen/2019/scores/LS020;;;;;;;;;;;;;;;;;;;;;;;;;;;;
21/59;32/83;51/83;38/59;83/118;59/101;24/42;17/35;18/35;18/42;4;11;5/12;4/15;11/15;7/12;3;9;13;14;14;13;114/219;105/219;45/101;49/118;69/118;56/101;6/18;15/32;17/32;12/18;32/42;18/30;11/12;4/10;6/10;1/12;1;6;3/9;2/6;4/6;6/9;1;3;4;5;5;4;40/72;32/72;17/30;19/42;23/42;13/30;12/34;10/34;24/34;22/34;34/53;34/53;8/19;10/19;9/19;11/19;3;4;1/2;1/7;6/7;1/2;1;6;6;6;6;6;53/106;53/106;20/53;20/53;33/53;33/53;2;1;1.77;1.84;37.42;31.25;Right-Handed;Left-Handed;https://wtatennis.com/tournament/1063/shenzhen/2019/scores/LS021;3/7;7/17;10/17;4/7;17/23;7/18;5/11;3/6;3/6;6/11;0;1;1/1;1/2;1/2;0/1;1;0;3;3;3;3;21/41;20/41;8/18;10/23;13/23;10/18
27/63;21/44;23/44;36/63;44/73;63/92;15/29;16/29;13/29;14/29;2;3;5/11;8/10;2/10;6/11;1;7;13;14;14;13;78/165;87/165;42/92;37/73;36/73;50/92;16/28;10/17;7/17;12/28;17/24;28/41;8/13;3/7;4/7;5/13;1;1;4/8;3/5;2/5;4/8;1;4;5;5;5;5;35/65;30/65;24/41;13/24;11/24;17/41;4/17;7/12;5/12;13/17;12/22;17/22;4/5;6/10;4/10;1/5;0;0;1/1;3/3;0/3;0/1;0;2;4;4;4;4;17/44;27/44;8/22;13/22;9/22;14/22;0;2;1.70;1.75;34.33;32.92;Right-Handed;Right-Handed;https://wtatennis.com/tournament/1063/shenzhen/2019/scores/LS013;7/18;4/15;11/15;11/18;15/27;18/29;3/11;7/12;5/12;8/11;1;2;0/2;2/2;0/2;2/2;0;1;4;5;5;4;26/56;30/56;10/29;11/27;16/27;19/29
10/33;13/29;16/29;23/33;29/47;33/52;5/19;10/18;8/18;14/19;0;0;0/1;4/5;1/5;1/1;2;1;8;8;8;8;39/99;60/99;15/52;23/47;24/47;37/52;8/18;8/18;10/18;10/18;18/24;18/32;3/14;4/6;2/6;11/14;0;0;0/1;2/2;0/2;1/1;2;0;4;4;4;4;23/56;33/56;11/32;12/24;12/24;21/32;2/15;5/11;6/11;13/15;11/23;15/20;2/5;6/12;6/12;3/5;0;0;0/0;2/3;1/3;0/0;0;1;4;4;4;4;16/43;27/43;4/20;11/23;12/23;16/20;2;4;1.75;1.76;37.33;33.17;Right-Handed;Right-Handed;https://wtatennis.com/tournament/1063/shenzhen/2019/scores/LS012;;;;;;;;;;;;;;;;;;;;;;;;;;;;
26/63;22/62;40/62;37/63;62/100;63/105;22/42;21/38;17/38;20/42;5;0;7/17;6/17;11/17;10/17;6;8;16;16;16;16;105/205;100/205;48/105;43/100;57/100;57/105;10/23;8/21;13/21;13/23;21/32;23/39;9/16;5/11;6/11;7/16;3;0;3/6;2/3;1/3;3/6;3;5;6;6;6;6;38/71;33/71;19/39;13/32;19/32;20/39;5/15;10/25;15/25;10/15;25/40;15/25;3/10;9/15;6/15;7/10;2;0;1/1;2/12;10/12;0/1;3;0;5;5;5;5;29/65;36/65;8/25;19/40;21/40;17/25;2;0;1.72;1.74;38.75;26.08;Right-Handed;Right-Handed;https://wtatennis.com/tournament/1063/shenzhen/2019/scores/LS015;11/25;4/16;12/16;14/25;16/28;25/41;10/16;7/12;5/12;6/16;0;0;3/10;2/2;0/2;7/10;0;3;5;5;5;5;38/69;31/69;21/41;11/28;17/28;20/41
22/67;31/85;54/85;45/67;85/97;67/111;26/44;6/12;6/12;18/44;1;7;6/17;3/8;5/8;11/17;1;2;16;15;15;16;108/208;100/208;48/111;37/97;60/97;63/111;7/23;12/34;22/34;16/23;34/40;23/37;6/14;4/6;2/6;8/14;0;3;1/3;1/2;1/2;2/3;0;0;6;6;6;6;37/77;40/77;13/37;16/40;24/40;24/37;5/17;4/14;10/14;12/17;14/17;17/27;8/10;0/3;3/3;2/10;1;2;3/4;1/2;1/2;1/4;0;0;5;4;4;5;26/44;18/44;13/27;4/17;13/17;14/27;2;0;1.68;1.84;35.67;31.25;Right-Handed;Left-Handed;https://wtatennis.com/tournament/1063/shenzhen/2019/scores/LS010;10/27;15/37;22/37;17/27;37/40;27/47;12/20;2/3;1/3;8/20;0;2;2/10;1/4;3/4;8/10;1;2;5;5;5;5;45/87;42/87;22/47;17/40;23/40;25/47
15/38;11/29;18/29;23/38;29/53;38/63;17/25;9/24;15/24;8/25;5;4;5/9;2/4;2/4;4/9;3;7;9;9;9;9;65/116;51/116;32/63;20/53;33/53;31/63;5/14;4/12;8/12;9/14;12/24;14/29;9/15;4/12;8/12;6/15;3;2;2/4;1/1;0/1;2/4;1;4;4;5;5;4;30/53;23/53;14/29;8/24;16/24;15/29;10/24;7/17;10/17;14/24;17/29;24/34;8/10;5/12;7/12;2/10;2;2;3/5;1/3;2/3;2/5;2;3;5;4;4;5;35/63;28/63;18/34;12/29;17/29;16/34;2;3;1.82;1.75;25.08;28.58;Right-Handed;Right-Handed;https://wtatennis.com/tournament/1063/shenzhen/2019/scores/LS008;;;;;;;;;;;;;;;;;;;;;;;;;;;;
14/44;14/36;22/36;30/44;36/69;44/68;14/24;18/33;15/33;10/24;2;5;2/5;3/6;3/6;3/5;8;2;10;9;9;10;65/137;72/137;28/68;32/69;37/69;40/68;10/26;9/25;16/25;16/26;25/55;26/43;9/17;15/30;15/30;8/17;1;3;1/3;1/4;3/4;2/3;7;2;6;6;6;6;50/98;48/98;19/43;24/55;31/55;24/43;4/18;5/11;6/11;14/18;11/14;18/25;5/7;3/3;0/3;2/7;1;2;1/2;2/2;0/2;1/2;1;0;4;3;3;4;15/39;24/39;9/25;8/14;6/14;16/25;0;1;1.82;1.88;21.67;36.17;Right-Handed;Right-Handed;https://wtatennis.com/tournament/1063/shenzhen/2019/scores/LS009;;;;;;;;;;;;;;;;;;;;;;;;;;;;
19/57;19/59;40/59;38/57;59/103;57/94;21/37;20/44;24/44;16/37;1;5;4/8;4/16;12/16;4/8;4;5;14;15;15;14;104/197;93/197;40/94;39/103;64/103;54/94;4/17;4/15;11/15;13/17;15/34;17/23;3/6;11/19;8/19;3/6;0;2;0/0;2/7;5/7;0/0;2;0;4;5;5;4;26/57;31/57;7/23;15/34;19/34;16/23;8/22;5/18;13/18;14/22;18/26;22/44;13/22;2/8;6/8;9/22;1;2;2/5;1/3;2/3;3/5;0;4;5;5;5;5;40/70;30/70;21/44;7/26;19/26;23/44;1;1;1.70;1.67;29.08;28.75;Right-Handed;Right-Handed;https://wtatennis.com/tournament/1063/shenzhen/2019/scores/LS011;7/18;10/26;16/26;11/18;26/43;18/27;5/9;7/17;10/17;4/9;0;1;2/3;1/6;5/6;1/3;2;1;5;5;5;5;38/70;32/70;12/27;17/43;26/43;15/27
21/61;32/75;43/75;40/61;75/93;61/89;12/28;9/18;9/18;16/28;0;2;4/8;4/16;12/16;4/8;0;7;14;13;13;14;85/182;97/182;33/89;41/93;52/93;56/89;8/17;3/15;12/15;9/17;15/20;17/24;4/7;1/5;4/5;3/7;0;0;2/2;0/0;0/0;0/2;0;3;4;4;4;4;28/44;16/44;12/24;4/20;16/20;12/24;10/27;19/44;25/44;17/27;44/50;27/36;2/9;5/6;1/6;7/9;0;2;2/2;2/8;6/8;0/2;0;1;6;6;6;6;38/86;48/86;12/36;24/50;26/50;24/36;1;1;1.68;1.70;35.67;29.08;Right-Handed;Right-Handed;https://wtatennis.com/tournament/1063/shenzhen/2019/scores/LS005;3/17;10/16;6/16;14/17;16/23;17/29;6/12;3/7;4/7;6/12;0;0;0/4;2/8;6/8;4/4;0;3;4;3;3;4;19/52;33/52;9/29;13/23;10/23;20/29
13/25;11/36;25/36;12/25;36/57;25/39;8/14;11/21;10/21;6/14;5;2;4/7;1/8;7/8;3/7;3;1;6;7;7;6;56/96;40/96;21/39;22/57;35/57;18/39;4/9;5/18;13/18;5/9;18/31;9/15;4/6;5/13;8/13;2/6;3;1;2/2;0/4;4/4;0/2;2;1;3;4;4;3;29/46;17/46;8/15;10/31;21/31;7/15;9/16;6/18;12/18;7/16;18/26;16/24;4/8;6/8;2/8;4/8;2;1;2/5;1/4;3/4;3/5;1;0;3;3;3;3;27/50;23/50;13/24;12/26;14/26;11/24;1;1;1.82;1.88;25.08;36.17;Right-Handed;Right-Handed;https://wtatennis.com/tournament/1063/shenzhen/2019/scores/LS004;;;;;;;;;;;;;;;;;;;;;;;;;;;;
10/31;16/37;21/37;21/31;37/68;31/47;7/16;20/31;11/31;9/16;2;2;2/2;6/10;4/10;0/2;4;4;9;10;10;9;49/115;66/115;17/47;36/68;32/68;30/47;7/16;8/22;14/22;9/16;22/43;16/28;4/12;13/21;8/21;8/12;0;1;2/2;3/7;4/7;0/2;4;3;6;6;6;6;33/71;38/71;11/28;21/43;22/43;17/28;3/15;8/15;7/15;12/15;15/25;15/19;3/4;7/10;3/10;1/4;2;1;0/0;3/3;0/3;0/0;0;1;3;4;4;3;16/44;28/44;6/19;15/25;10/25;13/19;5;3;1.76;1.75;33.17;32.92;Right-Handed;Right-Handed;https://wtatennis.com/tournament/1063/shenzhen/2019/scores/LS006;;;;;;;;;;;;;;;;;;;;;;;;;;;;
17/56;27/70;43/70;39/56;70/119;56/99;21/43;24/49;25/49;22/43;3;0;3/10;5/14;9/14;7/10;3;4;15;16;16;15;106/218;112/218;38/99;51/119;68/119;61/99;11/27;9/23;14/23;16/27;23/34;27/41;8/14;4/11;7/11;6/14;2;0;2/6;1/1;0/1;4/6;1;3;5;5;5;5;40/75;35/75;19/41;13/34;21/34;22/41;5/19;7/21;14/21;14/19;21/42;19/37;9/18;12/21;9/21;9/18;0;0;1/4;2/5;3/5;3/4;0;0;6;6;6;6;37/79;42/79;14/37;19/42;23/42;23/37;0;1;1.75;1.72;26.08;38.75;Right-Handed;Right-Handed;https://wtatennis.com/tournament/1063/shenzhen/2019/scores/LS007;1/10;11/26;15/26;9/10;26/43;10/21;4/11;8/17;9/17;7/11;1;0;0/0;2/8;6/8;0/0;2;1;4;5;5;4;29/64;35/64;5/21;19/43;24/43;16/21
22/68;20/61;41/61;46/68;61/86;68/109;21/41;8/25;17/25;20/41;6;5;4/15;3/5;2/5;11/15;2;6;16;15;15;16;101/195;94/195;43/109;28/86;58/86;66/109;4/19;6/19;13/19;15/19;19/28;19/28;3/9;3/9;6/9;6/9;0;1;0/1;1/2;1/2;1/1;2;1;5;5;5;5;26/56;30/56;7/28;9/28;19/28;21/28;10/31;8/26;18/26;21/31;26/35;31/47;8/16;2/9;7/9;8/16;3;2;1/7;1/1;0/1;6/7;0;2;6;6;6;6;43/82;39/82;18/47;10/35;25/35;29/47;5;0;1.82;1.75;25.08;32.92;Right-Handed;Right-Handed;https://wtatennis.com/tournament/1063/shenzhen/2019/scores/LS001;8/18;6/16;10/16;10/18;16/23;18/34;10/16;3/7;4/7;6/16;3;2;3/7;1/2;1/2;4/7;0;3;5;4;4;5;32/57;25/57;18/34;9/23;14/23;16/34
10/18;3/13;10/13;8/18;13/21;18/26;6/8;2/8;6/8;2/8;1;0;3/7;0/0;0/0;4/7;0;2;3;4;4;3;32/47;15/47;16/26;5/21;16/21;10/26;10/18;1/9;8/9;8/18;9/15;18/26;6/8;2/6;4/6;2/8;0;0;3/7;0/0;0/0;4/7;0;2;3;3;3;3;28/41;13/41;16/26;3/15;12/15;10/26;0/0;2/4;2/4;0/0;4/6;0/0;0/0;0/2;2/2;0/0;1;0;0/0;0/0;0/0;0/0;0;0;0;1;1;0;4/6;2/6;0/0;2/6;4/6;0/0;1;3;1.75;1.72;32.92;38.75;Right-Handed;Right-Handed;https://wtatennis.com/tournament/1063/shenzhen/2019/scores/LS003;;;;;;;;;;;;;;;;;;;;;;;;;;;;
13/28;6/36;30/36;15/28;36/51;28/43;9/15;8/15;7/15;6/15;6;1;4/5;0/4;4/4;1/5;2;3;7;8;8;7;59/94;35/94;22/43;14/51;37/51;21/43;6/13;2/16;14/16;7/13;16/21;13/21;4/8;2/5;3/5;4/8;3;1;2/2;0/0;0/0;0/2;0;2;4;4;4;4;27/42;15/42;10/21;4/21;17/21;11/21;7/15;4/20;16/20;8/15;20/30;15/22;5/7;6/10;4/10;2/7;3;0;2/3;0/4;4/4;1/3;2;1;3;4;4;3;32/52;20/52;12/22;10/30;20/30;10/22;1;0;1.82;1.70;25.08;29.08;Right-Handed;Right-Handed;https://wtatennis.com/tournament/1063/shenzhen/2019/scores/LS002;;;;;;;;;;;;;;;;;;;;;;;;;;;;
