statut;duration;stage;url_match_stats;player_1_name;player_1_set_1;player_1_set_1_tiebreak;player_1_set_2;player_1_set_2_tiebreak;player_1_set_3;player_1_set_3_tiebreak;player_2_name;player_2_set_1;player_2_set_1_tiebreak;player_2_set_2;player_2_set_2_tiebreak;player_2_set_3;player_2_set_3_tiebreak;scores_link
Completed;2:05;Qualifying;https://wtatennis.com/tournament/1101/lugano/2019/scores/RS020;E.Yashina;6;;6;5;0;;F.Ganz;2;;7;;6;;https://www.wtatennis.com/tournament/1101/lugano/2019/scores
Completed;1:44;Qualifying;https://wtatennis.com/tournament/1101/lugano/2019/scores/RS021;G.Gatto-Monticone;6;;6;;-;;K.Von Deichmann;4;;4;;-;;https://www.wtatennis.com/tournament/1101/lugano/2019/scores
Completed;2:15;Qualifying;https://wtatennis.com/tournament/1101/lugano/2019/scores/RS026;T.Martincova;7;;5;;6;;A.Bondar;5;;7;;2;;https://www.wtatennis.com/tournament/1101/lugano/2019/scores
Completed;1:05;Qualifying;https://wtatennis.com/tournament/1101/lugano/2019/scores/RS027;R.Jani;6;;6;;-;;L.Samsonova;2;;2;;-;;https://www.wtatennis.com/tournament/1101/lugano/2019/scores
Completed;0:38;Qualifying;https://wtatennis.com/tournament/1101/lugano/2019/scores/RS019;T.Sugnaux;0;;0;;-;;K.Zavatska;6;;6;;-;;https://www.wtatennis.com/tournament/1101/lugano/2019/scores
Completed;1:18;Qualifying;https://wtatennis.com/tournament/1101/lugano/2019/scores/RS018;P.Badosa Gibert;6;;6;;-;;A.Zarycka;2;;3;;-;;https://www.wtatennis.com/tournament/1101/lugano/2019/scores
Completed;1:48;Qualifying;https://wtatennis.com/tournament/1101/lugano/2019/scores/RS024;E.Gorgodze;4;;6;;3;;M.Di Giuseppe;6;;2;;6;;https://www.wtatennis.com/tournament/1101/lugano/2019/scores
Completed;1:44;Qualifying;https://wtatennis.com/tournament/1101/lugano/2019/scores/RS025;D.Chiesa;4;;4;;-;;M.Frech;6;;6;;-;;https://www.wtatennis.com/tournament/1101/lugano/2019/scores
Completed;1:17;Qualifying;https://wtatennis.com/tournament/1101/lugano/2019/scores/RS016;C.Lister;1;;4;;-;;T.Mrdeza;6;;6;;-;;https://www.wtatennis.com/tournament/1101/lugano/2019/scores
Completed;0:53;Qualifying;https://wtatennis.com/tournament/1101/lugano/2019/scores/RS017;C.Tauson;6;;6;;-;;R.Sramkova;1;;2;;-;;https://www.wtatennis.com/tournament/1101/lugano/2019/scores
Completed;0:56;Qualifying;https://wtatennis.com/tournament/1101/lugano/2019/scores/RS023;L.Kung;0;;1;;-;;A.Lottner;6;;6;;-;;https://www.wtatennis.com/tournament/1101/lugano/2019/scores
Completed;1:12;Qualifying;https://wtatennis.com/tournament/1101/lugano/2019/scores/RS022;V.Tomova;0;;2;;-;;B.Haas;6;;6;;-;;https://www.wtatennis.com/tournament/1101/lugano/2019/scores
Completed;1:44;Qualifying;https://wtatennis.com/tournament/1101/lugano/2019/scores/RS013;T.Martincova;6;;0;;5;;R.Jani;4;;6;;7;;https://www.wtatennis.com/tournament/1101/lugano/2019/scores
Completed;1:30;Qualifying;https://wtatennis.com/tournament/1101/lugano/2019/scores/RS009;P.Badosa Gibert;5;;0;;-;;K.Zavatska;7;;3;;-;;https://www.wtatennis.com/tournament/1101/lugano/2019/scores
Completed;1:34;Qualifying;https://wtatennis.com/tournament/1101/lugano/2019/scores/RS008;T.Mrdeza;3;;3;;-;;C.Tauson;6;;6;;-;;https://www.wtatennis.com/tournament/1101/lugano/2019/scores
Completed;1:07;Qualifying;https://wtatennis.com/tournament/1101/lugano/2019/scores/RS010;F.Ganz;2;;2;;-;;G.Gatto-Monticone;6;;6;;-;;https://www.wtatennis.com/tournament/1101/lugano/2019/scores
Completed;3:03;Qualifying;https://wtatennis.com/tournament/1101/lugano/2019/scores/RS011;B.Haas;7;;4;;4;;A.Lottner;6;4;6;;6;;https://www.wtatennis.com/tournament/1101/lugano/2019/scores
Completed;1:04;Qualifying;https://wtatennis.com/tournament/1101/lugano/2019/scores/RS012;M.Di Giuseppe;4;;0;;-;;M.Frech;6;;6;;-;;https://www.wtatennis.com/tournament/1101/lugano/2019/scores
Completed;2:33;Round of 32;https://wtatennis.com/tournament/1101/lugano/2019/scores/LS025;V.Golubic;3;;7;;6;;A.Rus;6;;6;5;2;;https://www.wtatennis.com/tournament/1101/lugano/2019/scores
Completed;2:22;Round of 32;https://wtatennis.com/tournament/1101/lugano/2019/scores/LS019;S.Kuznetsova;3;;6;;7;;E.Alexandrova;6;;2;;6;6;https://www.wtatennis.com/tournament/1101/lugano/2019/scores
Completed;1:47;Round of 32;https://wtatennis.com/tournament/1101/lugano/2019/scores/LS027;T.Smitkova;2;;6;;4;;A.Van Uytvanck;6;;0;;6;;https://www.wtatennis.com/tournament/1101/lugano/2019/scores
Completed;2:37;Round of 32;https://wtatennis.com/tournament/1101/lugano/2019/scores/LS030;M.Barthel;7;;2;;4;;S.Cirstea;6;6;6;;6;;https://www.wtatennis.com/tournament/1101/lugano/2019/scores
Completed;1:26;Round of 32;https://wtatennis.com/tournament/1101/lugano/2019/scores/LS016;B.Bencic;5;;2;;-;;A.Lottner;7;;6;;-;;https://www.wtatennis.com/tournament/1101/lugano/2019/scores
Completed;1:46;Round of 32;https://wtatennis.com/tournament/1101/lugano/2019/scores/LS028;R.Peterson;6;;7;;-;;M.Frech;3;;6;2;-;;https://www.wtatennis.com/tournament/1101/lugano/2019/scores
Completed;1:26;Round of 32;https://wtatennis.com/tournament/1101/lugano/2019/scores/LS024;P.Parmentier;2;;4;;-;;S.Voegele;6;;6;;-;;https://www.wtatennis.com/tournament/1101/lugano/2019/scores
Completed;1:07;Round of 32;https://wtatennis.com/tournament/1101/lugano/2019/scores/LS018;T.Bacsinszky;6;;6;;-;;T.Korpatsch;0;;2;;-;;https://www.wtatennis.com/tournament/1101/lugano/2019/scores
Completed;2:13;Round of 32;https://wtatennis.com/tournament/1101/lugano/2019/scores/LS022;E.Rodina;6;2;6;;7;;C.Tauson;7;;2;;5;;https://www.wtatennis.com/tournament/1101/lugano/2019/scores
Completed;1:26;Round of 32;https://wtatennis.com/tournament/1101/lugano/2019/scores/LS023;R.Jani;2;;6;;2;;V.Lapko;6;;2;;6;;https://www.wtatennis.com/tournament/1101/lugano/2019/scores
Completed;1:25;Round of 32;https://wtatennis.com/tournament/1101/lugano/2019/scores/LS017;Y.In-Albon;4;;5;;-;;K.Pliskova;6;;7;;-;;https://www.wtatennis.com/tournament/1101/lugano/2019/scores
Completed;2:10;Round of 32;https://wtatennis.com/tournament/1101/lugano/2019/scores/LS031;P.Hercog;3;;6;;6;;C.Suarez Navarro;6;;3;;4;;https://www.wtatennis.com/tournament/1101/lugano/2019/scores
Completed;1:31;Round of 32;https://wtatennis.com/tournament/1101/lugano/2019/scores/LS026;F.Ferro;6;;7;;-;;M.Minella;2;;5;;-;;https://www.wtatennis.com/tournament/1101/lugano/2019/scores
Completed;1:01;Round of 32;https://wtatennis.com/tournament/1101/lugano/2019/scores/LS020;V.Kuzmova;6;;6;;-;;G.Gatto-Monticone;2;;2;;-;;https://www.wtatennis.com/tournament/1101/lugano/2019/scores
Completed;1:04;Round of 32;https://wtatennis.com/tournament/1101/lugano/2019/scores/LS021;I.Swiatek;6;;6;;-;;K.Zavatska;3;;0;;-;;https://www.wtatennis.com/tournament/1101/lugano/2019/scores
Completed;2:07;Round of 16;https://wtatennis.com/tournament/1101/lugano/2019/scores/LS009;T.Bacsinszky;7;;3;;4;;S.Kuznetsova;5;;6;;6;;https://www.wtatennis.com/tournament/1101/lugano/2019/scores
Completed;2:22;Round of 16;https://wtatennis.com/tournament/1101/lugano/2019/scores/LS015;S.Cirstea;6;;6;0;4;;P.Hercog;3;;7;;6;;https://www.wtatennis.com/tournament/1101/lugano/2019/scores
Completed;1:39;Round of 16;https://wtatennis.com/tournament/1101/lugano/2019/scores/LS013;F.Ferro;6;;7;;-;;A.Van Uytvanck;4;;5;;-;;https://www.wtatennis.com/tournament/1101/lugano/2019/scores
Completed;2:33;Round of 32;https://wtatennis.com/tournament/1101/lugano/2019/scores/LS029;J.Teichmann;2;;6;;6;2;V.Kudermetova;6;;4;;7;;https://www.wtatennis.com/tournament/1101/lugano/2019/scores
Completed;1:15;Round of 16;https://wtatennis.com/tournament/1101/lugano/2019/scores/LS008;A.Lottner;2;;4;;-;;K.Pliskova;6;;6;;-;;https://www.wtatennis.com/tournament/1101/lugano/2019/scores
Completed;2:27;Round of 16;https://wtatennis.com/tournament/1101/lugano/2019/scores/LS014;R.Peterson;6;;4;;6;2;V.Kudermetova;1;;6;;7;;https://www.wtatennis.com/tournament/1101/lugano/2019/scores
Completed;1:47;Round of 16;https://wtatennis.com/tournament/1101/lugano/2019/scores/LS010;V.Kuzmova;3;;6;;2;;I.Swiatek;6;;3;;6;;https://www.wtatennis.com/tournament/1101/lugano/2019/scores
Completed;0:51;Round of 16;https://wtatennis.com/tournament/1101/lugano/2019/scores/LS011;E.Rodina;2;;0;;-;;V.Lapko;6;;6;;-;;https://www.wtatennis.com/tournament/1101/lugano/2019/scores
Completed;0:58;Round of 16;https://wtatennis.com/tournament/1101/lugano/2019/scores/LS012;S.Voegele;6;;6;;-;;V.Golubic;1;;1;;-;;https://www.wtatennis.com/tournament/1101/lugano/2019/scores
Completed;2:05;Quarterfinal;https://wtatennis.com/tournament/1101/lugano/2019/scores/LS004;K.Pliskova;4;;6;;7;;S.Kuznetsova;6;;3;;5;;https://www.wtatennis.com/tournament/1101/lugano/2019/scores
Completed;2:04;Quarterfinal;https://wtatennis.com/tournament/1101/lugano/2019/scores/LS005;I.Swiatek;4;;6;;6;;V.Lapko;6;;4;;1;;https://www.wtatennis.com/tournament/1101/lugano/2019/scores
Completed;1:54;Quarterfinal;https://wtatennis.com/tournament/1101/lugano/2019/scores/LS006;S.Voegele;5;;6;5;-;;F.Ferro;7;;7;;-;;https://www.wtatennis.com/tournament/1101/lugano/2019/scores
Completed;1:26;Quarterfinal;https://wtatennis.com/tournament/1101/lugano/2019/scores/LS007;V.Kudermetova;4;;1;;-;;P.Hercog;6;;6;;-;;https://www.wtatennis.com/tournament/1101/lugano/2019/scores
Completed;0:54;Semifinal;https://wtatennis.com/tournament/1101/lugano/2019/scores/LS002;K.Pliskova;0;;1;;-;;I.Swiatek;6;;6;;-;;https://www.wtatennis.com/tournament/1101/lugano/2019/scores
Completed;1:31;Semifinal;https://wtatennis.com/tournament/1101/lugano/2019/scores/LS003;F.Ferro;5;;4;;-;;P.Hercog;7;;6;;-;;https://www.wtatennis.com/tournament/1101/lugano/2019/scores
Completed;2:16;Final;https://wtatennis.com/tournament/1101/lugano/2019/scores/LS001;I.Swiatek;3;;6;;3;;P.Hercog;6;;3;;6;;https://www.wtatennis.com/tournament/1101/lugano/2019/scores
