match_1st Return Points Won_player_1;match_1st Return Points Won_player_2;match_1st Serve Points Won_player_1;match_1st Serve Points Won_player_2;match_1st Serve_player_1;match_1st Serve_player_2;match_2nd Return Points Won_player_1;match_2nd Return Points Won_player_2;match_2nd Serve Points Won_player_1;match_2nd Serve Points Won_player_2;match_Aces_player_1;match_Aces_player_2;match_Break Points Converted_player_1;match_Break Points Converted_player_2;match_Break Points Saved_player_1;match_Break Points Saved_player_2;match_Double Faults_player_1;match_Double Faults_player_2;match_Return Games Played_player_1;match_Return Games Played_player_2;match_Service Games Played_player_1;match_Service Games Played_player_2;match_Total Points Won_player_1;match_Total Points Won_player_2;match_Total Return Points Won_player_1;match_Total Return Points Won_player_2;match_Total Service Points Won_player_1;match_Total Service Points Won_player_2;set1_1st Return Points Won_player_1;set1_1st Return Points Won_player_2;set1_1st Serve Points Won_player_1;set1_1st Serve Points Won_player_2;set1_1st Serve_player_1;set1_1st Serve_player_2;set1_2nd Return Points Won_player_1;set1_2nd Return Points Won_player_2;set1_2nd Serve Points Won_player_1;set1_2nd Serve Points Won_player_2;set1_Aces_player_1;set1_Aces_player_2;set1_Break Points Converted_player_1;set1_Break Points Converted_player_2;set1_Break Points Saved_player_1;set1_Break Points Saved_player_2;set1_Double Faults_player_1;set1_Double Faults_player_2;set1_Return Games Played_player_1;set1_Return Games Played_player_2;set1_Service Games Played_player_1;set1_Service Games Played_player_2;set1_Total Points Won_player_1;set1_Total Points Won_player_2;set1_Total Return Points Won_player_1;set1_Total Return Points Won_player_2;set1_Total Service Points Won_player_1;set1_Total Service Points Won_player_2;set2_1st Return Points Won_player_1;set2_1st Return Points Won_player_2;set2_1st Serve Points Won_player_1;set2_1st Serve Points Won_player_2;set2_1st Serve_player_1;set2_1st Serve_player_2;set2_2nd Return Points Won_player_1;set2_2nd Return Points Won_player_2;set2_2nd Serve Points Won_player_1;set2_2nd Serve Points Won_player_2;set2_Aces_player_1;set2_Aces_player_2;set2_Break Points Converted_player_1;set2_Break Points Converted_player_2;set2_Break Points Saved_player_1;set2_Break Points Saved_player_2;set2_Double Faults_player_1;set2_Double Faults_player_2;set2_Return Games Played_player_1;set2_Return Games Played_player_2;set2_Service Games Played_player_1;set2_Service Games Played_player_2;set2_Total Points Won_player_1;set2_Total Points Won_player_2;set2_Total Return Points Won_player_1;set2_Total Return Points Won_player_2;set2_Total Service Points Won_player_1;set2_Total Service Points Won_player_2;h2h_wins_player_1;h2h_wins_player_2;Height_player_1;Height_player_2;Date of Birth_player_1;Date of Birth_player_2;Plays_player_1;Plays_player_2;url_match_stats;set3_1st Return Points Won_player_1;set3_1st Return Points Won_player_2;set3_1st Serve Points Won_player_1;set3_1st Serve Points Won_player_2;set3_1st Serve_player_1;set3_1st Serve_player_2;set3_2nd Return Points Won_player_1;set3_2nd Return Points Won_player_2;set3_2nd Serve Points Won_player_1;set3_2nd Serve Points Won_player_2;set3_Aces_player_1;set3_Aces_player_2;set3_Break Points Converted_player_1;set3_Break Points Converted_player_2;set3_Break Points Saved_player_1;set3_Break Points Saved_player_2;set3_Double Faults_player_1;set3_Double Faults_player_2;set3_Return Games Played_player_1;set3_Return Games Played_player_2;set3_Service Games Played_player_1;set3_Service Games Played_player_2;set3_Total Points Won_player_1;set3_Total Points Won_player_2;set3_Total Return Points Won_player_1;set3_Total Return Points Won_player_2;set3_Total Service Points Won_player_1;set3_Total Service Points Won_player_2
7/34;16/26;10/26;27/34;26/44;34/41;4/7;9/18;9/18;3/7;0;1;1/1;5/6;1/6;0/1;4;2;8;8;8;8;30/85;55/85;11/41;25/44;19/44;30/41;3/18;8/15;7/15;15/18;15/24;18/20;1/2;4/9;5/9;1/2;0;0;0/0;2/3;1/3;0/0;1;1;4;4;4;4;16/44;28/44;4/20;12/24;12/24;16/20;4/16;8/11;3/11;12/16;11/20;16/21;3/5;5/9;4/9;2/5;0;1;1/1;3/3;0/3;0/1;3;1;4;4;4;4;14/41;27/41;7/21;13/20;7/20;14/21;1;1;1.78;1.80;35.58;32.5;Right-Handed;Left-Handed;https://wtatennis.com/tournament/710/eastbourne/2018/scores/RS021;;;;;;;;;;;;;;;;;;;;;;;;;;;;
17/44;13/50;37/50;27/44;50/68;44/69;15/25;11/18;7/18;10/25;5;4;4/9;1/4;3/4;5/9;4;1;10;10;10;10;76/137;61/137;32/69;24/68;44/68;37/69;8/18;4/19;15/19;10/18;19/28;18/30;8/12;5/9;4/9;4/12;1;1;2/3;0/1;1/1;1/3;3;1;4;4;4;4;35/58;23/58;16/30;9/28;19/28;14/30;9/26;9/31;22/31;17/26;31/40;26/39;7/13;6/9;3/9;6/13;4;3;2/6;1/3;2/3;4/6;1;0;6;6;6;6;41/79;38/79;16/39;15/40;25/40;23/39;1;0;1.74;1.63;36.83;31.42;Right-Handed;Right-Handed;https://wtatennis.com/tournament/710/eastbourne/2018/scores/RS019;;;;;;;;;;;;;;;;;;;;;;;;;;;;
4/28;13/44;31/44;24/28;44/68;28/44;4/16;18/24;6/24;12/16;4;0;0/0;3/11;8/11;0/0;3;1;9;9;9;9;45/112;67/112;8/44;31/68;37/68;36/44;1/11;6/26;20/26;10/11;26/40;11/19;2/8;12/14;2/14;6/8;3;0;0/0;2/7;5/7;0/0;1;1;4;5;5;4;25/59;34/59;3/19;18/40;22/40;16/19;3/17;7/18;11/18;14/17;18/28;17/25;2/8;6/10;4/10;6/8;1;0;0/0;1/4;3/4;0/0;2;0;5;4;4;5;20/53;33/53;5/25;13/28;15/28;20/25;0;2;1.89;1.85;33.25;26.33;Right-Handed;Right-Handed;https://wtatennis.com/tournament/710/eastbourne/2018/scores/RS025;;;;;;;;;;;;;;;;;;;;;;;;;;;;
6/36;16/30;14/30;30/36;30/47;36/57;14/21;12/17;5/17;7/21;0;3;2/9;5/5;0/5;7/9;3;4;9;8;8;9;39/104;65/104;20/57;28/47;19/47;37/57;4/20;6/11;5/11;16/20;11/20;20/33;9/13;8/9;1/9;4/13;0;2;2/6;3/3;0/3;4/6;2;4;5;4;4;5;19/53;34/53;13/33;14/20;6/20;20/33;2/16;10/19;9/19;14/16;19/27;16/24;5/8;4/8;4/8;3/8;0;1;0/3;2/2;0/2;3/3;1;0;4;4;4;4;20/51;31/51;7/24;14/27;13/27;17/24;0;2;1.75;1.75;27.25;36.83;Right-Handed;Right-Handed;https://wtatennis.com/tournament/710/eastbourne/2018/scores/RS023;;;;;;;;;;;;;;;;;;;;;;;;;;;;
16/49;21/52;31/52;33/49;52/70;49/83;18/34;10/18;8/18;16/34;1;2;2/11;4/9;5/9;9/11;4;3;10;10;10;10;73/153;80/153;34/83;31/70;39/70;49/83;12/34;13/30;17/30;22/34;30/42;34/55;14/21;8/12;4/12;7/21;0;0;2/11;3/7;4/7;9/11;3;3;5;5;5;5;47/97;50/97;26/55;21/42;21/42;29/55;4/15;8/22;14/22;11/15;22/28;15/28;4/13;2/6;4/6;9/13;1;2;0/0;1/2;1/2;0/0;1;0;5;5;5;5;26/56;30/56;8/28;10/28;18/28;20/28;0;1;1.70;1.55;25.08;31.42;Right-Handed;Right-Handed;https://wtatennis.com/tournament/710/eastbourne/2018/scores/RS027;;;;;;;;;;;;;;;;;;;;;;;;;;;;
11/38;19/35;16/35;27/38;35/60;38/51;6/13;14/25;11/25;7/13;2;5;1/5;5/14;9/14;4/5;6;3;8;8;8;8;44/111;67/111;17/51;33/60;27/60;34/51;4/15;10/17;7/17;11/15;17/31;15/18;1/3;9/14;5/14;2/3;1;1;1/1;3/7;4/7;0/1;4;1;4;4;4;4;17/49;32/49;5/18;19/31;12/31;13/18;7/23;9/18;9/18;16/23;18/29;23/33;5/10;5/11;6/11;5/10;1;4;0/4;2/7;5/7;4/4;2;2;4;4;4;4;27/62;35/62;12/33;14/29;15/29;21/33;0;1;1.64;;31.25;28.33;Right-Handed;N/A;https://wtatennis.com/tournament/710/eastbourne/2018/scores/RS024;;;;;;;;;;;;;;;;;;;;;;;;;;;;
22/58;25/55;30/55;36/58;55/90;58/95;25/37;16/35;19/35;12/37;0;2;5/9;5/11;6/11;4/9;5;4;12;12;12;12;96/185;89/185;47/95;41/90;49/90;48/95;8/19;13/25;12/25;11/19;25/43;19/40;13/21;9/18;9/18;8/21;0;2;3/4;3/4;1/4;1/4;2;3;6;6;6;6;42/83;41/83;21/40;22/43;21/43;19/40;14/39;12/30;18/30;25/39;30/47;39/55;12/16;7/17;10/17;4/16;0;0;2/5;2/7;5/7;3/5;3;1;6;6;6;6;54/102;48/102;26/55;19/47;28/47;29/55;2;0;1.63;;28.08;25.5;Right-Handed;Right-Handed;https://wtatennis.com/tournament/710/eastbourne/2018/scores/RS026;;;;;;;;;;;;;;;;;;;;;;;;;;;;
23/78;30/87;57/87;55/78;87/114;78/117;18/39;13/27;14/27;21/39;4;7;2/8;3/8;5/8;6/8;1;5;17;17;17;17;112/231;119/231;41/117;43/114;71/114;76/117;6/23;7/21;14/21;17/23;21/30;23/34;5/11;4/9;5/9;6/11;1;3;0/1;1/3;2/3;1/1;1;2;5;5;5;5;30/64;34/64;11/34;11/30;19/30;23/34;12/28;11/31;20/31;16/28;31/41;28/42;5/14;4/10;6/10;9/14;0;2;1/4;1/2;1/2;3/4;0;1;6;6;6;6;43/83;40/83;17/42;15/41;26/41;25/42;1;1;1.70;1.74;27.17;25.42;Left-Handed;Right-Handed;https://wtatennis.com/tournament/710/eastbourne/2018/scores/RS022;5/27;12/35;23/35;22/27;35/43;27/41;8/14;5/8;3/8;6/14;3;2;1/3;1/3;2/3;2/3;0;2;6;6;6;6;39/84;45/84;13/41;17/43;26/43;28/41
5/29;16/40;24/40;24/29;40/63;29/51;9/22;12/23;11/23;13/22;6;0;0/2;3/6;3/6;2/2;2;3;9;9;9;9;49/114;65/114;14/51;28/63;35/63;37/51;2/14;6/16;10/16;12/14;16/29;14/25;6/11;9/13;4/13;5/11;1;0;0/2;2/3;1/3;2/2;1;2;4;4;4;4;22/54;32/54;8/25;15/29;14/29;17/25;3/15;10/24;14/24;12/15;24/34;15/26;3/11;3/10;7/10;8/11;5;0;0/0;1/3;2/3;0/0;1;1;5;5;5;5;27/60;33/60;6/26;13/34;21/34;20/26;1;2;1.78;1.70;31.17;31.08;Right-Handed;Right-Handed;https://wtatennis.com/tournament/710/eastbourne/2018/scores/RS017;;;;;;;;;;;;;;;;;;;;;;;;;;;;
11/44;15/40;25/40;33/44;40/70;44/64;9/20;20/30;10/30;11/20;8;5;2/5;6/14;8/14;3/5;7;1;11;11;11;11;55/134;79/134;20/64;35/70;35/70;44/64;6/22;1/14;13/14;16/22;14/21;22/35;9/13;4/7;3/7;4/13;4;1;2/5;0/0;0/0;3/5;2;1;5;4;4;5;31/56;25/56;15/35;5/21;16/21;20/35;4/12;7/15;8/15;8/12;15/26;12/16;0/4;8/11;3/11;4/4;3;2;0/0;3/6;3/6;0/0;1;0;3;4;4;3;15/42;27/42;4/16;15/26;11/26;12/16;0;1;1.76;1.74;28.5;36.83;Left-Handed;Right-Handed;https://wtatennis.com/tournament/710/eastbourne/2018/scores/RS009;1/10;7/11;4/11;9/10;11/23;10/13;0/3;8/12;4/12;3/3;1;2;0/0;3/8;5/8;0/0;4;0;3;3;3;3;9/36;27/36;1/13;15/23;8/23;12/13
14/53;6/47;41/47;39/53;47/75;53/66;6/13;13/28;15/28;7/13;15;3;2/4;1/5;4/5;2/4;6;1;12;12;12;12;76/141;65/141;20/66;19/75;56/75;46/66;9/29;2/26;24/26;20/29;26/43;29/35;2/6;10/17;7/17;4/6;8;2;1/3;1/5;4/5;2/3;4;0;6;6;6;6;42/78;36/78;11/35;12/43;31/43;24/35;5/24;4/21;17/21;19/24;21/32;24/31;4/7;3/11;8/11;3/7;7;1;1/1;0/0;0/0;0/1;2;1;6;6;6;6;34/63;29/63;9/31;7/32;25/32;22/31;2;0;1.84;1.80;31.25;32.5;Left-Handed;Left-Handed;https://wtatennis.com/tournament/710/eastbourne/2018/scores/RS010;;;;;;;;;;;;;;;;;;;;;;;;;;;;
9/38;21/37;16/37;29/38;37/56;38/62;15/24;10/19;9/19;9/24;2;3;1/6;5/12;7/12;5/6;0;6;8;7;7;8;49/118;69/118;24/62;31/56;25/56;38/62;4/15;10/14;4/14;11/15;14/24;15/27;7/12;5/10;5/10;5/12;1;3;1/4;3/8;5/8;3/4;0;4;4;3;3;4;20/51;31/51;11/27;15/24;9/24;16/27;5/23;11/23;12/23;18/23;23/32;23/35;8/12;5/9;4/9;4/12;1;0;0/2;2/4;2/4;2/2;0;2;4;4;4;4;29/67;38/67;13/35;16/32;16/32;22/35;1;1;;1.85;28.33;26.33;N/A;Right-Handed;https://wtatennis.com/tournament/710/eastbourne/2018/scores/RS012;;;;;;;;;;;;;;;;;;;;;;;;;;;;
12/37;22/42;20/42;25/37;42/65;37/58;12/21;14/23;9/23;9/21;0;3;3/7;6/13;7/13;4/7;1;0;9;9;9;9;53/123;70/123;24/58;36/65;29/65;34/58;3/13;9/15;6/15;10/13;15/24;13/22;5/9;6/9;3/9;4/9;0;2;1/1;3/5;2/5;0/1;0;0;4;4;4;4;17/46;29/46;8/22;15/24;9/24;14/22;9/24;13/27;14/27;15/24;27/41;24/36;7/12;8/14;6/14;5/12;0;1;2/6;3/8;5/8;4/6;1;0;5;5;5;5;36/77;41/77;16/36;21/41;20/41;20/36;0;1;1.63;1.55;28.08;31.42;Right-Handed;Right-Handed;https://wtatennis.com/tournament/710/eastbourne/2018/scores/RS013;;;;;;;;;;;;;;;;;;;;;;;;;;;;
11/41;12/29;17/29;30/41;29/50;41/57;7/16;14/21;7/21;9/16;4;6;0/2;4/8;4/8;2/2;4;3;8;8;8;8;42/107;65/107;18/57;26/50;24/50;39/57;4/18;3/12;9/12;14/18;12/27;18/29;5/11;10/15;5/15;6/11;2;4;0/1;2/3;1/3;1/1;3;3;4;4;4;4;23/56;33/56;9/29;13/27;14/27;20/29;7/23;9/17;8/17;16/23;17/23;23/28;2/5;4/6;2/6;3/5;2;2;0/1;2/5;3/5;1/1;1;0;4;4;4;4;19/51;32/51;9/28;13/23;10/23;19/28;0;1;1.74;1.75;25.42;36.83;Right-Handed;Right-Handed;https://wtatennis.com/tournament/710/eastbourne/2018/scores/RS011;;;;;;;;;;;;;;;;;;;;;;;;;;;;
17/47;8/36;28/36;30/47;36/55;47/69;11/22;9/19;10/19;11/22;1;2;3/7;1/2;1/2;4/7;4;5;10;10;10;10;66/124;58/124;28/69;17/55;38/55;41/69;9/24;6/19;13/19;15/24;19/31;24/39;8/15;7/12;5/12;7/15;0;0;2/5;1/2;1/2;3/5;4;5;5;5;5;5;35/70;35/70;17/39;13/31;18/31;22/39;8/23;2/17;15/17;15/23;17/24;23/30;3/7;2/7;5/7;4/7;1;2;1/2;0/0;0/0;1/2;0;0;5;5;5;5;31/54;23/54;11/30;4/24;20/24;19/30;3;2;1.63;1.70;28.42;31.08;Right-Handed;Right-Handed;https://wtatennis.com/tournament/710/eastbourne/2018/scores/RS008;;;;;;;;;;;;;;;;;;;;;;;;;;;;
14/33;5/29;24/29;19/33;29/49;33/50;12/17;10/20;10/20;5/17;3;3;5/6;1/2;1/2;1/6;6;6;8;8;8;8;60/99;39/99;26/50;15/49;34/49;24/50;9/16;3/15;12/15;7/16;15/27;16/23;4/7;7/12;5/12;3/7;2;1;3/3;1/2;1/2;0/3;5;2;4;4;4;4;30/50;20/50;13/23;10/27;17/27;10/23;5/17;2/14;12/14;12/17;14/22;17/27;8/10;3/8;5/8;2/10;1;2;2/3;0/0;0/0;1/3;1;4;4;4;4;4;30/49;19/49;13/27;5/22;17/22;14/27;1;0;1.68;1.81;31.42;32.75;Right-Handed;Right-Handed;https://wtatennis.com/tournament/710/eastbourne/2018/scores/LS033;;;;;;;;;;;;;;;;;;;;;;;;;;;;
20/51;22/60;38/60;31/51;60/89;51/82;22/31;15/29;14/29;9/31;1;3;7/9;5/13;8/13;2/9;5;9;14;14;14;14;94/171;77/171;42/82;37/89;52/89;40/82;8/22;10/25;15/25;14/22;25/36;22/35;7/13;6/11;5/11;6/13;1;2;1/1;2/5;3/5;0/1;2;3;5;5;5;5;35/71;36/71;15/35;16/36;20/36;20/35;6/13;2/11;9/11;7/13;11/21;13/20;6/7;5/10;5/10;1/7;0;1;3/4;1/3;2/3;1/4;1;2;4;4;4;4;26/41;15/41;12/20;7/21;14/21;8/20;3;3;1.75;1.73;36.83;33.42;Right-Handed;Right-Handed;https://wtatennis.com/tournament/710/eastbourne/2018/scores/LS054;6/16;10/24;14/24;10/16;24/32;16/27;9/11;4/8;4/8;2/11;0;0;3/4;2/5;3/5;1/4;2;4;5;5;5;5;33/59;26/59;15/27;14/32;18/32;12/27
26/61;26/58;32/58;35/61;58/92;61/94;20/33;20/34;14/34;13/33;1;3;7/12;8/14;6/14;5/12;2;7;14;14;14;14;92/186;94/186;46/94;46/92;46/92;48/94;13/25;7/16;9/16;12/25;16/28;25/38;4/13;9/12;3/12;9/13;0;1;2/6;3/5;2/5;4/6;1;2;5;4;4;5;29/66;37/66;17/38;16/28;12/28;21/38;6/15;7/20;13/20;9/15;20/30;15/25;7/10;3/10;7/10;3/10;0;1;2/3;1/3;2/3;1/3;0;1;4;5;5;4;33/55;22/55;13/25;10/30;20/30;12/25;0;1;1.72;1.74;27.83;37.92;Right-Handed;Right-Handed;https://wtatennis.com/tournament/710/eastbourne/2018/scores/LS058;7/21;12/22;10/22;14/21;22/34;21/31;9/10;8/12;4/12;1/10;1;1;3/3;4/6;2/6;0/3;1;4;5;5;5;5;30/65;35/65;16/31;20/34;14/34;15/31
10/30;19/42;23/42;20/30;42/73;30/59;14/29;17/31;14/31;15/29;1;3;3/4;6/11;5/11;1/4;3;1;10;11;11;10;61/132;71/132;24/59;36/73;37/73;35/59;7/15;10/22;12/22;8/15;22/41;15/35;8/20;10/19;9/19;12/20;1;2;2/2;3/5;2/5;0/2;1;1;6;6;6;6;36/76;40/76;15/35;20/41;21/41;20/35;3/15;9/20;11/20;12/15;20/32;15/24;6/9;7/12;5/12;3/9;0;1;1/2;3/6;3/6;1/2;2;0;4;5;5;4;25/56;31/56;9/24;16/32;16/32;15/24;2;4;1.63;1.79;28.42;26.92;Right-Handed;Right-Handed;https://wtatennis.com/tournament/710/eastbourne/2018/scores/LS061;;;;;;;;;;;;;;;;;;;;;;;;;;;;
14/45;13/40;27/40;31/45;40/74;45/81;18/36;20/34;14/34;18/36;2;2;4/8;5/10;5/10;4/8;5;4;14;13;13;14;73/155;82/155;32/81;33/74;41/74;49/81;3/19;2/10;8/10;16/19;10/25;19/30;6/11;9/15;6/15;5/11;0;2;0/0;1/4;3/4;0/0;1;2;5;4;4;5;23/55;32/55;9/30;11/25;14/25;21/30;6/13;5/17;12/17;7/13;17/25;13/21;4/8;4/8;4/8;4/8;1;0;2/4;1/1;0/1;2/4;2;1;4;5;5;4;26/46;20/46;10/21;9/25;16/25;11/21;0;1;1.74;1.78;24.17;29.5;Right-Handed;Right-Handed;https://wtatennis.com/tournament/710/eastbourne/2018/scores/LS042;5/13;6/13;7/13;8/13;13/24;13/30;8/17;7/11;4/11;9/17;1;0;2/4;3/5;2/5;2/4;2;1;5;4;4;5;24/54;30/54;13/30;13/24;11/24;17/30
17/62;33/77;44/77;45/62;77/116;62/94;18/32;16/39;23/39;14/32;4;3;3/10;3/6;3/6;7/10;3;4;15;15;15;15;102/210;108/210;35/94;49/116;67/116;59/94;2/16;8/20;12/20;14/16;20/30;16/20;2/4;7/10;3/10;2/4;2;0;0/0;2/3;1/3;0/0;0;1;4;4;4;4;19/50;31/50;4/20;15/30;15/30;16/20;8/26;12/30;18/30;18/26;30/44;26/45;10/19;4/14;10/14;9/19;1;2;1/7;0/0;0/0;6/7;1;2;6;6;6;6;46/89;43/89;18/45;16/44;28/44;27/45;3;4;1.76;1.76;31.92;33.17;Right-Handed;Right-Handed;https://wtatennis.com/tournament/710/eastbourne/2018/scores/LS062;7/20;13/27;14/27;13/20;27/42;20/29;6/9;5/15;10/15;3/9;1;1;2/3;1/3;2/3;1/3;2;1;5;5;5;5;37/71;34/71;13/29;18/42;24/42;16/29
14/54;13/56;43/56;40/54;56/103;54/93;14/39;25/47;22/47;25/39;15;2;1/5;2/9;7/9;4/5;8;2;15;15;15;15;93/196;103/196;28/93;38/103;65/103;65/93;6/22;4/19;15/19;16/22;19/42;22/37;5/15;12/23;11/23;10/15;7;0;0/1;1/3;2/3;1/1;1;1;6;6;6;6;37/79;42/79;11/37;16/42;26/42;26/37;4/13;5/22;17/22;9/13;22/36;13/22;3/9;7/14;7/14;6/9;6;2;1/2;0/4;4/4;1/2;3;0;4;5;5;4;31/58;27/58;7/22;12/36;24/36;15/22;0;1;1.84;1.75;31.25;26.83;Left-Handed;Right-Handed;https://wtatennis.com/tournament/710/eastbourne/2018/scores/LS045;4/19;4/15;11/15;15/19;15/25;19/34;6/15;6/10;4/10;9/15;2;0;0/2;1/2;1/2;2/2;4;1;5;4;4;5;25/59;34/59;10/34;10/25;15/25;24/34
17/56;13/60;47/60;39/56;60/119;56/106;24/50;34/59;25/59;26/50;4;8;5/17;3/13;10/13;12/17;14;4;16;17;17;16;113/225;112/225;41/106;47/119;72/119;65/106;10/29;3/21;18/21;19/29;21/42;29/50;9/21;16/21;5/21;12/21;2;2;2/10;2/6;4/6;8/10;8;1;6;6;6;6;42/92;50/92;19/50;19/42;23/42;31/50;6/19;7/24;17/24;13/19;24/46;19/35;9/16;12/22;10/22;7/16;2;3;2/4;1/5;4/5;2/4;3;3;6;6;6;6;42/81;39/81;15/35;19/46;27/46;20/35;5;2;1.84;1.70;30.08;31.08;Right-Handed;Right-Handed;https://wtatennis.com/tournament/710/eastbourne/2018/scores/LS038;1/8;3/15;12/15;7/8;15/31;8/21;6/13;6/16;10/16;7/13;0;3;1/3;0/2;2/2;2/3;3;0;4;5;5;4;29/52;23/52;7/21;9/31;22/31;14/21
16/62;16/67;51/67;46/62;67/117;62/112;28/50;32/50;18/50;22/50;4;9;4/10;4/10;6/10;6/10;5;7;17;16;16;17;113/229;116/229;44/112;48/117;69/117;68/112;6/18;4/24;20/24;12/18;24/46;18/38;13/20;17/22;5/22;7/20;1;3;3/9;2/5;3/5;6/9;3;4;6;6;6;6;44/84;40/84;19/38;21/46;25/46;19/38;7/27;8/26;18/26;20/27;26/42;27/42;8/15;6/16;10/16;7/15;3;4;1/1;1/2;1/2;0/1;2;1;6;6;6;6;43/84;41/84;15/42;14/42;28/42;27/42;0;2;1.75;1.73;39.17;29.17;Right-Handed;Right-Handed;https://wtatennis.com/tournament/710/eastbourne/2018/scores/LS046;3/17;4/17;13/17;14/17;17/29;17/32;7/15;9/12;3/12;8/15;0;2;0/0;1/3;2/3;0/0;0;2;5;4;4;5;26/61;35/61;10/32;13/29;16/29;22/32
14/32;9/26;17/26;18/32;26/45;32/60;18/28;9/19;10/19;10/28;4;2;6/9;2/4;2/4;3/9;1;8;9;8;8;9;59/105;46/105;32/60;18/45;27/45;28/60;7/14;4/12;8/12;7/14;12/22;14/32;11/18;5/10;5/10;7/18;2;0;3/6;1/2;1/2;3/6;1;3;4;4;4;4;31/54;23/54;18/32;9/22;13/22;14/32;7/18;5/14;9/14;11/18;14/23;18/28;7/10;4/9;5/9;3/10;2;2;3/3;1/2;1/2;0/3;0;5;5;4;4;5;28/51;23/51;14/28;9/23;14/23;14/28;3;3;1.77;1.68;32.92;31.42;Right-Handed;Right-Handed;https://wtatennis.com/tournament/710/eastbourne/2018/scores/LS016;;;;;;;;;;;;;;;;;;;;;;;;;;;;
12/27;12/37;25/37;15/27;37/51;27/50;17/23;8/14;6/14;6/23;7;6;6/7;2/4;2/4;1/7;0;5;8;8;8;8;60/101;41/101;29/50;20/51;31/51;21/50;6/15;8/26;18/26;9/15;26/35;15/24;6/9;5/9;4/9;3/9;5;4;2/2;1/3;2/3;0/2;0;3;4;5;5;4;34/59;25/59;12/24;13/35;22/35;12/24;6/12;4/11;7/11;6/12;11/16;12/26;11/14;3/5;2/5;3/14;2;2;4/5;1/1;0/1;1/5;0;2;4;3;3;4;26/42;16/42;17/26;7/16;9/16;9/26;2;0;1.73;1.79;34.25;30.08;Right-Handed;Right-Handed;https://wtatennis.com/tournament/710/eastbourne/2018/scores/LS053;;;;;;;;;;;;;;;;;;;;;;;;;;;;
16/54;23/50;27/50;38/54;50/73;54/84;16/30;8/23;15/23;14/30;5;9;1/5;4/11;7/11;4/5;2;4;10;11;11;10;74/157;83/157;32/84;31/73;42/73;52/84;5/23;7/23;16/23;18/23;23/33;23/37;8/14;5/10;5/10;6/14;4;7;1/2;2/3;1/3;1/2;1;2;6;6;6;6;34/70;36/70;13/37;12/33;21/33;24/37;11/31;16/27;11/27;20/31;27/40;31/47;8/16;3/13;10/13;8/16;1;2;0/3;2/8;6/8;3/3;1;2;4;5;5;4;40/87;47/87;19/47;19/40;21/40;28/47;1;2;1.74;1.63;36.83;30.25;Right-Handed;Right-Handed;https://wtatennis.com/tournament/710/eastbourne/2018/scores/LS034;;;;;;;;;;;;;;;;;;;;;;;;;;;;
21/63;17/50;33/50;42/63;50/77;63/87;14/24;12/27;15/27;10/24;2;12;3/9;4/7;3/7;6/9;3;4;13;14;14;13;83/164;81/164;35/87;29/77;48/77;52/87;8/29;6/15;9/15;21/29;15/28;29/38;5/9;4/13;9/13;4/9;1;9;0/4;1/3;2/3;4/4;1;0;5;5;5;5;31/66;35/66;13/38;10/28;18/28;25/38;8/14;4/16;12/16;6/14;16/20;14/25;7/11;3/4;1/4;4/11;1;1;3/4;1/2;1/2;1/4;0;2;4;4;4;4;28/45;17/45;15/25;7/20;13/20;10/25;2;7;1.76;1.86;31.92;31.25;Right-Handed;Right-Handed;https://wtatennis.com/tournament/710/eastbourne/2018/scores/LS031;5/20;7/19;12/19;15/20;19/29;20/24;2/4;5/10;5/10;2/4;0;2;0/1;2/2;0/2;1/1;2;2;4;5;5;4;24/53;29/53;7/24;12/29;17/29;17/24
15/47;28/68;40/68;32/47;68/98;47/75;8/28;17/30;13/30;20/28;2;5;2/5;6/14;8/14;3/5;1;3;13;14;14;13;76/173;97/173;23/75;45/98;53/98;52/75;10/21;5/20;15/20;11/21;20/32;21/37;5/16;5/12;7/12;11/16;0;2;2/4;1/3;2/3;2/4;0;1;6;6;6;6;37/69;32/69;15/37;10/32;22/32;22/37;5/17;8/17;9/17;12/17;17/23;17/24;1/7;4/6;2/6;6/7;1;2;0/1;2/4;2/4;1/1;0;1;4;4;4;4;17/47;30/47;6/24;12/23;11/23;18/24;0;1;1.77;1.75;37.42;35.08;Right-Handed;Left-Handed;https://wtatennis.com/tournament/710/eastbourne/2018/scores/LS050;0/9;15/31;16/31;9/9;31/43;9/14;2/5;8/12;4/12;3/5;1;1;0/0;3/7;4/7;0/0;1;1;3;4;4;3;22/57;35/57;2/14;23/43;20/43;12/14
24/51;16/50;34/50;27/51;50/62;51/79;14/28;5/12;7/12;14/28;1;1;4/12;2/2;0/2;8/12;0;3;10;10;10;10;79/141;62/141;38/79;21/62;41/62;41/79;16/34;13/34;21/34;18/34;34/41;34/57;11/23;3/7;4/7;12/23;0;1;2/9;2/2;0/2;7/9;0;3;6;6;6;6;52/98;46/98;27/57;16/41;25/41;30/57;8/17;3/16;13/16;9/17;16/21;17/22;3/5;2/5;3/5;2/5;1;0;2/3;0/0;0/0;1/3;0;0;4;4;4;4;27/43;16/43;11/22;5/21;16/21;11/22;2;0;1.69;1.85;37.42;26.33;Right-Handed;Right-Handed;https://wtatennis.com/tournament/710/eastbourne/2018/scores/LS037;;;;;;;;;;;;;;;;;;;;;;;;;;;;
21/43;7/29;22/29;22/43;29/46;43/56;9/13;7/17;10/17;4/13;4;0;5/9;2/2;0/2;4/9;3;0;9;9;9;9;62/102;40/102;30/56;14/46;32/46;26/56;10/16;3/15;12/15;6/16;15/19;16/22;4/6;2/4;2/4;2/6;0;0;3/5;1/1;0/1;2/5;1;0;4;4;4;4;28/41;13/41;14/22;5/19;14/19;8/22;11/27;4/14;10/14;16/27;14/27;27/34;5/7;5/13;8/13;2/7;4;0;2/4;1/1;0/1;2/4;2;0;5;5;5;5;34/61;27/61;16/34;9/27;18/27;18/34;3;0;1.81;1.55;38.0;31.42;Right-Handed;Right-Handed;https://wtatennis.com/tournament/710/eastbourne/2018/scores/LS049;;;;;;;;;;;;;;;;;;;;;;;;;;;;
17/45;13/48;35/48;28/45;48/64;45/67;12/22;9/16;7/16;10/22;3;1;4/5;2/3;1/3;1/5;2;3;11;11;11;11;71/131;60/131;29/67;22/64;42/64;38/67;8/24;7/28;21/28;16/24;28/35;24/36;7/12;4/7;3/7;5/12;1;0;2/2;1/1;0/1;0/2;2;2;6;6;6;6;39/71;32/71;15/36;11/35;24/35;21/36;9/21;6/20;14/20;12/21;20/29;21/31;5/10;5/9;4/9;5/10;2;1;2/3;1/2;1/2;1/3;0;1;5;5;5;5;32/60;28/60;14/31;11/29;18/29;17/31;4;3;1.61;1.80;34.08;35.0;Right-Handed;Left-Handed;https://wtatennis.com/tournament/710/eastbourne/2018/scores/LS041;;;;;;;;;;;;;;;;;;;;;;;;;;;;
12/42;18/38;20/38;30/42;38/75;42/64;11/22;25/37;12/37;11/22;0;2;3/5;7/13;6/13;2/5;7;2;12;11;11;12;55/139;84/139;23/64;43/75;32/75;41/64;8/20;6/21;15/21;12/20;21/44;20/27;3/7;13/23;10/23;4/7;0;1;2/3;1/4;3/4;1/3;5;0;5;5;5;5;36/71;35/71;11/27;19/44;25/44;16/27;2/11;5/7;2/7;9/11;7/15;11/16;2/5;7/8;1/8;3/5;0;1;0/0;3/3;0/3;0/0;1;1;3;3;3;3;7/31;24/31;4/16;12/15;3/15;12/16;0;1;1.63;1.82;28.08;25.08;Right-Handed;Right-Handed;https://wtatennis.com/tournament/710/eastbourne/2018/scores/LS057;2/11;7/10;3/10;9/11;10/16;11/21;6/10;5/6;1/6;4/10;0;0;1/2;3/6;3/6;1/2;1;1;4;3;3;4;12/37;25/37;8/21;12/16;4/16;13/21
9/36;19/38;19/38;27/36;38/66;36/56;12/20;15/28;13/28;8/20;2;4;1/5;4/11;7/11;4/5;5;5;9;8;8;9;53/122;69/122;21/56;34/66;32/66;35/56;7/19;10/19;9/19;12/19;19/25;19/30;5/11;3/6;3/6;6/11;1;2;1/4;2/3;1/3;3/4;1;2;5;4;4;5;24/55;31/55;12/30;13/25;12/25;18/30;2/17;9/19;10/19;15/17;19/41;17/26;7/9;12/22;10/22;2/9;1;2;0/1;2/8;6/8;1/1;4;3;4;4;4;4;29/67;38/67;9/26;21/41;20/41;17/26;2;1;1.84;1.66;30.08;27.08;Right-Handed;Right-Handed;https://wtatennis.com/tournament/710/eastbourne/2018/scores/LS019;;;;;;;;;;;;;;;;;;;;;;;;;;;;
19/45;10/32;22/32;26/45;32/56;45/61;9/16;8/24;16/24;7/16;4;1;4/8;1/6;5/6;4/8;2;3;9;9;9;9;66/117;51/117;28/61;18/56;38/56;33/61;7/21;3/12;9/12;14/21;12/20;21/29;5/8;1/8;7/8;3/8;1;1;2/2;0/0;0/0;0/2;0;1;5;4;4;5;28/49;21/49;12/29;4/20;16/20;17/29;12/24;7/20;13/20;12/24;20/36;24/32;4/8;7/16;9/16;4/8;3;0;2/6;1/6;5/6;4/6;2;2;4;5;5;4;38/68;30/68;16/32;14/36;22/36;16/32;7;6;1.73;1.61;35.42;34.08;Left-Handed;Right-Handed;https://wtatennis.com/tournament/710/eastbourne/2018/scores/LS020;;;;;;;;;;;;;;;;;;;;;;;;;;;;
6/29;18/35;17/35;23/29;35/56;29/45;4/16;12/21;9/21;12/16;1;4;0/2;4/8;4/8;2/2;2;0;8;8;8;8;36/101;65/101;10/45;30/56;26/56;35/45;4/15;7/12;5/12;11/15;12/20;15/25;2/10;5/8;3/8;8/10;0;1;0/2;2/3;1/3;2/2;1;0;4;3;3;4;14/45;31/45;6/25;12/20;8/20;19/25;2/14;11/23;12/23;12/14;23/36;14/20;2/6;7/13;6/13;4/6;1;3;0/0;2/5;3/5;0/0;1;0;4;5;5;4;22/56;34/56;4/20;18/36;18/36;16/20;1;2;1.63;1.80;30.25;32.08;Right-Handed;Right-Handed;https://wtatennis.com/tournament/710/eastbourne/2018/scores/LS017;;;;;;;;;;;;;;;;;;;;;;;;;;;;
25/69;28/84;56/84;44/69;84/134;69/99;13/30;35/50;15/50;17/30;2;2;4/14;6/21;15/21;10/14;17;1;15;15;15;15;109/233;124/233;38/99;63/134;71/134;61/99;10/24;11/37;26/37;14/24;37/62;24/31;4/7;18/25;7/25;3/7;2;0;3/4;2/9;7/9;1/4;8;0;6;6;6;6;47/93;46/93;14/31;29/62;33/62;17/31;13/33;12/38;26/38;20/33;38/52;33/50;6/17;9/14;5/14;11/17;0;1;1/10;1/6;5/6;9/10;5;0;6;6;6;6;50/102;52/102;19/50;21/52;31/52;31/50;1;1;1.66;1.73;29.25;34.25;Right-Handed;Right-Handed;https://wtatennis.com/tournament/710/eastbourne/2018/scores/LS026;2/12;5/9;4/9;10/12;9/20;12/18;3/6;8/11;3/11;3/6;0;1;0/0;3/6;3/6;0/0;4;1;3;3;3;3;12/38;26/38;5/18;13/20;7/20;13/18
26/62;31/58;27/58;36/62;58/96;62/98;21/36;20/38;18/38;15/36;2;3;6/14;9/18;9/18;8/14;0;10;14;15;15;14;92/194;102/194;47/98;51/96;45/96;51/98;11/22;14/24;10/24;11/22;24/40;22/35;9/13;6/16;10/16;4/13;1;0;4/4;3/5;2/5;0/4;0;5;6;6;6;6;40/75;35/75;20/35;20/40;20/40;15/35;9/24;7/19;12/19;15/24;19/33;24/41;8/17;8/14;6/14;9/17;0;2;1/6;2/6;4/6;5/6;0;3;5;5;5;5;35/74;39/74;17/41;15/33;18/33;24/41;0;2;1.73;1.70;29.17;26.08;Right-Handed;Right-Handed;https://wtatennis.com/tournament/710/eastbourne/2018/scores/LS023;6/16;10/15;5/15;10/16;15/23;16/22;4/6;6/8;2/8;2/6;1;1;1/4;4/7;3/7;3/4;0;2;3;4;4;3;17/45;28/45;10/22;16/23;7/23;12/22
22/46;15/38;23/38;24/46;38/66;46/66;10/20;8/28;20/28;10/20;3;0;4/9;2/9;7/9;5/9;1;3;9;10;10;9;75/132;57/132;32/66;23/66;43/66;34/66;9/20;4/18;14/18;11/20;18/27;20/30;4/10;2/9;7/9;6/10;2;0;1/2;0/1;1/1;1/2;0;2;4;5;5;4;34/57;23/57;13/30;6/27;21/27;17/30;13/26;11/20;9/20;13/26;20/39;26/36;6/10;6/19;13/19;4/10;1;0;3/7;2/8;6/8;4/7;1;1;5;5;5;5;41/75;34/75;19/36;17/39;22/39;17/36;2;0;1.69;1.75;33.17;26.83;Right-Handed;Right-Handed;https://wtatennis.com/tournament/710/eastbourne/2018/scores/LS022;;;;;;;;;;;;;;;;;;;;;;;;;;;;
7/35;16/40;24/40;28/35;40/64;35/53;9/18;13/24;11/24;9/18;2;6;2/3;5/8;3/8;1/3;5;5;10;11;11;10;51/117;66/117;16/53;29/64;35/64;37/53;7/24;9/23;14/23;17/24;23/36;24/35;5/11;6/13;7/13;6/11;2;3;1/2;2/5;3/5;1/2;3;3;6;6;6;6;33/71;38/71;12/35;15/36;21/36;23/35;0/11;7/17;10/17;11/11;17/28;11/18;4/7;7/11;4/11;3/7;0;3;1/1;3/3;0/3;0/1;2;2;4;5;5;4;18/46;28/46;4/18;14/28;14/28;14/18;2;4;1.75;1.82;36.83;33.25;Right-Handed;Left-Handed;https://wtatennis.com/tournament/710/eastbourne/2018/scores/LS027;;;;;;;;;;;;;;;;;;;;;;;;;;;;
6/25;10/21;11/21;19/25;21/38;25/39;5/14;14/17;3/17;9/14;0;2;0/0;5/6;1/6;0/0;4;0;7;7;7;7;25/77;52/77;11/39;24/38;14/38;28/39;3/11;7/12;5/12;8/11;12/21;11/16;1/5;7/9;2/9;4/5;0;2;0/0;3/4;1/4;0/0;3;0;3;4;4;3;11/37;26/37;4/16;14/21;7/21;12/16;3/14;3/9;6/9;11/14;9/17;14/23;4/9;7/8;1/8;5/9;0;0;0/0;2/2;0/2;0/0;1;0;4;3;3;4;14/40;26/40;7/23;10/17;7/17;16/23;0;1;1.74;1.79;37.92;27.58;Right-Handed;Right-Handed;https://wtatennis.com/tournament/710/eastbourne/2018/scores/LS029;;;;;;;;;;;;;;;;;;;;;;;;;;;;
20/61;29/71;42/71;41/61;71/103;61/127;39/66;15/32;17/32;27/66;1;6;6/21;5/13;8/13;15/21;1;8;16;14;14;16;118/230;112/230;59/127;44/103;59/103;68/127;6/20;6/15;9/15;14/20;15/22;20/39;10/19;5/7;2/7;9/19;0;2;1/7;2/2;0/2;6/7;1;2;5;4;4;5;27/61;34/61;16/39;11/22;11/22;23/39;10/29;13/32;19/32;19/29;32/48;29/52;13/23;6/16;10/16;10/23;0;3;2/6;2/5;3/5;4/6;0;3;6;6;6;6;52/100;48/100;23/52;19/48;29/48;29/52;1;1;1.75;1.82;35.08;31.5;Left-Handed;Right-Handed;https://wtatennis.com/tournament/710/eastbourne/2018/scores/LS025;4/12;10/24;14/24;8/12;24/33;12/36;16/24;4/9;5/9;8/24;1;1;3/8;1/6;5/6;5/8;0;3;5;4;4;5;39/69;30/69;20/36;14/33;19/33;16/36
13/33;8/32;24/32;20/33;32/53;33/54;12/21;8/21;13/21;9/21;3;2;4/6;1/3;2/3;2/6;3;4;8;9;9;8;62/107;45/107;25/54;16/53;37/53;29/54;6/12;1/10;9/10;6/12;10/18;12/22;5/10;1/8;7/8;5/10;1;2;2/2;0/0;0/0;0/2;0;1;3;4;4;3;27/40;13/40;11/22;2/18;16/18;11/22;7/21;7/22;15/22;14/21;22/35;21/32;7/11;7/13;6/13;4/11;2;0;2/4;1/3;2/3;2/4;3;3;5;5;5;5;35/67;32/67;14/32;14/35;21/35;18/32;1;0;1.64;1.79;37.17;26.92;Right-Handed;Right-Handed;https://wtatennis.com/tournament/710/eastbourne/2018/scores/LS030;;;;;;;;;;;;;;;;;;;;;;;;;;;;
1/13;4/10;6/10;12/13;10/16;13/24;5/11;4/6;2/6;6/11;3;2;0/0;2/2;0/2;0/0;0;1;4;3;3;4;14/40;26/40;6/24;8/16;8/16;18/24;1/13;4/10;6/10;12/13;10/16;13/24;5/11;4/6;2/6;6/11;3;2;0/0;2/2;0/2;0/0;0;1;4;3;3;4;14/40;26/40;6/24;8/16;8/16;18/24;0/0;0/0;0/0;0/0;0/0;0/0;0/0;0/0;0/0;0/0;0;0;0/0;0/0;0/0;0/0;0;0;0;0;0;0;0/0;0/0;0/0;0/0;0/0;0/0;2;1;1.80;1.69;34.67;37.42;Right-Handed;Right-Handed;https://wtatennis.com/tournament/710/eastbourne/2018/scores/LS018;;;;;;;;;;;;;;;;;;;;;;;;;;;;
13/33;9/34;25/34;20/33;34/60;33/53;9/20;11/26;15/26;11/20;1;1;3/5;0/4;4/4;2/5;1;2;9;9;9;9;62/113;51/113;22/53;20/60;40/60;31/53;8/19;7/17;10/17;11/19;17/26;19/28;6/9;2/9;7/9;3/9;1;0;2/3;0/1;1/1;1/3;0;1;4;4;4;4;31/54;23/54;14/28;9/26;17/26;14/28;5/14;2/17;15/17;9/14;17/34;14/25;3/11;9/17;8/17;8/11;0;1;1/2;0/3;3/3;1/2;1;1;5;5;5;5;31/59;28/59;8/25;11/34;23/34;17/25;2;1;1.78;1.62;29.5;34.75;Right-Handed;Right-Handed;https://wtatennis.com/tournament/710/eastbourne/2018/scores/LS021;;;;;;;;;;;;;;;;;;;;;;;;;;;;
22/60;16/51;35/51;38/60;51/81;60/94;20/34;19/30;11/30;14/34;9;1;5/11;4/7;3/7;6/11;9;7;14;13;13;14;88/175;87/175;42/94;35/81;46/81;52/94;11/19;4/16;12/16;8/19;16/22;19/29;6/10;3/6;3/6;4/10;5;0;3/6;0/0;0/0;3/6;3;3;4;3;3;4;32/51;19/51;17/29;7/22;15/22;12/29;8/25;6/16;10/16;17/25;16/29;25/37;7/12;9/13;4/13;5/12;3;0;1/2;2/2;0/2;1/2;2;2;5;5;5;5;29/66;37/66;15/37;15/29;14/29;22/37;0;2;1.80;1.82;34.58;25.08;Right-Handed;Right-Handed;https://wtatennis.com/tournament/710/eastbourne/2018/scores/LS028;3/16;6/19;13/19;13/16;19/30;16/28;7/12;7/11;4/11;5/12;1;1;1/3;2/5;3/5;2/3;4;2;5;5;5;5;27/58;31/58;10/28;13/30;17/30;18/28
17/47;16/56;40/56;30/47;56/85;47/68;14/21;17/29;12/29;7/21;4;7;4/7;2/11;9/11;3/7;5;5;10;11;11;10;83/153;70/153;31/68;33/85;52/85;37/68;6/16;11/31;20/31;10/16;31/47;16/25;6/9;9/16;7/16;3/9;2;2;2/4;1/7;6/7;2/4;2;2;4;5;5;4;39/72;33/72;12/25;20/47;27/47;13/25;11/31;5/25;20/25;20/31;25/38;31/43;8/12;8/13;5/13;4/12;2;5;2/3;1/4;3/4;1/3;3;3;6;6;6;6;44/81;37/81;19/43;13/38;25/38;24/43;1;1;1.77;1.81;26.0;38.0;Right-Handed;Right-Handed;https://wtatennis.com/tournament/710/eastbourne/2018/scores/LS024;;;;;;;;;;;;;;;;;;;;;;;;;;;;
10/35;15/37;22/37;25/35;37/54;35/59;12/24;10/17;7/17;12/24;3;3;2/3;4/10;6/10;1/3;2;3;10;9;9;10;51/113;62/113;22/59;25/54;29/54;37/59;5/17;4/12;8/12;12/17;12/21;17/29;6/12;6/9;3/9;6/12;0;0;1/1;2/3;1/3;0/1;2;1;5;4;4;5;22/50;28/50;11/29;10/21;11/21;18/29;5/18;11/25;14/25;13/18;25/33;18/30;6/12;4/8;4/8;6/12;3;3;1/2;2/7;5/7;1/2;0;2;5;5;5;5;29/63;34/63;11/30;15/33;18/33;19/30;1;5;1.64;1.86;37.17;31.25;Right-Handed;Right-Handed;https://wtatennis.com/tournament/710/eastbourne/2018/scores/LS015;;;;;;;;;;;;;;;;;;;;;;;;;;;;
24/60;14/55;41/55;36/60;55/88;60/89;17/29;18/33;15/33;12/29;2;4;5/15;3/8;5/8;10/15;5;3;13;14;14;13;97/177;80/177;41/89;32/88;56/88;48/89;9/24;4/15;11/15;15/24;15/25;24/32;4/8;6/10;4/10;4/8;1;1;1/4;2/2;0/2;3/4;0;0;5;5;5;5;28/57;29/57;13/32;10/25;15/25;19/32;6/16;7/24;17/24;10/16;24/33;16/22;5/6;5/9;4/9;1/6;0;0;2/3;0/2;2/2;1/3;2;0;3;4;4;3;32/55;23/55;11/22;12/33;21/33;11/22;1;2;1.77;1.80;32.92;32.08;Right-Handed;Right-Handed;https://wtatennis.com/tournament/710/eastbourne/2018/scores/LS008;9/20;3/16;13/16;11/20;16/30;20/35;8/15;7/14;7/14;7/15;1;3;2/8;1/4;3/4;6/8;3;3;5;5;5;5;37/65;28/65;17/35;10/30;20/30;18/35
10/35;20/39;19/39;25/35;39/56;35/59;13/24;9/17;8/17;11/24;0;6;1/5;5/8;3/8;4/5;2;3;8;8;8;8;50/115;65/115;23/59;29/56;27/56;36/59;2/11;11/18;7/18;9/11;18/26;11/16;2/5;5/8;3/8;3/5;0;3;0/0;3/5;2/5;0/0;0;1;3;3;3;3;14/42;28/42;4/16;16/26;10/26;12/16;8/24;9/21;12/21;16/24;21/30;24/43;11/19;4/9;5/9;8/19;0;3;1/5;2/3;1/3;4/5;2;2;5;5;5;5;36/73;37/73;19/43;13/30;17/30;24/43;0;1;1.69;1.66;37.42;27.08;Right-Handed;Right-Handed;https://wtatennis.com/tournament/710/eastbourne/2018/scores/LS009;;;;;;;;;;;;;;;;;;;;;;;;;;;;
16/20;14/36;22/36;4/20;36/47;20/34;12/14;5/11;6/11;2/14;3;0;7/8;2/6;4/6;1/8;1;3;7;7;7;7;56/81;25/81;28/34;19/47;28/47;6/34;7/9;7/15;8/15;2/9;15/19;9/20;9/11;1/4;3/4;2/11;1;0;4/5;1/3;2/3;1/5;0;3;4;3;3;4;27/39;12/39;16/20;8/19;11/19;4/20;9/11;7/21;14/21;2/11;21/28;11/14;3/3;4/7;3/7;0/3;2;0;3/3;1/3;2/3;0/3;1;0;3;4;4;3;29/42;13/42;12/14;11/28;17/28;2/14;1;1;1.73;1.78;35.42;29.5;Left-Handed;Right-Handed;https://wtatennis.com/tournament/710/eastbourne/2018/scores/LS010;;;;;;;;;;;;;;;;;;;;;;;;;;;;
20/72;32/88;56/88;52/72;88/140;72/117;24/45;27/52;25/52;21/45;5;12;4/16;5/18;13/18;12/16;6;7;16;16;16;16;125/257;132/257;44/117;59/140;81/140;73/117;12/32;13/41;28/41;20/32;41/65;32/53;13/21;17/24;7/24;8/21;5;3;3/11;2/13;11/13;8/11;3;6;6;6;6;6;60/118;58/118;25/53;30/65;35/65;28/53;2/12;8/18;10/18;10/12;18/30;12/19;1/7;6/12;6/12;6/7;0;5;0/0;2/4;2/4;0/0;2;1;4;4;4;4;19/49;30/49;3/19;14/30;16/30;16/19;7;2;1.82;1.79;25.08;27.58;Right-Handed;Right-Handed;https://wtatennis.com/tournament/710/eastbourne/2018/scores/LS014;6/28;11/29;18/29;22/28;29/45;28/45;10/17;4/16;12/16;7/17;0;4;1/5;1/1;0/1;4/5;1;0;6;6;6;6;46/90;44/90;16/45;15/45;30/45;29/45
0/0;0/0;0/0;0/0;0/0;0/0;0/0;0/0;0/0;0/0;0;0;0/0;0/0;0/0;0/0;0;0;0;0;0;0;0/0;0/0;0/0;0/0;0/0;0/0;0/0;0/0;0/0;0/0;0/0;0/0;0/0;0/0;0/0;0/0;0;0;0/0;0/0;0/0;0/0;0;0;0;0;0;0;0/0;0/0;0/0;0/0;0/0;0/0;;;;;;;;;;;;;;;;;;;;;;;;;;;;;5;8;1.73;1.82;34.25;33.25;Right-Handed;Left-Handed;https://wtatennis.com/tournament/710/eastbourne/2018/scores/LS013;;;;;;;;;;;;;;;;;;;;;;;;;;;;
18/32;4/26;22/26;14/32;26/45;32/47;12/15;13/19;6/19;3/15;4;1;6/9;2/3;1/3;3/9;3;3;7;8;8;7;58/92;34/92;30/47;17/45;28/45;17/47;7/11;2/13;11/13;4/11;13/23;11/19;6/8;7/10;3/10;2/8;2;1;3/3;1/2;1/2;0/3;1;1;3;4;4;3;27/42;15/42;13/19;9/23;14/23;6/19;11/21;2/13;11/13;10/21;13/22;21/28;6/7;6/9;3/9;1/7;2;0;3/6;1/1;0/1;3/6;2;2;4;4;4;4;31/50;19/50;17/28;8/22;14/22;11/28;3;2;1.77;1.75;26.0;35.08;Right-Handed;Left-Handed;https://wtatennis.com/tournament/710/eastbourne/2018/scores/LS012;;;;;;;;;;;;;;;;;;;;;;;;;;;;
13/39;25/55;30/55;26/39;55/86;39/63;12/24;16/31;15/31;12/24;1;0;2/2;4/18;14/18;0/2;3;6;10;10;10;10;70/149;79/149;25/63;41/86;45/86;38/63;7/19;11/24;13/24;12/19;24/38;19/33;7/14;7/14;7/14;7/14;0;0;1/1;2/7;5/7;0/1;1;4;5;5;5;5;34/71;37/71;14/33;18/38;20/38;19/33;6/20;14/31;17/31;14/20;31/48;20/30;5/10;9/17;8/17;5/10;1;0;1/1;2/11;9/11;0/1;2;2;5;5;5;5;36/78;42/78;11/30;23/48;25/48;19/30;0;2;1.69;1.70;33.17;26.08;Right-Handed;Right-Handed;https://wtatennis.com/tournament/710/eastbourne/2018/scores/LS011;;;;;;;;;;;;;;;;;;;;;;;;;;;;
35/76;28/70;42/70;41/76;70/95;76/111;22/35;11/25;14/25;13/35;3;3;8/15;5/9;4/9;7/15;1;10;16;15;15;16;113/206;93/206;57/111;39/95;56/95;54/111;8/12;1/9;8/9;4/12;9/13;12/23;8/11;0/4;4/4;3/11;2;0;3/5;0/0;0/0;2/5;0;3;4;3;3;4;28/36;8/36;16/23;1/13;12/13;7/23;11/33;17/37;20/37;22/33;37/46;33/47;8/14;4/9;5/9;6/14;0;1;2/4;2/4;2/4;2/4;0;4;6;6;6;6;44/93;49/93;19/47;21/46;25/46;28/47;6;4;1.73;1.70;35.42;26.08;Left-Handed;Right-Handed;https://wtatennis.com/tournament/710/eastbourne/2018/scores/LS005;16/31;10/24;14/24;15/31;24/36;31/41;6/10;7/12;5/12;4/10;1;2;3/6;3/5;2/5;3/6;1;3;6;6;6;6;41/77;36/77;22/41;17/36;19/36;19/41
7/26;5/35;30/35;19/26;35/60;26/49;15/23;17/25;8/25;8/23;2;5;4/6;2/7;5/7;2/6;4;3;9;10;10;9;60/109;49/109;22/49;22/60;38/60;27/49;3/15;1/18;17/18;12/15;18/28;15/24;4/9;6/10;4/10;5/9;0;5;1/2;0/1;1/1;1/2;2;2;5;5;5;5;28/52;24/52;7/24;7/28;21/28;17/24;4/11;4/17;13/17;7/11;17/32;11/25;11/14;11/15;4/15;3/14;2;0;3/4;2/6;4/6;1/4;2;1;4;5;5;4;32/57;25/57;15/25;15/32;17/32;10/25;3;0;1.77;1.66;32.92;27.08;Right-Handed;Right-Handed;https://wtatennis.com/tournament/710/eastbourne/2018/scores/LS004;;;;;;;;;;;;;;;;;;;;;;;;;;;;
18/63;25/61;36/61;45/63;61/92;63/108;29/45;14/31;17/31;16/45;1;5;4/12;5/8;3/8;8/12;9;7;14;15;15;14;100/200;100/200;47/108;39/92;53/92;61/108;7/21;8/20;12/20;14/21;20/29;21/40;13/19;3/9;6/9;6/19;1;2;2/7;1/2;1/2;5/7;1;2;4;5;5;4;38/69;31/69;20/40;11/29;18/29;20/40;4/20;8/17;9/17;16/20;17/26;20/24;3/4;6/9;3/9;1/4;0;2;0/1;2/3;1/3;1/1;4;0;4;4;4;4;19/50;31/50;7/24;14/26;12/26;17/24;3;2;1.82;1.86;25.08;31.25;Right-Handed;Right-Handed;https://wtatennis.com/tournament/710/eastbourne/2018/scores/LS007;7/22;9/24;15/24;15/22;24/37;22/44;13/22;5/13;8/13;9/22;0;1;2/4;2/3;1/3;2/4;4;5;6;6;6;6;43/81;38/81;20/44;14/37;23/37;24/44
12/40;18/35;17/35;28/40;35/65;40/69;18/29;19/30;11/30;11/29;0;4;4/6;7/13;6/13;2/6;9;3;10;10;10;10;58/134;76/134;30/69;37/65;28/65;39/69;3/15;6/11;5/11;12/15;11/26;15/22;4/7;10/15;5/15;3/7;0;1;1/1;3/4;1/4;0/1;6;1;4;4;4;4;17/48;31/48;7/22;16/26;10/26;15/22;9/25;12/24;12/24;16/25;24/39;25/47;14/22;9/15;6/15;8/22;0;3;3/5;4/9;5/9;2/5;3;2;6;6;6;6;41/86;45/86;23/47;21/39;18/39;24/47;0;2;1.77;1.73;26.0;34.25;Right-Handed;Right-Handed;https://wtatennis.com/tournament/710/eastbourne/2018/scores/LS006;;;;;;;;;;;;;;;;;;;;;;;;;;;;
15/61;23/77;54/77;46/61;77/108;61/89;16/28;21/31;10/31;12/28;5;2;3/4;4/12;8/12;1/4;2;2;15;15;15;15;95/197;102/197;31/89;44/108;64/108;58/89;1/12;7/18;11/18;11/12;18/26;12/20;3/8;5/8;3/8;5/8;1;0;0/0;2/3;1/3;0/0;1;0;4;4;4;4;18/46;28/46;4/20;12/26;14/26;16/20;12/31;9/31;22/31;19/31;31/46;31/44;8/13;10/15;5/15;5/13;1;1;2/3;2/6;4/6;1/3;1;0;6;6;6;6;47/90;43/90;20/44;19/46;27/46;24/44;7;8;1.77;1.73;32.92;35.42;Right-Handed;Left-Handed;https://wtatennis.com/tournament/710/eastbourne/2018/scores/LS002;2/18;7/28;21/28;16/18;28/36;18/25;5/7;6/8;2/8;2/7;3;1;1/1;0/3;3/3;0/1;0;2;5;5;5;5;30/61;31/61;7/25;13/36;23/36;18/25
30/68;32/60;28/60;38/68;60/81;68/97;20/29;12/21;9/21;9/29;0;2;7/17;7/13;6/13;10/17;0;6;13;12;12;13;87/178;91/178;50/97;44/81;37/81;47/97;8/25;15/21;6/21;17/25;21/28;25/38;11/13;4/7;3/7;2/13;0;1;3/6;4/7;3/7;3/6;0;3;5;4;4;5;28/66;38/66;19/38;19/28;9/28;19/38;11/17;8/21;13/21;6/17;21/29;17/22;4/5;4/8;4/8;1/5;0;1;3/8;1/4;3/4;5/8;0;1;3;4;4;3;32/51;19/51;15/22;12/29;17/29;7/22;0;1;1.73;1.82;34.25;25.08;Right-Handed;Right-Handed;https://wtatennis.com/tournament/710/eastbourne/2018/scores/LS003;11/26;9/18;9/18;15/26;18/24;26/37;5/11;4/6;2/6;6/11;0;0;1/3;2/2;0/2;2/3;0;2;5;4;4;5;27/61;34/61;16/37;13/24;11/24;21/37
24/53;29/71;42/71;29/53;71/94;53/90;21/37;14/23;9/23;16/37;2;2;6/11;5/13;8/13;5/11;2;1;12;12;12;12;96/184;88/184;45/90;43/94;51/94;45/90;14/29;15/37;22/37;15/29;37/50;29/42;8/13;8/13;5/13;5/13;1;1;3/6;2/10;8/10;3/6;1;1;6;6;6;6;49/92;43/92;22/42;23/50;27/50;20/42;10/24;14/34;20/34;14/24;34/44;24/48;13/24;6/10;4/10;11/24;1;1;3/5;3/3;0/3;2/5;1;0;6;6;6;6;47/92;45/92;23/48;20/44;24/44;25/48;1;2;1.77;1.82;32.92;25.08;Right-Handed;Right-Handed;https://wtatennis.com/tournament/710/eastbourne/2018/scores/LS001;;;;;;;;;;;;;;;;;;;;;;;;;;;;
