statut;duration;stage;url_match_stats;player_1_name;player_1_set_1;player_1_set_1_tiebreak;player_1_set_2;player_1_set_2_tiebreak;player_1_set_3;player_1_set_3_tiebreak;player_2_name;player_2_set_1;player_2_set_1_tiebreak;player_2_set_2;player_2_set_2_tiebreak;player_2_set_3;player_2_set_3_tiebreak;scores_link
Completed;2:20;Qualifying;https://wtatennis.com/tournament/1045/washington-dc/2019/scores/RS009;M.Sanchez;6;;5;;0;;H.Kuwata;4;;7;;6;;https://www.wtatennis.com/tournament/1045/washington-dc/2019/scores
Completed;1:08;Qualifying;https://wtatennis.com/tournament/1045/washington-dc/2019/scores/RS008;C.Gauff;6;;6;;-;;M.Manasse;4;;2;;-;;https://www.wtatennis.com/tournament/1045/washington-dc/2019/scores
Completed;1:26;Qualifying;https://wtatennis.com/tournament/1045/washington-dc/2019/scores/RS012;F.Di Lorenzo;6;;6;;-;;V.Duval;4;;3;;-;;https://www.wtatennis.com/tournament/1045/washington-dc/2019/scores
Completed;0:36;Qualifying;https://wtatennis.com/tournament/1045/washington-dc/2019/scores/RS010;S.Vickery;6;;6;;-;;N.Broady;0;;0;;-;;https://www.wtatennis.com/tournament/1045/washington-dc/2019/scores
Completed;2:25;Qualifying;https://wtatennis.com/tournament/1045/washington-dc/2019/scores/RS015;X.You;6;;3;;5;;F.Stollar;2;;6;;7;;https://www.wtatennis.com/tournament/1045/washington-dc/2019/scores
Completed;1:02;Qualifying;https://wtatennis.com/tournament/1045/washington-dc/2019/scores/RS013;C.Morra;3;;1;;-;;V.Gracheva;6;;6;;-;;https://www.wtatennis.com/tournament/1045/washington-dc/2019/scores
Completed;1:17;Qualifying;https://wtatennis.com/tournament/1045/washington-dc/2019/scores/RS014;A.Kalinskaya;7;;6;;-;;N.Kukharchuk;6;5;1;;-;;https://www.wtatennis.com/tournament/1045/washington-dc/2019/scores
Completed;1:56;Qualifying;https://wtatennis.com/tournament/1045/washington-dc/2019/scores/RS011;R.Montgomery;6;;5;;2;;D.Aiava;4;;7;;6;;https://www.wtatennis.com/tournament/1045/washington-dc/2019/scores
Completed;1:04;Qualifying;https://wtatennis.com/tournament/1045/washington-dc/2019/scores/RS004;C.Gauff;6;;6;;-;;H.Kuwata;1;;2;;-;;https://www.wtatennis.com/tournament/1045/washington-dc/2019/scores
Completed;1:43;Qualifying;https://wtatennis.com/tournament/1045/washington-dc/2019/scores/RS006;F.Di Lorenzo;6;6;4;;-;;V.Gracheva;7;;6;;-;;https://www.wtatennis.com/tournament/1045/washington-dc/2019/scores
Completed;1:37;Qualifying;https://wtatennis.com/tournament/1045/washington-dc/2019/scores/RS007;A.Kalinskaya;7;;6;;-;;F.Stollar;6;3;3;;-;;https://www.wtatennis.com/tournament/1045/washington-dc/2019/scores
Completed;1:54;Qualifying;https://wtatennis.com/tournament/1045/washington-dc/2019/scores/RS005;S.Vickery;6;6;7;;6;;D.Aiava;7;;5;;3;;https://www.wtatennis.com/tournament/1045/washington-dc/2019/scores
Completed;0:52;Round of 32;https://wtatennis.com/tournament/1045/washington-dc/2019/scores/LS029;A.Kalinskaya;6;;6;;-;;N.Hibino;1;;1;;-;;https://www.wtatennis.com/tournament/1045/washington-dc/2019/scores
Completed;0:59;Round of 32;https://wtatennis.com/tournament/1045/washington-dc/2019/scores/LS026;E.Bouchard;1;;2;;-;;L.Davis;6;;6;;-;;https://www.wtatennis.com/tournament/1045/washington-dc/2019/scores
Completed;1:18;Round of 32;https://wtatennis.com/tournament/1045/washington-dc/2019/scores/LS024;K.Siniakova;4;;3;;-;;J.Pegula;6;;6;;-;;https://www.wtatennis.com/tournament/1045/washington-dc/2019/scores
Completed;1:07;Round of 32;https://wtatennis.com/tournament/1045/washington-dc/2019/scores/LS027;J.Brady;2;;4;;-;;S.Kenin;6;;6;;-;;https://www.wtatennis.com/tournament/1045/washington-dc/2019/scores
Completed;2:23;Round of 32;https://wtatennis.com/tournament/1045/washington-dc/2019/scores/LS021;A.Blinkova;2;;7;;2;;V.Gracheva;6;;5;;6;;https://www.wtatennis.com/tournament/1045/washington-dc/2019/scores
Completed;1:12;Round of 32;https://wtatennis.com/tournament/1045/washington-dc/2019/scores/LS019;Y.Wang;3;;2;;-;;L.Tsurenko;6;;6;;-;;https://www.wtatennis.com/tournament/1045/washington-dc/2019/scores
Completed;2:18;Round of 32;https://wtatennis.com/tournament/1045/washington-dc/2019/scores/LS023;C.Mchale;6;;4;;7;;A.Pavlyuchenkova;2;;6;;5;;https://www.wtatennis.com/tournament/1045/washington-dc/2019/scores
Completed;2:08;Round of 32;https://wtatennis.com/tournament/1045/washington-dc/2019/scores/LS025;O.Jabeur;6;;4;;4;;I.Swiatek;4;;6;;6;;https://www.wtatennis.com/tournament/1045/washington-dc/2019/scores
Completed;1:18;Round of 32;https://wtatennis.com/tournament/1045/washington-dc/2019/scores/LS020;S.Hsieh;6;;6;;-;;K.Flipkens;4;;3;;-;;https://www.wtatennis.com/tournament/1045/washington-dc/2019/scores
Completed;1:31;Round of 32;https://wtatennis.com/tournament/1045/washington-dc/2019/scores/LS022;L.Zhu;4;;2;;-;;C.Mcnally;6;;6;;-;;https://www.wtatennis.com/tournament/1045/washington-dc/2019/scores
Completed;1:33;Round of 32;https://wtatennis.com/tournament/1045/washington-dc/2019/scores/LS031;H.Baptiste;7;;6;;-;;M.Keys;6;4;2;;-;;https://www.wtatennis.com/tournament/1045/washington-dc/2019/scores
Completed;1:25;Round of 32;https://wtatennis.com/tournament/1045/washington-dc/2019/scores/LS017;S.Vickery;2;;5;;-;;C.Giorgi;6;;7;;-;;https://www.wtatennis.com/tournament/1045/washington-dc/2019/scores
Completed;1:18;Round of 32;https://wtatennis.com/tournament/1045/washington-dc/2019/scores/LS018;Z.Diyas;6;;6;;-;;C.Gauff;4;;2;;-;;https://www.wtatennis.com/tournament/1045/washington-dc/2019/scores
Completed;1:34;Round of 32;https://wtatennis.com/tournament/1045/washington-dc/2019/scores/LS030;K.Mladenovic;6;;6;;-;;S.Rogers;4;;4;;-;;https://www.wtatennis.com/tournament/1045/washington-dc/2019/scores
Completed;1:22;Round of 32;https://wtatennis.com/tournament/1045/washington-dc/2019/scores/LS016;S.Stephens;2;;5;;-;;R.Peterson;6;;7;;-;;https://www.wtatennis.com/tournament/1045/washington-dc/2019/scores
Completed;1:28;Round of 32;https://wtatennis.com/tournament/1045/washington-dc/2019/scores/LS028;M.Puig;6;;6;;-;;A.Kiick;4;;2;;-;;https://www.wtatennis.com/tournament/1045/washington-dc/2019/scores
Completed;2:05;Round of 16;https://wtatennis.com/tournament/1045/washington-dc/2019/scores/LS015;K.Mladenovic;6;;4;;6;;H.Baptiste;4;;6;;3;;https://www.wtatennis.com/tournament/1045/washington-dc/2019/scores
Completed;2:34;Round of 16;https://wtatennis.com/tournament/1045/washington-dc/2019/scores/LS014;M.Puig;6;;6;5;4;;A.Kalinskaya;2;;7;;6;;https://www.wtatennis.com/tournament/1045/washington-dc/2019/scores
Completed;2:40;Round of 16;https://wtatennis.com/tournament/1045/washington-dc/2019/scores/LS013;L.Davis;5;;6;;6;;S.Kenin;7;;3;;4;;https://www.wtatennis.com/tournament/1045/washington-dc/2019/scores
Completed;2:19;Round of 16;https://wtatennis.com/tournament/1045/washington-dc/2019/scores/LS012;J.Pegula;5;;6;;6;;I.Swiatek;7;;4;;1;;https://www.wtatennis.com/tournament/1045/washington-dc/2019/scores
Completed;2:38;Round of 16;https://wtatennis.com/tournament/1045/washington-dc/2019/scores/LS010;S.Hsieh;7;;4;;7;;V.Gracheva;5;;6;;6;6;https://www.wtatennis.com/tournament/1045/washington-dc/2019/scores
Completed;1:53;Round of 16;https://wtatennis.com/tournament/1045/washington-dc/2019/scores/LS009;Z.Diyas;6;;6;;-;;L.Tsurenko;4;;4;;-;;https://www.wtatennis.com/tournament/1045/washington-dc/2019/scores
Completed;2:15;Round of 16;https://wtatennis.com/tournament/1045/washington-dc/2019/scores/LS011;C.Mcnally;6;;1;;6;;C.Mchale;3;;6;;3;;https://www.wtatennis.com/tournament/1045/washington-dc/2019/scores
Completed;2:10;Round of 16;https://wtatennis.com/tournament/1045/washington-dc/2019/scores/LS008;R.Peterson;6;;3;;4;;C.Giorgi;3;;6;;6;;https://www.wtatennis.com/tournament/1045/washington-dc/2019/scores
Completed;1:11;Quarterfinal;https://wtatennis.com/tournament/1045/washington-dc/2019/scores/LS004;C.Giorgi;6;;6;;-;;Z.Diyas;3;;2;;-;;https://www.wtatennis.com/tournament/1045/washington-dc/2019/scores
Completed;1:22;Quarterfinal;https://wtatennis.com/tournament/1045/washington-dc/2019/scores/LS005;S.Hsieh;4;;3;;-;;C.Mcnally;6;;6;;-;;https://www.wtatennis.com/tournament/1045/washington-dc/2019/scores
Completed;2:00;Quarterfinal;https://wtatennis.com/tournament/1045/washington-dc/2019/scores/LS007;A.Kalinskaya;6;;4;;6;;K.Mladenovic;4;;6;;2;;https://www.wtatennis.com/tournament/1045/washington-dc/2019/scores
Completed;1:58;Quarterfinal;https://wtatennis.com/tournament/1045/washington-dc/2019/scores/LS006;J.Pegula;6;;7;;-;;L.Davis;2;;6;2;-;;https://www.wtatennis.com/tournament/1045/washington-dc/2019/scores
Completed;1:30;Semifinal;https://wtatennis.com/tournament/1045/washington-dc/2019/scores/LS002;C.Giorgi;7;;6;;-;;C.Mcnally;6;5;2;;-;;https://www.wtatennis.com/tournament/1045/washington-dc/2019/scores
Completed;1:38;Semifinal;https://wtatennis.com/tournament/1045/washington-dc/2019/scores/LS003;J.Pegula;6;;3;;6;;A.Kalinskaya;3;;6;;1;;https://www.wtatennis.com/tournament/1045/washington-dc/2019/scores
Completed;0:59;Final;https://wtatennis.com/tournament/1045/washington-dc/2019/scores/LS001;C.Giorgi;2;;2;;-;;J.Pegula;6;;6;;-;;https://www.wtatennis.com/tournament/1045/washington-dc/2019/scores
