match_1st Return Points Won_player_1;match_1st Return Points Won_player_2;match_1st Serve Points Won_player_1;match_1st Serve Points Won_player_2;match_1st Serve_player_1;match_1st Serve_player_2;match_2nd Return Points Won_player_1;match_2nd Return Points Won_player_2;match_2nd Serve Points Won_player_1;match_2nd Serve Points Won_player_2;match_Aces_player_1;match_Aces_player_2;match_Break Points Converted_player_1;match_Break Points Converted_player_2;match_Break Points Saved_player_1;match_Break Points Saved_player_2;match_Double Faults_player_1;match_Double Faults_player_2;match_Return Games Played_player_1;match_Return Games Played_player_2;match_Service Games Played_player_1;match_Service Games Played_player_2;match_Total Points Won_player_1;match_Total Points Won_player_2;match_Total Return Points Won_player_1;match_Total Return Points Won_player_2;match_Total Service Points Won_player_1;match_Total Service Points Won_player_2;set1_1st Return Points Won_player_1;set1_1st Return Points Won_player_2;set1_1st Serve Points Won_player_1;set1_1st Serve Points Won_player_2;set1_1st Serve_player_1;set1_1st Serve_player_2;set1_2nd Return Points Won_player_1;set1_2nd Return Points Won_player_2;set1_2nd Serve Points Won_player_1;set1_2nd Serve Points Won_player_2;set1_Aces_player_1;set1_Aces_player_2;set1_Break Points Converted_player_1;set1_Break Points Converted_player_2;set1_Break Points Saved_player_1;set1_Break Points Saved_player_2;set1_Double Faults_player_1;set1_Double Faults_player_2;set1_Return Games Played_player_1;set1_Return Games Played_player_2;set1_Service Games Played_player_1;set1_Service Games Played_player_2;set1_Total Points Won_player_1;set1_Total Points Won_player_2;set1_Total Return Points Won_player_1;set1_Total Return Points Won_player_2;set1_Total Service Points Won_player_1;set1_Total Service Points Won_player_2;set2_1st Return Points Won_player_1;set2_1st Return Points Won_player_2;set2_1st Serve Points Won_player_1;set2_1st Serve Points Won_player_2;set2_1st Serve_player_1;set2_1st Serve_player_2;set2_2nd Return Points Won_player_1;set2_2nd Return Points Won_player_2;set2_2nd Serve Points Won_player_1;set2_2nd Serve Points Won_player_2;set2_Aces_player_1;set2_Aces_player_2;set2_Break Points Converted_player_1;set2_Break Points Converted_player_2;set2_Break Points Saved_player_1;set2_Break Points Saved_player_2;set2_Double Faults_player_1;set2_Double Faults_player_2;set2_Return Games Played_player_1;set2_Return Games Played_player_2;set2_Service Games Played_player_1;set2_Service Games Played_player_2;set2_Total Points Won_player_1;set2_Total Points Won_player_2;set2_Total Return Points Won_player_1;set2_Total Return Points Won_player_2;set2_Total Service Points Won_player_1;set2_Total Service Points Won_player_2;set3_1st Return Points Won_player_1;set3_1st Return Points Won_player_2;set3_1st Serve Points Won_player_1;set3_1st Serve Points Won_player_2;set3_1st Serve_player_1;set3_1st Serve_player_2;set3_2nd Return Points Won_player_1;set3_2nd Return Points Won_player_2;set3_2nd Serve Points Won_player_1;set3_2nd Serve Points Won_player_2;set3_Aces_player_1;set3_Aces_player_2;set3_Break Points Converted_player_1;set3_Break Points Converted_player_2;set3_Break Points Saved_player_1;set3_Break Points Saved_player_2;set3_Double Faults_player_1;set3_Double Faults_player_2;set3_Return Games Played_player_1;set3_Return Games Played_player_2;set3_Service Games Played_player_1;set3_Service Games Played_player_2;set3_Total Points Won_player_1;set3_Total Points Won_player_2;set3_Total Return Points Won_player_1;set3_Total Return Points Won_player_2;set3_Total Service Points Won_player_1;set3_Total Service Points Won_player_2;h2h_wins_player_1;h2h_wins_player_2;Height_player_1;Height_player_2;Date of Birth_player_1;Date of Birth_player_2;Plays_player_1;Plays_player_2;url_match_stats
16/61;9/35;26/35;45/61;35/77;61/98;18/37;23/42;19/42;19/37;3;2;2/11;5/8;3/8;9/11;8;6;14;14;14;14;79/175;96/175;34/98;32/77;45/77;64/98;4/18;3/11;8/11;14/18;11/25;18/29;5/11;2/14;12/14;6/11;1;0;1/6;0/0;0/0;5/6;1;1;5;5;5;5;29/54;25/54;9/29;5/25;20/25;20/29;12/33;3/18;15/18;21/33;18/34;33/52;9/19;11/16;5/16;10/19;2;2;1/3;2/4;2/4;2/3;4;3;6;6;6;6;41/86;45/86;21/52;14/34;20/34;31/52;0/10;3/6;3/6;10/10;6/18;10/17;4/7;10/12;2/12;3/7;0;0;0/2;3/4;1/4;2/2;3;2;3;3;3;3;9/35;26/35;4/17;13/18;5/18;13/17;0;1;1.78;;33.5;32.5;Right-Handed;Right-Handed;https://wtatennis.com/tournament/1045/washington-dc/2019/scores/RS009
12/37;6/27;21/27;25/37;27/46;37/57;15/20;6/19;13/19;5/20;3;2;4/10;1/1;0/1;6/10;4;0;9;9;9;9;61/103;42/103;27/57;12/46;34/46;30/57;5/17;4/18;14/18;12/17;18/27;17/26;7/9;5/9;4/9;2/9;1;1;2/3;1/1;0/1;1/3;4;0;5;5;5;5;30/53;23/53;12/26;9/27;18/27;14/26;7/20;2/9;7/9;13/20;9/19;20/31;8/11;1/10;9/10;3/11;2;1;2/7;0/0;0/0;5/7;0;0;4;4;4;4;31/50;19/50;15/31;3/19;16/19;16/31;;;;;;;;;;;;;;;;;;;;;;;;;;;;;1;0;1.75;;19.25;28.17;Right-Handed;N/A;https://wtatennis.com/tournament/1045/washington-dc/2019/scores/RS008
25/54;15/36;21/36;29/54;36/54;54/78;14/24;6/18;12/18;10/24;1;1;5/13;2/4;2/4;8/13;1;1;10;9;9;10;72/132;60/132;39/78;21/54;33/54;39/78;12/24;10/21;11/21;12/24;21/28;24/37;7/13;3/7;4/7;6/13;1;0;3/5;2/3;1/3;2/5;0;0;5;5;5;5;34/65;31/65;19/37;13/28;15/28;18/37;13/30;5/15;10/15;17/30;15/26;30/41;7/11;3/11;8/11;4/11;0;1;2/8;0/1;1/1;6/8;1;1;5;4;4;5;38/67;29/67;20/41;8/26;18/26;21/41;;;;;;;;;;;;;;;;;;;;;;;;;;;;;1;1;1.70;1.78;25.92;27.5;Left-Handed;Right-Handed;https://wtatennis.com/tournament/1045/washington-dc/2019/scores/RS012
7/10;1/19;18/19;3/10;19/26;10/32;18/22;1/7;6/7;4/22;0;0;6/8;0/0;0/0;2/8;1;5;6;6;6;6;49/58;9/58;25/32;2/26;24/26;7/32;3/4;1/11;10/11;1/4;11/14;4/16;9/12;1/3;2/3;3/12;0;0;3/3;0/0;0/0;0/3;1;4;3;3;3;3;24/30;6/30;12/16;2/14;12/14;4/16;4/6;0/8;8/8;2/6;8/12;6/16;9/10;0/4;4/4;1/10;0;0;3/5;0/0;0/0;2/5;0;1;3;3;3;3;25/28;3/28;13/16;0/12;12/12;3/16;;;;;;;;;;;;;;;;;;;;;;;;;;;;;1;1;1.63;1.89;28.08;33.25;Right-Handed;Right-Handed;https://wtatennis.com/tournament/1045/washington-dc/2019/scores/RS010
;;;;;;;;;;;;;;;;;;;;;;;;;;;;;;;;;;;;;;;;;;;;;;;;;;;;;;;;;;;;;;;;;;;;;;;;;;;;;;;;;;;;;;;;;;;;;;;;;;;;;;;;;;;;;;;;0;1;;1.78;23.75;22.83;N/A;Right-Handed;https://wtatennis.com/tournament/1045/washington-dc/2019/scores/RS013
15/42;11/40;29/40;27/42;40/65;42/57;10/15;11/25;14/25;5/15;4;4;3/3;1/2;1/2;0/3;3;1;9;10;10;9;68/122;54/122;25/57;22/65;43/65;32/57;9/29;10/29;19/29;20/29;29/42;29/36;4/7;7/13;6/13;3/7;0;3;1/1;1/1;0/1;0/1;3;1;6;6;6;6;38/78;40/78;13/36;17/42;25/42;23/36;6/13;1/11;10/11;7/13;11/23;13/21;6/8;4/12;8/12;2/8;4;1;2/2;0/1;1/1;0/2;0;0;3;4;4;3;30/44;14/44;12/21;5/23;18/23;9/21;;;;;;;;;;;;;;;;;;;;;;;;;;;;;1;0;1.75;;24.5;36.33;Right-Handed;N/A;https://wtatennis.com/tournament/1045/washington-dc/2019/scores/RS014
19/62;26/78;52/78;43/62;78/116;62/105;18/43;22/38;16/38;25/43;4;3;1/8;3/15;12/15;7/8;3;7;15;15;15;15;105/221;116/221;37/105;48/116;68/116;68/105;7/20;7/27;20/27;13/20;27/34;20/34;6/14;4/7;3/7;8/14;2;0;1/5;0/0;0/0;4/5;1;2;5;5;5;5;36/68;32/68;13/34;11/34;23/34;21/34;10/30;12/36;24/36;20/30;36/54;30/49;8/19;10/18;8/18;11/19;0;1;0/3;1/12;11/12;3/3;2;2;6;6;6;6;50/103;53/103;18/49;22/54;32/54;31/49;2/12;7/15;8/15;10/12;15/28;12/22;4/10;8/13;5/13;6/10;2;2;0/0;2/3;1/3;0/0;0;3;4;4;4;4;19/50;31/50;6/22;15/28;13/28;16/22;0;1;1.78;1.75;18.75;23.08;Left-Handed;Right-Handed;https://wtatennis.com/tournament/1045/washington-dc/2019/scores/RS011
10/40;13/53;40/53;30/40;53/70;40/76;14/36;9/17;8/17;22/36;0;5;1/1;2/4;2/4;0/1;0;5;11;11;11;11;72/146;74/146;24/76;22/70;48/70;52/76;9/30;7/30;23/30;21/30;30/38;30/50;9/20;3/8;5/8;11/20;0;3;1/1;1/3;2/3;0/1;0;3;6;6;6;6;46/88;42/88;18/50;10/38;28/38;32/50;1/10;6/23;17/23;9/10;23/32;10/26;5/16;6/9;3/9;11/16;0;2;0/0;1/1;0/1;0/0;0;2;5;5;5;5;26/58;32/58;6/26;12/32;20/32;20/26;;;;;;;;;;;;;;;;;;;;;;;;;;;;;0;1;1.70;1.78;25.92;22.83;Left-Handed;Right-Handed;https://wtatennis.com/tournament/1045/washington-dc/2019/scores/RS006
16/40;10/38;28/38;24/40;38/67;40/76;20/36;15/29;14/29;16/36;6;7;4/9;3/4;1/4;5/9;6;5;10;11;11;10;78/143;65/143;36/76;25/67;42/67;40/76;10/27;6/22;16/22;17/27;22/42;27/55;15/28;11/20;9/20;13/28;2;6;2/7;2/2;0/2;5/7;6;4;6;6;6;6;50/97;47/97;25/55;17/42;25/42;30/55;6/13;4/16;12/16;7/13;16/25;13/21;5/8;4/9;5/9;3/8;4;1;2/2;1/2;1/2;0/2;0;1;4;5;5;4;28/46;18/46;11/21;8/25;17/25;10/21;;;;;;;;;;;;;;;;;;;;;;;;;;;;;1;0;1.75;1.72;24.5;24.58;Right-Handed;Right-Handed;https://wtatennis.com/tournament/1045/washington-dc/2019/scores/RS007
25/59;15/50;35/50;34/59;50/101;59/100;23/41;28/51;23/51;18/41;2;3;8/14;6/12;6/12;6/14;7;8;16;17;17;16;106/201;95/201;48/100;43/101;58/101;52/100;10/19;10/17;7/17;9/19;17/41;19/42;12/23;15/24;9/24;11/23;0;0;4/7;4/7;3/7;3/7;3;2;6;6;6;6;38/83;45/83;22/42;25/41;16/41;20/42;10/25;5/20;15/20;15/25;20/37;25/35;7/10;10/17;7/17;3/10;2;3;3/6;2/5;3/5;3/6;3;3;6;6;6;6;39/72;33/72;17/35;15/37;22/37;18/35;5/15;0/13;13/13;10/15;13/23;15/23;4/8;3/10;7/10;4/8;0;0;1/1;0/0;0/0;0/1;1;3;4;5;5;4;29/46;17/46;9/23;3/23;20/23;14/23;1;1;1.63;1.75;28.08;23.08;Right-Handed;Right-Handed;https://wtatennis.com/tournament/1045/washington-dc/2019/scores/RS005
14/26;4/27;23/27;12/26;27/44;26/43;10/17;7/17;10/17;7/17;3;1;5/8;0/3;3/3;3/8;3;2;7;7;7;7;57/87;30/87;24/43;11/44;33/44;19/43;6/9;3/13;10/13;3/9;13/21;9/20;6/11;3/8;5/8;5/11;1;1;3/4;0/3;3/3;1/4;1;2;4;3;3;4;27/41;14/41;12/20;6/21;15/21;8/20;8/17;1/14;13/14;9/17;14/23;17/23;4/6;4/9;5/9;2/6;2;0;2/4;0/0;0/0;2/4;2;0;3;4;4;3;30/46;16/46;12/23;5/23;18/23;11/23;;;;;;;;;;;;;;;;;;;;;;;;;;;;;3;0;1.75;1.63;24.5;28.5;Right-Handed;Right-Handed;https://wtatennis.com/tournament/1045/washington-dc/2019/scores/LS029
11/35;10/24;14/24;24/35;24/37;35/49;2/14;9/13;4/13;12/14;0;2;0/4;4/5;1/5;4/4;2;1;8;7;7;8;31/86;55/86;13/49;19/37;18/37;36/49;7/20;5/11;6/11;13/20;11/15;20/26;1/6;3/4;1/4;5/6;0;1;0/4;2/2;0/2;4/4;0;0;4;3;3;4;15/41;26/41;8/26;8/15;7/15;18/26;4/15;5/13;8/13;11/15;13/22;15/23;1/8;6/9;3/9;7/8;0;1;0/0;2/3;1/3;0/0;2;1;4;4;4;4;16/45;29/45;5/23;11/22;11/22;18/23;;;;;;;;;;;;;;;;;;;;;;;;;;;;;2;2;1.78;1.57;29.33;29.67;Right-Handed;Right-Handed;https://wtatennis.com/tournament/1045/washington-dc/2019/scores/LS026
13/39;8/26;18/26;26/39;26/57;39/65;12/26;21/31;10/31;14/26;0;3;3/4;5/9;4/9;1/4;5;3;10;9;9;10;53/122;69/122;25/65;29/57;28/57;40/65;4/12;4/13;9/13;8/12;13/32;12/27;7/15;13/19;6/19;8/15;0;1;2/2;3/4;1/4;0/2;4;2;5;5;5;5;26/59;33/59;11/27;17/32;15/32;16/27;9/27;4/13;9/13;18/27;13/25;27/38;5/11;8/12;4/12;6/11;0;2;1/2;2/5;3/5;1/2;1;1;5;4;4;5;27/63;36/63;14/38;12/25;13/25;24/38;;;;;;;;;;;;;;;;;;;;;;;;;;;;;1;2;1.74;1.70;27.08;29.33;Right-Handed;Right-Handed;https://wtatennis.com/tournament/1045/washington-dc/2019/scores/LS024
11/29;13/32;19/32;18/29;32/57;29/50;9/21;19/25;6/25;12/21;2;4;3/3;6/10;4/10;0/3;6;4;9;9;9;9;45/107;62/107;20/50;32/57;25/57;30/50;4/13;6/15;9/15;9/13;15/25;13/24;5/11;9/10;1/10;6/11;1;3;1/1;3/3;0/3;0/1;1;3;4;4;4;4;19/49;30/49;9/24;15/25;10/25;15/24;7/16;7/17;10/17;9/16;17/32;16/26;4/10;10/15;5/15;6/10;1;1;2/2;3/7;4/7;0/2;5;1;5;5;5;5;26/58;32/58;11/26;17/32;15/32;15/26;;;;;;;;;;;;;;;;;;;;;;;;;;;;;0;2;1.78;1.70;28.17;24.58;Right-Handed;Right-Handed;https://wtatennis.com/tournament/1045/washington-dc/2019/scores/LS027
8/35;30/64;34/64;27/35;64/105;35/95;28/60;20/41;21/41;32/60;5;4;3/8;6/20;14/20;5/8;7;9;14;14;14;14;91/200;109/200;36/95;50/105;55/105;59/95;1/11;10/20;10/20;10/11;20/31;11/26;7/15;6/11;5/11;8/15;2;1;0/2;2/7;5/7;2/2;3;4;4;4;4;4;23/57;34/57;8/26;16/31;15/31;18/26;6/18;8/24;16/24;12/18;24/43;18/49;16/31;8/19;11/19;15/31;1;3;2/5;1/6;5/6;3/5;2;3;6;6;6;6;49/92;43/92;22/49;16/43;27/43;27/49;1/6;12/20;8/20;5/6;20/31;6/20;5/14;6/11;5/11;9/14;2;0;1/1;3/7;4/7;0/1;2;2;4;4;4;4;19/51;32/51;6/20;18/31;13/31;14/20;2;4;1.79;1.78;24.75;22.83;Right-Handed;Right-Handed;https://wtatennis.com/tournament/1045/washington-dc/2019/scores/LS021
6/28;15/28;13/28;22/28;28/56;28/47;12/19;17/28;11/28;7/19;0;3;2/4;6/7;1/7;2/4;2;5;8;9;9;8;42/103;61/103;18/47;32/56;24/56;29/47;5/15;9/18;9/18;10/15;18/33;15/24;5/9;8/15;7/15;4/9;0;1;1/2;3/4;1/4;1/2;1;3;4;5;5;4;26/57;31/57;10/24;17/33;16/33;14/24;1/13;6/10;4/10;12/13;10/23;13/23;7/10;9/13;4/13;3/10;0;2;1/2;3/3;0/3;1/2;1;2;4;4;4;4;16/46;30/46;8/23;15/23;8/23;15/23;;;;;;;;;;;;;;;;;;;;;;;;;;;;;0;3;1.70;1.74;29.08;34.0;Right-Handed;Right-Handed;https://wtatennis.com/tournament/1045/washington-dc/2019/scores/LS019
22/58;24/65;41/65;36/58;65/99;58/100;27/42;19/34;15/34;15/42;1;2;7/13;5/8;3/8;6/13;3;10;15;15;15;15;105/199;94/199;49/100;43/99;56/99;51/100;8/17;7/21;14/21;9/17;21/30;17/32;8/15;3/9;6/9;7/15;0;0;2/6;0/3;3/3;4/6;1;4;4;4;4;4;36/62;26/62;16/32;10/30;20/30;16/32;5/18;10/23;13/23;13/18;23/34;18/30;11/12;11/11;0/11;1/12;0;1;3/5;4/4;0/4;2/5;1;2;5;5;5;5;29/64;35/64;16/30;21/34;13/34;14/30;9/23;7/21;14/21;14/23;21/35;23/38;8/15;5/14;9/14;7/15;1;1;2/2;1/1;0/1;0/2;1;4;6;6;6;6;40/73;33/73;17/38;12/35;23/35;21/38;3;6;1.70;1.76;31.08;31.92;Right-Handed;Right-Handed;https://wtatennis.com/tournament/1045/washington-dc/2019/scores/LS023
15/46;22/63;41/63;31/46;63/115;46/79;16/33;32/52;20/52;17/33;10;2;5/6;6/14;8/14;1/6;8;4;15;15;15;15;92/194;102/194;31/79;54/115;61/115;48/79;4/15;7/19;12/19;11/15;19/35;15/25;4/10;5/16;11/16;6/10;2;0;1/1;0/2;2/2;0/1;2;0;5;5;5;5;31/60;29/60;8/25;12/35;23/35;17/25;4/12;3/14;11/14;8/12;14/32;12/23;5/11;14/18;4/18;6/11;4;1;2/3;3/5;2/5;1/3;3;2;5;5;5;5;24/55;31/55;9/23;17/32;15/32;14/23;7/19;12/30;18/30;12/19;30/48;19/31;7/12;13/18;5/18;5/12;4;1;2/2;3/7;4/7;0/2;3;2;5;5;5;5;37/79;42/79;14/31;25/48;23/48;17/31;2;4;1.67;1.76;28.75;22.0;Right-Handed;Right-Handed;https://wtatennis.com/tournament/1045/washington-dc/2019/scores/LS025
16/43;5/30;25/30;27/43;30/52;43/68;17/25;13/22;9/22;8/25;0;2;4/6;1/1;0/1;2/6;8;2;10;9;9;10;67/120;53/120;33/68;18/52;34/52;35/68;11/27;4/17;13/17;16/27;17/31;27/42;9/15;9/14;5/14;6/15;0;0;2/4;1/1;0/1;2/4;5;2;5;5;5;5;38/73;35/73;20/42;13/31;18/31;22/42;5/16;1/13;12/13;11/16;13/21;16/26;8/10;4/8;4/8;2/10;0;2;2/2;0/0;0/0;0/2;3;0;5;4;4;5;29/47;18/47;13/26;5/21;16/21;13/26;;;;;;;;;;;;;;;;;;;;;;;;;;;;;3;2;1.69;1.65;37.42;37.42;Right-Handed;Right-Handed;https://wtatennis.com/tournament/1045/washington-dc/2019/scores/LS020
14/40;26/46;20/46;26/40;46/70;40/70;17/30;14/24;10/24;13/30;2;3;3/5;6/12;6/12;2/5;4;5;9;9;9;9;61/140;79/140;31/70;40/70;30/70;39/70;9/23;11/22;11/22;14/23;22/32;23/43;11/20;7/10;3/10;9/20;1;3;2/4;3/4;1/4;2/4;4;4;5;5;5;5;34/75;41/75;20/43;18/32;14/32;23/43;5/17;15/24;9/24;12/17;24/38;17/27;6/10;7/14;7/14;4/10;1;0;1/1;3/8;5/8;0/1;0;1;4;4;4;4;27/65;38/65;11/27;22/38;16/38;16/27;;;;;;;;;;;;;;;;;;;;;;;;;;;;;0;3;1.73;1.81;29.33;21.58;Right-Handed;Right-Handed;https://wtatennis.com/tournament/1045/washington-dc/2019/scores/LS022
21/51;12/45;33/45;30/51;45/78;51/82;14/31;16/33;17/33;17/31;5;2;3/11;1/7;6/7;8/11;4;2;10;10;10;10;85/160;75/160;35/82;28/78;50/78;47/82;12/34;8/29;21/29;22/34;29/53;34/56;10/22;12/24;12/24;12/22;1;2;1/8;1/7;6/7;7/8;4;1;6;6;6;6;55/109;54/109;22/56;20/53;33/53;34/56;9/17;4/16;12/16;8/17;16/25;17/26;4/9;4/9;5/9;5/9;4;0;2/3;0/0;0/0;1/3;0;1;4;4;4;4;30/51;21/51;13/26;8/25;17/25;13/26;;;;;;;;;;;;;;;;;;;;;;;;;;;;;1;1;;1.78;21.58;28.33;Right-Handed;Right-Handed;https://wtatennis.com/tournament/1045/washington-dc/2019/scores/LS031
11/45;13/35;22/35;34/45;35/61;45/75;18/30;17/26;9/26;12/30;2;3;2/8;5/7;2/7;6/8;4;8;10;10;10;10;60/136;76/136;29/75;30/61;31/61;46/75;1/13;5/14;9/14;12/13;14/24;13/23;5/10;7/10;3/10;5/10;1;1;0/0;2/2;0/2;0/0;2;3;4;4;4;4;18/47;29/47;6/23;12/24;12/24;17/23;10/32;8/21;13/21;22/32;21/37;32/52;13/20;10/16;6/16;7/20;1;2;2/8;3/5;2/5;6/8;2;5;6;6;6;6;42/89;47/89;23/52;18/37;19/37;29/52;;;;;;;;;;;;;;;;;;;;;;;;;;;;;0;2;1.63;1.68;28.08;31.42;Right-Handed;Right-Handed;https://wtatennis.com/tournament/1045/washington-dc/2019/scores/LS017
17/40;10/35;25/35;23/40;35/48;40/68;19/28;8/13;5/13;9/28;1;5;5/16;2/2;0/2;11/16;2;7;9;9;9;9;66/116;50/116;36/68;18/48;30/48;32/68;10/22;8/20;12/20;12/22;20/28;22/39;12/17;6/8;2/8;5/17;0;3;3/8;2/2;0/2;5/8;1;3;5;5;5;5;36/67;31/67;22/39;14/28;14/28;17/39;7/18;2/15;13/15;11/18;15/20;18/29;7/11;2/5;3/5;4/11;1;2;2/8;0/0;0/0;6/8;1;4;4;4;4;4;30/49;19/49;14/29;4/20;16/20;15/29;;;;;;;;;;;;;;;;;;;;;;;;;;;;;1;0;1.72;1.75;29.67;19.25;Right-Handed;Right-Handed;https://wtatennis.com/tournament/1045/washington-dc/2019/scores/LS018
15/36;11/32;21/32;21/36;32/58;36/67;20/31;13/26;13/26;11/31;8;1;6/10;4/8;4/8;4/10;4;3;10;10;10;10;69/125;56/125;35/67;24/58;34/58;32/67;9/18;7/15;8/15;9/18;15/30;18/37;13/19;8/15;7/15;6/19;4;1;4/6;3/5;2/5;2/6;2;2;5;5;5;5;37/67;30/67;22/37;15/30;15/30;15/37;6/18;4/17;13/17;12/18;17/28;18/30;7/12;5/11;6/11;5/12;4;0;2/4;1/3;2/3;2/4;2;1;5;5;5;5;32/58;26/58;13/30;9/28;19/28;17/30;;;;;;;;;;;;;;;;;;;;;;;;;;;;;2;2;1.84;1.75;30.08;30.67;Right-Handed;Right-Handed;https://wtatennis.com/tournament/1045/washington-dc/2019/scores/LS030
10/34;25/46;21/46;24/34;46/66;34/56;8/22;9/20;11/20;14/22;1;2;2/6;5/12;7/12;4/6;0;3;10;10;10;10;50/122;72/122;18/56;34/66;32/66;38/56;3/14;8/13;5/13;11/14;13/22;14/22;2/8;4/9;5/9;6/8;1;0;0/3;2/3;1/3;3/3;0;0;4;4;4;4;15/44;29/44;5/22;12/22;10/22;17/22;7/20;17/33;16/33;13/20;33/44;20/34;6/14;5/11;6/11;8/14;0;2;2/3;3/9;6/9;1/3;0;3;6;6;6;6;35/78;43/78;13/34;22/44;22/44;21/34;;;;;;;;;;;;;;;;;;;;;;;;;;;;;0;1;1.70;1.73;30.25;27.83;Right-Handed;Right-Handed;https://wtatennis.com/tournament/1045/washington-dc/2019/scores/LS016
13/37;12/43;31/43;24/37;43/62;37/67;16/30;7/19;12/19;14/30;3;3;3/12;0/4;4/4;9/12;0;2;9;9;9;9;72/129;57/129;29/67;19/62;43/62;38/67;5/19;9/27;18/27;14/19;27/43;19/37;9/18;7/16;9/16;9/18;2;2;1/6;0/4;4/4;5/6;0;1;5;5;5;5;41/80;39/80;14/37;16/43;27/43;23/37;8/18;3/16;13/16;10/18;16/19;18/30;7/12;0/3;3/3;5/12;1;1;2/6;0/0;0/0;4/6;0;1;4;4;4;4;31/49;18/49;15/30;3/19;16/19;15/30;;;;;;;;;;;;;;;;;;;;;;;;;;;;;1;0;1.70;1.70;29.67;27.92;Right-Handed;Right-Handed;https://wtatennis.com/tournament/1045/washington-dc/2019/scores/LS028
17/53;13/48;35/48;36/53;48/88;53/98;22/45;17/40;23/40;23/45;6;3;4/9;2/9;7/9;5/9;11;6;15;14;14;15;97/186;89/186;39/98;30/88;58/88;59/98;5/14;4/14;10/14;9/14;14/26;14/27;6/13;5/12;7/12;7/13;1;0;2/3;1/2;1/2;1/3;4;2;5;5;5;5;28/53;25/53;11/27;9/26;17/26;16/27;5/22;6/20;14/20;17/22;20/39;22/39;8/17;9/19;10/19;9/17;3;1;0/2;1/7;6/7;2/2;5;3;5;5;5;5;37/78;41/78;13/39;15/39;24/39;26/39;7/17;3/14;11/14;10/17;14/23;17/32;8/15;3/9;6/9;7/15;2;2;2/4;0/0;0/0;2/4;2;1;5;4;4;5;32/55;23/55;15/32;6/23;17/23;17/32;2;0;1.84;;30.08;21.58;Right-Handed;Right-Handed;https://wtatennis.com/tournament/1045/washington-dc/2019/scores/LS015
32/80;23/59;36/59;48/80;59/96;80/122;24/42;17/37;20/37;18/42;2;5;6/16;5/9;4/9;10/16;4;1;15;15;15;15;112/218;106/218;56/122;40/96;56/96;66/122;11/26;6/16;10/16;15/26;16/25;26/37;8/11;1/9;8/9;3/11;1;1;2/5;0/2;2/2;3/5;0;0;4;4;4;4;37/62;25/62;19/37;7/25;18/25;18/37;15/33;9/24;15/24;18/33;24/41;33/50;9/17;10/17;7/17;8/17;1;3;3/8;3/3;0/3;5/8;3;1;6;6;6;6;46/91;45/91;24/50;19/41;22/41;26/50;6/21;8/19;11/19;15/21;19/30;21/35;7/14;6/11;5/11;7/14;0;1;1/3;2/4;2/4;2/3;1;0;5;5;5;5;29/65;36/65;13/35;14/30;16/30;22/35;0;1;1.70;1.75;29.67;24.5;Right-Handed;Right-Handed;https://wtatennis.com/tournament/1045/washington-dc/2019/scores/LS014
35/76;20/60;40/60;41/76;60/104;76/121;25/45;31/44;13/44;20/45;4;4;8/16;7/17;10/17;8/16;8;6;15;16;16;15;113/225;112/225;60/121;51/104;53/104;61/121;17/37;8/14;6/14;20/37;14/30;37/53;10/16;11/16;5/16;6/16;1;2;3/6;4/4;0/4;3/6;4;2;6;6;6;6;38/83;45/83;27/53;19/30;11/30;26/53;9/19;3/17;14/17;10/19;17/30;19/30;7/11;11/13;2/13;4/11;1;1;3/5;2/5;3/5;2/5;2;1;4;5;5;4;32/60;28/60;16/30;14/30;16/30;14/30;9/20;9/29;20/29;11/20;29/44;20/38;8/18;9/15;6/15;10/18;2;1;2/5;1/8;7/8;3/5;2;3;5;5;5;5;43/82;39/82;17/38;18/44;26/44;21/38;2;1;1.57;1.70;29.67;24.58;Right-Handed;Right-Handed;https://wtatennis.com/tournament/1045/washington-dc/2019/scores/LS013
17/46;22/64;42/64;29/46;64/117;46/90;24/44;29/53;24/53;20/44;6;2;6/10;4/13;9/13;4/10;8;4;14;15;15;14;107/207;100/207;41/90;51/117;66/117;49/90;5/18;8/22;14/22;13/18;22/35;18/36;8/18;7/13;6/13;10/18;2;0;1/4;2/2;0/2;3/4;5;2;6;6;6;6;33/71;38/71;13/36;15/35;20/35;23/36;8/20;11/26;15/26;12/20;26/52;20/36;11/16;14/26;12/26;5/16;0;2;3/4;2/9;7/9;1/4;0;2;5;5;5;5;46/88;42/88;19/36;25/52;27/52;17/36;4/8;3/16;13/16;4/8;16/30;8/18;5/10;8/14;6/14;5/10;4;0;2/2;0/2;2/2;0/2;3;0;3;4;4;3;28/48;20/48;9/18;11/30;19/30;9/18;2;5;1.70;1.76;29.33;22.0;Right-Handed;Right-Handed;https://wtatennis.com/tournament/1045/washington-dc/2019/scores/LS012
21/52;33/68;35/68;31/52;68/118;52/114;36/62;29/50;21/50;26/62;0;1;9/13;9/14;5/14;4/13;3;6;17;17;17;17;113/232;119/232;57/114;62/118;56/118;57/114;6/15;9/25;16/25;9/15;25/43;15/37;12/22;10/18;8/18;10/22;0;1;3/5;2/3;1/3;2/5;2;0;6;6;6;6;42/80;38/80;18/37;19/43;24/43;19/37;4/15;10/19;9/19;11/15;19/34;15/33;11/18;9/15;6/15;7/18;0;0;2/2;3/6;3/6;0/2;1;3;5;5;5;5;30/67;37/67;15/33;19/34;15/34;18/33;11/22;14/24;10/24;11/22;24/41;22/44;13/22;10/17;7/17;9/22;0;0;4/6;4/5;1/5;2/6;0;3;6;6;6;6;41/85;44/85;24/44;24/41;17/41;20/44;1;0;1.69;1.78;37.42;22.83;Right-Handed;Right-Handed;https://wtatennis.com/tournament/1045/washington-dc/2019/scores/LS010
26/53;17/52;35/52;27/53;52/70;53/76;13/23;14/18;4/18;10/23;0;1;5/11;3/7;4/7;6/11;1;5;10;10;10;10;78/146;68/146;39/76;31/70;39/70;37/76;9/18;9/23;14/23;9/18;23/32;18/26;6/8;7/9;2/9;2/8;0;0;3/4;2/4;2/4;1/4;0;3;5;5;5;5;31/58;27/58;15/26;16/32;16/32;11/26;17/35;8/29;21/29;18/35;29/38;35/50;7/15;7/9;2/9;8/15;0;1;2/7;1/3;2/3;5/7;1;2;5;5;5;5;47/88;41/88;24/50;15/38;23/38;26/50;;;;;;;;;;;;;;;;;;;;;;;;;;;;;3;2;1.72;1.74;29.67;34.0;Right-Handed;Right-Handed;https://wtatennis.com/tournament/1045/washington-dc/2019/scores/LS009
19/45;21/53;32/53;26/45;53/107;45/82;20/37;30/54;24/54;17/37;8;2;6/11;5/19;14/19;5/11;8;4;13;12;12;13;95/189;94/189;39/82;51/107;56/107;43/82;8/17;9/23;14/23;9/17;23/42;17/30;9/13;9/19;10/19;4/13;4;1;3/3;1/9;8/9;0/3;3;4;5;4;4;5;41/72;31/72;17/30;18/42;24/42;13/30;3/10;4/10;6/10;7/10;10/25;10/17;1/7;11/15;4/15;6/7;2;1;0/1;3/5;2/5;1/1;2;0;3;4;4;3;14/42;28/42;4/17;15/25;10/25;13/17;8/18;8/20;12/20;10/18;20/40;18/35;10/17;10/20;10/20;7/17;2;0;3/7;1/5;4/5;4/7;3;0;5;4;4;5;40/75;35/75;18/35;18/40;22/40;17/35;1;0;1.81;1.70;21.58;31.08;Right-Handed;Right-Handed;https://wtatennis.com/tournament/1045/washington-dc/2019/scores/LS011
23/66;22/58;36/58;43/66;58/85;66/103;21/37;16/27;11/27;16/37;2;13;4/9;5/9;4/9;5/9;2;5;14;14;14;14;91/188;97/188;44/103;38/85;47/85;59/103;6/18;3/17;14/17;12/18;17/21;18/29;8/11;2/4;2/4;3/11;0;1;2/2;0/0;0/0;0/2;0;4;5;4;4;5;30/50;20/50;14/29;5/21;16/21;15/29;7/19;8/18;10/18;12/19;18/28;19/27;4/8;7/10;3/10;4/8;1;5;1/2;3/5;2/5;1/2;2;0;4;5;5;4;24/55;31/55;11/27;15/28;13/28;16/27;10/29;11/23;12/23;19/29;23/36;29/47;9/18;7/13;6/13;9/18;1;7;1/5;2/4;2/4;4/5;0;1;5;5;5;5;37/83;46/83;19/47;18/36;18/36;28/47;1;3;1.73;1.68;27.83;31.42;Right-Handed;Right-Handed;https://wtatennis.com/tournament/1045/washington-dc/2019/scores/LS008
24/48;7/27;20/27;24/48;27/47;48/65;10/17;9/20;11/20;7/17;1;0;5/13;2/4;2/4;8/13;2;4;8;9;9;8;65/112;47/112;34/65;16/47;31/47;31/65;11/22;4/17;13/17;11/22;17/25;22/30;4/8;4/8;4/8;4/8;0;0;2/7;1/3;2/3;5/7;1;1;4;5;5;4;32/55;23/55;15/30;8/25;17/25;15/30;13/26;3/10;7/10;13/26;10/22;26/35;6/9;5/12;7/12;3/9;1;0;3/6;1/1;0/1;3/6;1;3;4;4;4;4;33/57;24/57;19/35;8/22;14/22;16/35;;;;;;;;;;;;;;;;;;;;;;;;;;;;;2;2;1.68;1.72;31.42;29.67;Right-Handed;Right-Handed;https://wtatennis.com/tournament/1045/washington-dc/2019/scores/LS004
10/30;20/45;25/45;20/30;45/67;30/57;14/27;15/22;7/22;13/27;0;1;2/4;5/7;2/7;2/4;2;7;9;10;10;9;56/124;68/124;24/57;35/67;32/67;33/57;6/17;10/24;14/24;11/17;24/36;17/32;7/15;7/12;5/12;8/15;0;0;1/2;2/2;0/2;1/2;2;2;5;5;5;5;32/68;36/68;13/32;17/36;19/36;19/32;4/13;10/21;11/21;9/13;21/31;13/25;7/12;8/10;2/10;5/12;0;1;1/2;3/5;2/5;1/2;0;5;4;5;5;4;24/56;32/56;11/25;18/31;13/31;14/25;;;;;;;;;;;;;;;;;;;;;;;;;;;;;0;1;1.69;1.81;37.42;21.58;Right-Handed;Right-Handed;https://wtatennis.com/tournament/1045/washington-dc/2019/scores/LS005
15/47;25/60;35/60;32/47;60/91;47/83;22/36;17/31;14/31;14/36;0;9;7/8;5/15;10/15;1/8;5;7;14;14;14;14;86/174;88/174;37/83;42/91;49/91;46/83;4/18;7/21;14/21;14/18;21/31;18/29;7/11;5/10;5/10;4/11;0;2;2/2;1/4;3/4;0/2;2;3;5;5;5;5;30/60;30/60;11/29;12/31;19/31;18/29;4/12;11/20;9/20;8/12;20/28;12/27;7/15;5/8;3/8;8/15;0;3;2/3;3/5;2/5;1/3;2;1;5;5;5;5;23/55;32/55;11/27;16/28;12/28;16/27;7/17;7/19;12/19;10/17;19/32;17/27;8/10;7/13;6/13;2/10;0;4;3/3;1/6;5/6;0/3;1;3;4;4;4;4;33/59;26/59;15/27;14/32;18/32;12/27;2;2;1.75;1.84;24.5;30.08;Right-Handed;Right-Handed;https://wtatennis.com/tournament/1045/washington-dc/2019/scores/LS007
22/51;21/57;36/57;29/51;57/90;51/86;18/35;13/33;20/33;17/35;2;3;3/8;1/9;8/9;5/8;1;5;10;10;10;10;96/176;80/176;40/86;34/90;56/90;46/86;12/26;9/23;14/23;14/26;23/32;26/36;5/10;2/9;7/9;5/10;0;2;2/6;0/5;5/5;4/6;0;2;4;4;4;4;38/68;30/68;17/36;11/32;21/32;19/36;10/25;12/34;22/34;15/25;34/58;25/50;13/25;11/24;13/24;12/25;2;1;1/2;1/4;3/4;1/2;1;3;6;6;6;6;58/108;50/108;23/50;23/58;35/58;27/50;;;;;;;;;;;;;;;;;;;;;;;;;;;;;3;2;1.70;1.57;29.33;29.67;Right-Handed;Right-Handed;https://wtatennis.com/tournament/1045/washington-dc/2019/scores/LS006
9/34;7/31;24/31;25/34;31/58;34/67;18/33;8/27;19/27;15/33;3;3;3/8;1/1;0/1;5/8;3;8;10;10;10;10;70/125;55/125;27/67;15/58;43/58;40/67;1/15;5/19;14/19;14/15;19/38;15/37;10/22;6/19;13/19;12/22;0;3;1/2;1/1;0/1;1/2;2;4;6;6;6;6;38/75;37/75;11/37;11/38;27/38;26/37;8/19;2/12;10/12;11/19;12/20;19/30;8/11;2/8;6/8;3/11;3;0;2/6;0/0;0/0;4/6;1;4;4;4;4;4;32/50;18/50;16/30;4/20;16/20;14/30;;;;;;;;;;;;;;;;;;;;;;;;;;;;;1;0;1.68;1.81;31.42;21.58;Right-Handed;Right-Handed;https://wtatennis.com/tournament/1045/washington-dc/2019/scores/LS002
12/46;9/47;38/47;34/46;47/77;46/76;18/30;14/30;16/30;12/30;9;1;3/7;1/5;4/5;4/7;1;5;12;13;13;12;84/153;69/153;30/76;23/77;54/77;46/76;3/15;5/21;16/21;12/15;21/36;15/23;7/8;8/15;7/15;1/8;3;0;1/2;0/4;4/4;1/2;1;2;4;5;5;4;33/59;26/59;10/23;13/36;23/36;13/23;4/22;4/14;10/14;18/22;14/22;22/34;6/12;3/8;5/8;6/12;2;1;0/2;1/1;0/1;2/2;0;3;5;4;4;5;25/56;31/56;10/34;7/22;15/22;24/34;5/9;0/12;12/12;4/9;12/19;9/19;5/10;3/7;4/7;5/10;4;0;2/3;0/0;0/0;1/3;0;0;3;4;4;3;26/38;12/38;10/19;3/19;16/19;9/19;1;0;1.70;1.75;29.33;24.5;Right-Handed;Right-Handed;https://wtatennis.com/tournament/1045/washington-dc/2019/scores/LS003
6/32;13/31;18/31;26/32;31/47;32/46;6/14;11/16;5/16;8/14;1;2;0/1;4/6;2/6;1/1;3;2;8;8;8;8;35/93;58/93;12/46;24/47;23/47;34/46;1/13;7/14;7/14;12/13;14/20;13/20;3/7;4/6;2/6;4/7;0;0;0/0;2/3;1/3;0/0;0;1;4;4;4;4;13/40;27/40;4/20;11/20;9/20;16/20;5/19;6/17;11/17;14/19;17/27;19/26;3/7;7/10;3/10;4/7;1;2;0/1;2/3;1/3;1/1;3;1;4;4;4;4;22/53;31/53;8/26;13/27;14/27;18/26;;;;;;;;;;;;;;;;;;;;;;;;;;;;;2;8;1.68;1.70;31.42;29.33;Right-Handed;Right-Handed;https://wtatennis.com/tournament/1045/washington-dc/2019/scores/LS001
