statut;duration;stage;url_match_stats;player_1_name;player_1_set_1;player_1_set_1_tiebreak;player_1_set_2;player_1_set_2_tiebreak;player_1_set_3;player_1_set_3_tiebreak;player_2_name;player_2_set_1;player_2_set_1_tiebreak;player_2_set_2;player_2_set_2_tiebreak;player_2_set_3;player_2_set_3_tiebreak;scores_link
Completed;1:24;Qualifying;https://wtatennis.com/tournament/1005/rabat/2018/scores/RS030;I.Soylu;6;;6;;-;;L.Cabrera;3;;4;;-;;https://www.wtatennis.com/tournament/1005/rabat/2018/scores
Completed;1:33;Qualifying;https://wtatennis.com/tournament/1005/rabat/2018/scores/RS031;C.Perrin;3;;3;;-;;M.Frech;6;;6;;-;;https://www.wtatennis.com/tournament/1005/rabat/2018/scores
Completed;1:18;Qualifying;https://wtatennis.com/tournament/1005/rabat/2018/scores/RS028;A.Rus;6;;6;;-;;O.Jabeur;3;;1;;-;;https://www.wtatennis.com/tournament/1005/rabat/2018/scores
Completed;1:34;Qualifying;https://wtatennis.com/tournament/1005/rabat/2018/scores/RS024;D.Kovinic;6;2;3;;-;;F.Stollar;7;;6;;-;;https://www.wtatennis.com/tournament/1005/rabat/2018/scores
Completed;1:07;Qualifying;https://wtatennis.com/tournament/1005/rabat/2018/scores/RS026;M.Benoit;6;;6;;-;;H.Tan;1;;1;;-;;https://www.wtatennis.com/tournament/1005/rabat/2018/scores
Completed;1:52;Qualifying;https://wtatennis.com/tournament/1005/rabat/2018/scores/RS029;P.Badosa Gibert;3;;7;;6;;B.Eraydin;6;;5;;1;;https://www.wtatennis.com/tournament/1005/rabat/2018/scores
Completed;1:02;Qualifying;https://wtatennis.com/tournament/1005/rabat/2018/scores/RS025;I.Wallace;3;;1;;-;;M.Zanevska;6;;6;;-;;https://www.wtatennis.com/tournament/1005/rabat/2018/scores
Completed;0:48;Qualifying;https://wtatennis.com/tournament/1005/rabat/2018/scores/RS019;A.Aksu;1;;0;;-;;B.Krejcikova;6;;6;;-;;https://www.wtatennis.com/tournament/1005/rabat/2018/scores
Completed;2:11;Qualifying;https://wtatennis.com/tournament/1005/rabat/2018/scores/RS027;B.Schoofs;3;;6;;4;;T.Zidansek;6;;3;;6;;https://www.wtatennis.com/tournament/1005/rabat/2018/scores
Completed;0:55;Qualifying;https://wtatennis.com/tournament/1005/rabat/2018/scores/RS018;G.Garcia Perez;0;;2;;-;;M.Trevisan;6;;6;;-;;https://www.wtatennis.com/tournament/1005/rabat/2018/scores
Completed;1:36;Qualifying;https://wtatennis.com/tournament/1005/rabat/2018/scores/RS016;A.Blinkova;6;;7;;-;;D.Seguel;4;;6;1;-;;https://www.wtatennis.com/tournament/1005/rabat/2018/scores
Completed;1:01;Qualifying;https://wtatennis.com/tournament/1005/rabat/2018/scores/RS017;S.Soler-Espinosa;6;;6;;-;;S.Samir;2;;0;;-;;https://www.wtatennis.com/tournament/1005/rabat/2018/scores
Completed;1:59;Qualifying;https://wtatennis.com/tournament/1005/rabat/2018/scores/RS021;M.Georges;6;;4;;1;;J.Ponchet;4;;6;;4;;https://www.wtatennis.com/tournament/1005/rabat/2018/scores
Completed;0:49;Qualifying;https://wtatennis.com/tournament/1005/rabat/2018/scores/RS022;A.Dulgheru;6;;6;;-;;S.Charif;0;;2;;-;;https://www.wtatennis.com/tournament/1005/rabat/2018/scores
Completed;2:27;Qualifying;https://wtatennis.com/tournament/1005/rabat/2018/scores/RS020;C.Dolehide;7;;3;;3;;F.Ferro;6;5;6;;6;;https://www.wtatennis.com/tournament/1005/rabat/2018/scores
Completed;1:06;Qualifying;https://wtatennis.com/tournament/1005/rabat/2018/scores/RS023;P.Udvardy;3;;1;;-;;J.Teichmann;6;;6;;-;;https://www.wtatennis.com/tournament/1005/rabat/2018/scores
Completed;1:13;Qualifying;https://wtatennis.com/tournament/1005/rabat/2018/scores/RS012;F.Stollar;6;;6;;-;;M.Zanevska;3;;4;;-;;https://www.wtatennis.com/tournament/1005/rabat/2018/scores
Completed;1:03;Qualifying;https://wtatennis.com/tournament/1005/rabat/2018/scores/RS015;I.Soylu;4;;1;;-;;M.Frech;6;;4;;-;;https://www.wtatennis.com/tournament/1005/rabat/2018/scores
Completed;1:11;Qualifying;https://wtatennis.com/tournament/1005/rabat/2018/scores/RS009;M.Trevisan;6;;6;;-;;B.Krejcikova;2;;3;;-;;https://www.wtatennis.com/tournament/1005/rabat/2018/scores
Completed;1:21;Qualifying;https://wtatennis.com/tournament/1005/rabat/2018/scores/RS013;M.Benoit;2;;2;;-;;T.Zidansek;6;;6;;-;;https://www.wtatennis.com/tournament/1005/rabat/2018/scores
Completed;2:01;Qualifying;https://wtatennis.com/tournament/1005/rabat/2018/scores/RS014;A.Rus;6;;4;;3;;P.Badosa Gibert;1;;6;;6;;https://www.wtatennis.com/tournament/1005/rabat/2018/scores
Completed;1:04;Qualifying;https://wtatennis.com/tournament/1005/rabat/2018/scores/RS011;A.Dulgheru;6;;6;;-;;J.Teichmann;2;;1;;-;;https://www.wtatennis.com/tournament/1005/rabat/2018/scores
Completed;1:30;Qualifying;https://wtatennis.com/tournament/1005/rabat/2018/scores/RS008;A.Blinkova;4;;3;;-;;S.Soler-Espinosa;6;;6;;-;;https://www.wtatennis.com/tournament/1005/rabat/2018/scores
Completed;1:13;Qualifying;https://wtatennis.com/tournament/1005/rabat/2018/scores/RS010;F.Ferro;6;;6;;-;;J.Ponchet;4;;3;;-;;https://www.wtatennis.com/tournament/1005/rabat/2018/scores
Completed;1:14;Qualifying;https://wtatennis.com/tournament/1005/rabat/2018/scores/RS007;P.Badosa Gibert;6;;6;;-;;M.Frech;1;;3;;-;;https://www.wtatennis.com/tournament/1005/rabat/2018/scores
Completed;2:15;Qualifying;https://wtatennis.com/tournament/1005/rabat/2018/scores/RS006;F.Stollar;6;;4;;4;;T.Zidansek;4;;6;;6;;https://www.wtatennis.com/tournament/1005/rabat/2018/scores
Completed;1:11;Qualifying;https://wtatennis.com/tournament/1005/rabat/2018/scores/RS005;F.Ferro;6;;6;;-;;A.Dulgheru;1;;4;;-;;https://www.wtatennis.com/tournament/1005/rabat/2018/scores
Completed;1:24;Qualifying;https://wtatennis.com/tournament/1005/rabat/2018/scores/RS004;S.Soler-Espinosa;6;;6;;-;;M.Trevisan;4;;4;;-;;https://www.wtatennis.com/tournament/1005/rabat/2018/scores
Completed;1:38;Round of 32;https://wtatennis.com/tournament/1005/rabat/2018/scores/LS019;S.Errani;6;;6;;-;;Z.Diyas;4;;4;;-;;https://www.wtatennis.com/tournament/1005/rabat/2018/scores
Completed;2:15;Round of 32;https://wtatennis.com/tournament/1005/rabat/2018/scores/LS027;K.Flipkens;3;;6;;6;;P.Martic;6;;2;;4;;https://www.wtatennis.com/tournament/1005/rabat/2018/scores
Completed;2:09;Round of 32;https://wtatennis.com/tournament/1005/rabat/2018/scores/LS025;J.Fett;6;;3;;6;;S.Vickery;2;;6;;3;;https://www.wtatennis.com/tournament/1005/rabat/2018/scores
Completed;1:52;Round of 32;https://wtatennis.com/tournament/1005/rabat/2018/scores/LS018;R.Peterson;6;;3;;1;;J.Larsson;2;;6;;6;;https://www.wtatennis.com/tournament/1005/rabat/2018/scores
Completed;2:13;Round of 32;https://wtatennis.com/tournament/1005/rabat/2018/scores/LS029;Y.Putintseva;6;4;0;;-;;S.Sorribes Tormo;7;;6;;-;;https://www.wtatennis.com/tournament/1005/rabat/2018/scores
Completed;2:10;Round of 32;https://wtatennis.com/tournament/1005/rabat/2018/scores/LS023;B.Mattek-Sands;6;;6;3;1;;S.Hsieh;3;;7;;6;;https://www.wtatennis.com/tournament/1005/rabat/2018/scores
Completed;1:43;Round of 32;https://wtatennis.com/tournament/1005/rabat/2018/scores/LS022;M.Linette;4;;2;;-;;T.Zidansek;6;;6;;-;;https://www.wtatennis.com/tournament/1005/rabat/2018/scores
Completed;2:44;Round of 32;https://wtatennis.com/tournament/1005/rabat/2018/scores/LS031;P.Hercog;2;;7;;6;;D.Cibulkova;6;;5;;4;;https://www.wtatennis.com/tournament/1005/rabat/2018/scores
Completed;2:12;Round of 32;https://wtatennis.com/tournament/1005/rabat/2018/scores/LS030;P.Badosa Gibert;5;;6;;6;;F.Ferro;7;;4;;0;;https://www.wtatennis.com/tournament/1005/rabat/2018/scores
Completed;1:17;Round of 32;https://wtatennis.com/tournament/1005/rabat/2018/scores/LS021;D.El Jardi;2;;3;;-;;K.Zavatska;6;;6;;-;;https://www.wtatennis.com/tournament/1005/rabat/2018/scores
Completed;1:32;Round of 32;https://wtatennis.com/tournament/1005/rabat/2018/scores/LS017;L.Siegemund;6;;6;;-;;A.Bogdan;4;;1;;-;;https://www.wtatennis.com/tournament/1005/rabat/2018/scores
Completed;2:56;Round of 32;https://wtatennis.com/tournament/1005/rabat/2018/scores/LS020;T.Babos;6;;6;7;5;;A.Dulgheru;2;;7;;7;;https://www.wtatennis.com/tournament/1005/rabat/2018/scores
Completed;2:03;Round of 32;https://wtatennis.com/tournament/1005/rabat/2018/scores/LS024;M.Frech;7;;7;;-;;C.Mchale;5;;5;;-;;https://www.wtatennis.com/tournament/1005/rabat/2018/scores
Completed;0:56;Round of 32;https://wtatennis.com/tournament/1005/rabat/2018/scores/LS016;E.Mertens;6;;6;;-;;K.Kucova;0;;0;;-;;https://www.wtatennis.com/tournament/1005/rabat/2018/scores
Completed;2:14;Round of 32;https://wtatennis.com/tournament/1005/rabat/2018/scores/LS028;A.Krunic;6;;6;0;6;;L.Arruabarrena;2;;7;;2;;https://www.wtatennis.com/tournament/1005/rabat/2018/scores
Completed;1:43;Round of 32;https://wtatennis.com/tournament/1005/rabat/2018/scores/LS026;A.Tomljanovic;6;;3;;6;;S.Soler-Espinosa;2;;6;;1;;https://www.wtatennis.com/tournament/1005/rabat/2018/scores
Completed;2:49;Round of 16;https://wtatennis.com/tournament/1005/rabat/2018/scores/LS010;A.Dulgheru;5;;6;;4;;K.Zavatska;7;;2;;6;;https://www.wtatennis.com/tournament/1005/rabat/2018/scores
Completed;2:16;Round of 16;https://wtatennis.com/tournament/1005/rabat/2018/scores/LS015;P.Badosa Gibert;6;5;6;;6;;P.Hercog;7;;1;;2;;https://www.wtatennis.com/tournament/1005/rabat/2018/scores
Completed;2:22;Round of 16;https://wtatennis.com/tournament/1005/rabat/2018/scores/LS011;T.Zidansek;7;;3;;3;;S.Hsieh;6;6;6;;6;;https://www.wtatennis.com/tournament/1005/rabat/2018/scores
Completed;1:30;Round of 16;https://wtatennis.com/tournament/1005/rabat/2018/scores/LS012;M.Frech;2;;4;;-;;J.Fett;6;;6;;-;;https://www.wtatennis.com/tournament/1005/rabat/2018/scores
Completed;1:17;Round of 16;https://wtatennis.com/tournament/1005/rabat/2018/scores/LS013;A.Tomljanovic;6;;6;;-;;K.Flipkens;3;;2;;-;;https://www.wtatennis.com/tournament/1005/rabat/2018/scores
Completed;2:14;Round of 16;https://wtatennis.com/tournament/1005/rabat/2018/scores/LS008;E.Mertens;6;5;6;;3;;L.Siegemund;7;;0;;1;;https://www.wtatennis.com/tournament/1005/rabat/2018/scores
Completed;1:28;Round of 16;https://wtatennis.com/tournament/1005/rabat/2018/scores/LS014;A.Krunic;6;;6;;-;;S.Sorribes Tormo;3;;1;;-;;https://www.wtatennis.com/tournament/1005/rabat/2018/scores
Completed;1:05;Round of 16;https://wtatennis.com/tournament/1005/rabat/2018/scores/LS009;J.Larsson;3;;0;;-;;S.Errani;6;;6;;-;;https://www.wtatennis.com/tournament/1005/rabat/2018/scores
Completed;1:00;Quarterfinal;https://wtatennis.com/tournament/1005/rabat/2018/scores/LS005;K.Zavatska;1;;1;;-;;S.Hsieh;6;;6;;-;;https://www.wtatennis.com/tournament/1005/rabat/2018/scores
Completed;1:25;Quarterfinal;https://wtatennis.com/tournament/1005/rabat/2018/scores/LS004;E.Mertens;6;;6;;-;;S.Errani;3;;1;;-;;https://www.wtatennis.com/tournament/1005/rabat/2018/scores
Completed;2:12;Quarterfinal;https://wtatennis.com/tournament/1005/rabat/2018/scores/LS006;J.Fett;6;;3;;3;;A.Tomljanovic;3;;6;;6;;https://www.wtatennis.com/tournament/1005/rabat/2018/scores
Completed;0:37;Quarterfinal;https://wtatennis.com/tournament/1005/rabat/2018/scores/LS007;A.Krunic;6;;1;;-;;P.Badosa Gibert;2;;0;;-;;https://www.wtatennis.com/tournament/1005/rabat/2018/scores
Completed;0:57;Semifinal;https://wtatennis.com/tournament/1005/rabat/2018/scores/LS002;E.Mertens;6;;6;;-;;S.Hsieh;0;;2;;-;;https://www.wtatennis.com/tournament/1005/rabat/2018/scores
Completed;1:38;Semifinal;https://wtatennis.com/tournament/1005/rabat/2018/scores/LS003;A.Tomljanovic;7;;6;;-;;A.Krunic;5;;2;;-;;https://www.wtatennis.com/tournament/1005/rabat/2018/scores
Completed;1:45;Final;https://wtatennis.com/tournament/1005/rabat/2018/scores/LS001;E.Mertens;6;;7;;-;;A.Tomljanovic;2;;6;4;-;;https://www.wtatennis.com/tournament/1005/rabat/2018/scores
