match_1st Return Points Won_player_1;match_1st Return Points Won_player_2;match_1st Serve Points Won_player_1;match_1st Serve Points Won_player_2;match_1st Serve_player_1;match_1st Serve_player_2;match_2nd Return Points Won_player_1;match_2nd Return Points Won_player_2;match_2nd Serve Points Won_player_1;match_2nd Serve Points Won_player_2;match_Aces_player_1;match_Aces_player_2;match_Break Points Converted_player_1;match_Break Points Converted_player_2;match_Break Points Saved_player_1;match_Break Points Saved_player_2;match_Double Faults_player_1;match_Double Faults_player_2;match_Return Games Played_player_1;match_Return Games Played_player_2;match_Service Games Played_player_1;match_Service Games Played_player_2;match_Total Points Won_player_1;match_Total Points Won_player_2;match_Total Return Points Won_player_1;match_Total Return Points Won_player_2;match_Total Service Points Won_player_1;match_Total Service Points Won_player_2;set1_1st Return Points Won_player_1;set1_1st Return Points Won_player_2;set1_1st Serve Points Won_player_1;set1_1st Serve Points Won_player_2;set1_1st Serve_player_1;set1_1st Serve_player_2;set1_2nd Return Points Won_player_1;set1_2nd Return Points Won_player_2;set1_2nd Serve Points Won_player_1;set1_2nd Serve Points Won_player_2;set1_Aces_player_1;set1_Aces_player_2;set1_Break Points Converted_player_1;set1_Break Points Converted_player_2;set1_Break Points Saved_player_1;set1_Break Points Saved_player_2;set1_Double Faults_player_1;set1_Double Faults_player_2;set1_Return Games Played_player_1;set1_Return Games Played_player_2;set1_Service Games Played_player_1;set1_Service Games Played_player_2;set1_Total Points Won_player_1;set1_Total Points Won_player_2;set1_Total Return Points Won_player_1;set1_Total Return Points Won_player_2;set1_Total Service Points Won_player_1;set1_Total Service Points Won_player_2;set2_1st Return Points Won_player_1;set2_1st Return Points Won_player_2;set2_1st Serve Points Won_player_1;set2_1st Serve Points Won_player_2;set2_1st Serve_player_1;set2_1st Serve_player_2;set2_2nd Return Points Won_player_1;set2_2nd Return Points Won_player_2;set2_2nd Serve Points Won_player_1;set2_2nd Serve Points Won_player_2;set2_Aces_player_1;set2_Aces_player_2;set2_Break Points Converted_player_1;set2_Break Points Converted_player_2;set2_Break Points Saved_player_1;set2_Break Points Saved_player_2;set2_Double Faults_player_1;set2_Double Faults_player_2;set2_Return Games Played_player_1;set2_Return Games Played_player_2;set2_Service Games Played_player_1;set2_Service Games Played_player_2;set2_Total Points Won_player_1;set2_Total Points Won_player_2;set2_Total Return Points Won_player_1;set2_Total Return Points Won_player_2;set2_Total Service Points Won_player_1;set2_Total Service Points Won_player_2;h2h_wins_player_1;h2h_wins_player_2;Height_player_1;Height_player_2;Date of Birth_player_1;Date of Birth_player_2;Plays_player_1;Plays_player_2;url_match_stats;set3_1st Return Points Won_player_1;set3_1st Return Points Won_player_2;set3_1st Serve Points Won_player_1;set3_1st Serve Points Won_player_2;set3_1st Serve_player_1;set3_1st Serve_player_2;set3_2nd Return Points Won_player_1;set3_2nd Return Points Won_player_2;set3_2nd Serve Points Won_player_1;set3_2nd Serve Points Won_player_2;set3_Aces_player_1;set3_Aces_player_2;set3_Break Points Converted_player_1;set3_Break Points Converted_player_2;set3_Break Points Saved_player_1;set3_Break Points Saved_player_2;set3_Double Faults_player_1;set3_Double Faults_player_2;set3_Return Games Played_player_1;set3_Return Games Played_player_2;set3_Service Games Played_player_1;set3_Service Games Played_player_2;set3_Total Points Won_player_1;set3_Total Points Won_player_2;set3_Total Return Points Won_player_1;set3_Total Return Points Won_player_2;set3_Total Service Points Won_player_1;set3_Total Service Points Won_player_2
24/49;12/37;25/37;25/49;37/56;49/67;9/18;9/19;10/19;9/18;0;1;5/12;2/3;1/3;7/12;5;0;10;9;9;10;68/123;55/123;33/67;21/56;35/56;34/67;13/24;6/16;10/16;11/24;16/24;24/34;5/10;3/8;5/8;5/10;0;0;3/7;1/1;0/1;4/7;2;0;5;4;4;5;33/58;25/58;18/34;9/24;15/24;16/34;11/25;6/21;15/21;14/25;21/32;25/33;4/8;6/11;5/11;4/8;0;1;2/5;1/2;1/2;3/5;3;0;5;5;5;5;35/65;30/65;15/33;12/32;20/32;18/33;2;0;1.74;1.68;27.17;25.5;Right-Handed;Right-Handed;https://wtatennis.com/tournament/1005/rabat/2018/scores/RS030;;;;;;;;;;;;;;;;;;;;;;;;;;;;
12/36;27/54;27/54;24/36;54/78;36/63;16/27;14/24;10/24;11/27;0;1;3/9;6/17;11/17;6/9;1;1;9;9;9;9;65/141;76/141;28/63;41/78;37/78;35/63;7/17;21/38;17/38;10/17;38/54;17/28;7/11;9/16;7/16;4/11;0;1;2/8;4/14;10/14;6/8;1;0;4;5;5;4;38/82;44/82;14/28;30/54;24/54;14/28;5/19;6/16;10/16;14/19;16/24;19/35;9/16;5/8;3/8;7/16;0;0;1/1;2/3;1/3;0/1;0;1;5;4;4;5;27/59;32/59;14/35;11/24;13/24;21/35;0;3;1.74;1.71;32.42;25.5;Right-Handed;Right-Handed;https://wtatennis.com/tournament/1005/rabat/2018/scores/RS031;;;;;;;;;;;;;;;;;;;;;;;;;;;;
12/34;5/27;22/27;22/34;27/42;34/68;22/34;5/15;10/15;12/34;0;0;4/10;0/0;0/0;6/10;0;1;8;8;8;8;66/110;44/110;34/68;10/42;32/42;34/68;6/21;2/16;14/16;15/21;16/26;21/36;10/15;4/10;6/10;5/15;0;0;1/3;0/0;0/0;2/3;0;0;4;5;5;4;36/62;26/62;16/36;6/26;20/26;20/36;6/13;3/11;8/11;7/13;11/16;13/32;12/19;1/5;4/5;7/19;0;0;3/7;0/0;0/0;4/7;0;1;4;3;3;4;30/48;18/48;18/32;4/16;12/16;14/32;2;1;1.8;1.67;32.5;28.75;Left-Handed;Right-Handed;https://wtatennis.com/tournament/1005/rabat/2018/scores/RS028;;;;;;;;;;;;;;;;;;;;;;;;;;;;
14/46;17/49;32/49;32/46;49/75;46/84;18/38;13/26;13/26;20/38;6;4;1/7;3/9;6/9;6/7;4;5;10;11;11;10;77/159;82/159;32/84;30/75;45/75;52/84;12/33;10/28;18/28;21/33;28/37;33/57;11/24;3/9;6/9;13/24;3;2;1/6;1/4;3/4;5/6;3;3;6;6;6;6;47/94;47/94;23/57;13/37;24/37;34/57;2/13;7/21;14/21;11/13;21/38;13/27;7/14;10/17;7/17;7/14;3;2;0/1;2/5;3/5;1/1;1;2;4;5;5;4;30/65;35/65;9/27;17/38;21/38;18/27;2;2;1.69;1.72;28.58;24.58;Right-Handed;Right-Handed;https://wtatennis.com/tournament/1005/rabat/2018/scores/RS024;;;;;;;;;;;;;;;;;;;;;;;;;;;;
15/21;16/35;19/35;6/21;35/54;21/43;16/22;7/19;12/19;6/22;1;0;7/11;2/7;5/7;4/11;1;2;7;7;7;7;62/97;35/97;31/43;23/54;31/54;12/43;7/9;9/17;8/17;2/9;17/24;9/21;9/12;1/7;6/7;3/12;1;0;4/6;1/5;4/5;2/6;0;1;4;3;3;4;30/45;15/45;16/21;10/24;14/24;5/21;8/12;7/18;11/18;4/12;18/30;12/22;7/10;6/12;6/12;3/10;0;0;3/5;1/2;1/2;2/5;1;1;3;4;4;3;32/52;20/52;15/22;13/30;17/30;7/22;1;0;;1.7;28.25;25.75;Left-Handed;Right-Handed;https://wtatennis.com/tournament/1005/rabat/2018/scores/RS026;;;;;;;;;;;;;;;;;;;;;;;;;;;;
18/47;11/42;31/42;29/47;42/83;47/85;22/38;22/41;19/41;16/38;1;4;6/8;4/8;4/8;2/8;3;7;14;14;14;14;90/168;78/168;40/85;33/83;50/83;45/85;3/13;3/7;4/7;10/13;7/21;13/27;7/14;8/14;6/14;7/14;0;1;1/1;2/2;0/2;0/1;3;2;5;4;4;5;20/48;28/48;10/27;11/21;10/21;17/27;9/19;3/17;14/17;10/19;17/33;19/32;6/13;10/16;6/16;7/13;0;3;3/3;2/3;1/3;0/3;0;3;6;6;6;6;35/65;30/65;15/32;13/33;20/33;17/32;2;0;1.8;;25.58;29.0;Right-Handed;;https://wtatennis.com/tournament/1005/rabat/2018/scores/RS029;6/15;5/18;13/18;9/15;18/29;15/26;9/11;4/11;7/11;2/11;1.0;0.0;2/4;0/3;3/3;2/4;0.0;2.0;3.0;4.0;4.0;3.0;35/55;20/55;15/26;9/29;20/29;11/26
5/26;18/33;15/33;21/26;33/53;26/37;3/11;12/20;8/20;8/11;0;1;1/1;5/8;3/8;0/1;5;2;8;8;8;8;31/90;59/90;8/37;30/53;23/53;29/37;4/13;11/21;10/21;9/13;21/37;13/19;2/6;9/16;7/16;4/6;0;0;1/1;3/6;3/6;0/1;2;2;4;5;5;4;23/56;33/56;6/19;20/37;17/37;13/19;1/13;7/12;5/12;12/13;12/16;13/18;1/5;3/4;1/4;4/5;0;1;0/0;2/2;0/2;0/0;3;0;4;3;3;4;8/34;26/34;2/18;10/16;6/16;16/18;0;1;;1.75;26.75;29.75;;Right-Handed;https://wtatennis.com/tournament/1005/rabat/2018/scores/RS025;;;;;;;;;;;;;;;;;;;;;;;;;;;;
2/17;18/31;13/31;15/17;31/43;17/29;3/12;10/12;2/12;9/12;0;2;0/0;6/10;4/10;0/0;3;2;6;7;7;6;20/72;52/72;5/29;28/43;15/43;24/29;1/7;9/18;9/18;6/7;18/23;7/14;1/7;5/5;0/5;6/7;0;1;0/0;3/4;1/4;0/0;2;1;3;4;4;3;11/37;26/37;2/14;14/23;9/23;12/14;1/10;9/13;4/13;9/10;13/20;10/15;2/5;5/7;2/7;3/5;0;1;0/0;3/6;3/6;0/0;1;1;3;3;3;3;9/35;26/35;3/15;14/20;6/20;12/15;0;1;1.7;1.78;26.92;27.5;Right-Handed;Right-Handed;https://wtatennis.com/tournament/1005/rabat/2018/scores/RS019;;;;;;;;;;;;;;;;;;;;;;;;;;;;
18/52;30/71;41/71;34/52;71/106;52/89;18/37;18/35;17/35;19/37;1;1;4/8;5/13;8/13;4/8;9;5;14;14;14;14;94/195;101/195;36/89;48/106;58/106;53/89;4/20;9/20;11/20;16/20;20/33;20/34;8/14;8/13;5/13;6/14;0;0;1/3;2/4;2/4;2/3;3;1;5;4;4;5;28/67;39/67;12/34;17/33;16/33;22/34;9/15;11/22;11/22;6/15;22/34;15/28;8/13;5/12;7/12;5/13;0;0;3/5;2/4;2/4;2/5;3;3;4;5;5;4;35/62;27/62;17/28;16/34;18/34;11/28;0;1;1.7;1.68;35.08;25.42;Right-Handed;Right-Handed;https://wtatennis.com/tournament/1005/rabat/2018/scores/RS027;5/17;10/29;19/29;12/17;29/39;17/27;2/10;5/10;5/10;8/10;1.0;1.0;0/0;1/5;4/5;0/0;3.0;1.0;5.0;5.0;5.0;5.0;31/66;35/66;7/27;15/39;24/39;20/27
6/23;9/16;7/16;17/23;16/38;23/36;1/13;15/22;7/22;12/13;0;0;0/0;5/8;3/8;0/0;3;0;7;7;7;7;21/74;53/74;7/36;24/38;14/38;29/36;2/7;4/5;1/5;5/7;5/14;7/16;1/9;8/9;1/9;8/9;0;0;0/0;3/3;0/3;0/0;2;0;3;3;3;3;5/30;25/30;3/16;12/14;2/14;13/16;4/16;5/11;6/11;12/16;11/24;16/20;0/4;7/13;6/13;4/4;0;0;0/0;2/5;3/5;0/0;1;0;4;4;4;4;16/44;28/44;4/20;12/24;12/24;16/20;3;2;1.87;1.6;31.08;29.58;Right-Handed;Left-Handed;https://wtatennis.com/tournament/1005/rabat/2018/scores/RS018;;;;;;;;;;;;;;;;;;;;;;;;;;;;
29/51;15/44;29/44;22/51;44/68;51/73;12/22;13/24;11/24;10/22;3;2;5/9;4/5;1/5;4/9;5;1;11;11;11;11;81/141;60/141;41/73;28/68;40/68;32/73;15/25;7/22;15/22;10/25;22/31;25/28;2/3;7/9;2/9;1/3;0;1;3/3;2/2;0/2;0/3;3;0;5;5;5;5;34/59;25/59;17/28;14/31;17/31;11/28;14/26;8/22;14/22;12/26;22/37;26/45;10/19;6/15;9/15;9/19;3;1;2/6;2/3;1/3;4/6;2;1;6;6;6;6;47/82;35/82;24/45;14/37;23/37;21/45;1;0;1.79;1.71;24.75;30.58;Right-Handed;Right-Handed;https://wtatennis.com/tournament/1005/rabat/2018/scores/RS016;;;;;;;;;;;;;;;;;;;;;;;;;;;;
10/15;10/30;20/30;5/15;30/45;15/36;18/21;9/15;6/15;3/21;0;0;7/10;2/7;5/7;3/10;3;3;7;7;7;7;54/81;27/81;28/36;19/45;26/45;8/36;5/7;7/17;10/17;2/7;17/24;7/20;11/13;5/7;2/7;2/13;0;0;4/5;2/3;1/3;1/5;1;1;4;4;4;4;28/44;16/44;16/20;12/24;12/24;4/20;5/8;3/13;10/13;3/8;13/21;8/16;7/8;4/8;4/8;1/8;0;0;3/5;0/4;4/4;2/5;2;2;3;3;3;3;26/37;11/37;12/16;7/21;14/21;4/16;1;0;1.69;;35.58;25.58;Right-Handed;;https://wtatennis.com/tournament/1005/rabat/2018/scores/RS017;;;;;;;;;;;;;;;;;;;;;;;;;;;;
18/52;22/60;38/60;34/52;60/84;52/86;19/34;18/24;6/24;15/34;1;3;5/9;6/19;13/19;4/9;4;4;13;12;12;13;81/170;89/170;37/86;40/84;44/84;49/86;7/20;9/29;20/29;13/20;29/35;20/32;7/12;4/6;2/6;5/12;0;1;2/4;1/6;5/6;2/4;0;2;5;5;5;5;36/67;31/67;14/32;13/35;22/35;18/32;6/20;8/23;15/23;14/20;23/37;20/36;10/16;11/14;3/14;6/16;1;2;2/4;3/8;5/8;2/4;3;2;5;5;5;5;34/73;39/73;16/36;19/37;18/37;20/36;0;1;1.74;;32.5;26.67;Right-Handed;Right-Handed;https://wtatennis.com/tournament/1005/rabat/2018/scores/RS021;5/12;5/8;3/8;7/12;8/12;12/18;2/6;3/4;1/4;4/6;0.0;0.0;1/1;2/5;3/5;0/1;1.0;0.0;3.0;2.0;2.0;3.0;11/30;19/30;7/18;8/12;4/12;11/18
14/15;8/31;23/31;1/15;31/45;15/32;14/17;9/14;5/14;3/17;0;0;7/9;2/5;3/5;2/9;2;7;7;7;7;7;56/77;21/77;28/32;17/45;28/45;4/32;4/4;1/9;8/9;0/4;9/14;4/14;8/10;1/5;4/5;2/10;0;0;3/4;0/0;0/0;1/4;1;5;3;3;3;3;24/28;4/28;12/14;2/14;12/14;2/14;10/11;7/22;15/22;1/11;22/31;11/18;6/7;8/9;1/9;1/7;0;0;4/5;2/5;3/5;1/5;1;2;4;4;4;4;32/49;17/49;16/18;15/31;16/31;2/18;1;0;1.72;;34.0;28.58;Right-Handed;;https://wtatennis.com/tournament/1005/rabat/2018/scores/RS022;;;;;;;;;;;;;;;;;;;;;;;;;;;;
31/81;25/59;34/59;50/81;59/109;81/110;13/29;26/50;24/50;16/29;4;3;4/12;7/15;8/15;8/12;10;6;15;15;15;15;102/219;117/219;44/110;51/109;58/109;66/110;19/42;10/30;20/30;23/42;30/56;42/53;7/11;16/26;10/26;4/11;3;1;3/10;3/9;6/9;7/10;5;2;6;6;6;6;56/109;53/109;26/53;26/56;30/56;27/53;11/28;6/13;7/13;17/28;13/22;28/40;6/12;5/9;4/9;6/12;1;1;1/2;2/2;0/2;1/2;3;4;5;4;4;5;28/62;34/62;17/40;11/22;11/22;23/40;0;2;1.78;1.7;24.75;26.25;Right-Handed;Right-Handed;https://wtatennis.com/tournament/1005/rabat/2018/scores/RS020;1/11;9/16;7/16;10/11;16/31;11/17;0/6;5/15;10/15;6/6;0.0;1.0;0/0;2/4;2/4;0/0;2.0;0.0;4.0;5.0;5.0;4.0;18/48;30/48;1/17;14/31;17/31;16/17
10/36;15/30;15/30;26/36;30/50;36/54;9/18;13/20;7/20;9/18;1;1;1/3;5/6;1/6;2/3;3;3;8;8;8;8;41/104;63/104;19/54;28/50;22/50;35/54;5/16;10/20;10/20;11/16;20/33;16/27;6/11;8/13;5/13;5/11;1;0;1/2;3/4;1/4;1/2;1;2;4;5;5;4;26/60;34/60;11/27;18/33;15/33;16/27;5/20;5/10;5/10;15/20;10/17;20/27;3/7;5/7;2/7;4/7;0;1;0/1;2/2;0/2;1/1;2;1;4;3;3;4;15/44;29/44;8/27;10/17;7/17;19/27;0;1;1.7;1.7;24.67;25.92;Right-Handed;Left-Handed;https://wtatennis.com/tournament/1005/rabat/2018/scores/RS023;;;;;;;;;;;;;;;;;;;;;;;;;;;;
14/32;13/38;25/38;18/32;38/58;32/58;17/26;12/20;8/20;9/26;4;0;5/10;3/3;0/3;5/10;2;7;9;10;10;9;64/116;52/116;31/58;25/58;33/58;27/58;6/12;6/20;14/20;6/12;20/32;12/22;6/10;6/12;6/12;4/10;2;0;2/2;1/1;0/1;0/2;2;3;4;5;5;4;32/54;22/54;12/22;12/32;20/32;10/22;8/20;7/18;11/18;12/20;18/26;20/36;11/16;6/8;2/8;5/16;2;0;3/8;2/2;0/2;5/8;0;4;5;5;5;5;32/62;30/62;19/36;13/26;13/26;17/36;1;0;1.72;1.75;24.58;29.75;Right-Handed;Right-Handed;https://wtatennis.com/tournament/1005/rabat/2018/scores/RS012;;;;;;;;;;;;;;;;;;;;;;;;;;;;
7/22;10/28;18/28;15/22;28/42;22/44;9/22;11/14;3/14;13/22;0;1;1/2;4/4;0/4;1/2;3;4;7;8;8;7;37/86;49/86;16/44;21/42;21/42;28/44;6/14;6/19;13/19;8/14;19/24;14/31;6/17;4/5;1/5;11/17;0;1;1/2;2/2;0/2;1/2;1;2;5;5;5;5;26/55;29/55;12/31;10/24;14/24;19/31;1/8;4/9;5/9;7/8;9/18;8/13;3/5;7/9;2/9;2/5;0;0;0/0;2/2;0/2;0/0;2;2;2;3;3;2;11/31;20/31;4/13;11/18;7/18;9/13;0;1;1.74;1.71;27.17;25.5;Right-Handed;Right-Handed;https://wtatennis.com/tournament/1005/rabat/2018/scores/RS015;;;;;;;;;;;;;;;;;;;;;;;;;;;;
17/27;6/31;25/31;10/27;31/48;27/46;9/19;10/17;7/17;10/19;0;0;5/6;2/2;0/2;1/6;3;4;8;9;9;8;58/94;36/94;26/46;16/48;32/48;20/46;7/11;1/13;12/13;4/11;13/21;11/20;3/9;3/8;5/8;6/9;0;0;2/2;0/0;0/0;0/2;2;1;4;4;4;4;27/41;14/41;10/20;4/21;17/21;10/20;10/16;5/18;13/18;6/16;18/27;16/26;6/10;7/9;2/9;4/10;0;0;3/4;2/2;0/2;1/4;1;3;4;5;5;4;31/53;22/53;16/26;12/27;15/27;10/26;1;1;1.6;1.78;29.58;27.5;Left-Handed;Right-Handed;https://wtatennis.com/tournament/1005/rabat/2018/scores/RS009;;;;;;;;;;;;;;;;;;;;;;;;;;;;
12/30;26/46;20/46;18/30;46/63;30/52;8/22;11/17;6/17;14/22;1;0;2/5;6/13;7/13;3/5;4;1;8;8;8;8;46/115;69/115;20/52;37/63;26/63;32/52;7/16;12/19;7/19;9/16;19/28;16/28;4/12;6/9;3/9;8/12;0;0;1/1;3/4;1/4;0/1;2;0;4;4;4;4;21/56;35/56;11/28;18/28;10/28;17/28;5/14;14/27;13/27;9/14;27/35;14/24;4/10;5/8;3/8;6/10;1;0;1/4;3/9;6/9;3/4;2;1;4;4;4;4;25/59;34/59;9/24;19/35;16/35;15/24;0;2;;1.68;28.25;25.42;Left-Handed;Right-Handed;https://wtatennis.com/tournament/1005/rabat/2018/scores/RS013;;;;;;;;;;;;;;;;;;;;;;;;;;;;
12/38;17/48;31/48;26/38;48/73;38/89;29/51;14/25;11/25;22/51;4;6;5/12;5/6;1/6;7/12;5;5;13;13;13;13;83/162;79/162;41/89;31/73;42/73;48/89;4/11;4/15;11/15;7/11;15/18;11/30;14/19;1/3;2/3;5/19;1;2;3/5;0/1;1/1;2/5;0;2;4;3;3;4;31/48;17/48;18/30;5/18;13/18;12/30;4/15;4/15;11/15;11/15;15/25;15/34;9/19;6/10;4/10;10/19;1;4;1/4;2/2;0/2;3/4;3;2;5;5;5;5;28/59;31/59;13/34;10/25;15/25;21/34;1;2;1.8;1.8;32.5;25.58;Left-Handed;Right-Handed;https://wtatennis.com/tournament/1005/rabat/2018/scores/RS014;4/12;9/18;9/18;8/12;18/30;12/25;6/13;7/12;5/12;7/13;2.0;0.0;1/3;3/3;0/3;2/3;2.0;1.0;4.0;5.0;5.0;4.0;24/55;31/55;10/25;16/30;14/30;15/25
17/30;8/27;19/27;13/30;27/42;30/42;11/12;7/15;8/15;1/12;0;1;6/11;2/3;1/3;5/11;1;3;7;8;8;7;55/84;29/84;28/42;15/42;27/42;14/42;10/21;6/16;10/16;11/21;16/21;21/27;6/6;1/5;4/5;0/6;0;1;3/7;1/2;1/2;4/7;0;1;4;4;4;4;30/48;18/48;16/27;7/21;14/21;11/27;7/9;2/11;9/11;2/9;11/21;9/15;5/6;6/10;4/10;1/6;0;0;3/4;1/1;0/1;1/4;1;2;3;4;4;3;25/36;11/36;12/15;8/21;13/21;3/15;1;0;1.72;1.7;34.0;25.92;Right-Handed;Left-Handed;https://wtatennis.com/tournament/1005/rabat/2018/scores/RS011;;;;;;;;;;;;;;;;;;;;;;;;;;;;
13/46;18/46;28/46;33/46;46/68;46/69;16/23;17/22;5/22;7/23;0;0;3/10;5/8;3/8;7/10;5;2;10;9;9;10;62/137;75/137;29/69;35/68;33/68;40/69;10/26;15/30;15/30;16/26;30/43;26/42;13/16;10/13;3/13;3/16;0;0;3/8;4/7;3/7;5/8;4;2;5;5;5;5;41/85;44/85;23/42;25/43;18/43;19/42;3/20;3/16;13/16;17/20;16/25;20/27;3/7;7/9;2/9;4/7;0;0;0/2;1/1;0/1;2/2;1;0;5;4;4;5;21/52;31/52;6/27;10/25;15/25;21/27;0;1;1.79;1.69;24.75;35.58;Right-Handed;Right-Handed;https://wtatennis.com/tournament/1005/rabat/2018/scores/RS008;;;;;;;;;;;;;;;;;;;;;;;;;;;;
9/31;11/42;31/42;22/31;42/57;31/59;16/28;10/15;5/15;12/28;1;5;4/7;2/3;1/3;3/7;2;3;9;10;10;9;61/116;55/116;25/59;21/57;36/57;34/59;5/18;9/28;19/28;13/18;28/34;18/34;9/16;5/6;1/6;7/16;0;3;2/4;1/2;1/2;2/4;1;1;5;5;5;5;34/68;34/68;14/34;14/34;20/34;20/34;4/13;2/14;12/14;9/13;14/23;13/25;7/12;5/9;4/9;5/12;1;2;2/3;1/1;0/1;1/3;1;2;4;5;5;4;27/48;21/48;11/25;7/23;16/23;14/25;1;1;1.7;;26.25;26.67;Right-Handed;Right-Handed;https://wtatennis.com/tournament/1005/rabat/2018/scores/RS010;;;;;;;;;;;;;;;;;;;;;;;;;;;;
8/25;7/30;23/30;17/25;30/51;25/61;26/36;13/21;8/21;10/36;0;3;6/10;2/7;5/7;4/10;4;3;8;8;8;8;65/112;47/112;34/61;20/51;31/51;27/61;3/6;4/16;12/16;3/6;16/27;6/19;10/13;7/11;4/11;3/13;0;1;3/4;1/3;2/3;1/4;3;1;3;4;4;3;29/46;17/46;13/19;11/27;16/27;6/19;5/19;3/14;11/14;14/19;14/24;19/42;16/23;6/10;4/10;7/23;0;2;3/6;1/4;3/4;3/6;1;2;5;4;4;5;36/66;30/66;21/42;9/24;15/24;21/42;1;2;1.8;1.71;25.58;25.5;Right-Handed;Right-Handed;https://wtatennis.com/tournament/1005/rabat/2018/scores/RS007;;;;;;;;;;;;;;;;;;;;;;;;;;;;
25/65;22/62;40/62;40/65;62/106;65/112;25/47;27/44;17/44;22/47;7;3;5/11;6/14;8/14;6/11;5;2;15;15;15;15;107/218;111/218;50/112;49/106;57/106;62/112;12/24;8/23;15/23;12/24;23/46;24/40;9/16;14/23;9/23;7/16;2;0;3/8;2/7;5/7;5/8;2;1;5;5;5;5;45/86;41/86;21/40;22/46;24/46;19/40;4/19;6/20;14/20;15/19;20/30;19/38;11/19;8/10;2/10;8/19;4;2;1/2;2/3;1/3;1/2;1;1;5;5;5;5;31/68;37/68;15/38;14/30;16/30;23/38;0;2;1.72;1.68;24.58;25.42;Right-Handed;Right-Handed;https://wtatennis.com/tournament/1005/rabat/2018/scores/RS006;9/22;8/19;11/19;13/22;19/30;22/34;5/12;5/11;6/11;7/12;1.0;1.0;1/1;2/4;2/4;0/1;2.0;0.0;5.0;5.0;5.0;5.0;31/64;33/64;14/34;13/30;17/30;20/34
14/27;17/42;25/42;13/27;42/62;27/42;11/15;7/20;13/20;4/15;0;2;5/5;2/7;5/7;0/5;2;1;8;9;9;8;63/104;41/104;25/42;24/62;38/62;17/42;7/10;5/17;12/17;3/10;17/25;10/13;2/3;2/8;6/8;1/3;0;1;2/2;0/0;0/0;0/2;1;0;3;4;4;3;27/38;11/38;9/13;7/25;18/25;4/13;7/17;12/25;13/25;10/17;25/37;17/29;9/12;5/12;7/12;3/12;0;1;3/3;2/7;5/7;0/3;1;1;5;5;5;5;36/66;30/66;16/29;17/37;20/37;13/29;2;1;1.7;1.72;26.25;34.0;Right-Handed;Right-Handed;https://wtatennis.com/tournament/1005/rabat/2018/scores/RS005;;;;;;;;;;;;;;;;;;;;;;;;;;;;
24/46;22/52;30/52;22/46;52/66;46/72;15/26;8/14;6/14;11/26;0;3;6/13;4/6;2/6;7/13;1;2;10;10;10;10;75/138;63/138;39/72;30/66;36/66;33/72;10/17;9/25;16/25;7/17;25/33;17/29;6/12;6/8;2/8;6/12;0;1;3/4;2/3;1/3;1/4;0;1;5;5;5;5;34/62;28/62;16/29;15/33;18/33;13/29;14/29;13/27;14/27;15/29;27/33;29/43;9/14;2/6;4/6;5/14;0;2;3/9;2/3;1/3;6/9;1;1;5;5;5;5;41/76;35/76;23/43;15/33;18/33;20/43;2;1;1.64;1.72;36.08;29.67;Right-Handed;Right-Handed;https://wtatennis.com/tournament/1005/rabat/2018/scores/LS019;;;;;;;;;;;;;;;;;;;;;;;;;;;;
24/63;23/59;36/59;39/63;59/94;63/100;19/37;16/35;19/35;18/37;1;2;5/15;4/9;5/9;10/15;5;5;13;14;14;13;98/194;96/194;43/100;39/94;55/94;57/100;2/14;10/24;14/24;12/14;24/38;14/23;4/9;7/14;7/14;5/9;0;0;0/1;2/7;5/7;1/1;4;2;4;5;5;4;27/61;34/61;6/23;17/38;21/38;17/23;6/15;5/15;10/15;9/15;15/26;15/32;9/17;4/11;7/11;8/17;1;2;2/7;0/0;0/0;5/7;0;2;4;4;4;4;32/58;26/58;15/32;9/26;17/26;17/32;1;1;1.65;1.81;37.42;32.42;Right-Handed;Right-Handed;https://wtatennis.com/tournament/1005/rabat/2018/scores/LS027;16/34;8/20;12/20;18/34;20/30;34/45;6/11;5/10;5/10;5/11;0.0;0.0;3/7;2/2;0/2;4/7;1.0;1.0;5.0;5.0;5.0;5.0;39/75;36/75;22/45;13/30;17/30;23/45
19/44;19/52;33/52;25/44;52/91;44/105;41/61;28/39;11/39;20/61;2;2;9/21;7/13;6/13;12/21;12;13;13;13;13;13;104/196;92/196;60/105;47/91;44/91;45/105;7/11;5/14;9/14;4/11;14/27;11/33;14/22;8/13;5/13;8/22;1;0;4/5;2/5;3/5;1/5;4;3;4;4;4;4;35/60;25/60;21/33;13/27;14/27;12/33;6/19;10/22;12/22;13/19;22/34;19/34;11/15;9/12;3/12;4/15;1;1;2/6;3/5;2/5;4/6;4;6;5;4;4;5;32/68;36/68;17/34;19/34;15/34;17/34;4;0;1.68;1.63;26.58;28.08;Right-Handed;Right-Handed;https://wtatennis.com/tournament/1005/rabat/2018/scores/LS025;6/14;4/16;12/16;8/14;16/30;14/38;16/24;11/14;3/14;8/24;0.0;1.0;3/10;2/3;1/3;7/10;4.0;4.0;4.0;5.0;5.0;4.0;37/68;31/68;22/38;15/30;15/30;16/38
14/40;23/59;36/59;26/40;59/86;40/64;11/24;20/27;7/27;13/24;3;1;4/7;6/11;5/11;3/7;3;3;12;12;12;12;68/150;82/150;25/64;43/86;43/86;39/64;5/11;6/24;18/24;6/11;24/29;11/21;5/10;4/5;1/5;5/10;1;0;2/3;0/1;1/1;1/3;1;2;4;4;4;4;29/50;21/50;10/21;10/29;19/29;11/21;8/18;11/20;9/20;10/18;20/31;18/25;5/7;7/11;4/11;2/7;2;0;2/4;4/4;0/4;2/4;0;1;4;5;5;4;26/56;30/56;13/25;18/31;13/31;12/25;0;2;1.73;1.74;27.83;34.83;Right-Handed;Right-Handed;https://wtatennis.com/tournament/1005/rabat/2018/scores/LS018;1/11;6/15;9/15;10/11;15/26;11/18;1/7;9/11;2/11;6/7;0.0;1.0;0/0;2/6;4/6;0/0;2.0;0.0;4.0;3.0;3.0;4.0;13/44;31/44;2/18;15/26;11/26;16/18
17/43;25/36;11/36;26/43;36/56;43/64;14/21;13/20;7/20;7/21;1;1;5/10;8/10;2/10;5/10;4;6;9;9;9;9;49/120;71/120;31/64;38/56;18/56;33/64;15/32;18/27;9/27;17/32;27/39;32/46;11/14;7/12;5/12;3/14;1;0;5/8;5/6;1/6;3/8;1;5;6;6;6;6;40/85;45/85;26/46;25/39;14/39;20/46;2/11;7/9;2/9;9/11;9/17;11/18;3/7;6/8;2/8;4/7;0;1;0/2;3/4;1/4;2/2;3;1;3;3;3;3;9/35;26/35;5/18;13/17;4/17;13/18;2;1;1.63;1.76;28.42;26.67;Right-Handed;Right-Handed;https://wtatennis.com/tournament/1005/rabat/2018/scores/LS029;;;;;;;;;;;;;;;;;;;;;;;;;;;;
15/44;31/66;35/66;29/44;66/116;44/74;19/30;29/50;21/50;11/30;4;0;6/12;8/16;8/16;6/12;9;3;13;15;15;13;90/190;100/190;34/74;60/116;56/116;40/74;5/11;7/22;15/22;6/11;22/38;11/21;5/10;8/16;8/16;5/10;1;0;2/5;1/4;3/4;3/5;3;1;4;5;5;4;33/59;26/59;10/21;15/38;23/38;11/21;6/20;11/24;13/24;14/20;24/48;20/36;11/16;14/24;10/24;5/16;1;0;3/6;3/7;4/7;3/6;3;2;6;6;6;6;40/84;44/84;17/36;25/48;23/48;19/36;2;1;1.68;1.69;38.17;37.42;Right-Handed;Right-Handed;https://wtatennis.com/tournament/1005/rabat/2018/scores/LS023;4/13;13/20;7/20;9/13;20/30;13/17;3/4;7/10;3/10;1/4;2.0;0.0;1/1;4/5;1/5;0/1;3.0;0.0;3.0;4.0;4.0;3.0;17/47;30/47;7/17;20/30;10/30;10/17
17/38;34/60;26/60;21/38;60/76;38/63;14/25;10/16;6/16;11/25;2;0;4/9;7/16;9/16;5/9;2;3;9;9;9;9;63/139;76/139;31/63;44/76;32/76;32/63;11/21;18/31;13/31;10/21;31/41;21/39;10/18;6/10;4/10;8/18;2;0;3/8;4/6;2/6;5/8;1;3;5;5;5;5;38/80;42/80;21/39;24/41;17/41;18/39;6/17;16/29;13/29;11/17;29/35;17/24;4/7;4/6;2/6;3/7;0;0;1/1;3/10;7/10;0/1;1;0;4;4;4;4;25/59;34/59;10/24;20/35;15/35;14/24;1;2;1.71;1.68;31.33;25.42;Right-Handed;Right-Handed;https://wtatennis.com/tournament/1005/rabat/2018/scores/LS022;;;;;;;;;;;;;;;;;;;;;;;;;;;;
34/83;21/51;30/51;49/83;51/93;83/124;18/41;16/42;26/42;23/41;5;0;4/15;4/9;5/9;11/15;4;5;15;15;15;15;108/217;109/217;52/124;37/93;56/93;72/124;5/15;6/12;6/12;10/15;12/24;15/25;4/10;9/12;3/12;6/10;0;0;1/1;3/4;1/4;0/1;1;1;4;4;4;4;18/49;31/49;9/25;15/24;9/24;16/25;12/34;7/19;12/19;22/34;19/37;34/49;9/15;6/18;12/18;6/15;4;0;2/5;1/3;2/3;3/5;3;4;6;6;6;6;45/86;41/86;21/49;13/37;24/37;28/49;3;2;1.85;1.61;32.42;34.08;Right-Handed;Right-Handed;https://wtatennis.com/tournament/1005/rabat/2018/scores/LS031;17/34;8/20;12/20;17/34;20/32;34/50;5/16;1/12;11/12;11/16;1.0;0.0;1/9;0/2;2/2;8/9;0.0;0.0;5.0;5.0;5.0;5.0;45/82;37/82;22/50;9/32;23/32;28/50
28/64;22/62;40/62;36/64;62/95;64/101;25/37;21/33;12/33;12/37;4;1;8/17;5/9;4/9;9/17;7;5;14;14;14;14;105/196;91/196;53/101;43/95;52/95;48/101;10/25;14/30;16/30;15/25;30/46;25/42;11/17;11/16;5/16;6/17;3;0;3/6;4/7;3/7;3/6;6;2;6;6;6;6;42/88;46/88;21/42;25/46;21/46;21/42;12/29;5/17;12/17;17/29;17/28;29/42;8/13;6/11;5/11;5/13;1;1;2/4;1/1;0/1;2/4;0;2;5;5;5;5;37/70;33/70;20/42;11/28;17/28;22/42;2;0;1.8;1.7;25.58;26.25;Right-Handed;Right-Handed;https://wtatennis.com/tournament/1005/rabat/2018/scores/LS030;6/10;3/15;12/15;4/10;15/21;10/17;6/7;4/6;2/6;1/7;0.0;0.0;3/7;0/1;1/1;4/7;1.0;1.0;3.0;3.0;3.0;3.0;26/38;12/38;12/17;7/21;14/21;5/17
10/28;16/28;12/28;18/28;28/49;28/55;15/27;17/21;4/21;12/27;1;1;3/7;7/9;2/9;4/7;7;5;8;9;9;8;41/104;63/104;25/55;33/49;16/49;30/55;6/17;7/13;6/13;11/17;13/24;17/33;8/16;9/11;2/11;8/16;0;1;1/2;3/5;2/5;1/2;5;4;4;4;4;4;22/57;35/57;14/33;16/24;8/24;19/33;4/11;9/15;6/15;7/11;15/25;11/22;7/11;8/10;2/10;4/11;1;0;2/5;4/4;0/4;3/5;2;1;4;5;5;4;19/47;28/47;11/22;17/25;8/25;11/22;0;1;;1.73;22.67;23.33;;Right-Handed;https://wtatennis.com/tournament/1005/rabat/2018/scores/LS021;;;;;;;;;;;;;;;;;;;;;;;;;;;;
17/34;16/46;30/46;17/34;46/69;34/61;16/27;14/23;9/23;11/27;1;1;5/8;2/8;6/8;3/8;4;3;8;9;9;8;72/130;58/130;33/61;30/69;39/69;28/61;12/23;6/17;11/17;11/23;17/29;23/37;8/14;8/12;4/12;6/14;0;1;3/6;2/5;3/5;3/6;2;1;5;5;5;5;35/66;31/66;20/37;14/29;15/29;17/37;5/11;10/29;19/29;6/11;29/40;11/24;8/13;6/11;5/11;5/13;1;0;2/2;0/3;3/3;0/2;2;2;3;4;4;3;37/64;27/64;13/24;16/40;24/40;11/24;1;1;1.68;1.71;35.25;30.5;Right-Handed;Right-Handed;https://wtatennis.com/tournament/1005/rabat/2018/scores/LS017;;;;;;;;;;;;;;;;;;;;;;;;;;;;
38/89;26/67;41/67;51/89;67/117;89/120;18/31;31/50;19/50;13/31;2;0;8/18;7/13;6/13;10/18;6;5;16;16;16;16;116/237;121/237;56/120;57/117;60/117;64/120;9/17;5/15;10/15;8/17;15/24;17/22;3/5;5/9;4/9;2/5;1;0;3/4;1/1;0/1;1/4;1;2;4;4;4;4;26/46;20/46;12/22;10/24;14/24;10/22;14/35;12/30;18/30;21/35;30/51;35/46;7/11;14/21;7/21;4/11;0;0;3/6;3/5;2/5;3/6;3;1;6;6;6;6;46/97;51/97;21/46;26/51;25/51;25/46;0;1;1.79;1.72;30.08;34.0;Right-Handed;Right-Handed;https://wtatennis.com/tournament/1005/rabat/2018/scores/LS020;15/37;9/22;13/22;22/37;22/42;37/52;8/15;12/20;8/20;7/15;1.0;0.0;2/8;3/7;4/7;6/8;2.0;2.0;6.0;6.0;6.0;6.0;44/94;50/94;23/52;21/42;21/42;29/52
22/46;15/43;28/43;24/46;43/67;46/86;21/40;14/24;10/24;19/40;1;2;6/16;4/5;1/5;10/16;2;6;12;12;12;12;81/153;72/153;43/86;29/67;38/67;43/86;12/26;9/20;11/20;14/26;20/34;26/47;11/21;7/14;7/14;10/21;0;0;3/8;2/3;1/3;5/8;0;4;6;6;6;6;41/81;40/81;23/47;16/34;18/34;24/47;10/20;6/23;17/23;10/20;23/33;20/39;10/19;7/10;3/10;9/19;1;2;3/8;2/2;0/2;5/8;2;2;6;6;6;6;40/72;32/72;20/39;13/33;20/33;19/39;1;0;1.71;1.7;25.5;31.08;Right-Handed;Right-Handed;https://wtatennis.com/tournament/1005/rabat/2018/scores/LS024;;;;;;;;;;;;;;;;;;;;;;;;;;;;
26/54;15/51;36/51;28/54;51/75;54/72;10/18;11/24;13/24;8/18;4;1;5/8;2/4;2/4;3/8;3;1;12;12;12;12;85/147;62/147;36/72;26/75;49/75;36/72;7/13;6/20;14/20;6/13;20/33;13/21;4/8;6/13;7/13;4/8;1;0;2/2;0/2;2/2;0/2;2;0;4;4;4;4;32/54;22/54;11/21;12/33;21/33;10/21;11/28;8/17;9/17;17/28;17/22;28/36;4/8;2/5;3/5;4/8;2;1;1/4;2/2;0/2;3/4;0;1;5;4;4;5;27/58;31/58;15/36;10/22;12/22;21/36;1;0;1.8;1.69;30.08;35.58;Right-Handed;Right-Handed;https://wtatennis.com/tournament/1005/rabat/2018/scores/LS026;8/13;1/14;13/14;5/13;14/20;13/15;2/2;3/6;3/6;0/2;1.0;0.0;2/2;0/0;0/0;0/2;1.0;0.0;3.0;4.0;4.0;3.0;26/35;9/35;10/15;4/20;16/20;5/15
23/56;31/66;35/66;33/56;66/91;56/101;28/45;13/25;12/25;17/45;0;0;8/18;8/18;10/18;10/18;2;5;15;15;15;15;98/192;94/192;51/101;44/91;47/91;50/101;9/26;11/26;15/26;17/26;26/37;26/46;11/20;6/11;5/11;9/20;0;0;2/7;3/10;7/10;5/7;2;1;6;6;6;6;40/83;43/83;20/46;17/37;20/37;26/46;9/18;5/14;9/14;9/18;14/22;18/30;8/12;3/8;5/8;4/12;0;0;3/6;1/2;1/2;3/6;0;1;4;4;4;4;31/52;21/52;17/30;8/22;14/22;13/30;0;1;1.72;1.73;34.0;23.33;Right-Handed;Right-Handed;https://wtatennis.com/tournament/1005/rabat/2018/scores/LS010;5/12;15/26;11/26;7/12;26/32;12/25;9/13;4/6;2/6;4/13;0.0;0.0;3/5;4/6;2/6;2/5;0.0;3.0;5.0;5.0;5.0;5.0;27/57;30/57;14/25;19/32;13/32;11/25
26/52;16/52;36/52;26/52;52/97;52/91;19/39;23/45;22/45;20/39;2;1;7/12;3/10;7/10;5/12;9;3;13;14;14;13;103/188;85/188;45/91;39/97;58/97;46/91;10/25;11/30;19/30;15/25;30/50;25/48;11/23;11/20;9/20;12/23;2;1;2/4;2/6;4/6;2/4;6;1;6;6;6;6;49/98;49/98;21/48;22/50;28/50;27/48;8/12;3/9;6/9;4/12;9/21;12/19;5/7;6/12;6/12;2/7;0;0;3/5;1/1;0/1;2/5;2;1;3;4;4;3;25/40;15/40;13/19;9/21;12/21;6/19;2;0;1.8;1.85;25.58;32.42;Right-Handed;Right-Handed;https://wtatennis.com/tournament/1005/rabat/2018/scores/LS015;8/15;2/13;11/13;7/15;13/26;15/24;3/9;6/13;7/13;6/9;0.0;0.0;2/3;0/3;3/3;1/3;1.0;1.0;4.0;4.0;4.0;4.0;29/50;21/50;11/24;8/26;18/26;13/24
30/70;33/81;48/81;40/70;81/117;70/96;11/26;25/36;11/36;15/26;1;0;4/8;7/23;16/23;4/8;3;4;15;15;15;15;100/213;113/213;41/96;58/117;59/117;55/96;17/34;19/45;26/45;17/34;45/62;34/44;4/10;10/17;7/17;6/10;0;0;2/3;2/13;11/13;1/3;1;0;6;6;6;6;54/106;52/106;21/44;29/62;33/62;23/44;7/17;7/17;10/17;10/17;17/26;17/27;4/10;8/9;1/9;6/10;1;0;1/4;3/4;1/4;3/4;2;3;4;5;5;4;22/53;31/53;11/27;15/26;11/26;16/27;2;1;1.68;1.69;25.42;37.42;Right-Handed;Right-Handed;https://wtatennis.com/tournament/1005/rabat/2018/scores/LS011;6/19;7/19;12/19;13/19;19/29;19/25;3/6;7/10;3/10;3/6;0.0;0.0;1/1;2/6;4/6;0/1;0.0;1.0;5.0;4.0;4.0;5.0;24/54;30/54;9/25;14/29;15/29;16/25
10/31;19/43;24/43;21/31;43/69;31/61;16/30;19/26;7/26;14/30;3;1;3/4;6/13;7/13;1/4;4;7;9;9;9;9;57/130;73/130;26/61;38/69;31/69;35/61;4/10;10/15;5/15;6/10;15/25;10/29;10/19;7/10;3/10;9/19;1;0;2/3;4/6;2/6;1/3;1;4;4;4;4;4;22/54;32/54;14/29;17/25;8/25;15/29;6/21;9/28;19/28;15/21;28/44;21/32;6/11;12/16;4/16;5/11;2;1;1/1;2/7;5/7;0/1;3;3;5;5;5;5;35/76;41/76;12/32;21/44;23/44;20/32;0;1;1.71;1.68;25.5;26.58;Right-Handed;Right-Handed;https://wtatennis.com/tournament/1005/rabat/2018/scores/LS012;;;;;;;;;;;;;;;;;;;;;;;;;;;;
16/36;9/28;19/28;20/36;28/45;36/66;17/30;6/17;11/17;13/30;0;1;5/16;1/2;1/2;11/16;1;3;9;8;8;9;63/111;48/111;33/66;15/45;30/45;33/66;9/17;4/11;7/11;8/17;11/22;17/33;8/16;5/11;6/11;8/16;0;0;3/10;1/1;0/1;7/10;1;1;5;4;4;5;30/55;25/55;17/33;9/22;13/22;16/33;7/19;5/17;12/17;12/19;17/23;19/33;9/14;1/6;5/6;5/14;0;1;2/6;0/1;1/1;4/6;0;2;4;4;4;4;33/56;23/56;16/33;6/23;17/23;17/33;1;4;1.8;1.65;30.08;37.42;Right-Handed;Right-Handed;https://wtatennis.com/tournament/1005/rabat/2018/scores/LS013;;;;;;;;;;;;;;;;;;;;;;;;;;;;
31/63;18/42;24/42;32/63;42/73;63/86;16/23;13/31;18/31;7/23;1;0;7/16;3/6;3/6;9/16;3;4;12;11;11;12;89/159;70/159;47/86;31/73;42/73;39/86;17/38;13/24;11/24;21/38;24/43;38/55;11/17;10/19;9/19;6/17;0;0;3/11;3/3;0/3;8/11;1;3;6;6;6;6;48/98;50/98;28/55;23/43;20/43;27/55;9/13;4/14;10/14;4/13;14/20;13/16;3/3;2/6;4/6;0/3;0;0;3/4;0/3;3/3;1/4;2;0;3;3;3;3;26/36;10/36;12/16;6/20;14/20;4/16;2;0;1.79;1.68;27.58;35.25;Right-Handed;Right-Handed;https://wtatennis.com/tournament/1005/rabat/2018/scores/LS008;5/12;1/4;3/4;7/12;4/10;12/15;2/3;1/6;5/6;1/3;1.0;0.0;1/1;0/0;0/0;0/1;0.0;1.0;3.0;2.0;2.0;3.0;15/25;10/25;7/15;2/10;8/10;8/15
19/38;14/35;21/35;19/38;35/47;38/56;13/18;4/12;8/12;5/18;0;0;6/13;2/4;2/4;7/13;0;9;8;8;8;8;61/103;42/103;32/56;18/47;29/47;24/56;12/23;7/15;8/15;11/23;15/20;23/36;9/13;3/5;2/5;4/13;0;0;4/10;2/2;0/2;6/10;0;8;5;4;4;5;31/56;25/56;21/36;10/20;10/20;15/36;7/15;7/20;13/20;8/15;20/27;15/20;4/5;1/7;6/7;1/5;0;0;2/3;0/2;2/2;1/3;0;1;3;4;4;3;30/47;17/47;11/20;8/27;19/27;9/20;3;2;1.63;1.76;30.25;26.67;Right-Handed;Right-Handed;https://wtatennis.com/tournament/1005/rabat/2018/scores/LS014;;;;;;;;;;;;;;;;;;;;;;;;;;;;
13/45;16/27;11/27;32/45;27/39;45/49;3/4;7/12;5/12;1/4;0;0;1/4;5/7;2/7;3/4;1;2;8;7;7;8;32/88;56/88;16/49;23/39;16/39;33/49;10/29;8/15;7/15;19/29;15/21;29/32;2/3;2/6;4/6;1/3;0;0;1/4;2/4;2/4;3/4;1;1;5;4;4;5;23/53;30/53;12/32;10/21;11/21;20/32;3/16;8/12;4/12;13/16;12/18;16/17;1/1;5/6;1/6;0/1;0;0;0/0;3/3;0/3;0/0;0;1;3;3;3;3;9/35;26/35;4/17;13/18;5/18;13/17;1;7;1.74;1.64;34.83;36.08;Right-Handed;Right-Handed;https://wtatennis.com/tournament/1005/rabat/2018/scores/LS009;;;;;;;;;;;;;;;;;;;;;;;;;;;;
8/25;11/24;13/24;17/25;24/47;25/39;4/14;18/23;5/23;10/14;0;1;1/2;6/12;6/12;1/2;4;0;7;7;7;7;30/86;56/86;12/39;29/47;18/47;27/39;4/10;6/12;6/12;6/10;12/25;10/17;2/7;11/13;2/13;5/7;0;0;1/2;4/5;1/5;1/2;4;0;3;4;4;3;14/42;28/42;6/17;17/25;8/25;11/17;4/15;5/12;7/12;11/15;12/22;15/22;2/7;7/10;3/10;5/7;0;1;0/0;2/7;5/7;0/0;0;0;4;3;3;4;16/44;28/44;6/22;12/22;10/22;16/22;0;1;1.73;1.69;23.33;37.42;Right-Handed;Right-Handed;https://wtatennis.com/tournament/1005/rabat/2018/scores/LS005;;;;;;;;;;;;;;;;;;;;;;;;;;;;
30/54;6/29;23/29;24/54;29/51;54/71;12/17;15/22;7/22;5/17;3;0;7/18;3/5;2/5;11/18;4;3;8;8;8;8;72/122;50/122;42/71;21/51;30/51;29/71;11/18;5/21;16/21;7/18;21/36;18/29;8/11;13/15;2/15;3/11;2;0;4/8;3/5;2/5;4/8;4;3;4;5;5;4;37/65;28/65;19/29;18/36;18/36;10/29;19/36;1/8;7/8;17/36;8/15;36/42;4/6;2/7;5/7;2/6;1;0;3/10;0/0;0/0;7/10;0;0;4;3;3;4;35/57;22/57;23/42;3/15;12/15;19/42;3;0;1.79;1.64;27.58;36.08;Right-Handed;Right-Handed;https://wtatennis.com/tournament/1005/rabat/2018/scores/LS004;;;;;;;;;;;;;;;;;;;;;;;;;;;;
18/52;21/64;43/64;34/52;64/103;52/86;18/34;28/39;11/39;16/34;3;2;4/9;6/22;16/22;5/9;10;5;13;14;14;13;90/189;99/189;36/86;49/103;54/103;50/86;13/26;5/25;20/25;13/26;25/38;26/40;8/14;11/13;2/13;6/14;2;2;2/7;1/9;8/9;5/7;2;2;4;5;5;4;43/78;35/78;21/40;16/38;22/38;19/40;0/13;3/12;9/12;13/13;12/21;13/25;5/12;4/9;5/9;7/12;0;0;0/0;1/2;1/2;0/0;4;2;5;4;4;5;19/46;27/46;5/25;7/21;14/21;20/25;0;1;1.68;1.8;26.58;30.08;Right-Handed;Right-Handed;https://wtatennis.com/tournament/1005/rabat/2018/scores/LS006;5/13;13/27;14/27;8/13;27/44;13/21;5/8;13/17;4/17;3/8;1.0;0.0;2/2;4/11;7/11;0/2;4.0;1.0;4.0;5.0;5.0;4.0;28/65;37/65;10/21;26/44;18/44;11/21
10/20;4/16;12/16;10/20;16/21;20/34;8/14;1/5;4/5;6/14;0;2;3/5;0/0;0/0;2/5;0;3;5;4;4;5;34/55;21/55;18/34;5/21;16/21;16/34;7/15;4/16;12/16;8/15;16/21;15/28;7/13;1/5;4/5;6/13;0;2;2/3;0/0;0/0;1/3;0;3;4;4;4;4;30/49;19/49;14/28;5/21;16/21;14/28;3/5;0/0;0/0;2/5;0/0;5/6;1/1;0/0;0/0;0/1;0;0;1/2;0/0;0/0;1/2;0;0;1;0;0;1;4/6;2/6;4/6;0/0;0/0;2/6;1;0;1.63;1.8;30.25;25.58;Right-Handed;Right-Handed;https://wtatennis.com/tournament/1005/rabat/2018/scores/LS007;;;;;;;;;;;;;;;;;;;;;;;;;;;;
15/22;7/31;24/31;7/22;31/40;22/38;9/16;4/9;5/9;7/16;1;0;5/6;0/0;0/0;1/6;2;1;7;7;7;7;53/78;25/78;24/38;11/40;29/40;14/38;5/6;3/13;10/13;1/6;13/18;6/15;7/9;2/5;3/5;2/9;1;0;3/4;0/0;0/0;1/4;1;1;3;3;3;3;25/33;8/33;12/15;5/18;13/18;3/15;10/16;4/18;14/18;6/16;18/22;16/23;2/7;2/4;2/4;5/7;0;0;2/2;0/0;0/0;0/2;1;0;4;4;4;4;28/45;17/45;12/23;6/22;16/22;11/23;3;1;1.79;1.69;27.58;37.42;Right-Handed;Right-Handed;https://wtatennis.com/tournament/1005/rabat/2018/scores/LS002;;;;;;;;;;;;;;;;;;;;;;;;;;;;
26/53;17/45;28/45;27/53;45/60;53/85;19/32;9/15;6/15;13/32;0;1;6/15;3/6;3/6;9/15;2;4;10;10;10;10;79/145;66/145;45/85;26/60;34/60;40/85;14/34;9/27;18/27;20/34;27/36;34/59;13/25;5/9;4/9;12/25;0;1;2/9;1/4;3/4;7/9;0;3;6;6;6;6;49/95;46/95;27/59;14/36;22/36;32/59;12/19;8/18;10/18;7/19;18/24;19/26;6/7;4/6;2/6;1/7;0;0;4/6;2/2;0/2;2/6;2;1;4;4;4;4;30/50;20/50;18/26;12/24;12/24;8/26;2;1;1.8;1.63;30.08;30.25;Right-Handed;Right-Handed;https://wtatennis.com/tournament/1005/rabat/2018/scores/LS003;;;;;;;;;;;;;;;;;;;;;;;;;;;;
23/61;9/38;29/38;38/61;38/61;61/82;17/21;10/23;13/23;4/21;4;1;4/11;2/2;0/2;7/11;2;6;10;10;10;10;82/143;61/143;40/82;19/61;42/61;42/82;11/23;2/16;14/16;12/23;16/22;23/30;5/7;3/6;3/6;2/7;1;1;2/3;0/0;0/0;1/3;0;3;4;4;4;4;33/52;19/52;16/30;5/22;17/22;14/30;12/38;7/22;15/22;26/38;22/39;38/52;12/14;7/17;10/17;2/14;3;0;2/8;2/2;0/2;6/8;2;3;6;6;6;6;49/91;42/91;24/52;14/39;25/39;28/52;1;2;1.79;1.8;27.58;30.08;Right-Handed;Right-Handed;https://wtatennis.com/tournament/1005/rabat/2018/scores/LS001;;;;;;;;;;;;;;;;;;;;;;;;;;;;
23/45;21/50;29/50;22/45;50/64;45/56;5/11;5/14;9/14;6/11;2;1;5/10;3/7;4/7;5/10;0;2;10;10;10;10;66/120;54/120;28/56;26/64;38/64;28/56;13/27;6/19;13/19;14/27;19/25;27/29;0/2;1/6;5/6;2/2;1;0;2/5;1/1;0/1;3/5;0;0;5;5;5;5;31/54;23/54;13/29;7/25;18/25;16/29;10/18;15/31;16/31;8/18;31/39;18/27;5/9;4/8;4/8;4/9;1;1;3/5;2/6;4/6;2/5;0;2;5;5;5;5;35/66;31/66;15/27;19/39;20/39;12/27;1;0;1.69;1.60;35.75;29.83;Right-Handed;Left-Handed;https://wtatennis.com/tournament/1005/rabat/2018/scores/RS004;;;;;;;;;;;;;;;;;;;;;;;;;;;;
15/24;3/20;17/20;9/24;20/38;24/42;13/18;8/18;10/18;5/18;2;0;6/9;0/1;1/1;3/9;0;3;6;6;6;6;55/80;25/80;28/42;11/38;27/38;14/42;4/10;3/13;10/13;6/10;13/22;10/24;11/14;4/9;5/9;3/14;2;0;3/5;0/1;1/1;2/5;0;2;3;3;3;3;30/46;16/46;15/24;7/22;15/22;9/24;11/14;0/7;7/7;3/14;7/16;14/18;2/4;4/9;5/9;2/4;0;0;3/4;0/0;0/0;1/4;0;1;3;3;3;3;25/34;9/34;13/18;4/16;12/16;5/18;1;0;1.79;1.63;27.75;33.25;Right-Handed;Right-Handed;https://wtatennis.com/tournament/1005/rabat/2018/scores/LS016;;;;;;;;;;;;;;;;;;;;;;;;;;;;
32/60;33/76;43/76;28/60;76/109;60/93;17/33;19/33;14/33;16/33;4;0;9/17;5/12;7/12;8/17;5;1;14;14;14;14;106/202;96/202;49/93;52/109;57/109;44/93;7/13;6/21;15/21;6/13;21/29;13/25;6/12;4/8;4/8;6/12;1;0;2/6;0/2;2/2;4/6;1;1;4;4;4;4;32/54;22/54;13/25;10/29;19/29;12/25;18/35;16/35;19/35;17/35;35/52;35/46;4/11;14/17;3/17;7/11;2;0;4/7;4/8;4/8;3/7;4;0;6;6;6;6;44/98;54/98;22/46;30/52;22/52;24/46;1;1;1.63;1.64;30.42;31.42;Right-Handed;Right-Handed;https://wtatennis.com/tournament/1005/rabat/2018/scores/LS028;7/12;11/20;9/20;5/12;20/28;12/22;7/10;1/8;7/8;3/10;1;0;3/4;1/2;1/2;1/4;0;0;4;4;4;4;30/50;20/50;14/22;12/28;16/28;8/22
