match_1st Return Points Won_player_1;match_1st Return Points Won_player_2;match_1st Serve Points Won_player_1;match_1st Serve Points Won_player_2;match_1st Serve_player_1;match_1st Serve_player_2;match_2nd Return Points Won_player_1;match_2nd Return Points Won_player_2;match_2nd Serve Points Won_player_1;match_2nd Serve Points Won_player_2;match_Aces_player_1;match_Aces_player_2;match_Break Points Converted_player_1;match_Break Points Converted_player_2;match_Break Points Saved_player_1;match_Break Points Saved_player_2;match_Double Faults_player_1;match_Double Faults_player_2;match_Return Games Played_player_1;match_Return Games Played_player_2;match_Service Games Played_player_1;match_Service Games Played_player_2;match_Total Points Won_player_1;match_Total Points Won_player_2;match_Total Return Points Won_player_1;match_Total Return Points Won_player_2;match_Total Service Points Won_player_1;match_Total Service Points Won_player_2;set1_1st Return Points Won_player_1;set1_1st Return Points Won_player_2;set1_1st Serve Points Won_player_1;set1_1st Serve Points Won_player_2;set1_1st Serve_player_1;set1_1st Serve_player_2;set1_2nd Return Points Won_player_1;set1_2nd Return Points Won_player_2;set1_2nd Serve Points Won_player_1;set1_2nd Serve Points Won_player_2;set1_Aces_player_1;set1_Aces_player_2;set1_Break Points Converted_player_1;set1_Break Points Converted_player_2;set1_Break Points Saved_player_1;set1_Break Points Saved_player_2;set1_Double Faults_player_1;set1_Double Faults_player_2;set1_Return Games Played_player_1;set1_Return Games Played_player_2;set1_Service Games Played_player_1;set1_Service Games Played_player_2;set1_Total Points Won_player_1;set1_Total Points Won_player_2;set1_Total Return Points Won_player_1;set1_Total Return Points Won_player_2;set1_Total Service Points Won_player_1;set1_Total Service Points Won_player_2;set2_1st Return Points Won_player_1;set2_1st Return Points Won_player_2;set2_1st Serve Points Won_player_1;set2_1st Serve Points Won_player_2;set2_1st Serve_player_1;set2_1st Serve_player_2;set2_2nd Return Points Won_player_1;set2_2nd Return Points Won_player_2;set2_2nd Serve Points Won_player_1;set2_2nd Serve Points Won_player_2;set2_Aces_player_1;set2_Aces_player_2;set2_Break Points Converted_player_1;set2_Break Points Converted_player_2;set2_Break Points Saved_player_1;set2_Break Points Saved_player_2;set2_Double Faults_player_1;set2_Double Faults_player_2;set2_Return Games Played_player_1;set2_Return Games Played_player_2;set2_Service Games Played_player_1;set2_Service Games Played_player_2;set2_Total Points Won_player_1;set2_Total Points Won_player_2;set2_Total Return Points Won_player_1;set2_Total Return Points Won_player_2;set2_Total Service Points Won_player_1;set2_Total Service Points Won_player_2;h2h_wins_player_1;h2h_wins_player_2;Height_player_1;Height_player_2;Date of Birth_player_1;Date of Birth_player_2;Plays_player_1;Plays_player_2;url_match_stats;set3_1st Return Points Won_player_1;set3_1st Return Points Won_player_2;set3_1st Serve Points Won_player_1;set3_1st Serve Points Won_player_2;set3_1st Serve_player_1;set3_1st Serve_player_2;set3_2nd Return Points Won_player_1;set3_2nd Return Points Won_player_2;set3_2nd Serve Points Won_player_1;set3_2nd Serve Points Won_player_2;set3_Aces_player_1;set3_Aces_player_2;set3_Break Points Converted_player_1;set3_Break Points Converted_player_2;set3_Break Points Saved_player_1;set3_Break Points Saved_player_2;set3_Double Faults_player_1;set3_Double Faults_player_2;set3_Return Games Played_player_1;set3_Return Games Played_player_2;set3_Service Games Played_player_1;set3_Service Games Played_player_2;set3_Total Points Won_player_1;set3_Total Points Won_player_2;set3_Total Return Points Won_player_1;set3_Total Return Points Won_player_2;set3_Total Service Points Won_player_1;set3_Total Service Points Won_player_2
17/31;3/20;17/20;14/31;20/39;31/48;11/17;7/19;12/19;6/17;2;0;5/7;0/2;2/2;2/7;0;2;7;7;7;7;57/87;30/87;28/48;10/39;29/39;20/48;10/14;0/5;5/5;4/14;5/15;14/20;4/6;3/10;7/10;2/6;1;0;3/3;0/0;0/0;0/3;0;0;3;3;3;3;26/35;9/35;14/20;3/15;12/15;6/20;7/17;3/15;12/15;10/17;15/24;17/28;7/11;4/9;5/9;4/11;1;0;2/4;0/2;2/2;2/4;0;2;4;4;4;4;31/52;21/52;14/28;7/24;17/24;14/28;2;0;1.70;;33.25;29.92;Right-Handed;N/A;https://wtatennis.com/tournament/1082/prague/2018/scores/RS016;;;;;;;;;;;;;;;;;;;;;;;;;;;;
10/47;18/49;31/49;37/47;49/102;47/87;27/40;34/53;19/53;13/40;6;3;5/13;8/17;9/17;8/13;15;2;14;15;15;14;87/189;102/189;37/87;52/102;50/102;50/87;3/17;4/9;5/9;14/17;9/31;17/28;8/11;14/22;8/22;3/11;2;1;2/3;3/6;3/6;1/3;7;1;5;5;5;5;24/59;35/59;11/28;18/31;13/31;17/28;6/21;10/26;16/26;15/21;26/43;21/40;14/19;8/17;9/17;5/19;1;2;3/9;2/3;1/3;6/9;4;1;6;6;6;6;45/83;38/83;20/40;18/43;25/43;20/40;0;1;;1.59;30.83;32.08;Right-Handed;Left-Handed;https://wtatennis.com/tournament/1082/prague/2018/scores/RS017;1/9;4/14;10/14;8/9;14/28;9/19;5/10;12/14;2/14;5/10;3;0;0/1;3/8;5/8;1/1;4;0;3;4;4;3;18/47;29/47;6/19;16/28;12/28;13/19
23/48;13/36;23/36;25/48;36/48;48/75;20/27;5/12;7/12;7/27;0;0;6/13;2/5;3/5;7/13;2;11;8;8;8;8;73/123;50/123;43/75;18/48;30/48;32/75;10/23;4/14;10/14;13/23;14/21;23/33;8/10;1/7;6/7;2/10;0;0;2/5;0/0;0/0;3/5;1;3;3;4;4;3;34/54;20/54;18/33;5/21;16/21;15/33;13/25;9/22;13/22;12/25;22/27;25/42;12/17;4/5;1/5;5/17;0;0;4/8;2/5;3/5;4/8;1;8;5;4;4;5;39/69;30/69;25/42;13/27;14/27;17/42;1;0;1.63;1.54;27.42;35.5;Right-Handed;Right-Handed;https://wtatennis.com/tournament/1082/prague/2018/scores/RS028;;;;;;;;;;;;;;;;;;;;;;;;;;;;
11/41;15/24;9/24;30/41;24/41;41/53;6/12;10/17;7/17;6/12;0;0;1/6;5/7;2/7;5/6;4;0;8;8;8;8;33/94;61/94;17/53;25/41;16/41;36/53;7/25;6/9;3/9;18/25;9/14;25/33;4/8;3/5;2/5;4/8;0;0;0/5;2/3;1/3;5/5;2;0;4;3;3;4;16/47;31/47;11/33;9/14;5/14;22/33;4/16;9/15;6/15;12/16;15/27;16/20;2/4;7/12;5/12;2/4;0;0;1/1;3/4;1/4;0/1;2;0;4;5;5;4;17/47;30/47;6/20;16/27;11/27;14/20;0;2;1.69;1.72;29.75;30.5;Right-Handed;Right-Handed;https://wtatennis.com/tournament/1082/prague/2018/scores/RS029;;;;;;;;;;;;;;;;;;;;;;;;;;;;
12/36;24/47;23/47;24/36;47/72;36/54;6/18;17/25;8/25;12/18;0;4;1/7;5/17;12/17;6/7;2;1;8;7;7;8;49/126;77/126;18/54;41/72;31/72;36/54;3/17;19/40;21/40;14/17;40/57;17/19;0/2;10/17;7/17;2/2;0;1;0/0;2/12;10/12;0/0;2;0;4;4;4;4;31/76;45/76;3/19;29/57;28/57;16/19;9/19;5/7;2/7;10/19;7/15;19/35;6/16;7/8;1/8;10/16;0;3;1/7;3/5;2/5;6/7;0;1;4;3;3;4;18/50;32/50;15/35;12/15;3/15;20/35;0;1;1.80;1.68;24.92;44.5;Right-Handed;Left-Handed;https://wtatennis.com/tournament/1082/prague/2018/scores/RS027;;;;;;;;;;;;;;;;;;;;;;;;;;;;
14/40;9/21;12/21;26/40;21/50;40/57;9/17;21/29;8/29;8/17;3;0;1/7;6/9;3/9;6/7;2;6;7;8;8;7;43/107;64/107;23/57;30/50;20/50;34/57;9/30;3/10;7/10;21/30;10/25;30/42;7/12;10/15;5/15;5/12;1;0;0/6;2/3;1/3;6/6;1;4;4;4;4;4;28/67;39/67;16/42;13/25;12/25;26/42;5/10;6/11;5/11;5/10;11/25;10/15;2/5;11/14;3/14;3/5;2;0;1/1;4/6;2/6;0/1;1;2;3;4;4;3;15/40;25/40;7/15;17/25;8/25;8/15;0;1;;1.73;23.0;34.33;N/A;Right-Handed;https://wtatennis.com/tournament/1082/prague/2018/scores/RS026;;;;;;;;;;;;;;;;;;;;;;;;;;;;
11/43;21/48;27/48;32/43;48/81;43/54;7/11;20/33;13/33;4/11;2;3;1/1;4/14;10/14;0/1;2;2;9;8;8;9;58/135;77/135;18/54;41/81;40/81;36/54;8/25;7/12;5/12;17/25;12/21;25/31;4/6;4/9;5/9;2/6;1;2;1/1;2/4;2/4;0/1;0;1;5;4;4;5;22/52;30/52;12/31;11/21;10/21;19/31;3/18;14/36;22/36;15/18;36/60;18/23;3/5;16/24;8/24;2/5;1;1;0/0;2/10;8/10;0/0;2;1;4;4;4;4;36/83;47/83;6/23;30/60;30/60;17/23;0;2;1.69;1.79;24.67;26.67;Right-Handed;Right-Handed;https://wtatennis.com/tournament/1082/prague/2018/scores/RS025;;;;;;;;;;;;;;;;;;;;;;;;;;;;
23/52;10/28;18/28;29/52;28/51;52/78;13/26;19/23;4/23;13/26;4;3;4/10;6/6;0/6;6/10;5;4;10;9;9;10;58/129;71/129;36/78;29/51;22/51;42/78;11/27;6/15;9/15;16/27;15/22;27/40;6/13;5/7;2/7;7/13;2;2;1/2;2/2;0/2;1/2;2;2;5;4;4;5;28/62;34/62;17/40;11/22;11/22;23/40;12/25;4/13;9/13;13/25;13/29;25/38;7/13;14/16;2/16;6/13;2;1;3/8;4/4;0/4;5/8;3;2;5;5;5;5;30/67;37/67;19/38;18/29;11/29;19/38;0;1;1.69;1.69;28.83;28.17;Right-Handed;Right-Handed;https://wtatennis.com/tournament/1082/prague/2018/scores/RS030;;;;;;;;;;;;;;;;;;;;;;;;;;;;
37/70;28/69;41/69;33/70;69/92;70/112;24/42;11/23;12/23;18/42;2;4;8/21;5/10;5/10;13/21;0;4;14;14;14;14;114/204;90/204;61/112;39/92;53/92;51/112;17/32;14/29;15/29;15/32;29/38;32/51;10/19;7/9;2/9;9/19;0;3;3/7;4/5;1/5;4/7;0;2;6;6;6;6;44/89;45/89;27/51;21/38;17/38;24/51;10/16;8/21;13/21;6/16;21/28;16/30;8/14;2/7;5/7;6/14;0;0;3/10;1/4;3/4;7/10;0;1;4;4;4;4;36/58;22/58;18/30;10/28;18/28;12/30;1;0;1.70;1.78;27.0;26.17;Right-Handed;Right-Handed;https://wtatennis.com/tournament/1082/prague/2018/scores/RS021;10/22;6/19;13/19;12/22;19/26;22/31;6/9;2/7;5/7;3/9;2;1;2/4;0/1;1/1;2/4;0;1;4;4;4;4;34/57;23/57;16/31;8/26;18/26;15/31
12/40;18/39;21/39;28/40;39/70;40/51;3/11;15/31;16/31;8/11;2;3;2/4;4/12;8/12;2/4;5;0;10;9;9;10;52/121;69/121;15/51;33/70;37/70;36/51;8/21;12/24;12/24;13/21;24/43;21/25;1/4;10/19;9/19;3/4;2;1;2/4;3/9;6/9;2/4;4;0;5;5;5;5;30/68;38/68;9/25;22/43;21/43;16/25;4/19;6/15;9/15;15/19;15/27;19/26;2/7;5/12;7/12;5/7;0;2;0/0;1/3;2/3;0/0;1;0;5;4;4;5;22/53;31/53;6/26;11/27;16/27;20/26;0;1;;1.85;32.92;26.83;N/A;Right-Handed;https://wtatennis.com/tournament/1082/prague/2018/scores/RS031;;;;;;;;;;;;;;;;;;;;;;;;;;;;
22/60;21/54;33/54;38/60;54/93;60/118;40/58;27/39;12/39;18/58;1;3;8/23;7/12;5/12;15/23;8;14;15;14;14;15;107/211;104/211;62/118;48/93;45/93;56/118;4/13;7/11;4/11;9/13;11/25;13/29;10/16;11/14;3/14;6/16;0;0;2/5;4/5;1/5;3/5;3;5;4;4;4;4;21/54;33/54;14/29;18/25;7/25;15/29;10/29;10/30;20/30;19/29;30/46;29/43;10/14;9/16;7/16;4/14;0;1;2/9;1/2;1/2;7/9;3;2;6;6;6;6;47/89;42/89;20/43;19/46;27/46;23/43;1;0;1.73;1.75;25.58;20.92;Right-Handed;Right-Handed;https://wtatennis.com/tournament/1082/prague/2018/scores/RS023;8/18;4/13;9/13;10/18;13/22;18/46;20/28;7/9;2/9;8/28;1;2;4/9;2/5;3/5;5/9;2;7;5;4;4;5;39/68;29/68;28/46;11/22;11/22;18/46
23/47;22/54;32/54;24/47;54/86;47/75;18/28;20/32;12/32;10/28;2;1;7/9;6/15;9/15;2/9;5;7;13;13;13;13;85/161;76/161;41/75;42/86;44/86;34/75;9/19;7/21;14/21;10/19;21/28;19/28;7/9;5/7;2/7;2/9;2;0;3/3;1/4;3/4;0/3;1;4;5;4;4;5;32/56;24/56;16/28;12/28;16/28;12/28;4/11;9/18;9/18;7/11;18/25;11/23;6/12;6/7;1/7;6/12;0;0;1/2;3/8;5/8;1/2;2;2;4;4;4;4;20/48;28/48;10/23;15/25;10/25;13/23;1;0;1.70;1.70;28.08;30.42;Right-Handed;Right-Handed;https://wtatennis.com/tournament/1082/prague/2018/scores/RS024;10/17;6/15;9/15;7/17;15/33;17/24;5/7;9/18;9/18;2/7;0;1;3/4;2/3;1/3;1/4;2;1;4;5;5;4;33/57;24/57;15/24;15/33;18/33;9/24
19/54;16/36;20/36;35/54;36/51;54/73;9/19;5/15;10/15;10/19;1;3;1/10;4/8;4/8;9/10;2;2;9;9;9;9;58/124;66/124;28/73;21/51;30/51;45/73;11/30;3/14;11/14;19/30;14/24;30/41;3/11;3/10;7/10;8/11;1;2;0/6;1/2;1/2;6/6;1;1;5;5;5;5;32/65;33/65;14/41;6/24;18/24;27/41;8/24;13/22;9/22;16/24;22/27;24/32;6/8;2/5;3/5;2/8;0;1;1/4;3/6;3/6;3/4;1;1;4;4;4;4;26/59;33/59;14/32;15/27;12/27;18/32;0;1;1.56;1.77;28.58;28.58;Right-Handed;Right-Handed;https://wtatennis.com/tournament/1082/prague/2018/scores/RS020;;;;;;;;;;;;;;;;;;;;;;;;;;;;
12/40;18/31;13/31;28/40;31/59;40/54;8/14;16/28;12/28;6/14;0;1;2/5;6/10;4/10;3/5;4;0;9;10;10;9;45/113;68/113;20/54;34/59;25/59;34/54;7/26;9/21;12/21;19/26;21/41;26/37;6/11;9/20;11/20;5/11;0;0;1/3;2/6;4/6;2/3;2;0;6;6;6;6;36/78;42/78;13/37;18/41;23/41;24/37;5/14;9/10;1/10;9/14;10/18;14/17;2/3;7/8;1/8;1/3;0;1;1/2;4/4;0/4;1/2;2;0;3;4;4;3;9/35;26/35;7/17;16/18;2/18;10/17;0;1;;1.70;22.67;28.25;N/A;Right-Handed;https://wtatennis.com/tournament/1082/prague/2018/scores/RS022;;;;;;;;;;;;;;;;;;;;;;;;;;;;
12/24;16/41;25/41;12/24;41/57;24/43;13/19;6/16;10/16;6/19;0;0;5/11;1/3;2/3;6/11;0;0;7;8;8;7;60/100;40/100;25/43;22/57;35/57;18/43;5/10;10/24;14/24;5/10;24/33;10/19;5/9;3/9;6/9;4/9;0;0;2/3;1/1;0/1;1/3;0;0;4;5;5;4;30/52;22/52;10/19;13/33;20/33;9/19;7/14;6/17;11/17;7/14;17/24;14/24;8/10;3/7;4/7;2/10;0;0;3/8;0/2;2/2;5/8;0;0;3;3;3;3;30/48;18/48;15/24;9/24;15/24;9/24;1;0;1.63;1.72;27.42;30.5;Right-Handed;Right-Handed;https://wtatennis.com/tournament/1082/prague/2018/scores/RS014;;;;;;;;;;;;;;;;;;;;;;;;;;;;
9/26;9/34;25/34;17/26;34/63;26/46;10/20;11/29;18/29;10/20;10;2;3/3;0/5;5/5;0/3;1;3;9;9;9;9;62/109;47/109;19/46;20/63;43/63;27/46;3/13;4/19;15/19;10/13;19/40;13/23;4/10;10/21;11/21;6/10;6;1;1/1;0/4;4/4;0/1;0;2;5;5;5;5;33/63;30/63;7/23;14/40;26/40;16/23;6/13;5/15;10/15;7/13;15/23;13/23;6/10;1/8;7/8;4/10;4;1;2/2;0/1;1/1;0/2;1;1;4;4;4;4;29/46;17/46;12/23;6/23;17/23;11/23;2;0;1.70;1.59;33.25;32.08;Right-Handed;Left-Handed;https://wtatennis.com/tournament/1082/prague/2018/scores/RS008;;;;;;;;;;;;;;;;;;;;;;;;;;;;
16/47;18/49;31/49;31/47;49/70;47/64;5/17;14/21;7/21;12/17;1;3;2/4;4/12;8/12;2/4;4;0;11;10;10;11;59/134;75/134;21/64;32/70;38/70;43/64;8/22;9/23;14/23;14/22;23/29;22/28;1/6;5/6;1/6;5/6;0;1;1/3;2/7;5/7;2/3;3;0;5;4;4;5;24/57;33/57;9/28;14/29;15/29;19/28;8/25;9/26;17/26;17/25;26/41;25/36;4/11;9/15;6/15;7/11;1;2;1/1;2/5;3/5;0/1;1;0;6;6;6;6;35/77;42/77;12/36;18/41;23/41;24/36;0;3;1.73;1.68;34.33;44.5;Right-Handed;Left-Handed;https://wtatennis.com/tournament/1082/prague/2018/scores/RS013;;;;;;;;;;;;;;;;;;;;;;;;;;;;
5/28;18/29;11/29;23/28;29/46;28/43;8/15;10/17;7/17;7/15;1;4;0/0;5/5;0/5;0/0;3;4;7;7;7;7;31/89;58/89;13/43;28/46;18/46;30/43;4/16;10/19;9/19;12/16;19/28;16/28;6/12;4/9;5/9;6/12;1;3;0/0;2/2;0/2;0/0;2;3;4;4;4;4;24/56;32/56;10/28;14/28;14/28;18/28;1/12;8/10;2/10;11/12;10/18;12/15;2/3;6/8;2/8;1/3;0;1;0/0;3/3;0/3;0/0;1;1;3;3;3;3;7/33;26/33;3/15;14/18;4/18;12/15;1;1;1.85;1.85;28.17;26.83;Right-Handed;Right-Handed;https://wtatennis.com/tournament/1082/prague/2018/scores/RS015;;;;;;;;;;;;;;;;;;;;;;;;;;;;
10/40;18/44;26/44;30/40;44/73;40/53;6/13;16/29;13/29;7/13;3;0;2/3;4/15;11/15;1/3;1;0;10;10;10;10;55/126;71/126;16/53;34/73;39/73;37/53;3/15;10/23;13/23;12/15;23/36;15/25;4/10;7/13;6/13;6/10;2;0;1/1;2/9;7/9;0/1;0;0;5;5;5;5;26/61;35/61;7/25;17/36;19/36;18/25;7/25;8/21;13/21;18/25;21/37;25/28;2/3;9/16;7/16;1/3;1;0;1/2;2/6;4/6;1/2;1;0;5;5;5;5;29/65;36/65;9/28;17/37;20/37;19/28;0;1;;;25.08;25.42;Right-Handed;N/A;https://wtatennis.com/tournament/1082/prague/2018/scores/RS009;;;;;;;;;;;;;;;;;;;;;;;;;;;;
34/71;20/63;43/63;37/71;63/106;71/100;12/29;28/43;15/43;17/29;1;1;6/11;5/14;9/14;5/11;11;1;15;14;14;15;104/206;102/206;46/100;48/106;58/106;54/100;11/21;5/22;17/22;10/21;22/37;21/32;4/11;10/15;5/15;7/11;0;0;2/4;1/5;4/5;2/4;8;0;5;5;5;5;37/69;32/69;15/32;15/37;22/37;17/32;13/31;5/16;11/16;18/31;16/32;31/39;2/8;11/16;5/16;6/8;0;0;1/3;2/4;2/4;2/3;1;0;5;4;4;5;31/71;40/71;15/39;16/32;16/32;24/39;4;0;1.70;1.79;28.08;26.67;Right-Handed;Right-Handed;https://wtatennis.com/tournament/1082/prague/2018/scores/RS012;10/19;10/25;15/25;9/19;25/37;19/29;6/10;7/12;5/12;4/10;1;1;3/4;2/5;3/5;1/4;2;1;5;5;5;5;36/66;30/66;16/29;17/37;20/37;13/29
24/49;24/56;32/56;25/49;56/71;49/66;10/17;5/15;10/15;7/17;1;1;6/13;4/11;7/11;7/13;1;1;10;11;11;10;76/137;61/137;34/66;29/71;42/71;32/66;14/29;18/36;18/36;15/29;36/46;29/39;7/10;4/10;6/10;3/10;0;0;4/8;3/10;7/10;4/8;1;1;6;6;6;6;45/85;40/85;21/39;22/46;24/46;18/39;10/20;6/20;14/20;10/20;20/25;20/27;3/7;1/5;4/5;4/7;1;1;2/5;1/1;0/1;3/5;0;0;4;5;5;4;31/52;21/52;13/27;7/25;18/25;14/27;2;0;1.77;1.70;28.58;27.0;Right-Handed;Right-Handed;https://wtatennis.com/tournament/1082/prague/2018/scores/RS010;;;;;;;;;;;;;;;;;;;;;;;;;;;;
13/49;21/49;28/49;36/49;49/72;49/78;16/29;9/23;14/23;13/29;1;5;2/8;4/10;6/10;6/8;3;5;10;10;10;10;71/150;79/150;29/78;30/72;42/72;49/78;3/14;10/20;10/20;11/14;20/32;14/29;6/15;5/12;7/12;9/15;0;2;0/3;2/6;4/6;3/3;3;2;4;4;4;4;26/61;35/61;9/29;15/32;17/32;20/29;10/35;11/29;18/29;25/35;29/40;35/49;10/14;4/11;7/11;4/14;1;3;2/5;2/4;2/4;3/5;0;3;6;6;6;6;45/89;44/89;20/49;15/40;25/40;29/49;0;1;1.70;1.73;28.25;25.58;Right-Handed;Right-Handed;https://wtatennis.com/tournament/1082/prague/2018/scores/RS011;;;;;;;;;;;;;;;;;;;;;;;;;;;;
13/36;27/54;27/54;23/36;54/79;36/54;9/18;12/25;13/25;9/18;0;1;3/6;6/13;7/13;3/6;2;2;10;11;11;10;62/133;71/133;22/54;39/79;40/79;32/54;4/11;12/23;11/23;7/11;23/33;11/19;3/8;4/10;6/10;5/8;0;0;1/1;3/6;3/6;0/1;2;0;4;5;5;4;24/52;28/52;7/19;16/33;17/33;12/19;9/25;15/31;16/31;16/25;31/46;25/35;6/10;8/15;7/15;4/10;0;1;2/5;3/7;4/7;3/5;0;2;6;6;6;6;38/81;43/81;15/35;23/46;23/46;20/35;0;2;1.63;1.85;27.42;26.83;Right-Handed;Right-Handed;https://wtatennis.com/tournament/1082/prague/2018/scores/RS007;;;;;;;;;;;;;;;;;;;;;;;;;;;;
13/37;19/40;21/40;24/37;40/65;37/54;6/17;14/25;11/25;11/17;1;2;2/5;6/7;1/7;3/5;8;0;9;10;10;9;51/119;68/119;19/54;33/65;32/65;35/54;1/9;6/13;7/13;8/9;13/27;9/14;1/5;9/14;5/14;4/5;0;2;0/0;3/3;0/3;0/0;5;0;3;4;4;3;14/41;27/41;2/14;15/27;12/27;12/14;12/28;13/27;14/27;16/28;27/38;28/40;5/12;5/11;6/11;7/12;1;0;2/5;3/4;1/4;3/5;3;0;6;6;6;6;37/78;41/78;17/40;18/38;20/38;23/40;0;1;1.70;1.68;28.08;44.5;Right-Handed;Left-Handed;https://wtatennis.com/tournament/1082/prague/2018/scores/RS006;;;;;;;;;;;;;;;;;;;;;;;;;;;;
13/38;30/63;33/63;25/38;63/80;38/63;10/25;9/17;8/17;15/25;1;0;2/3;4/8;4/8;1/3;0;4;10;10;10;10;64/143;79/143;23/63;39/80;41/80;40/63;5/19;11/23;12/23;14/19;23/28;19/30;5/11;3/5;2/5;6/11;1;0;0/1;2/3;1/3;1/1;0;1;4;4;4;4;24/58;34/58;10/30;14/28;14/28;20/30;8/19;19/40;21/40;11/19;40/52;19/33;5/14;6/12;6/12;9/14;0;0;2/2;2/5;3/5;0/2;0;3;6;6;6;6;40/85;45/85;13/33;25/52;27/52;20/33;1;4;1.77;1.73;28.58;25.58;Right-Handed;Right-Handed;https://wtatennis.com/tournament/1082/prague/2018/scores/RS005;;;;;;;;;;;;;;;;;;;;;;;;;;;;
20/41;13/40;27/40;21/41;40/63;41/53;9/12;12/23;11/23;3/12;4;1;5/8;2/8;6/8;3/8;2;3;9;9;9;9;67/116;49/116;29/53;25/63;38/63;24/53;14/26;9/23;14/23;12/26;23/42;26/32;4/6;11/19;8/19;2/6;2;1;3/5;2/8;6/8;2/5;2;1;5;5;5;5;40/74;34/74;18/32;20/42;22/42;14/32;6/15;4/17;13/17;9/15;17/21;15/21;5/6;1/4;3/4;1/6;2;0;2/3;0/0;0/0;1/3;0;2;4;4;4;4;27/42;15/42;11/21;5/21;16/21;10/21;1;0;1.70;;33.25;25.42;Right-Handed;N/A;https://wtatennis.com/tournament/1082/prague/2018/scores/RS004;;;;;;;;;;;;;;;;;;;;;;;;;;;;
14/38;17/31;14/31;24/38;31/57;38/66;17/28;20/26;6/26;11/28;1;2;3/6;7/14;7/14;3/6;4;3;8;8;8;8;51/123;72/123;31/66;37/57;20/57;35/66;2/11;6/13;7/13;9/11;13/26;11/26;8/15;10/13;3/13;7/15;1;1;0/1;3/5;2/5;1/1;2;1;3;4;4;3;20/52;32/52;10/26;16/26;10/26;16/26;12/27;11/18;7/18;15/27;18/31;27/40;9/13;10/13;3/13;4/13;0;1;3/5;4/9;5/9;2/5;2;2;5;4;4;5;31/71;40/71;21/40;21/31;10/31;19/40;1;3;1.70;1.76;31.08;28.75;Right-Handed;Right-Handed;https://wtatennis.com/tournament/1082/prague/2018/scores/LS026;;;;;;;;;;;;;;;;;;;;;;;;;;;;
11/29;9/34;25/34;18/29;34/81;29/60;21/31;29/47;18/47;10/31;1;1;6/8;3/10;7/10;2/8;9;11;10;10;10;10;75/141;66/141;32/60;38/81;43/81;28/60;6/15;4/16;12/16;9/15;16/36;15/25;8/10;12/20;8/20;2/10;1;1;3/4;1/3;2/3;1/4;3;7;4;4;4;4;34/61;27/61;14/25;16/36;20/36;11/25;5/14;5/18;13/18;9/14;18/45;14/35;13/21;17/27;10/27;8/21;0;0;3/4;2/7;5/7;1/4;6;4;6;6;6;6;41/80;39/80;18/35;22/45;23/45;17/35;4;2;1.70;1.83;28.08;26.58;Right-Handed;Right-Handed;https://wtatennis.com/tournament/1082/prague/2018/scores/LS022;;;;;;;;;;;;;;;;;;;;;;;;;;;;
16/41;6/34;28/34;25/41;34/65;41/81;24/40;18/31;13/31;16/40;9;0;5/14;2/4;2/4;9/14;9;5;10;9;9;10;81/146;65/146;40/81;24/65;41/65;41/81;7/22;5/20;15/20;15/22;20/45;22/49;15/27;13/25;12/25;12/27;4;0;2/6;2/4;2/4;4/6;7;3;6;6;6;6;49/94;45/94;22/49;18/45;27/45;27/49;9/19;1/14;13/14;10/19;14/20;19/32;9/13;5/6;1/6;4/13;5;0;3/8;0/0;0/0;5/8;2;2;4;3;3;4;32/52;20/52;18/32;6/20;14/20;14/32;3;0;1.75;1.68;28.58;31.17;Right-Handed;Right-Handed;https://wtatennis.com/tournament/1082/prague/2018/scores/LS029;;;;;;;;;;;;;;;;;;;;;;;;;;;;
19/52;11/40;29/40;33/52;40/66;52/80;16/28;10/26;16/26;12/28;2;1;3/11;1/3;2/3;8/11;3;5;10;10;10;10;80/146;66/146;35/80;21/66;45/66;45/80;9/22;2/13;11/13;13/22;13/22;22/29;4/7;4/9;5/9;3/7;1;0;2/7;0/0;0/0;5/7;2;1;4;4;4;4;29/51;22/51;13/29;6/22;16/22;16/29;10/30;9/27;18/27;20/30;27/44;30/51;12/21;6/17;11/17;9/21;1;1;1/4;1/3;2/3;3/4;1;4;6;6;6;6;51/95;44/95;22/51;15/44;29/44;29/51;2;2;1.74;1.80;27.08;35.75;Right-Handed;Right-Handed;https://wtatennis.com/tournament/1082/prague/2018/scores/LS028;;;;;;;;;;;;;;;;;;;;;;;;;;;;
23/46;14/37;23/37;23/46;37/58;46/71;18/25;13/21;8/21;7/25;4;0;7/15;5/11;6/11;8/15;3;10;10;10;10;10;72/129;57/129;41/71;27/58;31/58;30/71;10/21;5/16;11/16;11/21;16/25;21/35;9/14;4/9;5/9;5/14;2;0;3/4;2/5;3/5;1/4;0;4;5;5;5;5;35/60;25/60;19/35;9/25;16/25;16/35;13/25;9/21;12/21;12/25;21/33;25/36;9/11;9/12;3/12;2/11;2;0;4/11;3/6;3/6;7/11;3;6;5;5;5;5;37/69;32/69;22/36;18/33;15/33;14/36;1;0;1.85;1.76;26.33;28.33;Right-Handed;Right-Handed;https://wtatennis.com/tournament/1082/prague/2018/scores/LS030;;;;;;;;;;;;;;;;;;;;;;;;;;;;
17/47;12/32;20/32;30/47;32/64;47/66;8/19;20/32;12/32;11/19;1;6;2/6;4/12;8/12;4/6;5;0;10;9;9;10;57/130;73/130;25/66;32/64;32/64;41/66;12/30;7/22;15/22;18/30;22/40;30/38;4/8;11/18;7/18;4/8;0;2;2/2;2/5;3/5;0/2;3;0;6;6;6;6;38/78;40/78;16/38;18/40;22/40;22/38;5/17;5/10;5/10;12/17;10/24;17/28;4/11;9/14;5/14;7/11;1;4;0/4;2/7;5/7;4/4;2;0;4;3;3;4;19/52;33/52;9/28;14/24;10/24;19/28;0;1;1.80;1.72;25.08;31.42;Right-Handed;Right-Handed;https://wtatennis.com/tournament/1082/prague/2018/scores/LS017;;;;;;;;;;;;;;;;;;;;;;;;;;;;
17/43;15/40;25/40;26/43;40/61;43/63;13/20;16/21;5/21;7/20;2;2;4/7;4/7;3/7;3/7;5;2;10;10;10;10;60/124;64/124;30/63;31/61;30/61;33/63;7/18;6/16;10/16;11/18;16/23;18/28;4/10;6/7;1/7;6/10;1;1;1/1;2/2;0/2;0/1;0;1;5;4;4;5;22/51;29/51;11/28;12/23;11/23;17/28;10/25;9/24;15/24;15/25;24/35;25/35;9/10;7/11;4/11;1/10;1;1;3/6;2/5;3/5;3/6;3;1;5;5;5;5;38/70;32/70;19/35;16/35;19/35;16/35;3;3;1.66;1.75;29.25;39.17;Right-Handed;Right-Handed;https://wtatennis.com/tournament/1082/prague/2018/scores/LS020;0/0;0/0;0/0;0/0;0/3;0/0;0/0;3/3;0/3;0/0;0;0;0/0;0/0;0/0;0/0;2;0;0;1;1;0;0/3;3/3;0/0;3/3;0/3;0/0
27/57;31/69;38/69;30/57;69/89;57/79;12/22;11/20;9/20;10/22;0;0;6/11;4/8;4/8;5/11;0;2;11;10;10;11;86/168;82/168;39/79;42/89;47/89;40/79;12/32;23/46;23/46;20/32;46/59;32/41;6/9;7/13;6/13;3/9;0;0;3/5;3/5;2/5;2/5;0;2;6;6;6;6;47/100;53/100;18/41;30/59;29/59;23/41;15/25;8/23;15/23;10/25;23/30;25/38;6/13;4/7;3/7;7/13;0;0;3/6;1/3;2/3;3/6;0;0;5;4;4;5;39/68;29/68;21/38;12/30;18/30;17/38;2;2;1.63;1.70;27.42;26.08;Right-Handed;Right-Handed;https://wtatennis.com/tournament/1082/prague/2018/scores/LS027;;;;;;;;;;;;;;;;;;;;;;;;;;;;
12/49;18/51;33/51;37/49;51/84;49/77;18/28;20/33;13/33;10/28;2;12;3/9;4/11;7/11;6/9;6;4;11;10;10;11;76/161;85/161;30/77;38/84;46/84;47/77;6/24;14/39;25/39;18/24;39/62;24/44;13/20;15/23;8/23;7/20;2;5;2/3;2/9;7/9;1/3;6;4;6;6;6;6;52/106;54/106;19/44;29/62;33/62;25/44;6/25;4/12;8/12;19/25;12/22;25/33;5/8;5/10;5/10;3/8;0;7;1/6;2/2;0/2;5/6;0;0;5;4;4;5;24/55;31/55;11/33;9/22;13/22;22/33;2;1;1.74;1.84;29.17;31.25;Right-Handed;Left-Handed;https://wtatennis.com/tournament/1082/prague/2018/scores/LS016;;;;;;;;;;;;;;;;;;;;;;;;;;;;
17/39;7/33;26/33;22/39;33/62;39/51;5/12;16/29;13/29;7/12;2;1;4/7;2/8;6/8;3/7;6;2;10;10;10;10;61/113;52/113;22/51;23/62;39/62;29/51;10/20;3/16;13/16;10/20;16/29;20/25;1/5;8/13;5/13;4/5;0;1;2/4;1/3;2/3;2/4;2;0;5;5;5;5;29/54;25/54;11/25;11/29;18/29;14/25;7/19;4/17;13/17;12/19;17/33;19/26;4/7;8/16;8/16;3/7;2;0;2/3;1/5;4/5;1/3;4;2;5;5;5;5;32/59;27/59;11/26;12/33;21/33;15/26;1;0;1.80;1.68;30.25;44.5;Right-Handed;Left-Handed;https://wtatennis.com/tournament/1082/prague/2018/scores/LS021;;;;;;;;;;;;;;;;;;;;;;;;;;;;
18/54;18/50;32/50;36/54;50/91;54/95;25/41;19/41;22/41;16/41;5;4;5/9;4/8;4/8;4/9;3;7;13;14;14;13;97/186;89/186;43/95;37/91;54/91;52/95;4/19;5/13;8/13;15/19;13/24;19/27;5/8;6/11;5/11;3/8;0;2;0/1;2/5;3/5;1/1;1;2;4;4;4;4;22/51;29/51;9/27;11/24;13/24;18/27;6/14;3/15;12/15;8/14;15/24;14/28;9/14;5/9;4/9;5/14;2;1;2/4;0/0;0/0;2/4;1;2;3;4;4;3;31/52;21/52;15/28;8/24;16/24;13/28;1;2;1.73;1.76;25.58;28.5;Right-Handed;Left-Handed;https://wtatennis.com/tournament/1082/prague/2018/scores/LS025;8/21;10/22;12/22;13/21;22/43;21/40;11/19;8/21;13/21;8/19;3;1;3/4;2/3;1/3;1/4;1;3;6;6;6;6;44/83;39/83;19/40;18/43;25/43;21/40
8/32;20/41;21/41;24/32;41/56;32/48;6/16;9/15;6/15;10/16;0;1;1/2;5/6;1/6;1/2;0;1;9;10;10;9;41/104;63/104;14/48;29/56;27/56;34/48;4/11;9/19;10/19;7/11;19/26;11/19;2/8;7/7;0/7;6/8;0;0;0/1;3/4;1/4;1/1;0;1;3;4;4;3;16/45;29/45;6/19;16/26;10/26;13/19;4/21;11/22;11/22;17/21;22/30;21/29;4/8;2/8;6/8;4/8;0;1;1/1;2/2;0/2;0/1;0;0;6;6;6;6;25/59;34/59;8/29;13/30;17/30;21/29;0;1;1.85;1.75;27.0;35.08;Left-Handed;Left-Handed;https://wtatennis.com/tournament/1082/prague/2018/scores/LS019;;;;;;;;;;;;;;;;;;;;;;;;;;;;
22/48;18/52;34/52;26/48;52/76;48/74;15/26;14/24;10/24;11/26;6;4;6/10;3/7;4/7;4/10;5;5;11;11;11;11;81/150;69/150;37/74;32/76;44/76;37/74;8/11;2/9;7/9;3/11;9/15;11/18;5/7;1/6;5/6;2/7;1;1;3/4;0/0;0/0;1/4;1;1;3;3;3;3;25/33;8/33;13/18;3/15;12/15;5/18;2/13;12/28;16/28;11/13;28/39;13/18;0/5;8/11;3/11;5/5;4;2;0/0;2/6;4/6;0/0;3;0;4;4;4;4;21/57;36/57;2/18;20/39;19/39;16/18;1;2;1.68;1.64;31.42;37.17;Right-Handed;Right-Handed;https://wtatennis.com/tournament/1082/prague/2018/scores/LS023;12/24;4/15;11/15;12/24;15/22;24/38;10/14;5/7;2/7;4/14;1;1;3/6;1/1;0/1;3/6;1;4;4;4;4;4;35/60;25/60;22/38;9/22;13/22;16/38
16/38;20/48;28/48;22/38;48/69;38/73;17/35;5/21;16/21;18/35;1;3;4/12;2/4;2/4;8/12;0;2;11;11;11;11;77/142;65/142;33/73;25/69;44/69;40/73;8/20;7/21;14/21;12/20;21/28;20/38;10/18;2/7;5/7;8/18;0;1;2/8;1/2;1/2;6/8;0;2;5;5;5;5;37/66;29/66;18/38;9/28;19/28;20/38;8/18;13/27;14/27;10/18;27/41;18/35;7/17;3/14;11/14;10/17;1;2;2/4;1/2;1/2;2/4;0;0;6;6;6;6;40/76;36/76;15/35;16/41;25/41;20/35;1;1;1.77;1.70;34.42;33.25;Right-Handed;Right-Handed;https://wtatennis.com/tournament/1082/prague/2018/scores/LS024;;;;;;;;;;;;;;;;;;;;;;;;;;;;
8/34;20/34;14/34;26/34;34/57;34/50;7/16;13/23;10/23;9/16;2;1;2/4;6/11;5/11;2/4;6;1;9;9;9;9;39/107;68/107;15/50;33/57;24/57;35/50;0/7;10/16;6/16;7/7;16/23;7/13;1/6;5/7;2/7;5/6;1;0;0/0;3/5;2/5;0/0;2;0;3;3;3;3;9/36;27/36;1/13;15/23;8/23;12/13;8/27;10/18;8/18;19/27;18/34;27/37;6/10;8/16;8/16;4/10;1;1;2/4;3/6;3/6;2/4;4;1;6;6;6;6;30/71;41/71;14/37;18/34;16/34;23/37;1;2;1.85;1.85;32.92;26.83;Right-Handed;Right-Handed;https://wtatennis.com/tournament/1082/prague/2018/scores/LS018;;;;;;;;;;;;;;;;;;;;;;;;;;;;
13/46;6/43;37/43;33/46;43/67;46/64;10/18;11/24;13/24;8/18;13;3;2/7;0/6;6/6;5/7;3;2;10;10;10;10;73/131;58/131;23/64;17/67;50/67;41/64;4/13;4/16;12/16;9/13;16/30;13/22;6/9;6/14;8/14;3/9;3;1;2/4;0/4;4/4;2/4;1;1;4;4;4;4;30/52;22/52;10/22;10/30;20/30;12/22;9/33;2/27;25/27;24/33;27/37;33/42;4/9;5/10;5/10;5/9;10;2;0/3;0/2;2/2;3/3;2;1;6;6;6;6;43/79;36/79;13/42;7/37;30/37;29/42;1;1;1.84;1.72;31.25;31.42;Left-Handed;Right-Handed;https://wtatennis.com/tournament/1082/prague/2018/scores/LS008;;;;;;;;;;;;;;;;;;;;;;;;;;;;
15/37;4/27;23/27;22/37;27/45;37/66;12/29;3/18;15/18;17/29;8;5;3/9;1/1;0/1;6/9;1;3;10;10;10;10;65/111;46/111;27/66;7/45;38/45;39/66;11/23;1/12;11/12;12/23;12/21;23/35;2/12;0/9;9/9;10/12;4;3;1/5;0/0;0/0;4/5;0;0;5;5;5;5;33/56;23/56;13/35;1/21;20/21;22/35;4/14;3/15;12/15;10/14;15/24;14/31;10/17;3/9;6/9;7/17;4;2;2/4;1/1;0/1;2/4;1;3;5;5;5;5;32/55;23/55;14/31;6/24;18/24;17/31;1;0;1.75;1.80;39.17;30.25;Right-Handed;Right-Handed;https://wtatennis.com/tournament/1082/prague/2018/scores/LS010;;;;;;;;;;;;;;;;;;;;;;;;;;;;
14/42;11/23;12/23;28/42;23/43;42/59;11/17;14/20;6/20;6/17;1;1;2/6;5/7;2/7;4/6;2;0;9;8;8;9;43/102;59/102;25/59;25/43;18/43;34/59;8/20;6/15;9/15;12/20;15/28;20/30;7/10;10/13;3/13;3/10;1;0;2/4;3/5;2/5;2/4;1;0;5;5;5;5;27/58;31/58;15/30;16/28;12/28;15/30;6/22;5/8;3/8;16/22;8/15;22/29;4/7;4/7;3/7;3/7;0;1;0/2;2/2;0/2;2/2;1;0;4;3;3;4;16/44;28/44;10/29;9/15;6/15;19/29;1;6;1.76;1.63;28.75;27.42;Right-Handed;Right-Handed;https://wtatennis.com/tournament/1082/prague/2018/scores/LS013;;;;;;;;;;;;;;;;;;;;;;;;;;;;
12/50;19/64;45/64;38/50;64/106;50/84;18/34;22/42;20/42;16/34;5;15;3/7;2/10;8/10;4/7;5;5;14;14;14;14;95/190;95/190;30/84;41/106;65/106;54/84;1/13;2/17;15/17;12/13;17/30;13/27;8/14;7/13;6/13;6/14;3;6;1/1;0/0;0/0;0/1;0;2;5;5;5;5;30/57;27/57;9/27;9/30;21/30;18/27;9/27;13/28;15/28;18/27;28/47;27/36;5/9;11/19;8/19;4/9;0;7;1/4;2/8;6/8;3/4;3;1;5;4;4;5;37/83;46/83;14/36;24/47;23/47;22/36;3;4;1.74;1.75;27.08;28.58;Right-Handed;Right-Handed;https://wtatennis.com/tournament/1082/prague/2018/scores/LS014;2/10;4/19;15/19;8/10;19/29;10/21;5/11;4/10;6/10;6/11;2;2;1/2;0/2;2/2;1/2;2;2;4;5;5;4;28/50;22/50;7/21;8/29;21/29;14/21
14/42;22/50;28/50;28/42;50/68;42/62;11/20;14/18;4/18;9/20;3;1;2/6;5/11;6/11;4/6;1;6;9;9;9;9;57/130;73/130;25/62;36/68;32/68;37/62;2/11;8/16;8/16;9/11;16/23;11/17;2/6;7/7;0/7;4/6;1;1;0/2;3/6;3/6;2/2;1;0;3;3;3;3;12/40;28/40;4/17;15/23;8/23;13/17;12/31;14/34;20/34;19/31;34/45;31/45;9/14;7/11;4/11;5/14;2;0;2/4;2/5;3/5;2/4;0;6;6;6;6;6;45/90;45/90;21/45;21/45;24/45;24/45;0;1;1.85;1.75;26.83;35.08;Right-Handed;Left-Handed;https://wtatennis.com/tournament/1082/prague/2018/scores/LS009;;;;;;;;;;;;;;;;;;;;;;;;;;;;
9/32;18/40;22/40;23/32;40/68;32/52;11/20;20/28;8/28;9/20;0;4;3/6;6/9;3/9;3/6;10;2;9;9;9;9;50/120;70/120;20/52;38/68;30/68;32/52;4/19;8/23;15/23;15/19;23/44;19/30;6/11;13/21;8/21;5/11;0;2;1/3;2/4;2/4;2/3;7;2;5;5;5;5;33/74;41/74;10/30;21/44;23/44;20/30;5/13;10/17;7/17;8/13;17/24;13/22;5/9;7/7;0/7;4/9;0;2;2/3;4/5;1/5;1/3;3;0;4;4;4;4;17/46;29/46;10/22;17/24;7/24;12/22;1;1;1.70;1.68;28.08;31.42;Right-Handed;Right-Handed;https://wtatennis.com/tournament/1082/prague/2018/scores/LS011;;;;;;;;;;;;;;;;;;;;;;;;;;;;
10/29;12/24;12/24;19/29;24/40;29/46;3/17;8/16;8/16;14/17;1;1;0/1;4/4;0/4;1/1;3;2;8;8;8;8;33/86;53/86;13/46;20/40;20/40;33/46;4/13;5/13;8/13;9/13;13/24;13/20;0/7;5/11;6/11;7/7;1;1;0/0;2/2;0/2;0/0;1;0;4;5;5;4;18/44;26/44;4/20;10/24;14/24;16/20;6/16;7/11;4/11;10/16;11/16;16/26;3/10;3/5;2/5;7/10;0;0;0/1;2/2;0/2;1/1;2;2;4;3;3;4;15/42;27/42;9/26;10/16;6/16;17/26;0;1;1.85;1.82;26.33;33.25;Right-Handed;Left-Handed;https://wtatennis.com/tournament/1082/prague/2018/scores/LS015;;;;;;;;;;;;;;;;;;;;;;;;;;;;
9/35;19/46;27/46;26/35;46/70;35/51;6/16;14/24;10/24;10/16;4;4;0/3;4/13;9/13;3/3;1;4;8;9;9;8;52/121;69/121;15/51;33/70;37/70;36/51;2/12;9/23;14/23;10/12;23/34;12/25;5/13;7/11;4/11;8/13;1;1;0/1;2/6;4/6;1/1;0;3;4;4;4;4;25/59;34/59;7/25;16/34;18/34;18/25;7/23;10/23;13/23;16/23;23/36;23/26;1/3;7/13;6/13;2/3;3;3;0/2;2/7;5/7;2/2;1;1;4;5;5;4;27/62;35/62;8/26;17/36;19/36;18/26;1;2;1.75;1.68;39.17;31.42;Right-Handed;Right-Handed;https://wtatennis.com/tournament/1082/prague/2018/scores/LS005;;;;;;;;;;;;;;;;;;;;;;;;;;;;
13/45;18/42;24/42;32/45;42/61;45/70;12/25;10/19;9/19;13/25;3;4;0/4;3/11;8/11;4/4;0;3;9;8;8;9;58/131;73/131;25/70;28/61;33/61;45/70;8/22;10/20;10/20;14/22;20/28;22/28;2/6;4/8;4/8;4/6;1;1;0/0;2/4;2/4;0/0;0;0;4;4;4;4;24/56;32/56;10/28;14/28;14/28;18/28;5/23;8/22;14/22;18/23;22/33;23/42;10/19;6/11;5/11;9/19;2;3;0/4;1/7;6/7;4/4;0;3;5;4;4;5;34/75;41/75;15/42;14/33;19/33;27/42;0;2;1.84;1.75;31.25;35.08;Left-Handed;Left-Handed;https://wtatennis.com/tournament/1082/prague/2018/scores/LS004;;;;;;;;;;;;;;;;;;;;;;;;;;;;
23/46;14/43;29/43;23/46;43/58;46/69;10/23;5/15;10/15;13/23;5;0;4/10;2/4;2/4;6/10;1;2;9;10;10;9;72/127;55/127;33/69;19/58;39/58;36/69;14/28;3/17;14/17;14/28;17/21;28/44;6/16;1/4;3/4;10/16;3;0;2/5;1/1;0/1;3/5;0;0;5;5;5;5;37/65;28/65;20/44;4/21;17/21;24/44;9/18;11/26;15/26;9/18;26/37;18/25;4/7;4/11;7/11;3/7;2;0;2/5;1/3;2/3;3/5;1;2;4;5;5;4;35/62;27/62;13/25;15/37;22/37;12/25;3;0;1.77;1.63;34.42;27.42;Right-Handed;Right-Handed;https://wtatennis.com/tournament/1082/prague/2018/scores/LS006;;;;;;;;;;;;;;;;;;;;;;;;;;;;
9/29;15/30;15/30;20/29;30/51;29/51;8/22;12/21;9/21;14/22;1;1;2/2;5/8;3/8;0/2;4;2;9;9;9;9;41/102;61/102;17/51;27/51;24/51;34/51;6/17;7/14;7/14;11/17;14/21;17/28;3/11;4/7;3/7;8/11;1;0;1/1;2/3;1/3;0/1;3;1;5;4;4;5;19/49;30/49;9/28;11/21;10/21;19/28;3/12;8/16;8/16;9/12;16/30;12/23;5/11;8/14;6/14;6/11;0;1;1/1;3/5;2/5;0/1;1;1;4;5;5;4;22/53;31/53;8/23;16/30;14/30;15/23;0;3;1.74;1.82;27.08;33.25;Right-Handed;Left-Handed;https://wtatennis.com/tournament/1082/prague/2018/scores/LS007;;;;;;;;;;;;;;;;;;;;;;;;;;;;
28/64;23/57;34/57;36/64;57/91;64/102;21/38;18/34;16/34;17/38;1;0;8/12;6/17;11/17;4/12;2;8;16;15;15;16;99/193;94/193;49/102;41/91;50/91;53/102;6/18;11/27;16/27;12/18;27/40;18/24;2/6;8/13;5/13;4/6;1;0;1/1;2/9;7/9;0/1;1;0;5;5;5;5;29/64;35/64;8/24;19/40;21/40;16/24;12/24;4/13;9/13;12/24;13/20;24/40;8/16;2/7;5/7;8/16;0;0;3/5;1/2;1/2;2/5;0;3;5;4;4;5;34/60;26/60;20/40;6/20;14/20;20/40;1;0;1.75;1.68;35.08;31.42;Left-Handed;Right-Handed;https://wtatennis.com/tournament/1082/prague/2018/scores/LS002;10/22;8/17;9/17;12/22;17/31;22/38;11/16;8/14;6/14;5/16;0;0;4/6;3/6;3/6;2/6;1;5;6;6;6;6;36/69;33/69;21/38;16/31;15/31;17/38
6/36;13/39;26/39;30/36;39/64;36/54;8/18;18/25;7/25;10/18;1;7;0/0;3/7;4/7;0/0;5;4;9;9;9;9;47/118;71/118;14/54;31/64;33/64;40/54;3/25;9/33;24/33;22/25;33/50;25/38;7/13;10/17;7/17;6/13;1;4;0/0;0/3;3/3;0/0;3;3;6;6;6;6;41/88;47/88;10/38;19/50;31/50;28/38;3/11;4/6;2/6;8/11;6/14;11/16;1/5;8/8;0/8;4/5;0;3;0/0;3/4;1/4;0/0;2;1;3;3;3;3;6/30;24/30;4/16;12/14;2/14;12/16;2;5;1.77;1.82;34.42;33.25;Right-Handed;Left-Handed;https://wtatennis.com/tournament/1082/prague/2018/scores/LS003;;;;;;;;;;;;;;;;;;;;;;;;;;;;
26/73;23/65;42/65;47/73;65/90;73/103;14/30;17/25;8/25;16/30;1;4;3/12;5/12;7/12;9/12;4;7;14;13;13;14;90/193;103/193;40/103;40/90;50/90;63/103;12/32;10/30;20/30;20/32;30/39;32/42;7/10;5/9;4/9;3/10;0;3;2/5;1/5;4/5;3/5;1;5;5;5;5;5;43/81;38/81;19/42;15/39;24/39;23/42;6/21;7/15;8/15;15/21;15/23;21/31;6/10;7/8;1/8;4/10;1;0;1/7;3/3;0/3;6/7;2;1;4;4;4;4;21/54;33/54;12/31;14/23;9/23;19/31;0;2;1.75;1.82;35.08;33.25;Left-Handed;Left-Handed;https://wtatennis.com/tournament/1082/prague/2018/scores/LS001;8/20;6/20;14/20;12/20;20/28;20/30;1/10;5/8;3/8;9/10;0;1;0/0;1/4;3/4;0/0;1;1;5;4;4;5;26/58;32/58;9/30;11/28;17/28;21/30
