match_1st Return Points Won_player_1;match_1st Return Points Won_player_2;match_1st Serve Points Won_player_1;match_1st Serve Points Won_player_2;match_1st Serve_player_1;match_1st Serve_player_2;match_2nd Return Points Won_player_1;match_2nd Return Points Won_player_2;match_2nd Serve Points Won_player_1;match_2nd Serve Points Won_player_2;match_Aces_player_1;match_Aces_player_2;match_Break Points Converted_player_1;match_Break Points Converted_player_2;match_Break Points Saved_player_1;match_Break Points Saved_player_2;match_Double Faults_player_1;match_Double Faults_player_2;match_Return Games Played_player_1;match_Return Games Played_player_2;match_Service Games Played_player_1;match_Service Games Played_player_2;match_Total Points Won_player_1;match_Total Points Won_player_2;match_Total Return Points Won_player_1;match_Total Return Points Won_player_2;match_Total Service Points Won_player_1;match_Total Service Points Won_player_2;set1_1st Return Points Won_player_1;set1_1st Return Points Won_player_2;set1_1st Serve Points Won_player_1;set1_1st Serve Points Won_player_2;set1_1st Serve_player_1;set1_1st Serve_player_2;set1_2nd Return Points Won_player_1;set1_2nd Return Points Won_player_2;set1_2nd Serve Points Won_player_1;set1_2nd Serve Points Won_player_2;set1_Aces_player_1;set1_Aces_player_2;set1_Break Points Converted_player_1;set1_Break Points Converted_player_2;set1_Break Points Saved_player_1;set1_Break Points Saved_player_2;set1_Double Faults_player_1;set1_Double Faults_player_2;set1_Return Games Played_player_1;set1_Return Games Played_player_2;set1_Service Games Played_player_1;set1_Service Games Played_player_2;set1_Total Points Won_player_1;set1_Total Points Won_player_2;set1_Total Return Points Won_player_1;set1_Total Return Points Won_player_2;set1_Total Service Points Won_player_1;set1_Total Service Points Won_player_2;set2_1st Return Points Won_player_1;set2_1st Return Points Won_player_2;set2_1st Serve Points Won_player_1;set2_1st Serve Points Won_player_2;set2_1st Serve_player_1;set2_1st Serve_player_2;set2_2nd Return Points Won_player_1;set2_2nd Return Points Won_player_2;set2_2nd Serve Points Won_player_1;set2_2nd Serve Points Won_player_2;set2_Aces_player_1;set2_Aces_player_2;set2_Break Points Converted_player_1;set2_Break Points Converted_player_2;set2_Break Points Saved_player_1;set2_Break Points Saved_player_2;set2_Double Faults_player_1;set2_Double Faults_player_2;set2_Return Games Played_player_1;set2_Return Games Played_player_2;set2_Service Games Played_player_1;set2_Service Games Played_player_2;set2_Total Points Won_player_1;set2_Total Points Won_player_2;set2_Total Return Points Won_player_1;set2_Total Return Points Won_player_2;set2_Total Service Points Won_player_1;set2_Total Service Points Won_player_2;set3_1st Return Points Won_player_1;set3_1st Return Points Won_player_2;set3_1st Serve Points Won_player_1;set3_1st Serve Points Won_player_2;set3_1st Serve_player_1;set3_1st Serve_player_2;set3_2nd Return Points Won_player_1;set3_2nd Return Points Won_player_2;set3_2nd Serve Points Won_player_1;set3_2nd Serve Points Won_player_2;set3_Aces_player_1;set3_Aces_player_2;set3_Break Points Converted_player_1;set3_Break Points Converted_player_2;set3_Break Points Saved_player_1;set3_Break Points Saved_player_2;set3_Double Faults_player_1;set3_Double Faults_player_2;set3_Return Games Played_player_1;set3_Return Games Played_player_2;set3_Service Games Played_player_1;set3_Service Games Played_player_2;set3_Total Points Won_player_1;set3_Total Points Won_player_2;set3_Total Return Points Won_player_1;set3_Total Return Points Won_player_2;set3_Total Service Points Won_player_1;set3_Total Service Points Won_player_2;h2h_wins_player_1;h2h_wins_player_2;Height_player_1;Height_player_2;Date of Birth_player_1;Date of Birth_player_2;Plays_player_1;Plays_player_2;url_match_stats
17/43;29/75;46/75;26/43;75/105;43/76;17/33;16/30;14/30;16/33;2;0;5/7;6/12;6/12;2/7;4;3;12;14;14;12;94/181;87/181;34/76;45/105;60/105;42/76;3/5;3/18;15/18;2/5;18/25;5/14;6/9;3/7;4/7;3/9;0;0;2/2;0/3;3/3;0/2;0;2;3;4;4;3;28/39;11/39;9/14;6/25;19/25;5/14;10/24;16/39;23/39;14/24;39/54;24/43;9/19;9/15;6/15;10/19;1;0;3/5;3/4;1/4;2/5;2;1;6;6;6;6;48/97;49/97;19/43;25/54;29/54;24/43;4/14;10/18;8/18;10/14;18/26;14/19;2/5;4/8;4/8;3/5;1;0;0/0;3/5;2/5;0/0;2;0;3;4;4;3;18/45;27/45;6/19;14/26;12/26;13/19;2;1;1.77;1.75;32.5;23.08;Right-Handed;Right-Handed;https://wtatennis.com/tournament/1024/seoul/2019/scores/RS023
11/31;14/35;21/35;20/31;35/60;31/50;6/19;18/25;7/25;13/19;0;1;1/2;5/12;7/12;1/2;4;1;8;8;8;8;45/110;65/110;17/50;32/60;28/60;33/50;7/18;9/18;9/18;11/18;18/32;18/28;4/10;10/14;4/14;6/10;0;1;1/2;3/8;5/8;1/2;4;0;4;4;4;4;24/60;36/60;11/28;19/32;13/32;17/28;4/13;5/17;12/17;9/13;17/28;13/22;2/9;8/11;3/11;7/9;0;0;0/0;2/4;2/4;0/0;0;1;4;4;4;4;21/50;29/50;6/22;13/28;15/28;16/22;;;;;;;;;;;;;;;;;;;;;;;;;;;;;0;1;;1.72;28.25;30.5;Right-Handed;Right-Handed;https://wtatennis.com/tournament/1024/seoul/2019/scores/RS025
14/30;11/38;27/38;16/30;38/62;30/58;16/28;11/24;13/24;12/28;1;2;5/8;2/8;6/8;3/8;3;4;9;9;9;9;70/120;50/120;30/58;22/62;40/62;28/58;7/18;7/22;15/22;11/18;22/35;18/37;10/19;5/13;8/13;9/19;1;1;2/4;1/6;5/6;2/4;2;2;5;5;5;5;40/72;32/72;17/37;12/35;23/35;20/37;7/12;4/16;12/16;5/12;16/27;12/21;6/9;6/11;5/11;3/9;0;1;3/4;1/2;1/2;1/4;1;2;4;4;4;4;30/48;18/48;13/21;10/27;17/27;8/21;;;;;;;;;;;;;;;;;;;;;;;;;;;;;1;0;1.78;1.78;28.83;35.67;Right-Handed;Right-Handed;https://wtatennis.com/tournament/1024/seoul/2019/scores/RS024
6/27;19/24;5/24;21/27;24/33;27/49;13/22;7/9;2/9;9/22;1;1;2/4;6/6;0/6;2/4;1;0;8;7;7;8;26/82;56/82;19/49;26/33;7/33;30/49;1/10;9/9;0/9;9/10;9/13;10/20;5/10;3/4;1/4;5/10;0;0;0/1;3/3;0/3;1/1;0;0;3;3;3;3;7/33;26/33;6/20;12/13;1/13;14/20;5/17;10/15;5/15;12/17;15/20;17/29;8/12;4/5;1/5;4/12;1;1;2/3;3/3;0/3;1/3;1;0;5;4;4;5;19/49;30/49;13/29;14/20;6/20;16/29;;;;;;;;;;;;;;;;;;;;;;;;;;;;;0;1;;1.64;25.5;31.25;Right-Handed;Right-Handed;https://wtatennis.com/tournament/1024/seoul/2019/scores/RS027
22/35;12/30;18/30;13/35;30/50;35/56;14/21;9/20;11/20;7/21;2;0;7/9;3/5;2/5;2/9;2;3;8;8;8;8;65/106;41/106;36/56;21/50;29/50;20/56;8/15;7/17;10/17;7/15;17/31;15/24;7/9;6/14;8/14;2/9;1;0;3/4;2/4;2/4;1/4;0;1;4;5;5;4;33/55;22/55;15/24;13/31;18/31;9/24;14/20;5/13;8/13;6/20;13/19;20/32;7/12;3/6;3/6;5/12;1;0;4/5;1/1;0/1;1/5;2;2;4;3;3;4;32/51;19/51;21/32;8/19;11/19;11/32;;;;;;;;;;;;;;;;;;;;;;;;;;;;;1;0;;;25.08;26.25;Right-Handed;N/A;https://wtatennis.com/tournament/1024/seoul/2019/scores/RS022
10/17;4/18;14/18;7/17;18/46;17/33;12/16;9/28;19/28;4/16;1;1;5/8;0/5;5/5;3/8;1;5;6;7;7;6;55/79;24/79;22/33;13/46;33/46;11/33;5/9;3/8;5/8;4/9;8/26;9/17;5/8;4/18;14/18;3/8;1;0;2/3;0/2;2/2;1/3;0;2;3;4;4;3;29/43;14/43;10/17;7/26;19/26;7/17;5/8;1/10;9/10;3/8;10/20;8/16;7/8;5/10;5/10;1/8;0;1;3/5;0/3;3/3;2/5;1;3;3;3;3;3;26/36;10/36;12/16;6/20;14/20;4/16;;;;;;;;;;;;;;;;;;;;;;;;;;;;;1;0;1.71;;30.58;26.42;Right-Handed;N/A;https://wtatennis.com/tournament/1024/seoul/2019/scores/RS026
8/22;13/21;8/21;14/22;21/36;22/39;4/17;13/15;2/15;13/17;0;0;1/1;6/6;0/6;0/1;2;1;7;6;6;7;22/75;53/75;12/39;26/36;10/36;27/39;8/14;8/13;5/13;6/14;13/20;14/23;1/9;6/7;1/7;8/9;0;0;1/1;3/3;0/3;0/1;0;1;4;3;3;4;15/43;28/43;9/23;14/20;6/20;14/23;0/8;5/8;3/8;8/8;8/16;8/16;3/8;7/8;1/8;5/8;0;0;0/0;3/3;0/3;0/0;2;0;3;3;3;3;7/32;25/32;3/16;12/16;4/16;13/16;;;;;;;;;;;;;;;;;;;;;;;;;;;;;0;1;;1.82;27.33;25.0;N/A;Right-Handed;https://wtatennis.com/tournament/1024/seoul/2019/scores/RS017
11/21;3/25;22/25;10/21;25/36;21/53;19/32;4/11;7/11;13/32;9;1;5/8;0/0;0/0;3/8;2;10;7;7;7;7;59/89;30/89;30/53;7/36;29/36;23/53;6/14;0/7;7/7;8/14;7/14;14/34;13/20;2/7;5/7;7/20;4;1;3/4;0/0;0/0;1/4;1;7;4;3;3;4;31/48;17/48;19/34;2/14;12/14;15/34;5/7;3/18;15/18;2/7;18/22;7/19;6/12;2/4;2/4;6/12;5;0;2/4;0/0;0/0;2/4;1;3;3;4;4;3;28/41;13/41;11/19;5/22;17/22;8/19;;;;;;;;;;;;;;;;;;;;;;;;;;;;;1;0;1.79;;30.08;21.25;Right-Handed;N/A;https://wtatennis.com/tournament/1024/seoul/2019/scores/RS016
17/32;9/38;29/38;15/32;38/58;32/46;11/14;13/20;7/20;3/14;2;1;5/7;1/3;2/3;2/7;3;2;7;8;8;7;64/104;40/104;28/46;22/58;36/58;18/46;10/16;7/23;16/23;6/16;23/33;16/21;5/5;7/10;3/10;0/5;0;0;3/4;1/3;2/3;1/4;1;2;3;4;4;3;34/54;20/54;15/21;14/33;19/33;6/21;7/16;2/15;13/15;9/16;15/25;16/25;6/9;6/10;4/10;3/9;2;1;2/3;0/0;0/0;1/3;2;0;4;4;4;4;30/50;20/50;13/25;8/25;17/25;12/25;;;;;;;;;;;;;;;;;;;;;;;;;;;;;2;0;1.69;1.70;28.58;33.08;Right-Handed;Right-Handed;https://wtatennis.com/tournament/1024/seoul/2019/scores/RS018
21/53;11/40;29/40;32/53;40/72;53/91;26/38;20/32;12/32;12/38;3;2;6/17;4/6;2/6;11/17;3;0;10;11;11;10;88/163;75/163;47/91;31/72;41/72;44/91;12/33;9/27;18/27;21/33;27/46;33/55;15/22;12/19;7/19;7/22;1;1;3/9;2/3;1/3;6/9;1;0;6;6;6;6;52/101;49/101;27/55;21/46;25/46;28/55;9/20;2/13;11/13;11/20;13/26;20/36;11/16;8/13;5/13;5/16;2;1;3/8;2/3;1/3;5/8;2;0;4;5;5;4;36/62;26/62;20/36;10/26;16/26;16/36;;;;;;;;;;;;;;;;;;;;;;;;;;;;;1;0;;;20.92;27.08;N/A;Right-Handed;https://wtatennis.com/tournament/1024/seoul/2019/scores/RS021
12/33;10/36;26/36;21/33;36/54;33/55;14/22;9/18;9/18;8/22;6;1;4/8;1/1;0/1;4/8;2;6;8;9;9;8;61/109;48/109;26/55;19/54;35/54;29/55;6/16;5/18;13/18;10/16;18/26;16/27;7/11;5/8;3/8;4/11;2;0;2/4;1/1;0/1;2/4;2;4;4;5;5;4;29/53;24/53;13/27;10/26;16/26;14/27;6/17;5/18;13/18;11/17;18/28;17/28;7/11;4/10;6/10;4/11;4;1;2/4;0/0;0/0;2/4;0;2;4;4;4;4;32/56;24/56;13/28;9/28;19/28;15/28;;;;;;;;;;;;;;;;;;;;;;;;;;;;;1;2;1.71;1.64;30.58;31.25;Right-Handed;Right-Handed;https://wtatennis.com/tournament/1024/seoul/2019/scores/RS013
13/22;5/28;23/28;9/22;28/35;22/40;10/18;1/7;6/7;8/18;3;1;5/7;0/0;0/0;2/7;0;1;7;7;7;7;52/75;23/75;23/40;6/35;29/35;17/40;6/9;2/11;9/11;3/9;11/15;9/17;6/8;1/4;3/4;2/8;1;0;3/5;0/0;0/0;2/5;0;0;3;3;3;3;24/32;8/32;12/17;3/15;12/15;5/17;7/13;3/17;14/17;6/13;17/20;13/23;4/10;0/3;3/3;6/10;2;1;2/2;0/0;0/0;0/2;0;1;4;4;4;4;28/43;15/43;11/23;3/20;17/20;12/23;;;;;;;;;;;;;;;;;;;;;;;;;;;;;1;0;1.72;1.72;28.83;30.5;Right-Handed;Right-Handed;https://wtatennis.com/tournament/1024/seoul/2019/scores/RS012
26/58;10/42;32/42;32/58;42/70;58/89;18/31;16/28;12/28;13/31;8;3;4/13;2/2;0/2;9/13;2;4;10;10;10;10;88/159;71/159;44/89;26/70;44/70;45/89;18/41;7/24;17/24;23/41;24/42;41/62;12/21;10/18;8/18;9/21;5;1;2/10;2/2;0/2;8/10;2;1;6;6;6;6;55/104;49/104;30/62;17/42;25/42;32/62;8/17;3/18;15/18;9/17;18/28;17/27;6/10;6/10;4/10;4/10;3;2;2/3;0/0;0/0;1/3;0;3;4;4;4;4;33/55;22/55;14/27;9/28;19/28;13/27;;;;;;;;;;;;;;;;;;;;;;;;;;;;;2;1;1.75;1.75;25.08;23.08;Right-Handed;Right-Handed;https://wtatennis.com/tournament/1024/seoul/2019/scores/RS011
10/33;19/40;21/40;23/33;40/69;33/55;9/22;15/29;14/29;13/22;5;0;1/4;4/9;5/9;3/4;5;5;9;9;9;9;54/124;70/124;19/55;34/69;35/69;36/55;5/15;10/20;10/20;10/15;20/38;15/28;7/13;10/18;8/18;6/13;3;0;1/4;3/7;4/7;3/4;3;5;4;5;5;4;30/66;36/66;12/28;20/38;18/38;16/28;5/18;9/20;11/20;13/18;20/31;18/27;2/9;5/11;6/11;7/9;2;0;0/0;1/2;1/2;0/0;2;0;5;4;4;5;24/58;34/58;7/27;14/31;17/31;20/27;;;;;;;;;;;;;;;;;;;;;;;;;;;;;0;2;1.69;;28.58;32.0;Right-Handed;Right-Handed;https://wtatennis.com/tournament/1024/seoul/2019/scores/RS009
15/32;2/20;18/20;17/32;20/41;32/56;15/24;9/21;12/21;9/24;2;2;5/10;1/3;2/3;5/10;3;2;8;8;8;8;60/97;37/97;30/56;11/41;30/41;26/56;12/21;0/9;9/9;9/21;9/21;21/32;6/11;7/12;5/12;5/11;1;0;3/7;1/3;2/3;4/7;3;1;4;4;4;4;32/53;21/53;18/32;7/21;14/21;14/32;3/11;2/11;9/11;8/11;11/20;11/24;9/13;2/9;7/9;4/13;1;2;2/3;0/0;0/0;1/3;0;1;4;4;4;4;28/44;16/44;12/24;4/20;16/20;12/24;;;;;;;;;;;;;;;;;;;;;;;;;;;;;1;0;;;25.83;20.92;Right-Handed;N/A;https://wtatennis.com/tournament/1024/seoul/2019/scores/RS010
15/23;8/22;14/22;8/23;22/40;23/38;11/15;4/18;14/18;4/15;0;1;6/9;0/1;1/1;3/9;2;3;6;6;6;6;54/78;24/78;26/38;12/40;28/40;12/38;8/14;4/10;6/10;6/14;10/20;14/20;5/6;2/10;8/10;1/6;0;1;3/6;0/0;0/0;3/6;1;1;3;3;3;3;27/40;13/40;13/20;6/20;14/20;7/20;7/9;4/12;8/12;2/9;12/20;9/18;6/9;2/8;6/8;3/9;0;0;3/3;0/1;1/1;0/3;1;2;3;3;3;3;27/38;11/38;13/18;6/20;14/20;5/18;;;;;;;;;;;;;;;;;;;;;;;;;;;;;1;0;1.70;1.70;31.0;34.0;Right-Handed;Right-Handed;https://wtatennis.com/tournament/1024/seoul/2019/scores/LS029
21/48;23/65;42/65;27/48;65/102;48/90;20/42;21/37;16/37;22/42;1;1;7/13;5/9;4/9;6/13;6;2;15;15;15;15;99/192;93/192;41/90;44/102;58/102;49/90;4/17;10/26;16/26;13/17;26/42;17/31;5/14;8/16;8/16;9/14;1;0;1/2;2/4;2/4;1/2;4;0;6;6;6;6;33/73;40/73;9/31;18/42;24/42;22/31;7/10;4/14;10/14;3/10;14/26;10/21;6/11;6/12;6/12;5/11;0;0;3/6;1/1;0/1;3/6;1;1;4;4;4;4;29/47;18/47;13/21;10/26;16/26;8/21;10/21;9/25;16/25;11/21;25/34;21/38;9/17;7/9;2/9;8/17;0;1;3/5;2/4;2/4;2/5;1;1;5;5;5;5;37/72;35/72;19/38;16/34;18/34;19/38;2;1;1.78;1.70;28.75;29.33;Left-Handed;Right-Handed;https://wtatennis.com/tournament/1024/seoul/2019/scores/LS018
8/41;33/77;44/77;33/41;77/107;41/64;11/23;15/30;15/30;12/23;1;10;2/3;3/15;12/15;1/3;4;0;11;11;11;11;78/171;93/171;19/64;48/107;59/107;45/64;4/18;13/26;13/26;14/18;26/42;18/29;6/11;7/16;9/16;5/11;0;5;1/1;2/6;4/6;0/1;1;0;5;5;5;5;32/71;39/71;10/29;20/42;22/42;19/29;4/23;20/51;31/51;19/23;51/65;23/35;5/12;8/14;6/14;7/12;1;5;1/2;1/9;8/9;1/2;3;0;6;6;6;6;46/100;54/100;9/35;28/65;37/65;26/35;;;;;;;;;;;;;;;;;;;;;;;;;;;;;0;2;;1.70;32.0;29.08;Right-Handed;Right-Handed;https://wtatennis.com/tournament/1024/seoul/2019/scores/LS019
9/31;12/24;12/24;22/31;24/41;31/51;10/20;12/17;5/17;10/20;1;5;2/3;5/6;1/6;1/3;5;1;9;8;8;9;36/92;56/92;19/51;24/41;17/41;32/51;3/17;6/8;2/8;14/17;8/15;17/23;3/6;3/7;4/7;3/6;0;4;0/0;2/3;1/3;0/0;1;1;4;3;3;4;12/38;26/38;6/23;9/15;6/15;17/23;6/14;6/16;10/16;8/14;16/26;14/28;7/14;9/10;1/10;7/14;1;1;2/3;3/3;0/3;1/3;4;0;5;5;5;5;24/54;30/54;13/28;15/26;11/26;15/28;;;;;;;;;;;;;;;;;;;;;;;;;;;;;1;4;1.81;1.71;32.75;31.33;Right-Handed;Right-Handed;https://wtatennis.com/tournament/1024/seoul/2019/scores/LS027
8/35;14/42;28/42;27/35;42/76;35/65;16/30;21/34;13/34;14/30;2;9;1/7;4/10;6/10;6/7;5;8;9;10;10;9;65/141;76/141;24/65;35/76;41/76;41/65;6/20;7/16;9/16;14/20;16/33;20/41;11/21;8/17;9/17;10/21;0;4;1/6;2/4;2/4;5/6;2;6;5;5;5;5;35/74;39/74;17/41;15/33;18/33;24/41;2/15;7/26;19/26;13/15;26/43;15/24;5/9;13/17;4/17;4/9;2;5;0/1;2/6;4/6;1/1;3;2;4;5;5;4;30/67;37/67;7/24;20/43;23/43;17/24;;;;;;;;;;;;;;;;;;;;;;;;;;;;;0;3;1.75;1.75;25.83;28.58;Right-Handed;Right-Handed;https://wtatennis.com/tournament/1024/seoul/2019/scores/LS031
23/63;27/80;53/80;40/63;80/132;63/116;26/53;30/52;22/52;27/53;9;3;4/14;4/17;13/17;10/14;9;8;15;16;16;15;124/248;124/248;49/116;57/132;75/132;67/116;11/23;8/24;16/24;12/23;24/40;23/40;6/17;11/16;5/16;11/17;3;1;1/3;2/5;3/5;2/3;3;2;5;5;5;5;38/80;42/80;17/40;19/40;21/40;23/40;4/14;7/23;16/23;10/14;23/41;14/32;12/18;8/18;10/18;6/18;3;0;2/8;1/5;4/5;6/8;2;5;4;5;5;4;42/73;31/73;16/32;15/41;26/41;16/32;8/26;12/33;21/33;18/26;33/51;26/44;8/18;11/18;7/18;10/18;3;2;1/3;1/7;6/7;2/3;4;1;6;6;6;6;44/95;51/95;16/44;23/51;28/51;28/44;1;2;1.69;1.69;28.58;28.83;Right-Handed;Right-Handed;https://wtatennis.com/tournament/1024/seoul/2019/scores/LS016
8/44;13/40;27/40;36/44;40/55;44/67;11/23;8/15;7/15;12/23;4;3;0/4;3/8;5/8;4/4;1;3;10;10;10;10;53/122;69/122;19/67;21/55;34/55;48/67;1/14;7/18;11/18;13/14;18/28;14/23;4/9;7/10;3/10;5/9;2;2;0/1;2/7;5/7;1/1;1;0;4;4;4;4;19/51;32/51;5/23;14/28;14/28;18/23;7/30;6/22;16/22;23/30;22/27;30/44;7/14;1/5;4/5;7/14;2;1;0/3;1/1;0/1;3/3;0;3;6;6;6;6;34/71;37/71;14/44;7/27;20/27;30/44;;;;;;;;;;;;;;;;;;;;;;;;;;;;;1;2;1.80;1.65;30.25;37.42;Right-Handed;Right-Handed;https://wtatennis.com/tournament/1024/seoul/2019/scores/LS025
9/26;12/21;9/21;17/26;21/41;26/45;7/19;14/20;6/20;12/19;1;2;1/5;6/8;2/8;4/5;2;4;7;7;7;7;31/86;55/86;16/45;26/41;15/41;29/45;3/12;8/12;4/12;9/12;12/19;12/19;2/7;5/7;2/7;5/7;1;1;0/1;3/5;2/5;1/1;1;1;3;3;3;3;11/38;27/38;5/19;13/19;6/19;14/19;6/14;4/9;5/9;8/14;9/22;14/26;5/12;9/13;4/13;7/12;0;1;1/4;3/3;0/3;3/4;1;3;4;4;4;4;20/48;28/48;11/26;13/22;9/22;15/26;;;;;;;;;;;;;;;;;;;;;;;;;;;;;1;4;1.70;1.80;33.25;30.08;Right-Handed;Right-Handed;https://wtatennis.com/tournament/1024/seoul/2019/scores/LS023
18/60;8/40;32/40;42/60;40/70;60/90;12/30;12/30;18/30;18/30;5;4;3/7;1/1;0/1;4/7;3;0;14;13;13;14;80/160;80/160;30/90;20/70;50/70;60/90;7/22;3/15;12/15;15/22;15/29;22/27;2/5;5/14;9/14;3/5;2;2;1/1;0/0;0/0;0/1;2;0;5;5;5;5;30/56;26/56;9/27;8/29;21/29;18/27;4/18;2/11;9/11;14/18;11/19;18/31;3/13;4/8;4/8;10/13;1;1;0/1;1/1;0/1;1/1;1;0;5;4;4;5;20/50;30/50;7/31;6/19;13/19;24/31;7/20;3/14;11/14;13/20;14/22;20/32;7/12;3/8;5/8;5/12;2;1;2/5;0/0;0/0;3/5;0;0;4;4;4;4;30/54;24/54;14/32;6/22;16/22;18/32;1;0;1.80;1.73;26.83;29.17;Right-Handed;Right-Handed;https://wtatennis.com/tournament/1024/seoul/2019/scores/LS020
9/35;10/35;25/35;26/35;35/60;35/63;12/28;7/25;18/25;16/28;10;5;2/6;0/2;2/2;4/6;2;1;10;10;10;10;64/123;59/123;21/63;17/60;43/60;42/63;2/10;5/17;12/17;8/10;17/29;10/27;6/17;4/12;8/12;11/17;3;4;1/1;0/0;0/0;0/1;1;0;5;5;5;5;28/56;28/56;8/27;9/29;20/29;19/27;7/25;5/18;13/18;18/25;18/31;25/36;6/11;3/13;10/13;5/11;7;1;1/5;0/2;2/2;4/5;1;1;5;5;5;5;36/67;31/67;13/36;8/31;23/31;23/36;;;;;;;;;;;;;;;;;;;;;;;;;;;;;3;0;1.80;1.70;25.58;25.92;Right-Handed;Left-Handed;https://wtatennis.com/tournament/1024/seoul/2019/scores/LS017
14/41;8/37;29/37;27/41;37/68;41/60;11/19;16/31;15/31;8/19;5;3;3/4;1/4;3/4;1/4;3;4;9;10;10;9;69/128;59/128;25/60;24/68;44/68;35/60;6/18;5/20;15/20;12/18;20/34;18/27;5/9;6/14;8/14;4/9;2;0;1/2;0/2;2/2;1/2;2;2;4;5;5;4;34/61;27/61;11/27;11/34;23/34;16/27;8/23;3/17;14/17;15/23;17/34;23/33;6/10;10/17;7/17;4/10;3;3;2/2;1/2;1/2;0/2;1;2;5;5;5;5;35/67;32/67;14/33;13/34;21/34;19/33;;;;;;;;;;;;;;;;;;;;;;;;;;;;;1;0;1.75;1.75;25.08;35.08;Right-Handed;Left-Handed;https://wtatennis.com/tournament/1024/seoul/2019/scores/LS022
6/44;13/53;40/53;38/44;53/81;44/73;13/29;13/28;15/28;16/29;8;5;1/2;2/7;5/7;1/2;5;6;14;14;14;14;74/154;80/154;19/73;26/81;55/81;54/73;0/10;4/21;17/21;10/10;21/28;10/19;7/9;3/7;4/7;2/9;4;1;1/1;0/1;1/1;0/1;1;5;4;5;5;4;28/47;19/47;7/19;7/28;21/28;12/19;1/15;4/11;7/11;14/15;11/21;15/23;2/8;4/10;6/10;6/8;1;2;0/0;1/1;0/1;0/0;2;1;5;4;4;5;16/44;28/44;3/23;8/21;13/21;20/23;5/19;5/21;16/21;14/19;21/32;19/31;4/12;6/11;5/11;8/12;3;2;0/1;1/5;4/5;1/1;2;0;5;5;5;5;30/63;33/63;9/31;11/32;21/32;22/31;0;2;1.84;1.75;31.25;28.58;Left-Handed;Right-Handed;https://wtatennis.com/tournament/1024/seoul/2019/scores/LS015
14/58;13/48;35/48;44/58;48/86;58/88;19/30;17/38;21/38;11/30;7;1;4/6;2/8;6/8;2/6;4;2;14;14;14;14;89/174;85/174;33/88;30/86;56/86;55/88;8/15;3/10;7/10;7/15;10/18;15/23;7/8;3/8;5/8;1/8;1;0;3/5;0/0;0/0;2/5;1;1;3;3;3;3;27/41;14/41;15/23;6/18;12/18;8/23;1/16;4/15;11/15;15/16;15/28;16/27;6/11;5/13;8/13;5/11;3;1;0/0;1/4;3/4;0/0;1;1;5;5;5;5;26/55;29/55;7/27;9/28;19/28;20/27;5/27;6/23;17/23;22/27;23/40;27/38;6/11;9/17;8/17;5/11;3;0;1/1;1/4;3/4;0/1;2;0;6;6;6;6;36/78;42/78;11/38;15/40;25/40;27/38;0;2;1.71;1.71;30.58;31.0;Right-Handed;Right-Handed;https://wtatennis.com/tournament/1024/seoul/2019/scores/LS014
16/50;23/49;26/49;34/50;49/80;50/81;18/31;16/31;15/31;13/31;3;4;3/9;5/14;9/14;6/9;4;3;11;10;10;11;75/161;86/161;34/81;39/80;41/80;47/81;5/22;9/22;13/22;17/22;22/32;22/37;7/15;4/10;6/10;8/15;0;3;0/4;1/5;4/5;4/4;0;2;5;4;4;5;31/69;38/69;12/37;13/32;19/32;25/37;11/28;14/27;13/27;17/28;27/48;28/44;11/16;12/21;9/21;5/16;3;1;3/5;4/9;5/9;2/5;4;1;6;6;6;6;44/92;48/92;22/44;26/48;22/48;22/44;;;;;;;;;;;;;;;;;;;;;;;;;;;;;0;1;1.83;1.65;28.75;37.42;Right-Handed;Right-Handed;https://wtatennis.com/tournament/1024/seoul/2019/scores/LS012
13/40;24/54;30/54;27/40;54/82;40/80;20/40;20/28;8/28;20/40;0;4;4/7;7/17;10/17;3/7;12;6;13;12;12;13;71/162;91/162;33/80;44/82;38/82;47/80;5/14;4/21;17/21;9/14;21/32;14/32;9/18;8/11;3/11;9/18;0;1;2/4;1/5;4/5;2/4;5;1;5;5;5;5;34/64;30/64;14/32;12/32;20/32;18/32;8/20;11/22;11/22;12/20;22/35;20/32;7/12;9/13;4/13;5/12;0;2;2/3;3/8;5/8;1/3;5;2;5;4;4;5;30/67;37/67;15/32;20/35;15/35;17/32;0/6;9/11;2/11;6/6;11/15;6/16;4/10;3/4;1/4;6/10;0;1;0/0;3/4;1/4;0/0;2;3;3;3;3;3;7/31;24/31;4/16;12/15;3/15;12/16;0;1;1.78;1.70;28.75;29.08;Left-Handed;Right-Handed;https://wtatennis.com/tournament/1024/seoul/2019/scores/LS009
13/45;23/48;25/48;32/45;48/93;45/88;21/43;18/45;27/45;22/43;1;6;3/8;4/14;10/14;5/8;4;5;12;12;12;12;86/181;95/181;34/88;41/93;52/93;54/88;8/22;9/18;9/18;14/22;18/37;22/43;10/21;9/19;10/19;11/21;1;1;2/4;3/5;2/5;2/4;3;2;6;6;6;6;37/80;43/80;18/43;18/37;19/37;25/43;5/23;14/30;16/30;18/23;30/56;23/45;11/22;9/26;17/26;11/22;0;5;1/4;1/9;8/9;3/4;1;3;6;6;6;6;49/101;52/101;16/45;23/56;33/56;29/45;;;;;;;;;;;;;;;;;;;;;;;;;;;;;1;1;1.75;1.71;22.17;31.33;Right-Handed;Right-Handed;https://wtatennis.com/tournament/1024/seoul/2019/scores/LS013
15/47;14/32;18/32;32/47;32/54;47/67;8/20;12/22;10/22;12/20;2;4;1/9;4/6;2/6;8/9;5;0;9;9;9;9;51/121;70/121;23/67;26/54;28/54;44/67;11/33;6/18;12/18;22/33;18/29;33/47;6/14;5/11;6/11;8/14;1;0;0/7;1/2;1/2;7/7;4;0;5;5;5;5;35/76;41/76;17/47;11/29;18/29;30/47;4/14;8/14;6/14;10/14;14/25;14/20;2/6;7/11;4/11;4/6;1;4;1/2;3/4;1/4;1/2;1;0;4;4;4;4;16/45;29/45;6/20;15/25;10/25;14/20;;;;;;;;;;;;;;;;;;;;;;;;;;;;;1;3;1.80;1.80;28.83;25.58;Right-Handed;Right-Handed;https://wtatennis.com/tournament/1024/seoul/2019/scores/LS008
9/28;6/34;28/34;19/28;34/52;28/47;13/19;8/18;10/18;6/19;6;3;3/7;0/1;1/1;4/7;1;3;8;9;9;8;60/99;39/99;22/47;14/52;38/52;25/47;3/11;4/18;14/18;8/11;18/28;11/22;8/11;6/10;4/10;3/11;3;1;2/3;0/1;1/1;1/3;1;3;4;4;4;4;29/50;21/50;11/22;10/28;18/28;11/22;6/17;2/16;14/16;11/17;16/24;17/25;5/8;2/8;6/8;3/8;3;2;1/4;0/0;0/0;3/4;0;0;4;5;5;4;31/49;18/49;11/25;4/24;20/24;14/25;;;;;;;;;;;;;;;;;;;;;;;;;;;;;1;0;1.80;1.79;26.83;30.08;Right-Handed;Right-Handed;https://wtatennis.com/tournament/1024/seoul/2019/scores/LS010
13/47;24/65;41/65;34/47;65/105;47/88;28/41;20/40;20/40;13/41;8;4;7/16;4/13;9/13;9/16;3;11;14;14;14;14;102/193;91/193;41/88;44/105;61/105;47/88;4/11;11/27;16/27;7/11;27/39;11/24;7/13;5/12;7/12;6/13;5;2;2/6;1/5;4/5;4/6;1;3;4;5;5;4;34/63;29/63;11/24;16/39;23/39;13/24;4/20;10/24;14/24;16/20;24/47;20/37;11/17;13/23;10/23;6/17;1;2;2/4;3/7;4/7;2/4;1;5;6;6;6;6;39/84;45/84;15/37;23/47;24/47;22/37;5/16;3/14;11/14;11/16;14/19;16/27;10/11;2/5;3/5;1/11;2;0;3/6;0/1;1/1;3/6;1;3;4;3;3;4;29/46;17/46;15/27;5/19;14/19;12/27;1;2;1.80;1.80;25.08;30.08;Right-Handed;Right-Handed;https://wtatennis.com/tournament/1024/seoul/2019/scores/LS011
9/29;16/30;14/30;20/29;30/62;29/50;8/21;18/32;14/32;13/21;1;3;1/6;5/8;3/8;5/6;2;3;8;9;9;8;45/112;67/112;17/50;34/62;28/62;33/50;5/16;8/15;7/15;11/16;15/28;16/24;2/8;7/13;6/13;6/8;1;3;0/2;2/4;2/4;2/2;1;1;4;4;4;4;20/52;32/52;7/24;15/28;13/28;17/24;4/13;8/15;7/15;9/13;15/34;13/26;6/13;11/19;8/19;7/13;0;0;1/4;3/4;1/4;3/4;1;2;4;5;5;4;25/60;35/60;10/26;19/34;15/34;16/26;;;;;;;;;;;;;;;;;;;;;;;;;;;;;0;1;1.65;1.71;37.42;31.33;Right-Handed;Right-Handed;https://wtatennis.com/tournament/1024/seoul/2019/scores/LS006
4/25;6/22;16/22;21/25;22/45;25/46;6/21;17/23;6/23;15/21;3;2;0/1;4/6;2/6;1/1;6;2;8;8;8;8;32/91;59/91;10/46;23/45;22/45;36/46;2/10;1/5;4/5;8/10;5/15;10/22;3/12;9/10;1/10;9/12;0;2;0/0;2/2;0/2;0/0;4;0;4;3;3;4;10/37;27/37;5/22;10/15;5/15;17/22;2/15;5/17;12/17;13/15;17/30;15/24;3/9;8/13;5/13;6/9;3;0;0/1;2/4;2/4;1/1;2;2;4;5;5;4;22/54;32/54;5/24;13/30;17/30;19/24;;;;;;;;;;;;;;;;;;;;;;;;;;;;;0;1;1.80;1.70;25.58;29.08;Right-Handed;Right-Handed;https://wtatennis.com/tournament/1024/seoul/2019/scores/LS004
12/33;8/33;25/33;21/33;33/64;33/58;15/25;13/31;18/31;10/25;4;2;3/7;0/8;8/8;4/7;4;4;9;9;9;9;70/122;52/122;27/58;21/64;43/64;31/58;7/21;3/17;14/17;14/21;17/33;21/34;8/13;7/16;9/16;5/13;2;2;1/5;0/2;2/2;4/5;2;3;4;5;5;4;38/67;29/67;15/34;10/33;23/33;19/34;5/12;5/16;11/16;7/12;16/31;12/24;7/12;6/15;9/15;5/12;2;0;2/2;0/6;6/6;0/2;2;1;5;4;4;5;32/55;23/55;12/24;11/31;20/31;12/24;;;;;;;;;;;;;;;;;;;;;;;;;;;;;1;1;1.80;1.80;26.83;25.08;Right-Handed;Right-Handed;https://wtatennis.com/tournament/1024/seoul/2019/scores/LS005
20/64;16/40;24/40;44/64;40/80;64/106;21/42;12/40;28/40;21/42;3;11;2/12;2/3;1/3;10/12;2;8;12;12;12;12;93/186;93/186;41/106;28/80;52/80;65/106;11/29;10/22;12/22;18/29;22/42;29/51;9/22;5/20;15/20;13/22;3;5;1/7;1/2;1/2;6/7;0;2;6;6;6;6;47/93;46/93;20/51;15/42;27/42;31/51;9/35;6/18;12/18;26/35;18/38;35/55;12/20;7/20;13/20;8/20;0;6;1/5;1/1;0/1;4/5;2;6;6;6;6;6;46/93;47/93;21/55;13/38;25/38;34/55;;;;;;;;;;;;;;;;;;;;;;;;;;;;;2;1;1.71;1.75;31.33;28.58;Right-Handed;Right-Handed;https://wtatennis.com/tournament/1024/seoul/2019/scores/LS003
14/28;2/21;19/21;14/28;21/34;28/59;19/31;4/13;9/13;12/31;4;1;5/9;0/0;0/0;4/9;0;7;7;7;7;7;61/93;32/93;33/59;6/34;28/34;26/59;8/17;2/10;8/10;9/17;10/15;17/33;11/16;1/5;4/5;5/16;0;1;3/5;0/0;0/0;2/5;0;3;4;3;3;4;31/48;17/48;19/33;3/15;12/15;14/33;6/11;0/11;11/11;5/11;11/19;11/26;8/15;3/8;5/8;7/15;4;0;2/4;0/0;0/0;2/4;0;4;3;4;4;3;30/45;15/45;14/26;3/19;16/19;12/26;;;;;;;;;;;;;;;;;;;;;;;;;;;;;2;1;1.80;1.71;26.83;31.33;Right-Handed;Right-Handed;https://wtatennis.com/tournament/1024/seoul/2019/scores/LS001
