statut;duration;stage;url_match_stats;player_1_name;player_1_set_1;player_1_set_1_tiebreak;player_1_set_2;player_1_set_2_tiebreak;player_1_set_3;player_1_set_3_tiebreak;player_2_name;player_2_set_1;player_2_set_1_tiebreak;player_2_set_2;player_2_set_2_tiebreak;player_2_set_3;player_2_set_3_tiebreak;scores_link
Completed;2:33;Qualifying;https://wtatennis.com/tournament/1020/beijing/2019/scores/RS022;M.Bouzkova;4;;6;;6;;Y.Zhang;6;;4;;4;;https://www.wtatennis.com/tournament/1020/beijing/2019/scores
Completed;1:10;Qualifying;https://wtatennis.com/tournament/1020/beijing/2019/scores/RS029;C.Mchale;6;;6;;-;;X.You;3;;0;;-;;https://www.wtatennis.com/tournament/1020/beijing/2019/scores
Completed;1:20;Qualifying;https://wtatennis.com/tournament/1020/beijing/2019/scores/RS026;A.Blinkova;6;;6;;-;;L.Zhu;4;;2;;-;;https://www.wtatennis.com/tournament/1020/beijing/2019/scores
Completed;2:08;Qualifying;https://wtatennis.com/tournament/1020/beijing/2019/scores/RS024;L.Davis;6;;4;;6;;M.Niculescu;3;;6;;4;;https://www.wtatennis.com/tournament/1020/beijing/2019/scores
Completed;1:10;Qualifying;https://wtatennis.com/tournament/1020/beijing/2019/scores/RS027;T.Babos;1;;4;;-;;Z.Diyas;6;;6;;-;;https://www.wtatennis.com/tournament/1020/beijing/2019/scores
Completed;2:34;Qualifying;https://wtatennis.com/tournament/1020/beijing/2019/scores/RS028;T.Zidansek;6;;4;;7;;S.Stosur;2;;6;;6;1.0;https://www.wtatennis.com/tournament/1020/beijing/2019/scores
Completed;1:20;Qualifying;https://wtatennis.com/tournament/1020/beijing/2019/scores/RS025;A.Sharma;4;;3;;-;;A.Potapova;6;;6;;-;;https://www.wtatennis.com/tournament/1020/beijing/2019/scores
Completed;1:34;Qualifying;https://wtatennis.com/tournament/1020/beijing/2019/scores/RS031;X.Gao;3;;1;;-;;K.Kozlova;6;;6;;-;;https://www.wtatennis.com/tournament/1020/beijing/2019/scores
Completed;1:26;Qualifying;https://wtatennis.com/tournament/1020/beijing/2019/scores/RS019;N.Gibbs;2;;6;;2;;M.Doi;6;;3;;6;;https://www.wtatennis.com/tournament/1020/beijing/2019/scores
Completed;1:41;Qualifying;https://wtatennis.com/tournament/1020/beijing/2019/scores/RS018;R.Peterson;7;;6;;-;;F.Xun;6;4.0;3;;-;;https://www.wtatennis.com/tournament/1020/beijing/2019/scores
Completed;1:03;Qualifying;https://wtatennis.com/tournament/1020/beijing/2019/scores/RS023;X.Han;1;;1;;-;;A.Petkovic;6;;6;;-;;https://www.wtatennis.com/tournament/1020/beijing/2019/scores
Completed;1:11;Qualifying;https://wtatennis.com/tournament/1020/beijing/2019/scores/RS016;M.Linette;6;;6;;-;;K.Ahn;2;;1;;-;;https://www.wtatennis.com/tournament/1020/beijing/2019/scores
Completed;1:23;Qualifying;https://wtatennis.com/tournament/1020/beijing/2019/scores/RS021;S.Ma;4;;2;;-;;B.Pera;6;;6;;-;;https://www.wtatennis.com/tournament/1020/beijing/2019/scores
Completed;1:05;Qualifying;https://wtatennis.com/tournament/1020/beijing/2019/scores/RS030;J.Brady;6;;6;;-;;S.Xu;0;;3;;-;;https://www.wtatennis.com/tournament/1020/beijing/2019/scores
Completed;1:27;Qualifying;https://wtatennis.com/tournament/1020/beijing/2019/scores/RS017;H.Watson;6;;6;;-;;P.Badosa;3;;4;;-;;https://www.wtatennis.com/tournament/1020/beijing/2019/scores
Completed;1:05;Qualifying;https://wtatennis.com/tournament/1020/beijing/2019/scores/RS020;O.Jabeur;4;;3;;-;;Y.Yuan;6;;6;;-;;https://www.wtatennis.com/tournament/1020/beijing/2019/scores
Completed;1:12;Qualifying;https://wtatennis.com/tournament/1020/beijing/2019/scores/RS011;M.Bouzkova;5;;1;;-;;A.Petkovic;7;;2;;-;;https://www.wtatennis.com/tournament/1020/beijing/2019/scores
Completed;1:01;Qualifying;https://wtatennis.com/tournament/1020/beijing/2019/scores/RS008;M.Linette;6;;6;;-;;H.Watson;2;;1;;-;;https://www.wtatennis.com/tournament/1020/beijing/2019/scores
Completed;1:32;Qualifying;https://wtatennis.com/tournament/1020/beijing/2019/scores/RS013;A.Blinkova;6;;7;;-;;Z.Diyas;2;;5;;-;;https://www.wtatennis.com/tournament/1020/beijing/2019/scores
Completed;2:08;Qualifying;https://wtatennis.com/tournament/1020/beijing/2019/scores/RS014;T.Zidansek;5;;6;7.0;-;;C.Mchale;7;;7;;-;;https://www.wtatennis.com/tournament/1020/beijing/2019/scores
Completed;1:09;Qualifying;https://wtatennis.com/tournament/1020/beijing/2019/scores/RS012;L.Davis;6;;6;;-;;A.Potapova;3;;1;;-;;https://www.wtatennis.com/tournament/1020/beijing/2019/scores
Completed;2:20;Qualifying;https://wtatennis.com/tournament/1020/beijing/2019/scores/RS009;R.Peterson;6;;6;3.0;6;;M.Doi;1;;7;;2;;https://www.wtatennis.com/tournament/1020/beijing/2019/scores
Completed;1:01;Qualifying;https://wtatennis.com/tournament/1020/beijing/2019/scores/RS010;Y.Yuan;2;;1;;-;;B.Pera;6;;6;;-;;https://www.wtatennis.com/tournament/1020/beijing/2019/scores
Completed;2:21;Qualifying;https://wtatennis.com/tournament/1020/beijing/2019/scores/RS015;J.Brady;6;;4;;6;;K.Kozlova;2;;6;;4;;https://www.wtatennis.com/tournament/1020/beijing/2019/scores
Completed;1:41;Round of 64;https://wtatennis.com/tournament/1020/beijing/2019/scores/LS043;G.Muguruza;0;;6;;2;;S.Kenin;6;;2;;6;;https://www.wtatennis.com/tournament/1020/beijing/2019/scores
Completed;2:40;Round of 64;https://wtatennis.com/tournament/1020/beijing/2019/scores/LS058;D.Kasatkina;2;;6;;6;;S.Peng;6;;4;;4;;https://www.wtatennis.com/tournament/1020/beijing/2019/scores
Completed;2:26;Round of 64;https://wtatennis.com/tournament/1020/beijing/2019/scores/LS063;J.Ostapenko;7;;3;;7;;K.Pliskova;5;;6;;5;;https://www.wtatennis.com/tournament/1020/beijing/2019/scores
Completed;2:53;Round of 64;https://wtatennis.com/tournament/1020/beijing/2019/scores/LS045;P.Hercog;6;4.0;7;;6;;J.Goerges;7;;6;5.0;4;;https://www.wtatennis.com/tournament/1020/beijing/2019/scores
Completed;2:20;Round of 64;https://wtatennis.com/tournament/1020/beijing/2019/scores/LS047;D.Vekic;6;;1;;6;3.0;K.Bertens;3;;6;;7;;https://www.wtatennis.com/tournament/1020/beijing/2019/scores
Completed;1:16;Round of 64;https://wtatennis.com/tournament/1020/beijing/2019/scores/LS062;K.Siniakova;6;;6;;-;;X.Wang;2;;2;;-;;https://www.wtatennis.com/tournament/1020/beijing/2019/scores
Completed;3:02;Round of 64;https://wtatennis.com/tournament/1020/beijing/2019/scores/LS034;S.Zheng;4;;6;;7;;M.Puig;6;;3;;6;5.0;https://www.wtatennis.com/tournament/1020/beijing/2019/scores
Completed;1:23;Round of 64;https://wtatennis.com/tournament/1020/beijing/2019/scores/LS036;B.Bencic;7;;6;;-;;S.Hsieh;5;;2;;-;;https://www.wtatennis.com/tournament/1020/beijing/2019/scores
