statut;duration;stage;url_match_stats;player_1_name;player_1_set_1;player_1_set_1_tiebreak;player_1_set_2;player_1_set_2_tiebreak;player_1_set_3;player_1_set_3_tiebreak;player_2_name;player_2_set_1;player_2_set_1_tiebreak;player_2_set_2;player_2_set_2_tiebreak;player_2_set_3;player_2_set_3_tiebreak;scores_link
Completed;0:54;Qualifying;https://wtatennis.com/tournament/1045/washington-dc/2018/scores/RS009;N.Kukharchuk;2;;0;;-;;A.Kiick;6;;6;;-;;https://www.wtatennis.com/tournament/1045/washington-dc/2018/scores
Completed;0:49;Qualifying;https://wtatennis.com/tournament/1045/washington-dc/2018/scores/RS014;H.Dart;6;;6;;-;;S.Aoyama;1;;0;;-;;https://www.wtatennis.com/tournament/1045/washington-dc/2018/scores
Completed;1:00;Qualifying;https://wtatennis.com/tournament/1045/washington-dc/2018/scores/RS013;N.Subhash;0;;1;;-;;M.Hibi;6;;6;;-;;https://www.wtatennis.com/tournament/1045/washington-dc/2018/scores
Completed;1:24;Qualifying;https://wtatennis.com/tournament/1045/washington-dc/2018/scores/RS008;Y.Bonaventure;6;;7;;-;;S.Chang;4;;5;;-;;https://www.wtatennis.com/tournament/1045/washington-dc/2018/scores
Completed;1:04;Qualifying;https://wtatennis.com/tournament/1045/washington-dc/2018/scores/RS010;A.Kalinina;6;;6;;-;;S.Karatantcheva;4;;1;;-;;https://www.wtatennis.com/tournament/1045/washington-dc/2018/scores
Completed;2:17;Qualifying;https://wtatennis.com/tournament/1045/washington-dc/2018/scores/RS015;A.Guarachi;2;;7;;7;;F.Di Lorenzo;6;;5;;5;;https://www.wtatennis.com/tournament/1045/washington-dc/2018/scores
Completed;1:18;Qualifying;https://wtatennis.com/tournament/1045/washington-dc/2018/scores/RS011;L.Chirico;6;;7;;-;;L.Davis;1;;6;2;-;;https://www.wtatennis.com/tournament/1045/washington-dc/2018/scores
Completed;1:29;Qualifying;https://wtatennis.com/tournament/1045/washington-dc/2018/scores/RS012;S.Zhuk;6;;6;;-;;D.Khazaniuk;4;;3;;-;;https://www.wtatennis.com/tournament/1045/washington-dc/2018/scores
Completed;1:05;Qualifying;https://wtatennis.com/tournament/1045/washington-dc/2018/scores/RS007;H.Dart;6;;6;;-;;A.Guarachi;2;;2;;-;;https://www.wtatennis.com/tournament/1045/washington-dc/2018/scores
Completed;0:54;Qualifying;https://wtatennis.com/tournament/1045/washington-dc/2018/scores/RS004;Y.Bonaventure;1;;0;;-;;A.Kiick;6;;6;;-;;https://www.wtatennis.com/tournament/1045/washington-dc/2018/scores
Completed;1:23;Qualifying;https://wtatennis.com/tournament/1045/washington-dc/2018/scores/RS005;A.Kalinina;6;;6;;-;;L.Chirico;3;;4;;-;;https://www.wtatennis.com/tournament/1045/washington-dc/2018/scores
Completed;2:03;Qualifying;https://wtatennis.com/tournament/1045/washington-dc/2018/scores/RS006;S.Zhuk;6;;7;;-;;M.Hibi;3;;6;3;-;;https://www.wtatennis.com/tournament/1045/washington-dc/2018/scores
Completed;1:17;Round of 32;https://wtatennis.com/tournament/1045/washington-dc/2018/scores/LS022;M.Hibi;1;;6;6;-;;F.Stollar;6;;7;;-;;https://www.wtatennis.com/tournament/1045/washington-dc/2018/scores
Completed;0:53;Round of 32;https://wtatennis.com/tournament/1045/washington-dc/2018/scores/LS030;J.Loeb;1;;1;;-;;A.Petkovic;6;;6;;-;;https://www.wtatennis.com/tournament/1045/washington-dc/2018/scores
Completed;1:18;Round of 32;https://wtatennis.com/tournament/1045/washington-dc/2018/scores/LS018;A.Kiick;6;;6;;-;;X.Han;2;;3;;-;;https://www.wtatennis.com/tournament/1045/washington-dc/2018/scores
Completed;1:03;Round of 32;https://wtatennis.com/tournament/1045/washington-dc/2018/scores/LS019;K.Boulter;6;;6;;-;;A.Krunic;2;;0;;-;;https://www.wtatennis.com/tournament/1045/washington-dc/2018/scores
Completed;1:20;Round of 32;https://wtatennis.com/tournament/1045/washington-dc/2018/scores/LS026;S.Kuznetsova;6;;6;;-;;K.Ahn;2;;1;;-;;https://www.wtatennis.com/tournament/1045/washington-dc/2018/scores
Completed;1:53;Round of 32;https://wtatennis.com/tournament/1045/washington-dc/2018/scores/LS031;B.Mattek-Sands;5;;4;;-;;S.Stephens;7;;6;;-;;https://www.wtatennis.com/tournament/1045/washington-dc/2018/scores
Completed;1:19;Round of 32;https://wtatennis.com/tournament/1045/washington-dc/2018/scores/LS020;N.Osaka;6;;7;;-;;B.Pera;2;;6;4;-;;https://www.wtatennis.com/tournament/1045/washington-dc/2018/scores
Completed;1:11;Round of 32;https://wtatennis.com/tournament/1045/washington-dc/2018/scores/LS023;C.Dolehide;3;;4;;-;;D.Vekic;6;;6;;-;;https://www.wtatennis.com/tournament/1045/washington-dc/2018/scores
Completed;2:35;Round of 32;https://wtatennis.com/tournament/1045/washington-dc/2018/scores/LS024;Y.Putintseva;6;;3;;6;;T.Maria;3;;6;;4;;https://www.wtatennis.com/tournament/1045/washington-dc/2018/scores
Completed;1:32;Round of 32;https://wtatennis.com/tournament/1045/washington-dc/2018/scores/LS027;A.Bogdan;7;;6;;-;;E.Makarova;6;2;3;;-;;https://www.wtatennis.com/tournament/1045/washington-dc/2018/scores
Completed;1:37;Round of 32;https://wtatennis.com/tournament/1045/washington-dc/2018/scores/LS029;N.Hibino;7;;6;;-;;S.Zhuk;5;;4;;-;;https://www.wtatennis.com/tournament/1045/washington-dc/2018/scores
Completed;1:37;Round of 32;https://wtatennis.com/tournament/1045/washington-dc/2018/scores/LS028;B.Bencic;7;;6;;-;;H.Dart;5;;2;;-;;https://www.wtatennis.com/tournament/1045/washington-dc/2018/scores
Completed;1:19;Round of 32;https://wtatennis.com/tournament/1045/washington-dc/2018/scores/LS021;M.Linette;6;;6;;-;;O.Rogowska;4;;1;;-;;https://www.wtatennis.com/tournament/1045/washington-dc/2018/scores
Completed;1:19;Round of 32;https://wtatennis.com/tournament/1045/washington-dc/2018/scores/LS025;J.Brady;6;;6;;-;;N.Vikhlyantseva;1;;4;;-;;https://www.wtatennis.com/tournament/1045/washington-dc/2018/scores
Completed;1:47;Round of 16;https://wtatennis.com/tournament/1045/washington-dc/2018/scores/LS015;A.Petkovic;2;;6;;6;;S.Stephens;6;;4;;2;;https://www.wtatennis.com/tournament/1045/washington-dc/2018/scores
Completed;1:38;Round of 32;https://wtatennis.com/tournament/1045/washington-dc/2018/scores/LS017;K.Swan;2;;4;;-;;S.Zheng;6;;6;;-;;https://www.wtatennis.com/tournament/1045/washington-dc/2018/scores
Completed;1:11;Round of 32;https://wtatennis.com/tournament/1045/washington-dc/2018/scores/LS016;Y.Bonaventure;6;;6;;-;;A.Kalinina;3;;3;;-;;https://www.wtatennis.com/tournament/1045/washington-dc/2018/scores
Completed;2:05;Round of 16;https://wtatennis.com/tournament/1045/washington-dc/2018/scores/LS010;N.Osaka;2;;6;;3;;M.Linette;6;;3;;6;;https://www.wtatennis.com/tournament/1045/washington-dc/2018/scores
Completed;1:09;Round of 16;https://wtatennis.com/tournament/1045/washington-dc/2018/scores/LS013;S.Kuznetsova;6;;6;;-;;A.Bogdan;2;;1;;-;;https://www.wtatennis.com/tournament/1045/washington-dc/2018/scores
Completed;1:45;Round of 16;https://wtatennis.com/tournament/1045/washington-dc/2018/scores/LS012;Y.Putintseva;7;;6;;-;;J.Brady;5;;2;;-;;https://www.wtatennis.com/tournament/1045/washington-dc/2018/scores
Completed;2:23;Round of 16;https://wtatennis.com/tournament/1045/washington-dc/2018/scores/LS011;F.Stollar;2;;6;;6;13;D.Vekic;6;;3;;7;;https://www.wtatennis.com/tournament/1045/washington-dc/2018/scores
Completed;1:39;Round of 16;https://wtatennis.com/tournament/1045/washington-dc/2018/scores/LS008;Y.Bonaventure;4;;4;;-;;S.Zheng;6;;6;;-;;https://www.wtatennis.com/tournament/1045/washington-dc/2018/scores
Completed;2:09;Round of 16;https://wtatennis.com/tournament/1045/washington-dc/2018/scores/LS009;A.Kiick;6;;5;;6;;K.Boulter;4;;7;;1;;https://www.wtatennis.com/tournament/1045/washington-dc/2018/scores
Completed;2:19;Quarterfinal;https://wtatennis.com/tournament/1045/washington-dc/2018/scores/LS007;B.Bencic;3;;6;;6;8;A.Petkovic;6;;2;;7;;https://www.wtatennis.com/tournament/1045/washington-dc/2018/scores
Completed;1:36;Semifinal;https://wtatennis.com/tournament/1045/washington-dc/2018/scores/LS002;S.Zheng;5;;3;;-;;D.Vekic;7;;6;;-;;https://www.wtatennis.com/tournament/1045/washington-dc/2018/scores
Completed;1:23;Semifinal;https://wtatennis.com/tournament/1045/washington-dc/2018/scores/LS003;S.Kuznetsova;6;;6;;-;;A.Petkovic;2;;2;;-;;https://www.wtatennis.com/tournament/1045/washington-dc/2018/scores
Completed;1:10;Quarterfinal;https://wtatennis.com/tournament/1045/washington-dc/2018/scores/LS004;S.Zheng;6;;6;;-;;A.Kiick;3;;1;;-;;https://www.wtatennis.com/tournament/1045/washington-dc/2018/scores
Completed;1:34;Quarterfinal;https://wtatennis.com/tournament/1045/washington-dc/2018/scores/LS005;M.Linette;1;;6;0;-;;D.Vekic;6;;7;;-;;https://www.wtatennis.com/tournament/1045/washington-dc/2018/scores
Completed;1:21;Quarterfinal;https://wtatennis.com/tournament/1045/washington-dc/2018/scores/LS006;Y.Putintseva;2;;2;;-;;S.Kuznetsova;6;;6;;-;;https://www.wtatennis.com/tournament/1045/washington-dc/2018/scores
Completed;2:31;Final;https://wtatennis.com/tournament/1045/washington-dc/2018/scores/LS001;D.Vekic;6;;6;7;2;;S.Kuznetsova;4;;7;;6;;https://www.wtatennis.com/tournament/1045/washington-dc/2018/scores
