statut;duration;stage;url_match_stats;player_1_name;player_1_set_1;player_1_set_1_tiebreak;player_1_set_2;player_1_set_2_tiebreak;player_1_set_3;player_1_set_3_tiebreak;player_2_name;player_2_set_1;player_2_set_1_tiebreak;player_2_set_2;player_2_set_2_tiebreak;player_2_set_3;player_2_set_3_tiebreak;scores_link
Completed;1:15;Qualifying;https://wtatennis.com/tournament/822/s-hertogenbosch/2019/scores/RS019;B.Stefkova;6;5;0;;-;;E.Rybakina;7;;6;;-;;https://www.wtatennis.com/tournament/822/s-hertogenbosch/2019/scores
Completed;1:43;Qualifying;https://wtatennis.com/tournament/822/s-hertogenbosch/2019/scores/RS016;F.Ferro;7;;6;;-;;N.Liauw A Fong;5;;4;;-;;https://www.wtatennis.com/tournament/822/s-hertogenbosch/2019/scores
Completed;1:15;Qualifying;https://wtatennis.com/tournament/822/s-hertogenbosch/2019/scores/RS024;V.Lepchenko;6;;6;;-;;I.De Vroome;1;;4;;-;;https://www.wtatennis.com/tournament/822/s-hertogenbosch/2019/scores
Completed;1:33;Qualifying;https://wtatennis.com/tournament/822/s-hertogenbosch/2019/scores/RS025;M.Honcova;3;;6;;0;;A.Kalinskaya;6;;3;;6;;https://www.wtatennis.com/tournament/822/s-hertogenbosch/2019/scores
Completed;1:03;Qualifying;https://wtatennis.com/tournament/822/s-hertogenbosch/2019/scores/RS018;C.Mchale;6;;6;;-;;R.Van Der Hoek;3;;3;;-;;https://www.wtatennis.com/tournament/822/s-hertogenbosch/2019/scores
Completed;1:41;Qualifying;https://wtatennis.com/tournament/822/s-hertogenbosch/2019/scores/RS020;Y.Bonaventure;6;;1;;7;;A.Hartono;3;;6;;6;3;https://www.wtatennis.com/tournament/822/s-hertogenbosch/2019/scores
Completed;1:23;Qualifying;https://wtatennis.com/tournament/822/s-hertogenbosch/2019/scores/RS026;P.Hon;7;;6;;-;;D.Galfi;6;5;4;;-;;https://www.wtatennis.com/tournament/822/s-hertogenbosch/2019/scores
Completed;1:29;Qualifying;https://wtatennis.com/tournament/822/s-hertogenbosch/2019/scores/RS027;M.Melnikova;7;;4;;-;;G.Garcia Perez;6;7;1;;-;;https://www.wtatennis.com/tournament/822/s-hertogenbosch/2019/scores
Completed;2:02;Qualifying;https://wtatennis.com/tournament/822/s-hertogenbosch/2019/scores/RS023;F.Stollar;6;;4;;6;;T.Korpatsch;4;;6;;3;;https://www.wtatennis.com/tournament/822/s-hertogenbosch/2019/scores
Completed;2:07;Qualifying;https://wtatennis.com/tournament/822/s-hertogenbosch/2019/scores/RS022;P.Badosa Gibert;3;;6;;6;;K.Kawa;6;;3;;4;;https://www.wtatennis.com/tournament/822/s-hertogenbosch/2019/scores
Completed;1:55;Qualifying;https://wtatennis.com/tournament/822/s-hertogenbosch/2019/scores/RS017;S.Lisicki;7;;1;;4;;G.Minnen;6;5;6;;6;;https://www.wtatennis.com/tournament/822/s-hertogenbosch/2019/scores
Completed;0:52;Qualifying;https://wtatennis.com/tournament/822/s-hertogenbosch/2019/scores/RS021;L.Kerkhove;1;;2;;-;;A.Lottner;6;;6;;-;;https://www.wtatennis.com/tournament/822/s-hertogenbosch/2019/scores
Completed;1:41;Qualifying;https://wtatennis.com/tournament/822/s-hertogenbosch/2019/scores/RS012;V.Lepchenko;6;;7;;-;;A.Kalinskaya;2;;6;5;-;;https://www.wtatennis.com/tournament/822/s-hertogenbosch/2019/scores
Completed;1:26;Qualifying;https://wtatennis.com/tournament/822/s-hertogenbosch/2019/scores/RS009;C.Mchale;2;;6;5;-;;E.Rybakina;6;;7;;-;;https://www.wtatennis.com/tournament/822/s-hertogenbosch/2019/scores
Completed;2:09;Qualifying;https://wtatennis.com/tournament/822/s-hertogenbosch/2019/scores/RS010;Y.Bonaventure;7;;4;;6;;A.Lottner;6;5;6;;4;;https://www.wtatennis.com/tournament/822/s-hertogenbosch/2019/scores
Completed;1:02;Qualifying;https://wtatennis.com/tournament/822/s-hertogenbosch/2019/scores/RS013;P.Hon;6;;6;;-;;M.Melnikova;3;;3;;-;;https://www.wtatennis.com/tournament/822/s-hertogenbosch/2019/scores
Completed;1:15;Qualifying;https://wtatennis.com/tournament/822/s-hertogenbosch/2019/scores/RS008;F.Ferro;4;;3;;-;;G.Minnen;6;;6;;-;;https://www.wtatennis.com/tournament/822/s-hertogenbosch/2019/scores
Completed;1:07;Qualifying;https://wtatennis.com/tournament/822/s-hertogenbosch/2019/scores/RS011;P.Badosa Gibert;6;;6;;-;;F.Stollar;4;;2;;-;;https://www.wtatennis.com/tournament/822/s-hertogenbosch/2019/scores
Completed;1:39;Round of 32;https://wtatennis.com/tournament/822/s-hertogenbosch/2019/scores/LS017;A.Rus;7;;6;;-;;B.Schoofs;5;;4;;-;;https://www.wtatennis.com/tournament/822/s-hertogenbosch/2019/scores
Completed;1:06;Round of 32;https://wtatennis.com/tournament/822/s-hertogenbosch/2019/scores/LS018;P.Badosa Gibert;6;;6;;-;;P.Hon;4;;3;;-;;https://www.wtatennis.com/tournament/822/s-hertogenbosch/2019/scores
Completed;1:16;Round of 32;https://wtatennis.com/tournament/822/s-hertogenbosch/2019/scores/LS022;V.Lepchenko;1;;2;;-;;E.Rybakina;6;;6;;-;;https://www.wtatennis.com/tournament/822/s-hertogenbosch/2019/scores
Completed;2:23;Round of 32;https://wtatennis.com/tournament/822/s-hertogenbosch/2019/scores/LS028;V.Kuzmova;6;;6;5;4;;M.Gasparyan;2;;7;;6;;https://www.wtatennis.com/tournament/822/s-hertogenbosch/2019/scores
Completed;1:12;Round of 32;https://wtatennis.com/tournament/822/s-hertogenbosch/2019/scores/LS030;V.Kudermetova;6;;6;;-;;O.Jabeur;3;;4;;-;;https://www.wtatennis.com/tournament/822/s-hertogenbosch/2019/scores
Completed;1:26;Round of 32;https://wtatennis.com/tournament/822/s-hertogenbosch/2019/scores/LS029;M.Barthel;5;;4;;-;;G.Minnen;7;;6;;-;;https://www.wtatennis.com/tournament/822/s-hertogenbosch/2019/scores
Completed;1:10;Round of 32;https://wtatennis.com/tournament/822/s-hertogenbosch/2019/scores/LS027;E.Alexandrova;6;;6;;-;;E.Mertens;4;;2;;-;;https://www.wtatennis.com/tournament/822/s-hertogenbosch/2019/scores
Completed;1:25;Round of 32;https://wtatennis.com/tournament/822/s-hertogenbosch/2019/scores/LS026;Y.Bonaventure;6;;2;;6;;F.Ferro;2;;6;;0;;https://www.wtatennis.com/tournament/822/s-hertogenbosch/2019/scores
Completed;0:57;Round of 32;https://wtatennis.com/tournament/822/s-hertogenbosch/2019/scores/LS016;K.Bertens;6;;6;;-;;J.Larsson;3;;1;;-;;https://www.wtatennis.com/tournament/822/s-hertogenbosch/2019/scores
Completed;2:01;Round of 32;https://wtatennis.com/tournament/822/s-hertogenbosch/2019/scores/LS025;A.Riske;6;4;6;;6;;K.Muchova;7;;3;;2;;https://www.wtatennis.com/tournament/822/s-hertogenbosch/2019/scores
Completed;1:33;Round of 32;https://wtatennis.com/tournament/822/s-hertogenbosch/2019/scores/LS024;C.Mchale;4;;4;;-;;P.Hercog;6;;6;;-;;https://www.wtatennis.com/tournament/822/s-hertogenbosch/2019/scores
Completed;2:01;Round of 32;https://wtatennis.com/tournament/822/s-hertogenbosch/2019/scores/LS023;Y.Wang;6;4;3;;-;;A.Van Uytvanck;7;;6;;-;;https://www.wtatennis.com/tournament/822/s-hertogenbosch/2019/scores
Completed;1:17;Round of 32;https://wtatennis.com/tournament/822/s-hertogenbosch/2019/scores/LS020;L.Tsurenko;6;;6;;-;;K.Pliskova;4;;4;;-;;https://www.wtatennis.com/tournament/822/s-hertogenbosch/2019/scores
Completed;1:49;Round of 32;https://wtatennis.com/tournament/822/s-hertogenbosch/2019/scores/LS031;D.Aiava;7;;1;;6;;A.Sabalenka;6;3;6;;4;;https://www.wtatennis.com/tournament/822/s-hertogenbosch/2019/scores
Completed;1:32;Round of 32;https://wtatennis.com/tournament/822/s-hertogenbosch/2019/scores/LS021;K.Flipkens;6;;3;;6;;A.Krunic;3;;6;;1;;https://www.wtatennis.com/tournament/822/s-hertogenbosch/2019/scores
Completed;1:24;Round of 16;https://wtatennis.com/tournament/822/s-hertogenbosch/2019/scores/LS014;M.Gasparyan;4;;4;;-;;G.Minnen;6;;6;;-;;https://www.wtatennis.com/tournament/822/s-hertogenbosch/2019/scores
Completed;1:58;Round of 16;https://wtatennis.com/tournament/822/s-hertogenbosch/2019/scores/LS010;L.Tsurenko;6;8;5;;-;;K.Flipkens;7;;7;;-;;https://www.wtatennis.com/tournament/822/s-hertogenbosch/2019/scores
Completed;1:09;Round of 32;https://wtatennis.com/tournament/822/s-hertogenbosch/2019/scores/LS019;N.Vikhlyantseva;6;;6;;-;;A.Kalinskaya;2;;3;;-;;https://www.wtatennis.com/tournament/822/s-hertogenbosch/2019/scores
Completed;1:11;Round of 16;https://wtatennis.com/tournament/822/s-hertogenbosch/2019/scores/LS013;Y.Bonaventure;3;;4;;-;;E.Alexandrova;6;;6;;-;;https://www.wtatennis.com/tournament/822/s-hertogenbosch/2019/scores
Completed;0:59;Round of 16;https://wtatennis.com/tournament/822/s-hertogenbosch/2019/scores/LS015;V.Kudermetova;6;;6;;-;;D.Aiava;3;;1;;-;;https://www.wtatennis.com/tournament/822/s-hertogenbosch/2019/scores
Completed;1:36;Round of 16;https://wtatennis.com/tournament/822/s-hertogenbosch/2019/scores/LS011;E.Rybakina;6;;6;;-;;A.Van Uytvanck;3;;4;;-;;https://www.wtatennis.com/tournament/822/s-hertogenbosch/2019/scores
Completed;1:20;Quarterfinal;https://wtatennis.com/tournament/822/s-hertogenbosch/2019/scores/LS005;K.Flipkens;4;;4;;-;;E.Rybakina;6;;6;;-;;https://www.wtatennis.com/tournament/822/s-hertogenbosch/2019/scores
Completed;1:10;Quarterfinal;https://wtatennis.com/tournament/822/s-hertogenbosch/2019/scores/LS004;K.Bertens;6;;6;;-;;N.Vikhlyantseva;3;;3;;-;;https://www.wtatennis.com/tournament/822/s-hertogenbosch/2019/scores
Completed;1:22;Quarterfinal;https://wtatennis.com/tournament/822/s-hertogenbosch/2019/scores/LS006;A.Riske;7;;6;;-;;E.Alexandrova;5;;3;;-;;https://www.wtatennis.com/tournament/822/s-hertogenbosch/2019/scores
Completed;2:12;Quarterfinal;https://wtatennis.com/tournament/822/s-hertogenbosch/2019/scores/LS007;G.Minnen;6;;5;;3;;V.Kudermetova;4;;7;;6;;https://www.wtatennis.com/tournament/822/s-hertogenbosch/2019/scores
Completed;0:56;Round of 16;https://wtatennis.com/tournament/822/s-hertogenbosch/2019/scores/LS009;P.Badosa Gibert;1;;1;;-;;N.Vikhlyantseva;6;;6;;-;;https://www.wtatennis.com/tournament/822/s-hertogenbosch/2019/scores
Completed;1:33;Round of 16;https://wtatennis.com/tournament/822/s-hertogenbosch/2019/scores/LS008;K.Bertens;7;;6;;-;;A.Rus;5;;3;;-;;https://www.wtatennis.com/tournament/822/s-hertogenbosch/2019/scores
Completed;1:47;Round of 16;https://wtatennis.com/tournament/822/s-hertogenbosch/2019/scores/LS012;P.Hercog;4;;6;5;-;;A.Riske;6;;7;;-;;https://www.wtatennis.com/tournament/822/s-hertogenbosch/2019/scores
Completed;1:23;Semifinal;https://wtatennis.com/tournament/822/s-hertogenbosch/2019/scores/LS002;K.Bertens;6;;6;;-;;E.Rybakina;4;;4;;-;;https://www.wtatennis.com/tournament/822/s-hertogenbosch/2019/scores
Completed;2:09;Semifinal;https://wtatennis.com/tournament/822/s-hertogenbosch/2019/scores/LS003;A.Riske;6;;3;;7;;V.Kudermetova;4;;6;;6;5;https://www.wtatennis.com/tournament/822/s-hertogenbosch/2019/scores
Completed;2:19;Final;https://wtatennis.com/tournament/822/s-hertogenbosch/2019/scores/LS001;K.Bertens;6;;6;3;5;;A.Riske;0;;7;;7;;https://www.wtatennis.com/tournament/822/s-hertogenbosch/2019/scores
