match_1st Return Points Won_player_1;match_1st Return Points Won_player_2;match_1st Serve Points Won_player_1;match_1st Serve Points Won_player_2;match_1st Serve_player_1;match_1st Serve_player_2;match_2nd Return Points Won_player_1;match_2nd Return Points Won_player_2;match_2nd Serve Points Won_player_1;match_2nd Serve Points Won_player_2;match_Aces_player_1;match_Aces_player_2;match_Break Points Converted_player_1;match_Break Points Converted_player_2;match_Break Points Saved_player_1;match_Break Points Saved_player_2;match_Double Faults_player_1;match_Double Faults_player_2;match_Return Games Played_player_1;match_Return Games Played_player_2;match_Service Games Played_player_1;match_Service Games Played_player_2;match_Total Points Won_player_1;match_Total Points Won_player_2;match_Total Return Points Won_player_1;match_Total Return Points Won_player_2;match_Total Service Points Won_player_1;match_Total Service Points Won_player_2;set1_1st Return Points Won_player_1;set1_1st Return Points Won_player_2;set1_1st Serve Points Won_player_1;set1_1st Serve Points Won_player_2;set1_1st Serve_player_1;set1_1st Serve_player_2;set1_2nd Return Points Won_player_1;set1_2nd Return Points Won_player_2;set1_2nd Serve Points Won_player_1;set1_2nd Serve Points Won_player_2;set1_Aces_player_1;set1_Aces_player_2;set1_Break Points Converted_player_1;set1_Break Points Converted_player_2;set1_Break Points Saved_player_1;set1_Break Points Saved_player_2;set1_Double Faults_player_1;set1_Double Faults_player_2;set1_Return Games Played_player_1;set1_Return Games Played_player_2;set1_Service Games Played_player_1;set1_Service Games Played_player_2;set1_Total Points Won_player_1;set1_Total Points Won_player_2;set1_Total Return Points Won_player_1;set1_Total Return Points Won_player_2;set1_Total Service Points Won_player_1;set1_Total Service Points Won_player_2;set2_1st Return Points Won_player_1;set2_1st Return Points Won_player_2;set2_1st Serve Points Won_player_1;set2_1st Serve Points Won_player_2;set2_1st Serve_player_1;set2_1st Serve_player_2;set2_2nd Return Points Won_player_1;set2_2nd Return Points Won_player_2;set2_2nd Serve Points Won_player_1;set2_2nd Serve Points Won_player_2;set2_Aces_player_1;set2_Aces_player_2;set2_Break Points Converted_player_1;set2_Break Points Converted_player_2;set2_Break Points Saved_player_1;set2_Break Points Saved_player_2;set2_Double Faults_player_1;set2_Double Faults_player_2;set2_Return Games Played_player_1;set2_Return Games Played_player_2;set2_Service Games Played_player_1;set2_Service Games Played_player_2;set2_Total Points Won_player_1;set2_Total Points Won_player_2;set2_Total Return Points Won_player_1;set2_Total Return Points Won_player_2;set2_Total Service Points Won_player_1;set2_Total Service Points Won_player_2;h2h_wins_player_1;h2h_wins_player_2;Height_player_1;Height_player_2;Date of Birth_player_1;Date of Birth_player_2;Plays_player_1;Plays_player_2;url_match_stats;set3_1st Return Points Won_player_1;set3_1st Return Points Won_player_2;set3_1st Serve Points Won_player_1;set3_1st Serve Points Won_player_2;set3_1st Serve_player_1;set3_1st Serve_player_2;set3_2nd Return Points Won_player_1;set3_2nd Return Points Won_player_2;set3_2nd Serve Points Won_player_1;set3_2nd Serve Points Won_player_2;set3_Aces_player_1;set3_Aces_player_2;set3_Break Points Converted_player_1;set3_Break Points Converted_player_2;set3_Break Points Saved_player_1;set3_Break Points Saved_player_2;set3_Double Faults_player_1;set3_Double Faults_player_2;set3_Return Games Played_player_1;set3_Return Games Played_player_2;set3_Service Games Played_player_1;set3_Service Games Played_player_2;set3_Total Points Won_player_1;set3_Total Points Won_player_2;set3_Total Return Points Won_player_1;set3_Total Return Points Won_player_2;set3_Total Service Points Won_player_1;set3_Total Service Points Won_player_2
18/36;13/46;33/46;18/36;46/68;36/52;11/16;16/22;6/22;5/16;0;0;6/6;3/4;1/4;0/6;5;3;10;9;9;10;68/120;52/120;29/52;29/68;39/68;23/52;10/20;5/22;17/22;10/20;22/34;20/27;5/7;8/12;4/12;2/7;0;0;3/3;1/2;1/2;0/3;1;1;5;4;4;5;36/61;25/61;15/27;13/34;21/34;12/27;8/16;8/24;16/24;8/16;24/34;16/25;6/9;8/10;2/10;3/9;0;0;3/3;2/2;0/2;0/3;4;2;5;5;5;5;32/59;27/59;14/25;16/34;18/34;11/25;4;0;1.76;1.70;26.67;28.08;Right-Handed;Right-Handed;https://wtatennis.com/tournament/1051/stuttgart/2019/scores/RS020;;;;;;;;;;;;;;;;;;;;;;;;;;;;
12/36;14/33;19/33;24/36;33/50;36/62;10/26;8/17;9/17;16/26;2;8;0/2;4/4;0/4;2/2;5;4;8;8;8;8;50/112;62/112;22/62;22/50;28/50;40/62;3/11;7/16;9/16;8/11;16/24;11/22;5/11;6/8;2/8;6/11;2;4;0/1;3/3;0/3;1/1;5;2;3;4;4;3;19/46;27/46;8/22;13/24;11/24;14/22;9/25;7/17;10/17;16/25;17/26;25/40;5/15;2/9;7/9;10/15;0;4;0/1;1/1;0/1;1/1;0;2;5;4;4;5;31/66;35/66;14/40;9/26;17/26;26/40;1;3;1.79;1.76;28.92;28.67;Right-Handed;Right-Handed;https://wtatennis.com/tournament/1051/stuttgart/2019/scores/RS019;;;;;;;;;;;;;;;;;;;;;;;;;;;;
6/30;10/28;18/28;24/30;28/60;30/67;19/37;19/32;13/32;18/37;3;8;2/4;5/7;2/7;2/4;8;1;10;10;10;10;56/127;71/127;25/67;29/60;31/60;42/67;3/13;4/9;5/9;10/13;9/24;13/24;5/11;10/15;5/15;6/11;2;5;1/1;3/5;2/5;0/1;5;1;4;4;4;4;18/48;30/48;8/24;14/24;10/24;16/24;3/17;6/19;13/19;14/17;19/36;17/43;14/26;9/17;8/17;12/26;1;3;1/3;2/2;0/2;2/3;3;0;6;6;6;6;38/79;41/79;17/43;15/36;21/36;26/43;4;2;1.83;;26.67;26.67;Right-Handed;Right-Handed;https://wtatennis.com/tournament/1051/stuttgart/2019/scores/RS018;;;;;;;;;;;;;;;;;;;;;;;;;;;;
12/50;13/37;24/37;38/50;37/68;50/69;12/19;20/31;11/31;7/19;4;2;1/8;4/10;6/10;7/8;3;1;10;10;10;10;59/137;78/137;24/69;33/68;35/68;45/69;7/24;5/19;14/19;17/24;19/39;24/33;4/9;12/20;8/20;5/9;3;1;1/1;2/4;2/4;0/1;0;0;6;6;6;6;33/72;39/72;11/33;17/39;22/39;22/33;5/26;8/18;10/18;21/26;18/29;26/36;8/10;8/11;3/11;2/10;1;1;0/7;2/6;4/6;7/7;3;1;4;4;4;4;26/65;39/65;13/36;16/29;13/29;23/36;2;2;1.75;1.74;28.58;29.33;Right-Handed;Right-Handed;https://wtatennis.com/tournament/1051/stuttgart/2019/scores/RS016;;;;;;;;;;;;;;;;;;;;;;;;;;;;
13/40;14/46;32/46;27/40;46/82;40/70;9/30;22/36;14/36;21/30;2;4;3/7;5/15;10/15;4/7;1;2;13;13;13;13;68/152;84/152;22/70;36/82;46/82;48/70;3/10;5/12;7/12;7/10;12/26;10/19;2/9;10/14;4/14;7/9;1;1;1/2;3/8;5/8;1/2;0;0;4;4;4;4;16/45;29/45;5/19;15/26;11/26;14/19;6/14;5/21;16/21;8/14;21/31;14/25;3/11;4/10;6/10;8/11;1;1;1/3;0/3;3/3;2/3;1;1;4;5;5;4;31/56;25/56;9/25;9/31;22/31;16/25;1;1;1.73;1.75;23.33;24.5;Right-Handed;Right-Handed;https://wtatennis.com/tournament/1051/stuttgart/2019/scores/RS026;4/16;4/13;9/13;12/16;13/25;16/26;4/10;8/12;4/12;6/10;0;2;1/2;2/4;2/4;1/2;0;1;5;4;4;5;21/51;30/51;8/26;12/25;13/25;18/26
17/46;20/48;28/48;29/46;48/73;46/64;7/18;16/25;9/25;11/18;2;0;3/8;5/9;4/9;5/8;5;1;10;10;10;10;61/137;76/137;24/64;36/73;37/73;40/64;5/14;12/26;14/26;9/14;26/39;14/24;3/10;10/13;3/13;7/10;0;0;1/4;3/7;4/7;3/4;3;1;4;4;4;4;25/63;38/63;8/24;22/39;17/39;16/24;12/32;8/22;14/22;20/32;22/34;32/40;4/8;6/12;6/12;4/8;2;0;2/4;2/2;0/2;2/4;2;0;6;6;6;6;36/74;38/74;16/40;14/34;20/34;24/40;0;2;1.80;;37.08;31.5;Left-Handed;Left-Handed;https://wtatennis.com/tournament/1051/stuttgart/2019/scores/RS021;;;;;;;;;;;;;;;;;;;;;;;;;;;;
6/27;11/24;13/24;21/27;24/36;27/41;5/14;9/12;3/12;9/14;0;5;1/2;5/8;3/8;1/2;4;1;8;7;7;8;27/77;50/77;11/41;20/36;16/36;30/41;3/15;5/9;4/9;12/15;9/16;15/17;1/2;7/7;0/7;1/2;0;2;0/1;3/4;1/4;1/1;4;0;3;3;3;3;8/33;25/33;4/17;12/16;4/16;13/17;3/12;6/15;9/15;9/12;15/20;12/24;4/12;2/5;3/5;8/12;0;3;1/1;2/4;2/4;0/1;0;1;5;4;4;5;19/44;25/44;7/24;8/20;12/20;17/24;0;4;;1.80;24.83;37.58;N/A;Right-Handed;https://wtatennis.com/tournament/1051/stuttgart/2019/scores/RS027;;;;;;;;;;;;;;;;;;;;;;;;;;;;
14/61;10/49;39/49;47/61;49/95;61/109;23/48;21/46;25/46;25/48;10;4;2/7;2/4;2/4;5/7;7;4;15;15;15;15;101/204;103/204;37/109;31/95;64/95;72/109;2/10;5/17;12/17;8/10;17/34;10/22;6/12;6/17;11/17;6/12;3;1;1/1;0/1;1/1;0/1;1;0;4;5;5;4;31/56;25/56;8/22;11/34;23/34;14/22;2/17;0/10;10/10;15/17;10/21;17/29;5/12;7/11;4/11;7/12;4;2;0/0;1/1;0/1;0/0;3;2;5;4;4;5;21/50;29/50;7/29;7/21;14/21;22/29;0;1;1.78;1.84;33.75;31.58;Right-Handed;Right-Handed;https://wtatennis.com/tournament/1051/stuttgart/2019/scores/RS025;10/34;5/22;17/22;24/34;22/40;34/58;12/24;8/18;10/18;12/24;3;1;1/6;1/2;1/2;5/6;3;2;6;6;6;6;49/98;49/98;22/58;13/40;27/40;36/58
9/30;23/36;13/36;21/30;36/45;30/41;4/11;6/9;3/9;7/11;1;5;1/4;6/10;4/10;3/4;2;1;7;7;7;7;29/86;57/86;13/41;29/45;16/45;28/41;7/17;9/13;4/13;10/17;13/18;17/24;2/7;4/5;1/5;5/7;0;3;1/4;3/4;1/4;3/4;2;0;4;3;3;4;14/42;28/42;9/24;13/18;5/18;15/24;2/13;14/23;9/23;11/13;23/27;13/17;2/4;2/4;2/4;2/4;1;2;0/0;3/6;3/6;0/0;0;1;3;4;4;3;15/44;29/44;4/17;16/27;11/27;13/17;0;1;1.70;1.85;30.67;26.83;Right-Handed;Right-Handed;https://wtatennis.com/tournament/1051/stuttgart/2019/scores/RS017;;;;;;;;;;;;;;;;;;;;;;;;;;;;
30/69;31/61;30/61;39/69;61/93;69/95;10/26;20/32;12/32;16/26;1;0;4/10;8/11;3/11;6/10;4;4;14;14;14;14;82/188;106/188;40/95;51/93;42/93;55/95;13/25;10/19;9/19;12/25;19/31;25/36;6/11;10/12;2/12;5/11;0;0;3/7;4/6;2/6;4/7;2;2;5;5;5;5;30/67;37/67;19/36;20/31;11/31;17/36;16/35;12/30;18/30;19/35;30/45;35/45;3/10;6/15;9/15;7/10;1;0;1/3;1/1;0/1;2/3;2;2;6;6;6;6;46/90;44/90;19/45;18/45;27/45;26/45;0;1;1.70;1.70;32.25;35.58;Right-Handed;Right-Handed;https://wtatennis.com/tournament/1051/stuttgart/2019/scores/RS028;1/9;9/12;3/12;8/9;12/17;9/14;1/5;4/5;1/5;4/5;0;0;0/0;3/4;1/4;0/0;0;0;3;3;3;3;6/31;25/31;2/14;13/17;4/17;12/14
;;;;;;;;;;;;;;;;;;;;;;;;;;;;;;;;;;;;;;;;;;;;;;;;;;;;;;;;;;;;;;;;;;;;;;;;;;;;;;;;;;;;;;;;;;;;https://wtatennis.com/tournament/1051/stuttgart/2019/scores/RS029;;;;;;;;;;;;;;;;;;;;;;;;;;;;
17/41;18/50;32/50;24/41;50/63;41/55;9/14;9/13;4/13;5/14;4;0;5/9;3/5;2/5;4/9;3;1;10;10;10;10;62/118;56/118;26/55;27/63;36/63;29/55;9/20;9/26;17/26;11/20;26/35;20/25;4/5;7/9;2/9;1/5;1;0;3/6;2/3;1/3;3/6;1;1;5;5;5;5;32/60;28/60;13/25;16/35;19/35;12/25;8/21;9/24;15/24;13/21;24/28;21/30;5/9;2/4;2/4;4/9;3;0;2/3;1/2;1/2;1/3;2;0;5;5;5;5;30/58;28/58;13/30;11/28;17/28;17/30;1;0;1.72;;38.75;25.42;Right-Handed;N/A;https://wtatennis.com/tournament/1051/stuttgart/2019/scores/RS024;;;;;;;;;;;;;;;;;;;;;;;;;;;;
16/41;12/30;18/30;25/41;30/48;41/61;16/20;11/18;7/18;4/20;1;4;4/13;4/7;3/7;9/13;2;6;7;7;7;7;57/109;52/109;32/61;23/48;25/48;29/61;12/32;8/25;17/25;20/32;25/42;32/49;13/17;11/17;6/17;4/17;1;1;3/9;3/6;3/6;6/9;2;5;6;6;6;6;48/91;43/91;25/49;19/42;23/42;24/49;4/9;4/5;1/5;5/9;5/6;9/12;3/3;0/1;1/1;0/3;0;3;1/4;1/1;0/1;3/4;0;1;1;1;1;1;9/18;9/18;7/12;4/6;2/6;5/12;0;1;1.75;1.76;26.5;28.5;Right-Handed;Left-Handed;https://wtatennis.com/tournament/1051/stuttgart/2019/scores/RS023;;;;;;;;;;;;;;;;;;;;;;;;;;;;
27/54;19/50;31/50;27/54;50/84;54/84;15/30;18/34;16/34;15/30;3;1;4/6;4/7;3/7;2/6;6;3;12;12;12;12;89/168;79/168;42/84;37/84;47/84;42/84;14/22;5/16;11/16;8/22;16/34;22/42;7/20;8/18;10/18;13/20;2;0;2/3;2/2;0/2;1/3;5;1;6;6;6;6;42/76;34/76;21/42;13/34;21/34;21/42;13/32;14/34;20/34;19/32;34/50;32/42;8/10;10/16;6/16;2/10;1;1;2/3;2/5;3/5;1/3;1;2;6;6;6;6;47/92;45/92;21/42;24/50;26/50;21/42;1;0;1.83;1.64;31.92;26.33;Right-Handed;Right-Handed;https://wtatennis.com/tournament/1051/stuttgart/2019/scores/RS022;;;;;;;;;;;;;;;;;;;;;;;;;;;;
9/32;22/44;22/44;23/32;44/63;32/56;13/24;11/19;8/19;11/24;2;2;2/6;5/11;6/11;4/6;2;4;9;9;9;9;52/119;67/119;22/56;33/63;30/63;34/56;3/15;14/32;18/32;12/15;32/43;15/27;7/12;6/11;5/11;5/12;2;1;1/1;2/8;6/8;0/1;2;3;5;5;5;5;33/70;37/70;10/27;20/43;23/43;17/27;6/17;8/12;4/12;11/17;12/20;17/29;6/12;5/8;3/8;6/12;0;1;1/5;3/3;0/3;4/5;0;1;4;4;4;4;19/49;30/49;12/29;13/20;7/20;17/29;1;1;1.77;1.79;28.67;24.75;Right-Handed;Right-Handed;https://wtatennis.com/tournament/1051/stuttgart/2019/scores/RS031;;;;;;;;;;;;;;;;;;;;;;;;;;;;
15/47;14/40;26/40;32/47;40/71;47/79;16/32;20/31;11/31;16/32;6;5;3/8;5/12;7/12;5/8;2;4;11;11;11;11;68/150;82/150;31/79;34/71;37/71;48/79;3/15;4/18;14/18;12/15;18/32;15/25;4/10;10/14;4/14;6/10;3;2;1/1;2/5;3/5;0/1;1;2;5;5;5;5;25/57;32/57;7/25;14/32;18/32;18/25;12/32;10/22;12/22;20/32;22/39;32/54;12/22;10/17;7/17;10/22;3;3;2/7;3/7;4/7;5/7;1;2;6;6;6;6;43/93;50/93;24/54;20/39;19/39;30/54;0;3;1.82;1.82;24.58;25.83;Right-Handed;Right-Handed;https://wtatennis.com/tournament/1051/stuttgart/2019/scores/RS030;;;;;;;;;;;;;;;;;;;;;;;;;;;;
20/58;23/61;38/61;38/58;61/88;58/87;18/29;10/27;17/27;11/29;9;3;4/8;4/10;6/10;4/8;2;3;14;15;15;14;93/175;82/175;38/87;33/88;55/88;49/87;5/14;6/20;14/20;9/14;20/26;14/22;6/8;2/6;4/6;2/8;5;0;2/3;0/1;1/1;1/3;0;3;4;4;4;4;29/48;19/48;11/22;8/26;18/26;11/22;4/17;5/14;9/14;13/17;14/25;17/20;0/3;5/11;6/11;3/3;2;2;0/0;2/5;3/5;0/0;2;0;4;5;5;4;19/45;26/45;4/20;10/25;15/25;16/20;3;0;1.74;1.85;29.33;26.83;Right-Handed;Right-Handed;https://wtatennis.com/tournament/1051/stuttgart/2019/scores/RS008;11/27;12/27;15/27;16/27;27/37;27/45;12/18;3/10;7/10;6/18;2;1;2/5;2/4;2/4;3/5;0;0;6;6;6;6;45/82;37/82;23/45;15/37;22/37;22/45
15/48;8/24;16/24;33/48;24/69;48/86;25/38;27/45;18/45;13/38;2;5;4/10;5/10;5/10;6/10;4;4;11;10;10;11;74/155;81/155;40/86;35/69;34/69;46/86;6/24;4/13;9/13;18/24;13/40;24/45;16/21;16/27;11/27;5/21;1;2;3/4;3/4;1/4;1/4;1;3;6;6;6;6;42/85;43/85;22/45;20/40;20/40;23/45;9/24;4/11;7/11;15/24;11/29;24/41;9/17;11/18;7/18;8/17;1;3;1/6;2/6;4/6;5/6;3;1;5;4;4;5;32/70;38/70;18/41;15/29;14/29;23/41;1;2;;1.76;26.67;28.67;Right-Handed;Right-Handed;https://wtatennis.com/tournament/1051/stuttgart/2019/scores/RS009;;;;;;;;;;;;;;;;;;;;;;;;;;;;
13/42;7/44;37/44;29/42;44/62;42/64;10/22;9/18;9/18;12/22;9;1;2/5;0/2;2/2;3/5;4;2;10;11;11;10;69/126;57/126;23/64;16/62;46/62;41/64;3/11;1/16;15/16;8/11;16/25;11/23;5/12;4/9;5/9;7/12;2;1;1/1;0/0;0/0;0/1;2;0;4;5;5;4;28/48;20/48;8/23;5/25;20/25;15/23;10/31;6/28;22/28;21/31;28/37;31/41;5/10;5/9;4/9;5/10;7;0;1/4;0/2;2/2;3/4;2;2;6;6;6;6;41/78;37/78;15/41;11/37;26/37;26/41;1;2;1.83;1.76;31.92;28.5;Right-Handed;Left-Handed;https://wtatennis.com/tournament/1051/stuttgart/2019/scores/RS011;;;;;;;;;;;;;;;;;;;;;;;;;;;;
19/29;20/39;19/39;10/29;39/53;29/47;14/18;5/14;9/14;4/18;0;0;7/11;3/8;5/8;4/11;4;2;8;8;8;8;61/100;39/100;33/47;25/53;28/53;14/47;8/12;8/16;8/16;4/12;16/22;12/22;9/10;3/6;3/6;1/10;0;0;4/5;2/3;1/3;1/5;3;2;4;4;4;4;28/44;16/44;17/22;11/22;11/22;5/22;11/17;12/23;11/23;6/17;23/31;17/25;5/8;2/8;6/8;3/8;0;0;3/6;1/5;4/5;3/6;1;0;4;4;4;4;33/56;23/56;16/25;14/31;17/31;9/25;1;0;1.76;;26.67;31.5;Right-Handed;Left-Handed;https://wtatennis.com/tournament/1051/stuttgart/2019/scores/RS010;;;;;;;;;;;;;;;;;;;;;;;;;;;;
15/28;10/30;20/30;13/28;30/47;28/48;12/20;6/17;11/17;8/20;2;1;5/11;1/3;2/3;6/11;2;2;7;8;8;7;58/95;37/95;27/48;16/47;31/47;21/48;8/15;8/16;8/16;7/15;16/27;15/29;9/14;4/11;7/11;5/14;1;1;3/9;1/3;2/3;6/9;1;1;4;4;4;4;32/56;24/56;17/29;12/27;15/27;12/29;7/13;2/14;12/14;6/13;14/20;13/19;3/6;2/6;4/6;3/6;1;0;2/2;0/0;0/0;0/2;1;1;3;4;4;3;26/39;13/39;10/19;4/20;16/20;9/19;1;0;1.72;1.84;38.75;31.58;Right-Handed;Right-Handed;https://wtatennis.com/tournament/1051/stuttgart/2019/scores/RS012;;;;;;;;;;;;;;;;;;;;;;;;;;;;
18/44;21/43;22/43;26/44;43/62;44/64;16/20;8/19;11/19;4/20;0;3;6/10;4/11;7/11;4/10;4;0;10;10;10;10;67/126;59/126;34/64;29/62;33/62;30/64;6/16;10/23;13/23;10/16;23/32;16/28;9/12;5/9;4/9;3/12;0;2;3/3;2/5;3/5;0/3;3;0;5;5;5;5;32/60;28/60;15/28;15/32;17/32;13/28;12/28;11/20;9/20;16/28;20/30;28/36;7/8;3/10;7/10;1/8;0;1;3/7;2/6;4/6;4/7;1;0;5;5;5;5;35/66;31/66;19/36;14/30;16/30;17/36;3;0;1.71;1.71;35.58;25.5;Right-Handed;Right-Handed;https://wtatennis.com/tournament/1051/stuttgart/2019/scores/RS014;;;;;;;;;;;;;;;;;;;;;;;;;;;;
21/68;22/67;45/67;47/68;67/109;68/107;20/39;22/42;20/42;19/39;11;4;4/13;3/15;12/15;9/13;2;3;16;15;15;16;106/216;110/216;41/107;44/109;65/109;66/107;4/19;7/18;11/18;15/19;18/23;19/26;2/7;5/5;0/5;5/7;4;4;1/2;2/5;3/5;1/2;1;0;5;4;4;5;17/49;32/49;6/26;12/23;11/23;20/26;9/24;7/20;13/20;15/24;20/35;24/41;10/17;5/15;10/15;7/17;5;0;2/8;1/2;1/2;6/8;0;2;6;6;6;6;42/76;34/76;19/41;12/35;23/35;22/41;1;2;1.79;1.79;25.83;24.75;Right-Handed;Right-Handed;https://wtatennis.com/tournament/1051/stuttgart/2019/scores/RS015;8/25;8/29;21/29;17/25;29/51;25/40;8/15;12/22;10/22;7/15;2;0;1/3;0/8;8/8;2/3;1;1;5;5;5;5;47/91;44/91;16/40;20/51;31/51;24/40
8/27;12/38;26/38;19/27;38/63;27/57;18/30;10/25;15/25;12/30;2;4;4/6;2/5;3/5;2/6;2;4;10;10;10;10;67/120;53/120;26/57;22/63;41/63;31/57;4/13;9/19;10/19;9/13;19/37;13/27;11/14;7/18;11/18;3/14;2;2;3/4;2/5;3/5;1/4;2;2;5;5;5;5;36/64;28/64;15/27;16/37;21/37;12/27;4/14;3/19;16/19;10/14;19/26;14/30;7/16;3/7;4/7;9/16;0;2;1/2;0/0;0/0;1/2;0;2;5;5;5;5;31/56;25/56;11/30;6/26;20/26;19/30;1;1;1.74;1.76;29.33;28.67;Right-Handed;Right-Handed;https://wtatennis.com/tournament/1051/stuttgart/2019/scores/RS004;;;;;;;;;;;;;;;;;;;;;;;;;;;;
20/60;23/60;37/60;40/60;60/85;60/90;17/30;10/25;15/25;13/30;0;3;3/6;3/6;3/6;3/6;5;2;13;13;13;13;89/175;86/175;37/90;33/85;52/85;53/90;3/16;8/15;7/15;13/16;15/22;16/23;3/7;4/7;3/7;4/7;0;2;0/0;2/4;2/4;0/0;2;0;4;3;3;4;16/45;29/45;6/23;12/22;10/22;17/23;4/12;5/20;15/20;8/12;20/24;12/20;7/8;2/4;2/4;1/8;0;1;2/4;0/0;0/0;2/4;1;0;3;4;4;3;28/44;16/44;11/20;7/24;17/24;9/20;2;0;1.76;1.83;26.67;31.92;Right-Handed;Right-Handed;https://wtatennis.com/tournament/1051/stuttgart/2019/scores/RS005;13/32;10/25;15/25;19/32;25/39;32/47;7/15;4/14;10/14;8/15;0;0;1/2;1/2;1/2;1/2;2;2;6;6;6;6;45/86;41/86;20/47;14/39;25/39;27/47
23/71;27/59;32/59;48/71;59/89;71/101;18/30;13/30;17/30;12/30;0;4;4/7;6/14;8/14;3/7;0;1;15;14;14;15;90/190;100/190;41/101;40/89;49/89;60/101;6/22;8/18;10/18;16/22;18/21;22/35;7/13;2/3;1/3;6/13;0;1;1/2;2/4;2/4;1/2;0;1;5;4;4;5;24/56;32/56;13/35;10/21;11/21;22/35;15/31;12/27;15/27;16/31;27/44;31/43;7/12;6/17;11/17;5/12;0;0;3/4;2/7;5/7;1/4;0;0;6;6;6;6;48/87;39/87;22/43;18/44;26/44;21/43;0;1;1.72;1.80;38.75;37.58;Right-Handed;Right-Handed;https://wtatennis.com/tournament/1051/stuttgart/2019/scores/RS006;2/18;7/14;7/14;16/18;14/24;18/23;4/5;5/10;5/10;1/5;0;3;0/1;2/3;1/3;1/1;0;0;4;4;4;4;18/47;29/47;6/23;12/24;12/24;17/23
20/48;6/30;24/30;28/48;30/63;48/77;15/29;11/33;22/33;14/29;4;0;3/10;0/2;2/2;7/10;3;2;10;10;10;10;81/140;59/140;35/77;17/63;46/63;42/77;13/34;4/21;17/21;21/34;21/41;34/53;9/19;8/20;12/20;10/19;3;0;1/7;0/2;2/2;6/7;3;0;6;6;6;6;51/94;43/94;22/53;12/41;29/41;31/53;7/14;2/9;7/9;7/14;9/22;14/24;6/10;3/13;10/13;4/10;1;0;2/3;0/0;0/0;1/3;0;2;4;4;4;4;30/46;16/46;13/24;5/22;17/22;11/24;3;0;1.82;1.74;31.5;29.33;Right-Handed;Right-Handed;https://wtatennis.com/tournament/1051/stuttgart/2019/scores/LS028;;;;;;;;;;;;;;;;;;;;;;;;;;;;
25/52;13/39;26/39;27/52;39/63;52/72;10/20;11/24;13/24;10/20;10;1;5/10;2/4;2/4;5/10;1;4;11;10;10;11;74/135;61/135;35/72;24/63;39/63;37/72;14/31;7/21;14/21;17/31;21/32;31/46;8/15;4/11;7/11;7/15;5;1;2/6;1/1;0/1;4/6;1;3;6;6;6;6;43/78;35/78;22/46;11/32;21/32;24/46;11/21;6/18;12/18;10/21;18/31;21/26;2/5;7/13;6/13;3/5;5;0;3/4;1/3;2/3;1/4;0;1;5;4;4;5;31/57;26/57;13/26;13/31;18/31;13/26;1;0;1.61;1.61;25.83;34.08;Right-Handed;Right-Handed;https://wtatennis.com/tournament/1051/stuttgart/2019/scores/LS026;;;;;;;;;;;;;;;;;;;;;;;;;;;;
18/50;33/65;32/65;32/50;65/84;50/67;9/17;9/19;10/19;8/17;0;0;2/5;4/11;7/11;3/5;5;2;10;9;9;10;69/151;82/151;27/67;42/84;42/84;40/67;10/21;13/19;6/19;11/21;19/25;21/31;5/10;3/6;3/6;5/10;0;0;2/4;3/3;0/3;2/4;1;2;5;4;4;5;24/56;32/56;15/31;16/25;9/25;16/31;8/29;20/46;26/46;21/29;46/59;29/36;4/7;6/13;7/13;3/7;0;0;0/1;1/8;7/8;1/1;4;0;5;5;5;5;45/95;50/95;12/36;26/59;33/59;24/36;0;3;1.76;1.80;26.67;35.75;Right-Handed;Right-Handed;https://wtatennis.com/tournament/1051/stuttgart/2019/scores/LS030;;;;;;;;;;;;;;;;;;;;;;;;;;;;
31/59;12/43;31/43;28/59;43/78;59/94;17/35;20/35;15/35;18/35;4;0;7/14;3/12;9/12;7/14;5;6;12;12;12;12;94/172;78/172;48/94;32/78;46/78;46/94;11/22;5/18;13/18;11/22;18/31;22/31;4/9;6/13;7/13;5/9;3;0;2/3;0/4;4/4;1/3;1;1;4;4;4;4;35/62;27/62;15/31;11/31;20/31;16/31;10/22;6/13;7/13;12/22;13/25;22/39;8/17;8/12;4/12;9/17;0;0;2/6;3/3;0/3;4/6;4;4;5;5;5;5;29/64;35/64;18/39;14/25;11/25;21/39;2;0;1.69;1.77;33.17;26.0;Right-Handed;Right-Handed;https://wtatennis.com/tournament/1051/stuttgart/2019/scores/LS024;10/15;1/12;11/12;5/15;12/22;15/24;5/9;6/10;4/10;4/9;1;0;3/5;0/5;5/5;2/5;0;1;3;3;3;3;30/46;16/46;15/24;7/22;15/22;9/24
20/61;23/56;33/56;41/61;56/88;61/91;14/30;14/32;18/32;16/30;2;1;3/9;4/9;5/9;6/9;4;9;12;12;12;12;85/179;94/179;34/91;37/88;51/88;57/91;6/27;10/30;20/30;21/27;30/51;27/46;9/19;10/21;11/21;10/19;2;0;1/2;1/3;2/3;1/2;3;6;6;6;6;6;46/97;51/97;15/46;20/51;31/51;31/46;14/34;13/26;13/26;20/34;26/37;34/45;5/11;4/11;7/11;6/11;0;1;2/7;3/6;3/6;5/7;1;3;6;6;6;6;39/82;43/82;19/45;17/37;20/37;26/45;2;4;1.79;1.70;27.58;26.08;Right-Handed;Right-Handed;https://wtatennis.com/tournament/1051/stuttgart/2019/scores/LS018;;;;;;;;;;;;;;;;;;;;;;;;;;;;
9/30;14/35;21/35;21/30;35/58;30/52;9/22;16/23;7/23;13/22;0;4;2/4;5/14;9/14;2/4;1;2;9;8;8;9;46/110;64/110;18/52;30/58;28/58;34/52;3/14;4/12;8/12;11/14;12/23;14/24;6/10;11/11;0/11;4/10;0;2;1/1;3/7;4/7;0/1;1;1;4;3;3;4;17/47;30/47;9/24;15/23;8/23;15/24;6/16;10/23;13/23;10/16;23/35;16/28;3/12;5/12;7/12;9/12;0;2;1/3;2/7;5/7;2/3;0;1;5;5;5;5;29/63;34/63;9/28;15/35;20/35;19/28;0;3;1.82;1.82;25.83;33.25;Right-Handed;Left-Handed;https://wtatennis.com/tournament/1051/stuttgart/2019/scores/LS013;;;;;;;;;;;;;;;;;;;;;;;;;;;;
10/34;16/50;34/50;24/34;50/77;34/69;19/35;10/27;17/27;16/35;4;6;4/9;1/7;6/7;5/9;4;3;11;12;12;11;80/146;66/146;29/69;26/77;51/77;40/69;3/14;7/24;17/24;11/14;24/35;14/31;6/17;7/11;4/11;11/17;3;4;0/1;1/5;4/5;1/1;3;1;5;5;5;5;30/66;36/66;9/31;14/35;21/35;22/31;4/14;6/14;8/14;10/14;14/23;14/26;8/12;1/9;8/9;4/12;0;1;2/4;0/0;0/0;2/4;0;1;4;4;4;4;28/49;21/49;12/26;7/23;16/23;14/26;3;4;1.76;1.80;31.92;34.58;Right-Handed;Right-Handed;https://wtatennis.com/tournament/1051/stuttgart/2019/scores/LS022;3/6;3/12;9/12;3/6;12/19;6/12;5/6;2/7;5/7;1/6;1;1;2/4;0/2;2/2;2/4;1;1;2;3;3;2;22/31;9/31;8/12;5/19;14/19;4/12
8/40;15/43;28/43;32/40;43/64;40/58;9/18;9/21;12/21;9/18;6;6;0/6;3/8;5/8;6/6;0;2;9;10;10;9;57/122;65/122;17/58;24/64;40/64;41/58;4/21;9/22;13/22;17/21;22/36;21/34;6/13;5/14;9/14;7/13;1;4;0/4;1/5;4/5;4/4;0;2;5;5;5;5;32/70;38/70;10/34;14/36;22/36;24/34;4/19;6/21;15/21;15/19;21/28;19/24;3/5;4/7;3/7;2/5;5;2;0/2;2/3;1/3;2/2;0;0;4;5;5;4;25/52;27/52;7/24;10/28;18/28;17/24;2;3;1.77;1.74;29.67;27.5;Right-Handed;Right-Handed;https://wtatennis.com/tournament/1051/stuttgart/2019/scores/LS023;;;;;;;;;;;;;;;;;;;;;;;;;;;;
10/43;21/53;32/53;33/43;53/77;43/70;15/27;13/24;11/24;12/27;2;3;2/5;4/13;9/13;3/5;2;1;11;11;11;11;68/147;79/147;25/70;34/77;43/77;45/70;7/26;8/25;17/25;19/26;25/32;26/42;9/16;5/7;2/7;7/16;1;1;1/3;2/3;1/3;2/3;1;1;6;6;6;6;35/74;39/74;16/42;13/32;19/32;26/42;3/17;13/28;15/28;14/17;28/45;17/28;6/11;8/17;9/17;5/11;1;2;1/2;2/10;8/10;1/2;1;0;5;5;5;5;33/73;40/73;9/28;21/45;24/45;19/28;6;5;1.72;1.83;38.75;33.83;Right-Handed;Right-Handed;https://wtatennis.com/tournament/1051/stuttgart/2019/scores/LS021;;;;;;;;;;;;;;;;;;;;;;;;;;;;
24/66;19/42;23/42;42/66;42/86;66/94;14/28;20/44;24/44;14/28;0;0;5/11;6/11;5/11;6/11;2;4;15;14;14;15;85/180;95/180;38/94;39/86;47/86;56/94;10/22;6/14;8/14;12/22;14/32;22/33;7/11;9/18;9/18;4/11;0;0;3/5;2/3;1/3;2/5;1;2;5;5;5;5;34/65;31/65;17/33;15/32;17/32;16/33;8/23;7/14;7/14;15/23;14/31;23/32;4/9;8/17;9/17;5/9;0;0;1/4;2/5;3/5;3/4;1;2;5;4;4;5;28/63;35/63;12/32;15/31;16/31;20/32;4;4;1.72;1.69;31.42;37.42;Right-Handed;Right-Handed;https://wtatennis.com/tournament/1051/stuttgart/2019/scores/LS017;6/21;6/14;8/14;15/21;14/23;21/29;3/8;3/9;6/9;5/8;0;0;1/2;2/3;1/3;1/2;0;0;5;5;5;5;23/52;29/52;9/29;9/23;14/23;20/29
9/36;16/34;18/34;27/36;34/53;36/57;9/21;9/19;10/19;12/21;1;4;1/5;4/4;0/4;4/5;1;3;9;9;9;9;46/110;64/110;18/57;25/53;28/53;39/57;4/15;7/12;5/12;11/15;12/24;15/25;3/10;5/12;7/12;7/10;0;1;0/2;2/2;0/2;2/2;0;1;4;4;4;4;19/49;30/49;7/25;12/24;12/24;18/25;5/21;9/22;13/22;16/21;22/29;21/32;6/11;4/7;3/7;5/11;1;3;1/3;2/2;0/2;2/3;1;2;5;5;5;5;27/61;34/61;11/32;13/29;16/29;21/32;0;3;1.80;1.75;37.58;26.25;Right-Handed;Right-Handed;https://wtatennis.com/tournament/1051/stuttgart/2019/scores/LS029;;;;;;;;;;;;;;;;;;;;;;;;;;;;
19/38;11/34;23/34;19/38;34/63;38/54;9/16;12/29;17/29;7/16;2;0;5/12;2/8;6/8;7/12;4;3;9;10;10;9;68/117;49/117;28/54;23/63;40/63;26/54;11/15;8/18;10/18;4/15;18/31;15/19;2/4;5/13;8/13;2/4;2;0;3/6;1/6;5/6;3/6;3;0;3;4;4;3;31/50;19/50;13/19;13/31;18/31;6/19;8/23;3/16;13/16;15/23;16/32;23/35;7/12;7/16;9/16;5/12;0;0;2/6;1/2;1/2;4/6;1;3;6;6;6;6;37/67;30/67;15/35;10/32;22/32;20/35;1;0;1.79;1.79;26.92;35.58;Right-Handed;Right-Handed;https://wtatennis.com/tournament/1051/stuttgart/2019/scores/LS019;;;;;;;;;;;;;;;;;;;;;;;;;;;;
8/34;10/42;32/42;26/34;42/70;34/59;15/25;15/28;13/28;10/25;7;2;3/6;0/2;2/2;3/6;2;3;10;9;9;10;68/129;61/129;23/59;25/70;45/70;36/59;3/14;5/23;18/23;11/14;23/41;14/25;5/11;10/18;8/18;6/11;4;1;1/2;0/2;2/2;1/2;2;1;5;5;5;5;34/66;32/66;8/25;15/41;26/41;17/25;5/20;5/19;14/19;15/20;19/29;20/34;10/14;5/10;5/10;4/14;3;1;2/4;0/0;0/0;2/4;0;2;5;4;4;5;34/63;29/63;15/34;10/29;19/29;19/34;5;1;1.80;1.69;25.67;37.42;Right-Handed;Right-Handed;https://wtatennis.com/tournament/1051/stuttgart/2019/scores/LS008;;;;;;;;;;;;;;;;;;;;;;;;;;;;
19/47;20/42;22/42;28/47;42/54;47/76;13/29;9/12;3/12;16/29;1;2;2/7;6/10;4/10;5/7;2;2;9;10;10;9;57/130;73/130;32/76;29/54;25/54;44/76;3/13;9/15;6/15;10/13;15/20;13/19;3/6;4/5;1/5;3/6;0;1;0/0;3/5;2/5;0/0;1;0;3;4;4;3;13/39;26/39;6/19;13/20;7/20;13/19;16/34;11/27;16/27;18/34;27/34;34/57;10/23;5/7;2/7;13/23;1;1;2/7;3/5;2/5;5/7;1;2;6;6;6;6;44/91;47/91;26/57;16/34;18/34;31/57;0;1;1.70;1.79;26.08;26.92;Right-Handed;Right-Handed;https://wtatennis.com/tournament/1051/stuttgart/2019/scores/LS009;;;;;;;;;;;;;;;;;;;;;;;;;;;;
30/65;9/28;19/28;35/65;28/60;65/101;23/36;16/32;16/32;13/36;1;0;6/15;3/8;5/8;9/15;1;8;10;9;9;10;88/161;73/161;53/101;25/60;35/60;48/101;18/41;3/13;10/13;23/41;13/33;41/60;11/19;10/20;10/20;8/19;1;0;2/7;1/5;4/5;5/7;0;3;5;5;5;5;49/93;44/93;29/60;13/33;20/33;31/60;12/24;6/15;9/15;12/24;15/27;24/41;12/17;6/12;6/12;5/17;0;0;4/8;2/3;1/3;4/8;1;5;5;4;4;5;39/68;29/68;24/41;12/27;15/27;17/41;2;1;1.69;1.68;33.17;35.25;Right-Handed;Right-Handed;https://wtatennis.com/tournament/1051/stuttgart/2019/scores/LS012;;;;;;;;;;;;;;;;;;;;;;;;;;;;
17/56;20/57;37/57;39/56;57/95;56/88;18/32;23/38;15/38;14/32;1;6;4/11;5/11;6/11;7/11;4;3;14;14;14;14;87/183;96/183;35/88;43/95;52/95;53/88;5/23;6/28;22/28;18/23;28/46;23/39;8/16;10/18;8/18;8/16;1;2;1/4;0/3;3/3;3/4;1;1;6;6;6;6;43/85;42/85;13/39;16/46;30/46;26/39;9/24;10/21;11/21;15/24;21/37;24/37;9/13;10/16;6/16;4/13;0;1;3/7;4/6;2/6;4/7;3;2;6;6;6;6;35/74;39/74;18/37;20/37;17/37;19/37;1;1;1.83;1.74;33.83;27.5;Right-Handed;Right-Handed;https://wtatennis.com/tournament/1051/stuttgart/2019/scores/LS005;3/9;4/8;4/8;6/9;8/12;9/12;1/3;3/4;1/4;2/3;0;3;0/0;1/2;1/2;0/0;0;0;2;2;2;2;9/24;15/24;4/12;7/12;5/12;8/12
11/37;8/36;28/36;26/37;36/55;37/66;15/29;6/19;13/19;14/29;5;0;2/4;0/0;0/0;2/4;2;1;9;10;10;9;67/121;54/121;26/66;14/55;41/55;40/66;3/14;4/17;13/17;11/14;17/29;14/24;6/10;4/12;8/12;4/10;3;0;1/1;0/0;0/0;0/1;1;1;4;5;5;4;30/53;23/53;9/24;8/29;21/29;15/24;8/23;4/19;15/19;15/23;19/26;23/42;9/19;2/7;5/7;10/19;2;0;1/3;0/0;0/0;2/3;1;0;5;5;5;5;37/68;31/68;17/42;6/26;20/26;25/42;3;2;1.82;1.73;31.5;35.42;Right-Handed;Left-Handed;https://wtatennis.com/tournament/1051/stuttgart/2019/scores/LS007;;;;;;;;;;;;;;;;;;;;;;;;;;;;
25/72;19/64;45/64;47/72;64/97;72/102;15/30;15/33;18/33;15/30;8;4;3/7;3/5;2/5;4/7;3;3;15;16;16;15;103/199;96/199;40/102;34/97;63/97;62/102;5/13;2/17;15/17;8/13;17/27;13/20;1/7;4/10;6/10;6/7;3;0;1/1;0/0;0/0;0/1;1;0;4;5;5;4;27/47;20/47;6/20;6/27;21/27;14/20;5/26;4/15;11/15;21/26;15/26;26/35;6/9;5/11;6/11;3/9;2;2;0/0;1/1;0/1;0/0;1;1;5;5;5;5;28/61;33/61;11/35;9/26;17/26;24/35;2;0;1.80;1.79;25.67;26.92;Right-Handed;Right-Handed;https://wtatennis.com/tournament/1051/stuttgart/2019/scores/LS004;15/33;13/32;19/32;18/33;32/44;33/47;8/14;6/12;6/12;6/14;3;2;2/6;2/4;2/4;4/6;1;2;6;6;6;6;48/91;43/91;23/47;19/44;25/44;24/47
13/51;15/40;25/40;38/51;40/65;51/72;10/21;12/25;13/25;11/21;3;7;3/6;4/4;0/4;3/6;2;4;13;12;12;13;61/137;76/137;23/72;27/65;38/65;49/72;5/15;5/17;12/17;10/15;17/22;15/23;5/8;0/5;5/5;3/8;0;2;2/3;0/0;0/0;1/3;0;2;4;4;4;4;27/45;18/45;10/23;5/22;17/22;13/23;2/14;6/11;5/11;12/14;11/19;14/21;2/7;5/8;3/8;5/7;2;3;0/0;2/2;0/2;0/0;1;2;4;4;4;4;12/40;28/40;4/21;11/19;8/19;17/21;2;2;1.69;1.82;33.17;33.25;Right-Handed;Left-Handed;https://wtatennis.com/tournament/1051/stuttgart/2019/scores/LS006;6/22;4/12;8/12;16/22;12/24;22/28;3/6;7/12;5/12;3/6;1;2;1/3;2/2;0/2;2/3;1;0;5;4;4;5;22/52;30/52;9/28;11/24;13/24;19/28
18/55;12/55;43/55;37/55;55/80;55/89;18/34;13/25;12/25;16/34;3;5;4/6;3/8;5/8;2/6;3;3;14;14;14;14;91/169;78/169;36/89;25/80;55/80;53/89;9/27;6/26;20/26;18/27;26/39;27/43;7/16;6/13;7/13;9/16;2;3;1/3;1/2;1/2;2/3;1;1;6;6;6;6;43/82;39/82;16/43;12/39;27/39;27/43;3/15;5/13;8/13;12/15;13/20;15/26;6/11;4/7;3/7;5/11;1;2;1/1;2/3;1/3;0/1;1;1;5;4;4;5;20/46;26/46;9/26;9/20;11/20;17/26;3;3;1.82;1.82;33.25;31.5;Left-Handed;Right-Handed;https://wtatennis.com/tournament/1051/stuttgart/2019/scores/LS003;6/13;1/16;15/16;7/13;16/21;13/20;5/7;3/5;2/5;2/7;0;0;2/2;0/3;3/3;0/2;1;1;3;4;4;3;28/41;13/41;11/20;4/21;17/21;9/20
0/0;0/0;0/0;0/0;0/0;0/0;0/0;0/0;0/0;0/0;0;0;0/0;0/0;0/0;0/0;0;0;0;0;0;0;0/0;0/0;0/0;0/0;0/0;0/0;0/0;0/0;0/0;0/0;0/0;0/0;0/0;0/0;0/0;0/0;0;0;0/0;0/0;0/0;0/0;0;0;0;0;0;0;0/0;0/0;0/0;0/0;0/0;0/0;;;;;;;;;;;;;;;;;;;;;;;;;;;;;5;0;1.80;1.74;25.67;27.5;Right-Handed;Right-Handed;https://wtatennis.com/tournament/1051/stuttgart/2019/scores/LS002;;;;;;;;;;;;;;;;;;;;;;;;;;;;
11/47;15/36;21/36;36/47;36/63;47/69;13/22;12/27;15/27;9/22;2;5;2/7;3/6;3/6;5/7;2;5;11;10;10;11;60/132;72/132;24/69;27/63;36/63;45/69;4/22;5/11;6/11;18/22;11/19;22/28;3/6;1/8;7/8;3/6;0;2;0/2;1/1;0/1;2/2;1;2;5;4;4;5;20/47;27/47;7/28;6/19;13/19;21/28;7/25;10/25;15/25;18/25;25/44;25/41;10/16;11/19;8/19;6/16;2;3;2/5;2/5;3/5;3/5;1;3;6;6;6;6;40/85;45/85;17/41;21/44;23/44;24/41;3;5;1.74;1.82;27.5;33.25;Right-Handed;Left-Handed;https://wtatennis.com/tournament/1051/stuttgart/2019/scores/LS001;;;;;;;;;;;;;;;;;;;;;;;;;;;;
