statut;duration;stage;url_match_stats;player_1_name;player_1_set_1;player_1_set_1_tiebreak;player_1_set_2;player_1_set_2_tiebreak;player_1_set_3;player_1_set_3_tiebreak;player_2_name;player_2_set_1;player_2_set_1_tiebreak;player_2_set_2;player_2_set_2_tiebreak;player_2_set_3;player_2_set_3_tiebreak;scores_link
Completed;1:33;Qualifying;https://wtatennis.com/tournament/1077/nanchang/2019/scores/RS026;U.Radwanska;7;;6;;-;;A.Guarachi;6;2;2;;-;;https://www.wtatennis.com/tournament/1077/nanchang/2019/scores
Completed;2:08;Qualifying;https://wtatennis.com/tournament/1077/nanchang/2019/scores/RS027;S.Guo;5;;6;;4;;A.Danilina;7;;2;;6;;https://www.wtatennis.com/tournament/1077/nanchang/2019/scores
Completed;1:17;Qualifying;https://wtatennis.com/tournament/1077/nanchang/2019/scores/RS025;S.Shapatava;4;;2;;-;;J.Fett;6;;6;;-;;https://www.wtatennis.com/tournament/1077/nanchang/2019/scores
Completed;1:17;Qualifying;https://wtatennis.com/tournament/1077/nanchang/2019/scores/RS020;S.Ma;4;;4;;-;;Y.Yang;6;;6;;-;;https://www.wtatennis.com/tournament/1077/nanchang/2019/scores
Completed;1:03;Qualifying;https://wtatennis.com/tournament/1077/nanchang/2019/scores/RS021;X.Sun;4;;2;;-;;P.Plipuech;6;;6;;-;;https://www.wtatennis.com/tournament/1077/nanchang/2019/scores
Completed;1:21;Qualifying;https://wtatennis.com/tournament/1077/nanchang/2019/scores/RS022;K.Mcphee;6;;7;;-;;M.Ayukawa;1;;5;;-;;https://www.wtatennis.com/tournament/1077/nanchang/2019/scores
Completed;0:39;Qualifying;https://wtatennis.com/tournament/1077/nanchang/2019/scores/RS017;J.Cako;1;;0;;-;;Z.Sun;6;;6;;-;;https://www.wtatennis.com/tournament/1077/nanchang/2019/scores
Completed;1:02;Qualifying;https://wtatennis.com/tournament/1077/nanchang/2019/scores/RS023;Y.Zhang;2;;2;;-;;G.Arn;6;;6;;-;;https://www.wtatennis.com/tournament/1077/nanchang/2019/scores
Completed;1:35;Qualifying;https://wtatennis.com/tournament/1077/nanchang/2019/scores/RS019;E.Silva;4;;3;;-;;G.Olmos;6;;6;;-;;https://www.wtatennis.com/tournament/1077/nanchang/2019/scores
Completed;2:46;Qualifying;https://wtatennis.com/tournament/1077/nanchang/2019/scores/RS024;J.Fourlis;6;;5;;4;;A.Sutjiadi;4;;7;;6;;https://www.wtatennis.com/tournament/1077/nanchang/2019/scores
Completed;1:19;Qualifying;https://wtatennis.com/tournament/1077/nanchang/2019/scores/RS018;S.Xu;4;;4;;-;;E.Webley-Smith;6;;6;;-;;https://www.wtatennis.com/tournament/1077/nanchang/2019/scores
Completed;1:30;Qualifying;https://wtatennis.com/tournament/1077/nanchang/2019/scores/RS016;J.Cristian;7;;6;;-;;W.Zheng;5;;0;;-;;https://www.wtatennis.com/tournament/1077/nanchang/2019/scores
Completed;2:36;Qualifying;https://wtatennis.com/tournament/1077/nanchang/2019/scores/RS013;U.Radwanska;7;;2;;3;;A.Danilina;5;;6;;6;;https://www.wtatennis.com/tournament/1077/nanchang/2019/scores
Completed;2:07;Qualifying;https://wtatennis.com/tournament/1077/nanchang/2019/scores/RS011;K.Mcphee;6;0;6;8;-;;G.Arn;7;;7;;-;;https://www.wtatennis.com/tournament/1077/nanchang/2019/scores
Completed;1:44;Qualifying;https://wtatennis.com/tournament/1077/nanchang/2019/scores/RS010;Y.Yang;2;;6;;2;;P.Plipuech;6;;1;;6;;https://www.wtatennis.com/tournament/1077/nanchang/2019/scores
Completed;1:21;Qualifying;https://wtatennis.com/tournament/1077/nanchang/2019/scores/RS012;A.Sutjiadi;2;;4;;-;;J.Fett;6;;6;;-;;https://www.wtatennis.com/tournament/1077/nanchang/2019/scores
Completed;1:10;Qualifying;https://wtatennis.com/tournament/1077/nanchang/2019/scores/RS009;E.Webley-Smith;1;;5;;-;;G.Olmos;6;;7;;-;;https://www.wtatennis.com/tournament/1077/nanchang/2019/scores
Completed;1:08;Qualifying;https://wtatennis.com/tournament/1077/nanchang/2019/scores/RS008;J.Cristian;6;;6;;-;;Z.Sun;3;;3;;-;;https://www.wtatennis.com/tournament/1077/nanchang/2019/scores
Completed;2:07;Round of 32;https://wtatennis.com/tournament/1077/nanchang/2019/scores/LS026;A.Danilina;3;;6;;5;;F.Liu;6;;2;;7;;https://www.wtatennis.com/tournament/1077/nanchang/2019/scores
Completed;1:15;Round of 32;https://wtatennis.com/tournament/1077/nanchang/2019/scores/LS028;K.Kozlova;6;;6;;-;;G.Arn;2;;1;;-;;https://www.wtatennis.com/tournament/1077/nanchang/2019/scores
Completed;1:17;Round of 32;https://wtatennis.com/tournament/1077/nanchang/2019/scores/LS027;G.Olmos;3;;2;;-;;M.Linette;6;;6;;-;;https://www.wtatennis.com/tournament/1077/nanchang/2019/scores
Completed;0:53;Round of 32;https://wtatennis.com/tournament/1077/nanchang/2019/scores/LS029;D.Jakupovic;6;;6;;-;;S.Errani;1;;1;;-;;https://www.wtatennis.com/tournament/1077/nanchang/2019/scores
Completed;0:59;Round of 32;https://wtatennis.com/tournament/1077/nanchang/2019/scores/LS024;R.Peterson;6;;6;;-;;F.Xun;0;;3;;-;;https://www.wtatennis.com/tournament/1077/nanchang/2019/scores
Completed;1:21;Round of 32;https://wtatennis.com/tournament/1077/nanchang/2019/scores/LS023;J.Cristian;3;;2;;-;;V.Golubic;6;;6;;-;;https://www.wtatennis.com/tournament/1077/nanchang/2019/scores
Completed;1:40;Round of 32;https://wtatennis.com/tournament/1077/nanchang/2019/scores/LS022;M.Niculescu;6;;3;;1;;L.Arruabarrena;1;;6;;4;;https://www.wtatennis.com/tournament/1077/nanchang/2019/scores
Completed;1:13;Round of 32;https://wtatennis.com/tournament/1077/nanchang/2019/scores/LS016;S.Zhang;6;;6;;-;;A.Krunic;3;;3;;-;;https://www.wtatennis.com/tournament/1077/nanchang/2019/scores
Completed;1:17;Round of 32;https://wtatennis.com/tournament/1077/nanchang/2019/scores/LS019;S.Voegele;5;;3;;-;;K.Pliskova;7;;6;;-;;https://www.wtatennis.com/tournament/1077/nanchang/2019/scores
Completed;2:02;Round of 32;https://wtatennis.com/tournament/1077/nanchang/2019/scores/LS020;E.Rybakina;6;;4;;6;;A.Raina;2;;6;;3;;https://www.wtatennis.com/tournament/1077/nanchang/2019/scores
Completed;1:16;Round of 32;https://wtatennis.com/tournament/1077/nanchang/2019/scores/LS018;P.Badosa;4;;2;;-;;S.Peng;6;;6;;-;;https://www.wtatennis.com/tournament/1077/nanchang/2019/scores
Completed;2:43;Round of 32;https://wtatennis.com/tournament/1077/nanchang/2019/scores/LS025;K.Zavatska;6;3;6;;1;;J.Fett;7;;2;;6;;https://www.wtatennis.com/tournament/1077/nanchang/2019/scores
Completed;1:48;Round of 32;https://wtatennis.com/tournament/1077/nanchang/2019/scores/LS030;S.Stosur;7;;6;;-;;A.Rodionova;6;6;3;;-;;https://www.wtatennis.com/tournament/1077/nanchang/2019/scores
Completed;1:20;Round of 32;https://wtatennis.com/tournament/1077/nanchang/2019/scores/LS031;N.Stojanovic;6;;6;;-;;Y.Wang;2;;4;;-;;https://www.wtatennis.com/tournament/1077/nanchang/2019/scores
Completed;2:17;Round of 32;https://wtatennis.com/tournament/1077/nanchang/2019/scores/LS021;X.Gao;7;;0;;5;;X.Wang;5;;6;;7;;https://www.wtatennis.com/tournament/1077/nanchang/2019/scores
Completed;1:01;Round of 32;https://wtatennis.com/tournament/1077/nanchang/2019/scores/LS017;L.Zhu;6;;6;;-;;P.Plipuech;2;;2;;-;;https://www.wtatennis.com/tournament/1077/nanchang/2019/scores
Completed;1:10;Round of 16;https://wtatennis.com/tournament/1077/nanchang/2019/scores/LS014;K.Kozlova;6;;6;;-;;D.Jakupovic;2;;2;;-;;https://www.wtatennis.com/tournament/1077/nanchang/2019/scores
Completed;1:59;Round of 16;https://wtatennis.com/tournament/1077/nanchang/2019/scores/LS012;R.Peterson;7;;6;;-;;J.Fett;6;1;4;;-;;https://www.wtatennis.com/tournament/1077/nanchang/2019/scores
Completed;1:43;Round of 16;https://wtatennis.com/tournament/1077/nanchang/2019/scores/LS011;L.Arruabarrena;6;;0;;3;;V.Golubic;1;;6;;6;;https://www.wtatennis.com/tournament/1077/nanchang/2019/scores
Completed;0:58;Round of 16;https://wtatennis.com/tournament/1077/nanchang/2019/scores/LS013;F.Liu;2;;3;;-;;M.Linette;6;;6;;-;;https://www.wtatennis.com/tournament/1077/nanchang/2019/scores
Completed;1:48;Round of 16;https://wtatennis.com/tournament/1077/nanchang/2019/scores/LS009;S.Peng;6;;0;;6;;K.Pliskova;3;;6;;4;;https://www.wtatennis.com/tournament/1077/nanchang/2019/scores
Completed;0:38;Round of 16;https://wtatennis.com/tournament/1077/nanchang/2019/scores/LS008;S.Zhang;0;;0;;-;;L.Zhu;6;;1;;-;;https://www.wtatennis.com/tournament/1077/nanchang/2019/scores
Completed;1:26;Round of 16;https://wtatennis.com/tournament/1077/nanchang/2019/scores/LS015;S.Stosur;4;;3;;-;;N.Stojanovic;6;;6;;-;;https://www.wtatennis.com/tournament/1077/nanchang/2019/scores
Completed;1:39;Round of 16;https://wtatennis.com/tournament/1077/nanchang/2019/scores/LS010;E.Rybakina;7;;6;;-;;X.Wang;6;4;2;;-;;https://www.wtatennis.com/tournament/1077/nanchang/2019/scores
Completed;2:21;Quarterfinal;https://wtatennis.com/tournament/1077/nanchang/2019/scores/LS005;E.Rybakina;6;;3;;7;;V.Golubic;4;;6;;5;;https://www.wtatennis.com/tournament/1077/nanchang/2019/scores
Completed;2:53;Quarterfinal;https://wtatennis.com/tournament/1077/nanchang/2019/scores/LS006;R.Peterson;6;;6;3;7;;M.Linette;3;;7;;6;5;https://www.wtatennis.com/tournament/1077/nanchang/2019/scores
Completed;1:42;Quarterfinal;https://wtatennis.com/tournament/1077/nanchang/2019/scores/LS004;L.Zhu;4;;6;5;-;;S.Peng;6;;7;;-;;https://www.wtatennis.com/tournament/1077/nanchang/2019/scores
Completed;2:51;Quarterfinal;https://wtatennis.com/tournament/1077/nanchang/2019/scores/LS007;K.Kozlova;7;;4;;4;;N.Stojanovic;6;5;6;;6;;https://www.wtatennis.com/tournament/1077/nanchang/2019/scores
Completed;1:53;Semifinal;https://wtatennis.com/tournament/1077/nanchang/2019/scores/LS002;S.Peng;1;;6;;2;;E.Rybakina;6;;3;;6;;https://www.wtatennis.com/tournament/1077/nanchang/2019/scores
Completed;1:19;Semifinal;https://wtatennis.com/tournament/1077/nanchang/2019/scores/LS003;R.Peterson;6;;6;;-;;N.Stojanovic;3;;1;;-;;https://www.wtatennis.com/tournament/1077/nanchang/2019/scores
Completed;1:00;Final;https://wtatennis.com/tournament/1077/nanchang/2019/scores/LS001;E.Rybakina;2;;0;;-;;R.Peterson;6;;6;;-;;https://www.wtatennis.com/tournament/1077/nanchang/2019/scores
