match_1st Return Points Won_player_1;match_1st Return Points Won_player_2;match_1st Serve Points Won_player_1;match_1st Serve Points Won_player_2;match_1st Serve_player_1;match_1st Serve_player_2;match_2nd Return Points Won_player_1;match_2nd Return Points Won_player_2;match_2nd Serve Points Won_player_1;match_2nd Serve Points Won_player_2;match_Aces_player_1;match_Aces_player_2;match_Break Points Converted_player_1;match_Break Points Converted_player_2;match_Break Points Saved_player_1;match_Break Points Saved_player_2;match_Double Faults_player_1;match_Double Faults_player_2;match_Return Games Played_player_1;match_Return Games Played_player_2;match_Service Games Played_player_1;match_Service Games Played_player_2;match_Total Points Won_player_1;match_Total Points Won_player_2;match_Total Return Points Won_player_1;match_Total Return Points Won_player_2;match_Total Service Points Won_player_1;match_Total Service Points Won_player_2;set1_1st Return Points Won_player_1;set1_1st Return Points Won_player_2;set1_1st Serve Points Won_player_1;set1_1st Serve Points Won_player_2;set1_1st Serve_player_1;set1_1st Serve_player_2;set1_2nd Return Points Won_player_1;set1_2nd Return Points Won_player_2;set1_2nd Serve Points Won_player_1;set1_2nd Serve Points Won_player_2;set1_Aces_player_1;set1_Aces_player_2;set1_Break Points Converted_player_1;set1_Break Points Converted_player_2;set1_Break Points Saved_player_1;set1_Break Points Saved_player_2;set1_Double Faults_player_1;set1_Double Faults_player_2;set1_Return Games Played_player_1;set1_Return Games Played_player_2;set1_Service Games Played_player_1;set1_Service Games Played_player_2;set1_Total Points Won_player_1;set1_Total Points Won_player_2;set1_Total Return Points Won_player_1;set1_Total Return Points Won_player_2;set1_Total Service Points Won_player_1;set1_Total Service Points Won_player_2;set2_1st Return Points Won_player_1;set2_1st Return Points Won_player_2;set2_1st Serve Points Won_player_1;set2_1st Serve Points Won_player_2;set2_1st Serve_player_1;set2_1st Serve_player_2;set2_2nd Return Points Won_player_1;set2_2nd Return Points Won_player_2;set2_2nd Serve Points Won_player_1;set2_2nd Serve Points Won_player_2;set2_Aces_player_1;set2_Aces_player_2;set2_Break Points Converted_player_1;set2_Break Points Converted_player_2;set2_Break Points Saved_player_1;set2_Break Points Saved_player_2;set2_Double Faults_player_1;set2_Double Faults_player_2;set2_Return Games Played_player_1;set2_Return Games Played_player_2;set2_Service Games Played_player_1;set2_Service Games Played_player_2;set2_Total Points Won_player_1;set2_Total Points Won_player_2;set2_Total Return Points Won_player_1;set2_Total Return Points Won_player_2;set2_Total Service Points Won_player_1;set2_Total Service Points Won_player_2;h2h_wins_player_1;h2h_wins_player_2;Height_player_1;Height_player_2;Date of Birth_player_1;Date of Birth_player_2;Plays_player_1;Plays_player_2;url_match_stats;set3_1st Return Points Won_player_1;set3_1st Return Points Won_player_2;set3_1st Serve Points Won_player_1;set3_1st Serve Points Won_player_2;set3_1st Serve_player_1;set3_1st Serve_player_2;set3_2nd Return Points Won_player_1;set3_2nd Return Points Won_player_2;set3_2nd Serve Points Won_player_1;set3_2nd Serve Points Won_player_2;set3_Aces_player_1;set3_Aces_player_2;set3_Break Points Converted_player_1;set3_Break Points Converted_player_2;set3_Break Points Saved_player_1;set3_Break Points Saved_player_2;set3_Double Faults_player_1;set3_Double Faults_player_2;set3_Return Games Played_player_1;set3_Return Games Played_player_2;set3_Service Games Played_player_1;set3_Service Games Played_player_2;set3_Total Points Won_player_1;set3_Total Points Won_player_2;set3_Total Return Points Won_player_1;set3_Total Return Points Won_player_2;set3_Total Service Points Won_player_1;set3_Total Service Points Won_player_2
16/34;15/42;27/42;18/34;42/73;34/61;17/27;17/31;14/31;10/27;3;0;6/6;4/7;3/7;0/6;5;3;10;10;10;10;74/134;60/134;33/61;32/73;41/73;28/61;7/20;13/32;19/32;13/20;32/51;20/34;10/14;11/19;8/19;4/14;3;0;3/3;3/6;3/6;0/3;3;1;6;6;6;6;44/85;41/85;17/34;24/51;27/51;17/34;9/14;2/10;8/10;5/14;10/22;14/27;7/13;6/12;6/12;6/13;0;0;3/3;1/1;0/1;0/3;2;2;4;4;4;4;30/49;19/49;16/27;8/22;14/22;11/27;1;0;1.77;1.77;32.5;32.58;Right-Handed;Right-Handed;https://wtatennis.com/tournament/1077/nanchang/2019/scores/RS026;;;;;;;;;;;;;;;;;;;;;;;;;;;;
25/58;31/73;42/73;33/58;73/114;58/83;11/25;24/41;17/41;14/25;3;2;6/11;6/16;10/16;5/11;4;4;15;15;15;15;95/197;102/197;36/83;55/114;59/114;47/83;9/25;16/37;21/37;16/25;37/57;25/33;2/8;11/20;9/20;6/8;1;0;1/2;2/8;6/8;1/2;1;0;6;6;6;6;41/90;49/90;11/33;27/57;30/57;22/33;9/15;8/20;12/20;6/15;20/28;15/24;5/9;4/8;4/8;4/9;2;2;3/6;1/3;2/3;3/6;0;2;4;4;4;4;30/52;22/52;14/24;12/28;16/28;10/24;0;1;;1.78;26.83;27.83;;Right-Handed;https://wtatennis.com/tournament/1077/nanchang/2019/scores/RS027;7/18;7/16;9/16;11/18;16/29;18/26;4/8;9/13;4/13;4/8;0.0;0.0;2/3;3/5;2/5;1/3;3.0;2.0;5.0;5.0;5.0;5.0;24/55;31/55;11/26;16/29;13/29;15/26
8/28;20/35;15/35;20/28;35/59;28/59;20/31;14/24;10/24;11/31;1;1;4/10;7/11;4/11;6/10;3;7;9;9;9;9;53/118;65/118;28/59;34/59;25/59;31/59;4/13;14/24;10/24;9/13;24/39;13/32;13/19;8/15;7/15;6/19;1;0;3/5;4/8;4/8;2/5;2;4;5;5;5;5;34/71;37/71;17/32;22/39;17/39;15/32;4/15;6/11;5/11;11/15;11/20;15/27;7/12;6/9;3/9;5/12;0;1;1/5;3/3;0/3;4/5;1;3;4;4;4;4;19/47;28/47;11/27;12/20;8/20;16/27;0;1;;1.68;34.42;26.58;;Right-Handed;https://wtatennis.com/tournament/1077/nanchang/2019/scores/RS025;;;;;;;;;;;;;;;;;;;;;;;;;;;;
13/36;21/39;18/39;23/36;39/60;36/54;11/18;15/21;6/21;7/18;0;3;4/8;6/6;0/6;4/8;2;5;10;10;10;10;48/114;66/114;24/54;36/60;24/60;30/54;6/19;7/16;9/16;13/19;16/30;19/29;7/10;11/14;3/14;3/10;0;0;2/6;3/3;0/3;4/6;1;4;5;5;5;5;25/59;34/59;13/29;18/30;12/30;16/29;7/17;14/23;9/23;10/17;23/30;17/25;4/8;4/7;3/7;4/8;0;3;2/2;3/3;0/3;0/2;1;1;5;5;5;5;23/55;32/55;11/25;18/30;12/30;14/25;1;1;;;23.92;23.5;;;https://wtatennis.com/tournament/1077/nanchang/2019/scores/RS020;;;;;;;;;;;;;;;;;;;;;;;;;;;;
5/30;13/37;24/37;25/30;37/48;30/45;4/15;6/11;5/11;11/15;1;4;0/0;3/6;3/6;0/0;0;0;9;9;9;9;38/93;55/93;9/45;19/48;29/48;36/45;2/14;6/20;14/20;12/14;20/25;14/23;1/9;1/5;4/5;8/9;0;2;0/0;1/2;1/2;0/0;0;0;5;5;5;5;21/48;27/48;3/23;7/25;18/25;20/23;3/16;7/17;10/17;13/16;17/23;16/22;3/6;5/6;1/6;3/6;1;2;0/0;2/4;2/4;0/0;0;0;4;4;4;4;17/45;28/45;6/22;12/23;11/23;16/22;0;1;;1.69;29.25;30.58;;Right-Handed;https://wtatennis.com/tournament/1077/nanchang/2019/scores/RS021;;;;;;;;;;;;;;;;;;;;;;;;;;;;
12/27;15/38;23/38;15/27;38/58;27/55;17/28;6/20;14/20;11/28;2;2;5/6;2/5;3/5;1/6;1;3;9;10;10;9;66/113;47/113;29/55;21/58;37/58;26/55;4/4;3/10;7/10;0/4;10/21;4/14;8/10;4/11;7/11;2/10;2;0;3/3;1/2;1/2;0/3;1;1;3;4;4;3;26/35;9/35;12/14;7/21;14/21;2/14;8/23;12/28;16/28;15/23;28/37;23/41;9/18;2/9;7/9;9/18;0;2;2/3;1/3;2/3;1/3;0;2;6;6;6;6;40/78;38/78;17/41;14/37;23/37;24/41;1;0;;;25.33;28.75;Right-Handed;;https://wtatennis.com/tournament/1077/nanchang/2019/scores/RS022;;;;;;;;;;;;;;;;;;;;;;;;;;;;
1/17;12/19;7/19;16/17;19/35;17/30;5/13;13/16;3/16;8/13;0;3;0/0;6/9;3/9;0/0;2;2;6;7;7;6;16/65;49/65;6/30;25/35;10/35;24/30;1/7;4/8;4/8;6/7;8/20;7/15;2/8;9/12;3/12;6/8;0;0;0/0;3/4;1/4;0/0;1;0;3;4;4;3;10/35;25/35;3/15;13/20;7/20;12/15;0/10;8/11;3/11;10/10;11/15;10/15;3/5;4/4;0/4;2/5;0;3;0/0;3/5;2/5;0/0;1;2;3;3;3;3;6/30;24/30;3/15;12/15;3/15;12/15;0;1;;;31.75;26.92;;;https://wtatennis.com/tournament/1077/nanchang/2019/scores/RS017;;;;;;;;;;;;;;;;;;;;;;;;;;;;
19/48;23/49;26/49;29/48;49/68;48/69;8/21;9/19;10/19;13/21;1;5;2/14;5/10;5/10;12/14;0;1;9;10;10;9;63/137;74/137;27/69;32/68;36/68;42/69;15/35;8/19;11/19;20/35;19/27;35/44;3/9;3/8;5/8;6/9;1;4;1/12;2/2;0/2;11/12;0;0;5;5;5;5;34/71;37/71;18/44;11/27;16/27;26/44;4/13;15/30;15/30;9/13;30/41;13/25;5/12;6/11;5/11;7/12;0;1;1/2;3/8;5/8;1/2;0;1;4;5;5;4;29/66;37/66;9/25;21/41;20/41;16/25;0;1;1.75;1.7;27.25;30.25;Right-Handed;Right-Handed;https://wtatennis.com/tournament/1077/nanchang/2019/scores/RS019;;;;;;;;;;;;;;;;;;;;;;;;;;;;
32/67;36/71;35/71;35/67;71/115;67/98;20/31;25/44;19/44;11/31;0;0;8/14;9/20;11/20;6/14;3;6;16;16;16;16;106/213;107/213;52/98;61/115;54/115;46/98;10/20;8/21;13/21;10/20;21/32;20/27;6/7;7/11;4/11;1/7;0;0;3/4;2/3;1/3;1/4;1;2;5;5;5;5;33/59;26/59;16/27;15/32;17/32;11/27;9/24;16/34;18/34;15/24;34/52;24/34;6/10;10/18;8/18;4/10;0;0;2/3;3/12;9/12;1/3;1;2;6;6;6;6;41/86;45/86;15/34;26/52;26/52;19/34;0;1;1.68;1.69;23.75;28.08;Right-Handed;Right-Handed;https://wtatennis.com/tournament/1077/nanchang/2019/scores/RS024;13/23;12/16;4/16;10/23;16/31;23/37;8/14;8/15;7/15;6/14;0.0;0.0;3/7;4/5;1/5;4/7;1.0;2.0;5.0;5.0;5.0;5.0;32/68;36/68;21/37;20/31;11/31;16/37
16/35;8/28;20/28;19/35;28/60;35/57;14/22;14/32;18/32;8/22;1;2;5/8;1/3;2/3;3/8;2;1;9;9;9;9;68/117;49/117;30/57;22/60;38/60;27/57;8/25;5/19;14/19;17/25;19/43;25/40;10/15;12/24;12/24;5/15;1;2;2/5;1/3;2/3;3/5;2;1;6;6;6;6;44/83;39/83;18/40;17/43;26/43;22/40;8/10;3/9;6/9;2/10;9/17;10/17;4/7;2/8;6/8;3/7;0;0;3/3;0/0;0/0;0/3;0;0;3;3;3;3;24/34;10/34;12/17;5/17;12/17;5/17;1;0;1.82;;25.0;24.5;Right-Handed;;https://wtatennis.com/tournament/1077/nanchang/2019/scores/RS016;;;;;;;;;;;;;;;;;;;;;;;;;;;;
20/52;28/66;38/66;32/52;66/120;52/92;17/40;29/54;25/54;23/40;0;5;4/12;7/22;15/22;8/12;2;5;14;15;15;14;100/212;112/212;37/92;57/120;63/120;55/92;13/23;10/27;17/27;10/23;27/51;23/43;8/20;12/24;12/24;12/20;0;1;3/7;2/9;7/9;4/7;1;2;6;6;6;6;50/94;44/94;21/43;22/51;29/51;22/43;4/15;3/11;8/11;11/15;11/27;15/26;4/11;10/16;6/16;7/11;0;3;0/2;2/3;1/3;2/2;1;1;4;4;4;4;22/53;31/53;8/26;13/27;14/27;18/26;0;1;1.77;1.78;32.5;27.83;Right-Handed;Right-Handed;https://wtatennis.com/tournament/1077/nanchang/2019/scores/RS013;3/14;15/28;13/28;11/14;28/42;14/23;5/9;7/14;7/14;4/9;0.0;1.0;1/3;3/10;7/10;2/3;0.0;2.0;4.0;5.0;5.0;4.0;28/65;37/65;8/23;22/42;20/42;15/23
12/35;20/39;19/39;23/35;39/60;35/73;21/38;10/21;11/21;17/38;2;4;4/9;6/9;3/9;5/9;2;2;11;12;12;11;63/133;70/133;33/73;30/60;30/60;40/73;3/14;6/11;5/11;11/14;11/20;14/34;10/20;5/9;4/9;10/20;1;2;0/4;2/2;0/2;4/4;2;1;4;4;4;4;22/54;32/54;13/34;11/20;9/20;21/34;6/8;3/11;8/11;2/8;11/18;8/16;6/8;1/7;6/7;2/8;0;1;3/3;1/2;1/2;0/3;0;1;3;4;4;3;26/34;8/34;12/16;4/18;14/18;4/16;0;2;;1.69;23.5;30.58;;Right-Handed;https://wtatennis.com/tournament/1077/nanchang/2019/scores/RS010;3/13;11/17;6/17;10/13;17/22;13/23;5/10;4/5;1/5;5/10;1.0;1.0;1/2;3/5;2/5;1/2;0.0;0.0;4.0;4.0;4.0;4.0;15/45;30/45;8/23;15/22;7/22;15/23
10/30;21/44;23/44;20/30;44/64;30/58;14/28;13/20;7/20;14/28;0;1;3/9;6/13;7/13;6/9;4;3;9;9;9;9;54/122;68/122;24/58;34/64;30/64;34/58;4/14;9/14;5/14;10/14;14/22;14/27;7/13;4/8;4/8;6/13;0;1;1/3;3/6;3/6;2/3;1;2;4;4;4;4;20/49;29/49;11/27;13/22;9/22;16/27;6/16;12/30;18/30;10/16;30/42;16/31;7/15;9/12;3/12;8/15;0;0;2/6;3/7;4/7;4/6;3;1;5;5;5;5;34/73;39/73;13/31;21/42;21/42;18/31;0;1;1.69;1.68;28.08;26.58;Right-Handed;Right-Handed;https://wtatennis.com/tournament/1077/nanchang/2019/scores/RS012;;;;;;;;;;;;;;;;;;;;;;;;;;;;
8/32;9/28;19/28;24/32;28/62;32/48;5/16;23/34;11/34;11/16;7;1;1/1;5/8;3/8;0/1;8;2;9;10;10;9;43/110;67/110;13/48;32/62;30/62;35/48;3/12;5/11;6/11;9/12;11/22;12/16;1/4;9/11;2/11;3/4;1;0;0/0;3/4;1/4;0/0;3;1;3;4;4;3;12/38;26/38;4/16;14/22;8/22;12/16;5/20;4/17;13/17;15/20;17/40;20/32;4/12;14/23;9/23;8/12;6;1;1/1;2/4;2/4;0/1;5;1;6;6;6;6;31/72;41/72;9/32;18/40;22/40;23/32;0;1;1.68;1.7;38.92;30.25;Right-Handed;Right-Handed;https://wtatennis.com/tournament/1077/nanchang/2019/scores/RS009;;;;;;;;;;;;;;;;;;;;;;;;;;;;
7/21;16/39;23/39;14/21;39/55;21/51;19/30;6/16;10/16;11/30;4;0;5/9;2/5;3/5;4/9;1;3;9;9;9;9;59/106;47/106;26/51;22/55;33/55;25/51;5/13;8/17;9/17;8/13;17/22;13/30;13/17;4/5;1/5;4/17;1;0;4/7;2/3;1/3;3/7;1;2;5;4;4;5;28/52;24/52;18/30;12/22;10/22;12/30;2/8;8/22;14/22;6/8;22/33;8/21;6/13;2/11;9/11;7/13;3;0;1/2;0/2;2/2;1/2;0;1;4;5;5;4;31/54;23/54;8/21;10/33;23/33;13/21;1;0;1.82;;25.0;26.92;Right-Handed;;https://wtatennis.com/tournament/1077/nanchang/2019/scores/RS008;;;;;;;;;;;;;;;;;;;;;;;;;;;;
22/67;11/54;43/54;45/67;54/90;67/105;17/38;19/36;17/36;21/38;7;5;2/9;2/8;6/8;7/9;3;0;15;14;14;15;99/195;96/195;39/105;30/90;60/90;66/105;4/21;2/15;13/15;17/21;15/20;21/34;6/13;4/5;1/5;7/13;3;2;0/2;1/1;0/1;2/2;0;0;5;4;4;5;24/54;30/54;10/34;6/20;14/20;24/34;9/19;3/18;15/18;10/19;18/27;19/28;5/9;5/9;4/9;4/9;2;1;2/3;0/2;2/2;1/3;0;0;4;4;4;4;33/55;22/55;14/28;8/27;19/27;14/28;0;1;1.78;1.78;27.83;27.5;Right-Handed;Right-Handed;https://wtatennis.com/tournament/1077/nanchang/2019/scores/LS026;9/27;6/21;15/21;18/27;21/43;27/43;6/16;10/22;12/22;10/16;2.0;2.0;0/4;1/5;4/5;4/4;3.0;0.0;6.0;6.0;6.0;6.0;42/86;44/86;15/43;16/43;27/43;28/43
16/32;11/31;20/31;16/32;31/56;32/58;18/26;11/25;14/25;8/26;3;2;6/11;1/8;7/8;5/11;3;9;8;7;7;8;68/114;46/114;34/58;22/56;34/56;24/58;7/14;5/15;10/15;7/14;15/27;14/26;8/12;6/12;6/12;4/12;1;2;3/6;1/2;1/2;3/6;1;3;4;4;4;4;31/53;22/53;15/26;11/27;16/27;11/26;9/18;6/16;10/16;9/18;16/29;18/32;10/14;5/13;8/13;4/14;2;0;3/5;0/6;6/6;2/5;2;6;4;3;3;4;37/61;24/61;19/32;11/29;18/29;13/32;1;0;1.75;1.8;29.33;44.17;Right-Handed;Right-Handed;https://wtatennis.com/tournament/1077/nanchang/2019/scores/LS028;;;;;;;;;;;;;;;;;;;;;;;;;;;;
8/31;16/28;12/28;23/31;28/44;31/64;21/33;11/16;5/16;12/33;0;9;3/8;6/9;3/9;5/8;0;4;9;8;8;9;46/108;62/108;29/64;27/44;17/44;35/64;4/18;6/12;6/12;14/18;12/21;18/35;14/17;7/9;2/9;3/17;0;6;2/4;3/5;2/5;2/4;0;3;5;4;4;5;26/56;30/56;18/35;13/21;8/21;17/35;4/13;10/16;6/16;9/13;16/23;13/29;7/16;4/7;3/7;9/16;0;3;1/4;3/4;1/4;3/4;0;1;4;4;4;4;20/52;32/52;11/29;14/23;9/23;18/29;0;1;1.7;1.71;30.25;31.33;Right-Handed;Right-Handed;https://wtatennis.com/tournament/1077/nanchang/2019/scores/LS027;;;;;;;;;;;;;;;;;;;;;;;;;;;;
13/21;12/33;21/33;8/21;33/48;21/37;13/16;6/15;9/15;3/16;1;0;6/7;1/5;4/5;1/7;1;7;7;7;7;7;56/85;29/85;26/37;18/48;30/48;11/37;2/6;6/17;11/17;4/6;17/25;6/17;8/11;2/8;6/8;3/11;0;0;2/2;0/1;1/1;0/2;1;5;3;4;4;3;27/42;15/42;10/17;8/25;17/25;7/17;11/15;6/16;10/16;4/15;16/23;15/20;5/5;4/7;3/7;0/5;1;0;4/5;1/4;3/4;1/5;0;2;4;3;3;4;29/43;14/43;16/20;10/23;13/23;4/20;1;0;1.7;1.64;32.25;36.08;Right-Handed;Right-Handed;https://wtatennis.com/tournament/1077/nanchang/2019/scores/LS029;;;;;;;;;;;;;;;;;;;;;;;;;;;;
13/36;24/55;31/55;23/36;55/78;36/61;13/25;12/23;11/23;12/25;1;1;3/5;4/10;6/10;2/5;4;0;10;11;11;10;68/139;71/139;26/61;36/78;42/78;35/61;5/12;6/19;13/19;7/12;19/26;12/20;6/8;2/7;5/7;2/8;1;0;2/4;0/2;2/2;2/4;0;0;3;4;4;3;29/46;17/46;11/20;8/26;18/26;9/20;7/18;13/27;14/27;11/18;27/36;18/29;4/11;4/9;5/9;7/11;0;0;1/1;2/4;2/4;0/1;0;0;5;4;4;5;30/65;35/65;11/29;17/36;19/36;18/29;2;4;1.68;1.64;35.75;31.25;Right-Handed;Right-Handed;https://wtatennis.com/tournament/1077/nanchang/2019/scores/LS022;1/6;5/9;4/9;5/6;9/16;6/12;3/6;6/7;1/7;3/6;0.0;1.0;0/0;2/4;2/4;0/0;4.0;0.0;2.0;3.0;3.0;2.0;9/28;19/28;4/12;11/16;5/16;8/12
23/49;9/34;25/34;26/49;34/52;49/74;18/25;12/18;6/18;7/25;5;0;6/14;3/8;5/8;8/14;4;6;9;9;9;9;72/126;54/126;41/74;21/52;31/52;33/74;6/13;6/20;14/20;7/13;20/31;13/22;6/9;6/11;5/11;3/9;3;0;2/2;1/5;4/5;0/2;1;1;4;5;5;4;31/53;22/53;12/22;12/31;19/31;10/22;17/36;3/14;11/14;19/36;14/21;36/52;12/16;6/7;1/7;4/16;2;0;4/12;2/3;1/3;8/12;3;5;5;4;4;5;41/73;32/73;29/52;9/21;12/21;23/52;2;1;1.77;1.63;34.42;30.25;Right-Handed;Right-Handed;https://wtatennis.com/tournament/1077/nanchang/2019/scores/LS016;;;;;;;;;;;;;;;;;;;;;;;;;;;;
9/33;10/31;21/31;24/33;31/59;33/59;10/26;15/28;13/28;16/26;2;7;2/5;4/6;2/6;3/5;4;3;11;10;10;11;53/118;65/118;19/59;25/59;34/59;40/59;5/18;4/16;12/16;13/18;16/33;18/34;6/16;9/17;8/17;10/16;1;5;1/4;2/2;0/2;3/4;3;2;6;6;6;6;31/67;36/67;11/34;13/33;20/33;23/34;4/15;6/15;9/15;11/15;15/26;15/25;4/10;6/11;5/11;6/10;1;2;1/1;2/4;2/4;0/1;1;1;5;4;4;5;22/51;29/51;8/25;12/26;14/26;17/25;1;3;1.7;1.84;33.25;31.25;Right-Handed;Left-Handed;https://wtatennis.com/tournament/1077/nanchang/2019/scores/LS019;;;;;;;;;;;;;;;;;;;;;;;;;;;;
23/58;17/52;35/52;35/58;52/100;58/88;19/30;24/48;24/48;11/30;7;2;5/12;3/11;8/11;7/12;1;5;13;14;14;13;101/188;87/188;42/88;41/100;59/100;46/88;7/15;5/13;8/13;8/15;13/29;15/29;10/14;7/16;9/16;4/14;1;2;3/7;1/4;3/4;4/7;0;3;4;4;4;4;34/58;24/58;17/29;12/29;17/29;12/29;7/24;8/26;18/26;17/24;26/38;24/36;6/12;7/12;5/12;6/12;5;0;0/1;1/4;3/4;1/1;0;2;5;5;5;5;36/74;38/74;13/36;15/38;23/38;23/36;1;0;1.84;1.63;24.0;30.42;Right-Handed;Right-Handed;https://wtatennis.com/tournament/1077/nanchang/2019/scores/LS020;9/19;4/13;9/13;10/19;13/33;19/23;3/4;10/20;10/20;1/4;1.0;0.0;2/4;1/3;2/3;2/4;1.0;0.0;4.0;5.0;5.0;4.0;31/56;25/56;12/23;14/33;19/33;11/23
6/34;11/32;21/32;28/34;32/60;34/49;6/15;15/28;13/28;9/15;1;2;0/1;3/3;0/3;1/1;5;0;9;9;9;9;46/109;63/109;12/49;26/60;34/60;37/49;5/20;3/14;11/14;15/20;14/32;20/27;1/7;9/18;9/18;6/7;0;2;0/1;1/1;0/1;1/1;4;0;5;5;5;5;26/59;33/59;6/27;12/32;20/32;21/27;1/14;8/18;10/18;13/14;18/28;14/22;5/8;6/10;4/10;3/8;1;0;0/0;2/2;0/2;0/0;1;0;4;4;4;4;20/50;30/50;6/22;14/28;14/28;16/22;0;1;1.8;1.77;25.58;37.42;Right-Handed;Right-Handed;https://wtatennis.com/tournament/1077/nanchang/2019/scores/LS018;;;;;;;;;;;;;;;;;;;;;;;;;;;;
18/50;32/64;32/64;32/50;64/105;50/108;38/58;24/41;17/41;20/58;1;6;7/11;7/16;9/16;4/11;6;9;14;13;13;14;105/213;108/213;56/108;56/105;49/105;52/108;8/23;17/31;14/31;15/23;31/50;23/46;16/23;10/19;9/19;7/23;0;3;3/4;3/7;4/7;1/4;2;3;6;6;6;6;47/96;49/96;24/46;27/50;23/50;22/46;5/13;8/18;10/18;8/13;18/25;13/31;14/18;2/7;5/7;4/18;1;1;3/4;1/2;1/2;1/4;1;4;4;4;4;4;34/56;22/56;19/31;10/25;15/25;12/31;0;3;1.73;1.68;23.33;26.58;Right-Handed;Right-Handed;https://wtatennis.com/tournament/1077/nanchang/2019/scores/LS025;5/14;7/15;8/15;9/14;15/30;14/31;8/17;12/15;3/15;9/17;0.0;2.0;1/3;3/7;4/7;2/3;3.0;2.0;4.0;3.0;3.0;4.0;24/61;37/61;13/31;19/30;11/30;18/31
21/55;12/41;29/41;34/55;41/72;55/80;13/25;14/31;17/31;12/25;5;1;4/8;2/5;3/5;4/8;4;10;11;10;10;11;80/152;72/152;34/80;26/72;46/72;46/80;8/27;8/24;16/24;19/27;24/46;27/42;6/15;8/22;14/22;9/15;2;1;1/2;1/3;2/3;1/2;3;5;6;6;6;6;44/88;44/88;14/42;16/46;30/46;28/42;13/28;4/17;13/17;15/28;17/26;28/38;7/10;6/9;3/9;3/10;3;0;3/6;1/2;1/2;3/6;1;5;5;4;4;5;36/64;28/64;20/38;10/26;16/26;18/38;1;0;1.75;1.68;39.17;33.5;Right-Handed;Right-Handed;https://wtatennis.com/tournament/1077/nanchang/2019/scores/LS030;;;;;;;;;;;;;;;;;;;;;;;;;;;;
11/28;12/35;23/35;17/28;35/60;28/56;21/28;14/25;11/25;7/28;3;2;6/9;3/10;7/10;3/9;4;5;9;9;9;9;66/116;50/116;32/56;26/60;34/60;24/56;7/14;6/18;12/18;7/14;18/28;14/25;8/11;5/10;5/10;3/11;2;0;3/4;1/5;4/5;1/4;2;3;4;4;4;4;32/53;21/53;15/25;11/28;17/28;10/25;4/14;6/17;11/17;10/14;17/32;14/31;13/17;9/15;6/15;4/17;1;2;3/5;2/5;3/5;2/5;2;2;5;5;5;5;34/63;29/63;17/31;15/32;17/32;14/31;2;0;1.76;1.7;26.83;29.08;Right-Handed;Right-Handed;https://wtatennis.com/tournament/1077/nanchang/2019/scores/LS031;;;;;;;;;;;;;;;;;;;;;;;;;;;;
15/56;26/60;34/60;41/56;60/103;56/101;22/45;23/43;20/43;23/45;2;7;3/11;6/11;5/11;8/11;10;7;15;15;15;15;91/204;113/204;37/101;49/103;54/103;64/101;5/23;10/27;17/27;18/23;27/48;23/49;17/26;9/21;12/21;9/26;2;4;2/7;1/5;4/5;5/7;5;6;6;6;6;6;51/97;46/97;22/49;19/48;29/48;27/49;1/10;7/11;4/11;9/10;11/19;10/14;1/4;6/8;2/8;3/4;0;1;0/0;3/3;0/3;0/0;2;0;3;3;3;3;8/33;25/33;2/14;13/19;6/19;12/14;1;3;;1.82;25.58;21.67;;Right-Handed;https://wtatennis.com/tournament/1077/nanchang/2019/scores/LS021;9/23;9/22;13/22;14/23;22/36;23/38;4/15;8/14;6/14;11/15;0.0;2.0;1/4;2/3;1/3;3/4;3.0;1.0;6.0;6.0;6.0;6.0;32/74;42/74;13/38;17/36;19/36;25/38
14/30;9/36;27/36;16/30;36/52;30/44;10/14;6/16;10/16;4/14;2;2;4/6;0/3;3/3;2/6;1;2;8;8;8;8;61/96;35/96;24/44;15/52;37/52;20/44;7/14;5/17;12/17;7/14;17/27;14/23;6/9;2/10;8/10;3/9;1;1;2/4;0/2;2/2;2/4;0;2;4;4;4;4;33/50;17/50;13/23;7/27;20/27;10/23;7/16;4/19;15/19;9/16;19/25;16/21;4/5;4/6;2/6;1/5;1;1;2/2;0/1;1/1;0/2;1;0;4;4;4;4;28/46;18/46;11/21;8/25;17/25;10/21;4;1;1.73;1.69;29.33;30.58;Right-Handed;Right-Handed;https://wtatennis.com/tournament/1077/nanchang/2019/scores/LS017;;;;;;;;;;;;;;;;;;;;;;;;;;;;
15/29;12/33;21/33;14/29;33/55;29/52;15/23;11/22;11/22;8/23;6;0;6/15;2/6;4/6;9/15;6;4;8;8;8;8;62/107;45/107;30/52;23/55;32/55;22/52;7/15;5/16;11/16;8/15;16/25;15/22;4/7;2/9;7/9;3/7;5;0;2/6;0/2;2/2;4/6;2;1;4;4;4;4;29/47;18/47;11/22;7/25;18/25;11/22;8/14;7/17;10/17;6/14;17/30;14/30;11/16;9/13;4/13;5/16;1;0;4/9;2/4;2/4;5/9;4;3;4;4;4;4;33/60;27/60;19/30;16/30;14/30;11/30;1;1;1.75;1.7;29.33;32.25;Right-Handed;Right-Handed;https://wtatennis.com/tournament/1077/nanchang/2019/scores/LS014;;;;;;;;;;;;;;;;;;;;;;;;;;;;
14/36;12/40;28/40;22/36;40/66;36/85;26/49;10/26;16/26;23/49;1;4;4/9;3/8;5/8;5/9;4;10;11;11;11;11;84/151;67/151;40/85;22/66;44/66;45/85;9/23;9/25;16/25;14/23;25/42;23/54;17/31;7/17;10/17;14/31;0;3;2/7;2/6;4/6;5/7;3;6;6;6;6;6;52/96;44/96;26/54;16/42;26/42;28/54;5/13;3/15;12/15;8/13;15/24;13/31;9/18;3/9;6/9;9/18;1;1;2/2;1/2;1/2;0/2;1;4;5;5;5;5;32/55;23/55;14/31;6/24;18/24;17/31;2;0;1.73;1.68;27.83;26.58;Right-Handed;Right-Handed;https://wtatennis.com/tournament/1077/nanchang/2019/scores/LS012;;;;;;;;;;;;;;;;;;;;;;;;;;;;
18/51;22/47;25/47;33/51;47/80;51/74;13/23;18/33;15/33;10/23;2;0;3/8;5/15;10/15;5/8;4;2;11;11;11;11;71/154;83/154;31/74;40/80;40/80;43/74;3/7;7/17;10/17;4/7;17/30;7/16;6/9;4/13;9/13;3/9;0;0;2/3;0/3;3/3;1/3;1;1;3;4;4;3;28/46;18/46;9/16;11/30;19/30;7/16;3/16;8/13;5/13;13/16;13/19;16/24;5/8;5/6;1/6;3/8;1;0;0/1;3/5;2/5;1/1;0;1;3;3;3;3;14/43;29/43;8/24;13/19;6/19;16/24;0;1;1.64;1.69;31.25;30.67;Right-Handed;Right-Handed;https://wtatennis.com/tournament/1077/nanchang/2019/scores/LS011;12/28;7/17;10/17;16/28;17/31;28/34;2/6;9/14;5/14;4/6;1.0;0.0;1/4;2/7;5/7;3/4;3.0;0.0;5.0;4.0;4.0;5.0;29/65;36/65;14/34;16/31;15/31;20/34
4/32;9/30;21/30;28/32;30/48;32/48;8/16;13/18;5/18;8/16;2;14;0/0;3/6;3/6;0/0;2;2;9;8;8;9;38/96;58/96;12/48;22/48;26/48;36/48;2/14;8/18;10/18;12/14;18/24;14/21;3/7;5/6;1/6;4/7;1;7;0/0;2/4;2/4;0/0;1;0;4;4;4;4;16/45;29/45;5/21;13/24;11/24;16/21;2/18;1/12;11/12;16/18;12/24;18/27;5/9;8/12;4/12;4/9;1;7;0/0;1/2;1/2;0/0;1;2;5;4;4;5;22/51;29/51;7/27;9/24;15/24;20/27;0;2;1.71;1.71;27.5;31.33;Right-Handed;Right-Handed;https://wtatennis.com/tournament/1077/nanchang/2019/scores/LS013;;;;;;;;;;;;;;;;;;;;;;;;;;;;
10/42;23/58;35/58;32/42;58/88;42/69;16/27;15/30;15/30;11/27;2;10;3/7;4/8;4/8;4/7;4;7;12;13;13;12;76/157;81/157;26/69;38/88;50/88;43/69;5/15;6/20;14/20;10/15;20/28;15/22;6/7;5/8;3/8;1/7;0;2;2/4;1/2;1/2;2/4;2;3;4;5;5;4;28/50;22/50;11/22;11/28;17/28;11/22;1/9;10/15;5/15;8/9;15/23;9/15;2/6;5/8;3/8;4/6;1;5;0/0;3/4;1/4;0/0;2;1;3;3;3;3;11/38;27/38;3/15;15/23;8/23;12/15;2;1;1.77;1.84;37.42;31.25;Right-Handed;Left-Handed;https://wtatennis.com/tournament/1077/nanchang/2019/scores/LS009;4/18;7/23;16/23;14/18;23/37;18/32;8/14;5/14;9/14;6/14;1.0;3.0;1/3;0/2;2/2;2/3;0.0;3.0;5.0;5.0;5.0;5.0;37/69;32/69;12/32;12/37;25/37;20/32
3/12;10/18;8/18;9/12;18/35;12/17;2/5;13/17;4/17;3/5;0;0;0/0;4/5;1/5;0/0;2;0;3;4;4;3;17/52;35/52;5/17;23/35;12/35;12/17;3/12;9/16;7/16;9/12;16/30;12/17;2/5;10/14;4/14;3/5;0;0;0/0;3/4;1/4;0/0;2;0;3;3;3;3;16/47;31/47;5/17;19/30;11/30;12/17;0/0;1/2;1/2;0/0;2/5;0/0;0/0;3/3;0/3;0/0;0;0;0/0;1/1;0/1;0/0;0;0;0;1;1;0;1/5;4/5;0/0;4/5;1/5;0/0;1;2;1.77;1.73;34.42;29.33;Right-Handed;Right-Handed;https://wtatennis.com/tournament/1077/nanchang/2019/scores/LS008;;;;;;;;;;;;;;;;;;;;;;;;;;;;
7/25;10/28;18/28;18/25;28/62;25/57;13/32;20/34;14/34;19/32;3;5;2/5;5/5;0/5;3/5;5;5;9;10;10;9;52/119;67/119;20/57;30/62;32/62;37/57;3/12;5/15;10/15;9/12;15/34;12/26;4/14;12/19;7/19;10/14;1;2;1/1;2/2;0/2;0/1;2;2;5;5;5;5;24/60;36/60;7/26;17/34;17/34;19/26;4/13;5/13;8/13;9/13;13/28;13/31;9/18;8/15;7/15;9/18;2;3;1/4;3/3;0/3;3/4;3;3;4;5;5;4;28/59;31/59;13/31;13/28;15/28;18/31;1;1;1.75;1.76;39.17;26.83;Right-Handed;Right-Handed;https://wtatennis.com/tournament/1077/nanchang/2019/scores/LS015;;;;;;;;;;;;;;;;;;;;;;;;;;;;
17/40;12/40;28/40;23/40;40/81;40/69;17/29;23/41;18/41;12/29;10;2;5/10;3/9;6/9;5/10;8;4;10;10;10;10;80/150;70/150;34/69;35/81;46/81;35/69;10/24;10/28;18/28;14/24;28/55;24/42;12/18;17/27;10/27;6/18;6;1;3/7;3/8;5/8;4/7;7;3;6;6;6;6;50/97;47/97;22/42;27/55;28/55;20/42;7/16;2/12;10/12;9/16;12/26;16/27;5/11;6/14;8/14;6/11;4;1;2/3;0/1;1/1;1/3;1;1;4;4;4;4;30/53;23/53;12/27;8/26;18/26;15/27;1;0;1.84;1.82;24.0;21.67;Right-Handed;Right-Handed;https://wtatennis.com/tournament/1077/nanchang/2019/scores/LS010;;;;;;;;;;;;;;;;;;;;;;;;;;;;
27/60;31/58;27/58;33/60;58/91;60/109;33/49;19/33;14/33;16/49;2;1;10/23;10/18;8/18;13/23;2;10;15;16;16;15;101/200;99/200;60/109;50/91;41/91;49/109;8/19;7/17;10/17;11/19;17/26;19/32;9/13;4/9;5/9;4/13;1;0;3/7;2/4;2/4;4/7;0;1;5;5;5;5;32/58;26/58;17/32;11/26;15/26;15/32;7/19;11/18;7/18;12/19;18/29;19/33;9/14;7/11;4/11;5/14;1;0;2/5;4/5;1/5;3/5;1;5;4;5;5;4;27/62;35/62;16/33;18/29;11/29;17/33;2;0;1.84;1.69;24.0;30.67;Right-Handed;Right-Handed;https://wtatennis.com/tournament/1077/nanchang/2019/scores/LS005;12/22;13/23;10/23;10/22;23/36;22/44;15/22;8/13;5/13;7/22;0.0;1.0;5/11;4/9;5/9;6/11;1.0;4.0;6.0;6.0;6.0;6.0;42/80;38/80;27/44;21/36;15/36;17/44
14/47;24/66;42/66;33/47;66/113;47/105;30/58;21/47;26/47;28/58;6;8;6/11;5/10;5/10;5/11;3;8;16;17;17;16;112/218;106/218;44/105;45/113;68/113;61/105;6/12;5/16;11/16;6/12;16/27;12/24;6/12;4/11;7/11;6/12;1;3;2/2;1/1;0/1;0/2;2;3;4;5;5;4;30/51;21/51;12/24;9/27;18/27;12/24;3/17;8/22;14/22;14/17;22/39;17/38;10/21;8/17;9/17;11/21;4;3;2/4;2/4;2/4;2/4;0;1;6;6;6;6;36/77;41/77;13/38;16/39;23/39;25/38;3;1;1.73;1.71;27.83;31.33;Right-Handed;Right-Handed;https://wtatennis.com/tournament/1077/nanchang/2019/scores/LS006;5/18;11/28;17/28;13/18;28/47;18/43;14/25;9/19;10/19;11/25;1.0;2.0;2/5;2/5;3/5;3/5;1.0;4.0;6.0;6.0;6.0;6.0;46/90;44/90;19/43;20/47;27/47;24/43
24/51;24/50;26/50;27/51;50/70;51/69;8/18;12/20;8/20;10/18;1;0;5/8;6/10;4/10;3/8;2;2;11;11;11;11;66/139;73/139;32/69;36/70;34/70;37/69;10/21;8/17;9/17;11/21;17/26;21/31;4/10;5/9;4/9;6/10;1;0;2/5;3/5;2/5;3/5;0;1;5;5;5;5;27/57;30/57;14/31;13/26;13/26;17/31;14/30;16/33;17/33;16/30;33/44;30/38;4/8;7/11;4/11;4/8;0;0;3/3;3/5;2/5;0/3;2;1;6;6;6;6;39/82;43/82;18/38;23/44;21/44;20/38;1;4;1.73;1.77;29.33;37.42;Right-Handed;Right-Handed;https://wtatennis.com/tournament/1077/nanchang/2019/scores/LS004;;;;;;;;;;;;;;;;;;;;;;;;;;;;
21/61;20/60;40/60;40/61;60/101;61/119;27/58;25/41;16/41;31/58;5;4;4/15;6/10;4/10;11/15;6;2;16;16;16;16;104/220;116/220;48/119;45/101;56/101;71/119;7/25;7/24;17/24;18/25;24/37;25/53;17/28;9/13;4/13;11/28;1;2;2/8;2/2;0/2;6/8;1;1;6;6;6;6;45/90;45/90;24/53;16/37;21/37;29/53;6/17;8/17;9/17;11/17;17/33;17/31;5/14;8/16;8/16;9/14;1;1;1/4;2/4;2/4;3/4;1;0;5;5;5;5;28/64;36/64;11/31;16/33;17/33;20/31;0;1;1.75;1.76;29.33;26.83;Right-Handed;Right-Handed;https://wtatennis.com/tournament/1077/nanchang/2019/scores/LS007;8/19;5/19;14/19;11/19;19/31;19/35;5/16;8/12;4/12;11/16;3.0;1.0;1/3;2/4;2/4;2/3;4.0;1.0;5.0;5.0;5.0;5.0;31/66;35/66;13/35;13/31;18/31;22/35
9/47;21/57;36/57;38/47;57/87;47/80;18/33;18/30;12/30;15/33;4;5;1/8;4/8;4/8;7/8;3;5;12;12;12;12;75/167;92/167;27/80;39/87;48/87;53/80;3/18;6/15;9/15;15/18;15/29;18/27;5/9;9/14;5/14;4/9;2;2;0/4;2/5;3/5;4/4;2;1;4;3;3;4;22/56;34/56;8/27;15/29;14/29;19/27;4/13;7/24;17/24;9/13;24/35;13/21;3/8;5/11;6/11;5/8;2;1;1/2;0/1;1/1;1/2;0;1;4;5;5;4;30/56;26/56;7/21;12/35;23/35;14/21;0;1;1.77;1.84;37.42;24.0;Right-Handed;Right-Handed;https://wtatennis.com/tournament/1077/nanchang/2019/scores/LS002;2/16;8/18;10/18;14/16;18/23;16/32;10/16;4/5;1/5;6/16;0.0;2.0;0/2;2/2;0/2;2/2;1.0;3.0;4.0;4.0;4.0;4.0;23/55;32/55;12/32;12/23;11/23;20/32
11/28;13/43;30/43;17/28;43/62;28/51;18/23;9/19;10/19;5/23;6;2;5/6;1/6;5/6;1/6;0;6;8;8;8;8;69/113;44/113;29/51;22/62;40/62;22/51;5/14;9/27;18/27;9/14;27/35;14/27;9/13;3/8;5/8;4/13;3;0;2/3;1/5;4/5;1/3;0;3;4;5;5;4;37/62;25/62;14/27;12/35;23/35;13/27;6/14;4/16;12/16;8/14;16/27;14/24;9/10;6/11;5/11;1/10;3;2;3/3;0/1;1/1;0/3;0;3;4;3;3;4;32/51;19/51;15/24;10/27;17/27;9/24;2;0;1.73;1.76;27.83;26.83;Right-Handed;Right-Handed;https://wtatennis.com/tournament/1077/nanchang/2019/scores/LS003;;;;;;;;;;;;;;;;;;;;;;;;;;;;
4/24;9/20;11/20;20/24;20/42;24/38;5/14;14/22;8/22;9/14;2;5;0/0;5/10;5/10;0/0;4;1;7;7;7;7;28/80;52/80;9/38;23/42;19/42;29/38;3/16;2/9;7/9;13/16;9/20;16/24;4/8;7/11;4/11;4/8;2;3;0/0;2/3;1/3;0/0;3;1;4;4;4;4;18/44;26/44;7/24;9/20;11/20;17/24;1/8;7/11;4/11;7/8;11/22;8/14;1/6;7/11;4/11;5/6;0;2;0/0;3/7;4/7;0/0;1;0;3;3;3;3;10/36;26/36;2/14;14/22;8/22;12/14;1;1;1.84;1.73;24.0;27.83;Right-Handed;Right-Handed;https://wtatennis.com/tournament/1077/nanchang/2019/scores/LS001;;;;;;;;;;;;;;;;;;;;;;;;;;;;
3/22;16/37;21/37;19/22;37/58;22/37;5/15;16/21;5/21;10/15;2;5;1/1;5/12;7/12;0/1;6;1;8;8;8;8;34/95;61/95;8/37;32/58;26/58;29/37;1/12;7/20;13/20;11/12;20/34;12/19;2/7;10/14;4/14;5/7;1;3;0/0;2/9;7/9;0/0;4;0;4;4;4;4;20/53;33/53;3/19;17/34;17/34;16/19;2/10;9/17;8/17;8/10;17/24;10/18;3/8;6/7;1/7;5/8;1;2;1/1;3/3;0/3;0/1;2;1;4;4;4;4;14/42;28/42;5/18;15/24;9/24;13/18;0;1;;1.80;27.33;44.33;N/A;Right-Handed;https://wtatennis.com/tournament/1077/nanchang/2019/scores/RS023;;;;;;;;;;;;;;;;;;;;;;;;;;;;
10/31;19/47;28/47;21/31;47/73;31/54;9/23;13/26;13/26;14/23;5;3;2/4;4/12;8/12;2/4;4;3;10;10;10;10;60/127;67/127;19/54;32/73;41/73;35/54;5/17;10/22;12/22;12/17;22/41;17/30;6/13;9/19;10/19;7/13;4;2;1/3;2/7;5/7;2/3;3;2;5;5;5;5;33/71;38/71;11/30;19/41;22/41;19/30;5/14;9/25;16/25;9/14;25/32;14/24;3/10;4/7;3/7;7/10;1;1;1/1;2/5;3/5;0/1;1;1;5;5;5;5;27/56;29/56;8/24;13/32;19/32;16/24;1;1;;1.68;25.67;39.08;N/A;Right-Handed;https://wtatennis.com/tournament/1077/nanchang/2019/scores/RS018;;;;;;;;;;;;;;;;;;;;;;;;;;;;
11/45;22/53;31/53;34/45;53/79;45/94;26/49;9/26;17/26;23/49;2;6;3/5;3/6;3/6;2/5;5;10;12;12;12;12;85/173;88/173;37/94;31/79;48/79;57/94;9/23;14/28;14/28;14/23;28/40;23/42;8/19;5/12;7/12;11/19;0;3;2/3;2/5;3/5;1/3;3;4;6;6;6;6;38/82;44/82;17/42;19/40;21/40;25/42;2/22;8/25;17/25;20/22;25/39;22/52;18/30;4/14;10/14;12/30;2;3;1/2;1/1;0/1;1/2;2;6;6;6;6;6;47/91;44/91;20/52;12/39;27/39;32/52;0;1;;1.80;25.58;44.33;Right-Handed;Right-Handed;https://wtatennis.com/tournament/1077/nanchang/2019/scores/RS011;;;;;;;;;;;;;;;;;;;;;;;;;;;;
15/25;6/27;21/27;10/25;27/46;25/36;7/11;8/19;11/19;4/11;4;1;5/7;1/3;2/3;2/7;0;0;7;8;8;7;54/82;28/82;22/36;14/46;32/46;14/36;8/10;2/9;7/9;2/10;9/16;10/14;4/4;2/7;5/7;0/4;1;0;3/4;0/0;0/0;1/4;0;0;3;3;3;3;24/30;6/30;12/14;4/16;12/16;2/14;7/15;4/18;14/18;8/15;18/30;15/22;3/7;6/12;6/12;4/7;3;1;2/3;1/3;2/3;1/3;0;0;4;5;5;4;30/52;22/52;10/22;10/30;20/30;12/22;2;0;1.73;;28.08;28.58;Right-Handed;N/A;https://wtatennis.com/tournament/1077/nanchang/2019/scores/LS024;;;;;;;;;;;;;;;;;;;;;;;;;;;;
18/43;18/36;18/36;25/43;36/58;43/66;14/23;17/22;5/22;9/23;1;2;3/7;7/11;4/11;4/7;1;6;8;9;9;8;55/124;69/124;32/66;35/58;23/58;34/66;11/21;12/23;11/23;10/21;23/35;21/32;6/11;10/12;2/12;5/11;0;0;2/4;4/6;2/6;2/4;1;2;4;5;5;4;30/67;37/67;17/32;22/35;13/35;15/32;7/22;6/13;7/13;15/22;13/23;22/34;8/12;7/10;3/10;4/12;1;2;1/3;3/5;2/5;2/3;0;4;4;4;4;4;25/57;32/57;15/34;13/23;10/23;19/34;0;1;1.82;1.69;25.25;30.83;Right-Handed;Right-Handed;https://wtatennis.com/tournament/1077/nanchang/2019/scores/LS023;;;;;;;;;;;;;;;;;;;;;;;;;;;;
