statut;duration;stage;url_match_stats;player_1_name;player_1_set_1;player_1_set_1_tiebreak;player_1_set_2;player_1_set_2_tiebreak;player_1_set_3;player_1_set_3_tiebreak;player_2_name;player_2_set_1;player_2_set_1_tiebreak;player_2_set_2;player_2_set_2_tiebreak;player_2_set_3;player_2_set_3_tiebreak;scores_link
Completed;1:49;Qualifying;https://wtatennis.com/tournament/300/luxembourg/2019/scores/RS018;L.Stefani;4;;6;2;-;;R.Voracova;6;;7;;-;;https://www.wtatennis.com/tournament/300/luxembourg/2019/scores
Completed;2:48;Qualifying;https://wtatennis.com/tournament/300/luxembourg/2019/scores/RS019;K.Hobgarski;2;;7;;3;;V.Lepchenko;6;;6;4;6;;https://www.wtatennis.com/tournament/300/luxembourg/2019/scores
Completed;0:58;Qualifying;https://wtatennis.com/tournament/300/luxembourg/2019/scores/RS016;N.Stojanovic;6;;6;;-;;P.Ozgen;2;;3;;-;;https://www.wtatennis.com/tournament/300/luxembourg/2019/scores
Completed;1:06;Qualifying;https://wtatennis.com/tournament/300/luxembourg/2019/scores/RS017;R.Hogenkamp;2;;5;;-;;A.Lottner;6;;7;;-;;https://www.wtatennis.com/tournament/300/luxembourg/2019/scores
Completed;1:08;Qualifying;https://wtatennis.com/tournament/300/luxembourg/2019/scores/RS030;D.Papamichail;4;;3;;-;;M.Kostyuk;6;;6;;-;;https://www.wtatennis.com/tournament/300/luxembourg/2019/scores
Completed;1:14;Qualifying;https://wtatennis.com/tournament/300/luxembourg/2019/scores/RS031;T.Golovin;3;;1;;-;;K.Juvan;6;;6;;-;;https://www.wtatennis.com/tournament/300/luxembourg/2019/scores
Completed;1:10;Qualifying;https://wtatennis.com/tournament/300/luxembourg/2019/scores/RS029;C.Coppola;2;;3;;-;;L.Pattinama Kerkhov;6;;6;;-;;https://www.wtatennis.com/tournament/300/luxembourg/2019/scores
Completed;1:06;Qualifying;https://wtatennis.com/tournament/300/luxembourg/2019/scores/RS028;S.Voegele;6;;6;;-;;E.Molinaro;1;;3;;-;;https://www.wtatennis.com/tournament/300/luxembourg/2019/scores
Completed;1:56;Qualifying;https://wtatennis.com/tournament/300/luxembourg/2019/scores/RS021;V.Muntean;5;;6;;1;;E.Silva;7;;3;;6;;https://www.wtatennis.com/tournament/300/luxembourg/2019/scores
Completed;1:47;Qualifying;https://wtatennis.com/tournament/300/luxembourg/2019/scores/RS020;M.Niculescu;7;;6;;-;;A.Hesse;6;2;4;;-;;https://www.wtatennis.com/tournament/300/luxembourg/2019/scores
Completed;2:14;Qualifying;https://wtatennis.com/tournament/300/luxembourg/2019/scores/RS022;S.Wagner;7;;2;;0;;E.Ruse;6;2;6;;6;;https://www.wtatennis.com/tournament/300/luxembourg/2019/scores
Completed;1:51;Qualifying;https://wtatennis.com/tournament/300/luxembourg/2019/scores/RS023;D.Marcinkevica;6;4;5;;-;;B.Schoofs;7;;7;;-;;https://www.wtatennis.com/tournament/300/luxembourg/2019/scores
Completed;1:17;Qualifying;https://wtatennis.com/tournament/300/luxembourg/2019/scores/RS026;L.Paar;2;;4;;-;;K.Piter;6;;6;;-;;https://www.wtatennis.com/tournament/300/luxembourg/2019/scores
Completed;1:07;Qualifying;https://wtatennis.com/tournament/300/luxembourg/2019/scores/RS027;E.Mandlik;3;;2;;-;;C.Paquet;6;;6;;-;;https://www.wtatennis.com/tournament/300/luxembourg/2019/scores
Completed;0:53;Qualifying;https://wtatennis.com/tournament/300/luxembourg/2019/scores/RS024;Y.Bonaventure;6;;6;;-;;Q.Lemoine;1;;2;;-;;https://www.wtatennis.com/tournament/300/luxembourg/2019/scores
Completed;1:00;Qualifying;https://wtatennis.com/tournament/300/luxembourg/2019/scores/RS025;D.Jakupovic;2;;3;;-;;J.Ponchet;6;;6;;-;;https://www.wtatennis.com/tournament/300/luxembourg/2019/scores
Completed;2:02;Qualifying;https://wtatennis.com/tournament/300/luxembourg/2019/scores/RS009;R.Voracova;7;;7;;-;;V.Lepchenko;5;;6;6;-;;https://www.wtatennis.com/tournament/300/luxembourg/2019/scores
Completed;1:33;Qualifying;https://wtatennis.com/tournament/300/luxembourg/2019/scores/RS008;N.Stojanovic;6;;4;;0;;A.Lottner;0;;6;;6;;https://www.wtatennis.com/tournament/300/luxembourg/2019/scores
Completed;1:08;Qualifying;https://wtatennis.com/tournament/300/luxembourg/2019/scores/RS015;M.Kostyuk;6;;6;;-;;K.Juvan;0;;4;;-;;https://www.wtatennis.com/tournament/300/luxembourg/2019/scores
Completed;2:10;Qualifying;https://wtatennis.com/tournament/300/luxembourg/2019/scores/RS014;S.Voegele;6;;4;;7;;L.Pattinama Kerkhov;2;;6;;6;5;https://www.wtatennis.com/tournament/300/luxembourg/2019/scores
Completed;1:07;Qualifying;https://wtatennis.com/tournament/300/luxembourg/2019/scores/RS011;E.Ruse;6;;6;;-;;B.Schoofs;2;;4;;-;;https://www.wtatennis.com/tournament/300/luxembourg/2019/scores
Completed;2:01;Qualifying;https://wtatennis.com/tournament/300/luxembourg/2019/scores/RS010;M.Niculescu;3;;6;;6;;E.Silva;6;;2;;2;;https://www.wtatennis.com/tournament/300/luxembourg/2019/scores
Completed;2:37;Qualifying;https://wtatennis.com/tournament/300/luxembourg/2019/scores/RS013;K.Piter;6;5;7;;3;;C.Paquet;7;;6;4;6;;https://www.wtatennis.com/tournament/300/luxembourg/2019/scores
Completed;2:00;Qualifying;https://wtatennis.com/tournament/300/luxembourg/2019/scores/RS012;Y.Bonaventure;4;;6;;7;;J.Ponchet;6;;1;;5;;https://www.wtatennis.com/tournament/300/luxembourg/2019/scores
Completed;1:28;Qualifying;https://wtatennis.com/tournament/300/luxembourg/2019/scores/RS004;A.Lottner;7;;6;;-;;R.Voracova;6;5;2;;-;;https://www.wtatennis.com/tournament/300/luxembourg/2019/scores
Completed;0:00;Qualifying;https://wtatennis.com/tournament/300/luxembourg/2019/scores/RS007;S.Voegele;0;;-;;-;;M.Kostyuk;0;;-;;-;;https://www.wtatennis.com/tournament/300/luxembourg/2019/scores
Completed;1:33;Qualifying;https://wtatennis.com/tournament/300/luxembourg/2019/scores/RS005;M.Niculescu;6;;6;;-;;E.Ruse;1;;1;;-;;https://www.wtatennis.com/tournament/300/luxembourg/2019/scores
Completed;1:57;Qualifying;https://wtatennis.com/tournament/300/luxembourg/2019/scores/RS006;Y.Bonaventure;6;;5;;2;;C.Paquet;1;;7;;6;;https://www.wtatennis.com/tournament/300/luxembourg/2019/scores
Completed;1:19;Round of 32;https://wtatennis.com/tournament/300/luxembourg/2019/scores/LS029;K.Pliskova;6;;7;;-;;A.Bolsova;2;;6;4;-;;https://www.wtatennis.com/tournament/300/luxembourg/2019/scores
Completed;3:01;Round of 32;https://wtatennis.com/tournament/300/luxembourg/2019/scores/LS026;D.Allertova;6;7;7;;7;;M.Minella;7;;6;5;6;6;https://www.wtatennis.com/tournament/300/luxembourg/2019/scores
Completed;2:01;Round of 32;https://wtatennis.com/tournament/300/luxembourg/2019/scores/LS022;S.Rogers;3;;6;;4;;T.Maria;6;;1;;6;;https://www.wtatennis.com/tournament/300/luxembourg/2019/scores
Completed;2:11;Round of 32;https://wtatennis.com/tournament/300/luxembourg/2019/scores/LS021;J.Teichmann;6;;6;4;3;;M.Gasparyan;2;;7;;6;;https://www.wtatennis.com/tournament/300/luxembourg/2019/scores
Completed;2:33;Round of 32;https://wtatennis.com/tournament/300/luxembourg/2019/scores/LS024;V.Kuzmova;6;4;7;;6;;K.Volynets;7;;6;1;1;;https://www.wtatennis.com/tournament/300/luxembourg/2019/scores
Completed;1:56;Round of 32;https://wtatennis.com/tournament/300/luxembourg/2019/scores/LS019;A.Petkovic;0;;6;;6;;C.Giorgi;6;;4;;4;;https://www.wtatennis.com/tournament/300/luxembourg/2019/scores
Completed;1:06;Round of 32;https://wtatennis.com/tournament/300/luxembourg/2019/scores/LS016;E.Mertens;6;;6;;-;;B.Schoofs;0;;3;;-;;https://www.wtatennis.com/tournament/300/luxembourg/2019/scores
Completed;0:41;Round of 32;https://wtatennis.com/tournament/300/luxembourg/2019/scores/LS020;A.Van Uytvanck;4;;-;;-;;M.Niculescu;2;;-;;-;;https://www.wtatennis.com/tournament/300/luxembourg/2019/scores
Completed;1:26;Round of 32;https://wtatennis.com/tournament/300/luxembourg/2019/scores/LS027;C.Paquet;2;;6;2;-;;E.Rybakina;6;;7;;-;;https://www.wtatennis.com/tournament/300/luxembourg/2019/scores
Completed;0:57;Round of 32;https://wtatennis.com/tournament/300/luxembourg/2019/scores/LS028;F.Ferro;1;;0;;-;;M.Puig;6;;6;;-;;https://www.wtatennis.com/tournament/300/luxembourg/2019/scores
Completed;1:56;Round of 32;https://wtatennis.com/tournament/300/luxembourg/2019/scores/LS018;A.Lottner;4;;6;;6;;T.Korpatsch;6;;3;;2;;https://www.wtatennis.com/tournament/300/luxembourg/2019/scores
Completed;1:24;Round of 32;https://wtatennis.com/tournament/300/luxembourg/2019/scores/LS030;P.Parmentier;3;;4;;-;;S.Cirstea;6;;6;;-;;https://www.wtatennis.com/tournament/300/luxembourg/2019/scores
Completed;2:23;Round of 32;https://wtatennis.com/tournament/300/luxembourg/2019/scores/LS025;L.Siegemund;4;;7;;6;;M.Kostyuk;6;;5;;2;;https://www.wtatennis.com/tournament/300/luxembourg/2019/scores
Completed;1:48;Round of 32;https://wtatennis.com/tournament/300/luxembourg/2019/scores/LS017;C.Mcnally;5;;6;3;-;;J.Ostapenko;7;;7;;-;;https://www.wtatennis.com/tournament/300/luxembourg/2019/scores
Completed;2:14;Round of 32;https://wtatennis.com/tournament/300/luxembourg/2019/scores/LS031;M.Doi;7;;1;;3;;J.Goerges;5;;6;;6;;https://www.wtatennis.com/tournament/300/luxembourg/2019/scores
Completed;0:58;Round of 32;https://wtatennis.com/tournament/300/luxembourg/2019/scores/LS023;C.Gauff;4;;0;;-;;A.Blinkova;6;;6;;-;;https://www.wtatennis.com/tournament/300/luxembourg/2019/scores
Completed;1:27;Round of 16;https://wtatennis.com/tournament/300/luxembourg/2019/scores/LS012;V.Kuzmova;2;;3;;-;;L.Siegemund;6;;6;;-;;https://www.wtatennis.com/tournament/300/luxembourg/2019/scores
Completed;1:41;Round of 16;https://wtatennis.com/tournament/300/luxembourg/2019/scores/LS010;M.Niculescu;2;;5;;-;;M.Gasparyan;6;;7;;-;;https://www.wtatennis.com/tournament/300/luxembourg/2019/scores
Completed;0:56;Round of 16;https://wtatennis.com/tournament/300/luxembourg/2019/scores/LS013;D.Allertova;2;;1;;-;;E.Rybakina;6;;6;;-;;https://www.wtatennis.com/tournament/300/luxembourg/2019/scores
Completed;2:10;Round of 16;https://wtatennis.com/tournament/300/luxembourg/2019/scores/LS015;S.Cirstea;6;;4;;4;;J.Goerges;4;;6;;6;;https://www.wtatennis.com/tournament/300/luxembourg/2019/scores
Completed;0:28;Round of 16;https://wtatennis.com/tournament/300/luxembourg/2019/scores/LS009;A.Lottner;6;;0;;-;;A.Petkovic;1;;0;;-;;https://www.wtatennis.com/tournament/300/luxembourg/2019/scores
Completed;2:01;Round of 16;https://wtatennis.com/tournament/300/luxembourg/2019/scores/LS008;E.Mertens;6;;2;;2;;J.Ostapenko;4;;6;;6;;https://www.wtatennis.com/tournament/300/luxembourg/2019/scores
Completed;0:48;Round of 16;https://wtatennis.com/tournament/300/luxembourg/2019/scores/LS011;T.Maria;0;;1;;-;;A.Blinkova;6;;6;;-;;https://www.wtatennis.com/tournament/300/luxembourg/2019/scores
Completed;2:50;Round of 16;https://wtatennis.com/tournament/300/luxembourg/2019/scores/LS014;M.Puig;7;;3;;7;;K.Pliskova;6;5;6;;6;6;https://www.wtatennis.com/tournament/300/luxembourg/2019/scores
Completed;1:49;Quarterfinal;https://wtatennis.com/tournament/300/luxembourg/2019/scores/LS007;M.Puig;6;;2;;3;;J.Goerges;1;;6;;6;;https://www.wtatennis.com/tournament/300/luxembourg/2019/scores
Completed;1:03;Quarterfinal;https://wtatennis.com/tournament/300/luxembourg/2019/scores/LS004;J.Ostapenko;6;;6;;-;;A.Lottner;1;;1;;-;;https://www.wtatennis.com/tournament/300/luxembourg/2019/scores
Completed;0:53;Quarterfinal;https://wtatennis.com/tournament/300/luxembourg/2019/scores/LS005;M.Gasparyan;3;;0;;-;;A.Blinkova;6;;1;;-;;https://www.wtatennis.com/tournament/300/luxembourg/2019/scores
Completed;1:08;Quarterfinal;https://wtatennis.com/tournament/300/luxembourg/2019/scores/LS006;L.Siegemund;0;;4;;-;;E.Rybakina;6;;6;;-;;https://www.wtatennis.com/tournament/300/luxembourg/2019/scores
Completed;1:27;Semifinal;https://wtatennis.com/tournament/300/luxembourg/2019/scores/LS003;E.Rybakina;3;;4;;-;;J.Goerges;6;;6;;-;;https://www.wtatennis.com/tournament/300/luxembourg/2019/scores
Completed;1:51;Semifinal;https://wtatennis.com/tournament/300/luxembourg/2019/scores/LS002;J.Ostapenko;3;;6;;6;;A.Blinkova;6;;3;;2;;https://www.wtatennis.com/tournament/300/luxembourg/2019/scores
Completed;1:00;Final;https://wtatennis.com/tournament/300/luxembourg/2019/scores/LS001;J.Ostapenko;6;;6;;-;;J.Goerges;4;;1;;-;;https://www.wtatennis.com/tournament/300/luxembourg/2019/scores
