statut;duration;stage;url_match_stats;player_1_name;player_1_set_1;player_1_set_1_tiebreak;player_1_set_2;player_1_set_2_tiebreak;player_1_set_3;player_1_set_3_tiebreak;player_2_name;player_2_set_1;player_2_set_1_tiebreak;player_2_set_2;player_2_set_2_tiebreak;player_2_set_3;player_2_set_3_tiebreak;scores_link
Completed;1:04;Qualifying;https://wtatennis.com/tournament/528/linz/2018/scores/RS017;A.Kalinskaya;1;;2;;-;;N.Vikhlyantseva;6;;6;;-;;https://www.wtatennis.com/tournament/528/linz/2018/scores
Completed;3:06;Qualifying;https://wtatennis.com/tournament/528/linz/2018/scores/RS022;V.Golubic;7;;6;3;7;;G.Garcia Perez;6;4;7;;6;4;https://www.wtatennis.com/tournament/528/linz/2018/scores
Completed;1:54;Qualifying;https://wtatennis.com/tournament/528/linz/2018/scores/RS016;A.Schmiedlova;6;;3;;6;;T.Korpatsch;3;;6;;0;;https://www.wtatennis.com/tournament/528/linz/2018/scores
Completed;1:28;Qualifying;https://wtatennis.com/tournament/528/linz/2018/scores/RS024;O.Danilovic;3;;6;;1;;T.Smitkova;6;;1;;6;;https://www.wtatennis.com/tournament/528/linz/2018/scores
Completed;0:48;Qualifying;https://wtatennis.com/tournament/528/linz/2018/scores/RS023;N.Ramskogler;1;;1;;-;;F.Ferro;6;;6;;-;;https://www.wtatennis.com/tournament/528/linz/2018/scores
Completed;1:55;Qualifying;https://wtatennis.com/tournament/528/linz/2018/scores/RS020;C.Witthoeft;7;;2;;3;;V.Grammatikopoulou;6;2;6;;6;;https://www.wtatennis.com/tournament/528/linz/2018/scores
Completed;3:05;Qualifying;https://wtatennis.com/tournament/528/linz/2018/scores/RS025;J.Teichmann;6;8;7;;6;;A.Rus;7;;6;6;4;;https://www.wtatennis.com/tournament/528/linz/2018/scores
Completed;1:38;Qualifying;https://wtatennis.com/tournament/528/linz/2018/scores/RS021;M.Klaffner;1;;6;4;-;;V.Diatchenko;6;;7;;-;;https://www.wtatennis.com/tournament/528/linz/2018/scores
Completed;1:19;Qualifying;https://wtatennis.com/tournament/528/linz/2018/scores/RS027;I.Bara;4;;3;;-;;K.Pliskova;6;;6;;-;;https://www.wtatennis.com/tournament/528/linz/2018/scores
Completed;0:47;Qualifying;https://wtatennis.com/tournament/528/linz/2018/scores/RS018;M.Barthel;2;;1;;-;;E.Alexandrova;6;;6;;-;;https://www.wtatennis.com/tournament/528/linz/2018/scores
Completed;2:02;Qualifying;https://wtatennis.com/tournament/528/linz/2018/scores/RS026;A.Blinkova;6;;3;;6;;A.Lottner;4;;6;;4;;https://www.wtatennis.com/tournament/528/linz/2018/scores
Completed;1:05;Qualifying;https://wtatennis.com/tournament/528/linz/2018/scores/RS019;M.Osterreicher;3;;1;;-;;M.Minella;6;;6;;-;;https://www.wtatennis.com/tournament/528/linz/2018/scores
Completed;2:13;Qualifying;https://wtatennis.com/tournament/528/linz/2018/scores/RS011;V.Golubic;4;;6;;3;;F.Ferro;6;;3;;6;;https://www.wtatennis.com/tournament/528/linz/2018/scores
Completed;1:04;Qualifying;https://wtatennis.com/tournament/528/linz/2018/scores/RS008;A.Schmiedlova;6;;6;;-;;N.Vikhlyantseva;1;;2;;-;;https://www.wtatennis.com/tournament/528/linz/2018/scores
Completed;1:20;Qualifying;https://wtatennis.com/tournament/528/linz/2018/scores/RS010;V.Grammatikopoulou;6;;7;;-;;V.Diatchenko;2;;5;;-;;https://www.wtatennis.com/tournament/528/linz/2018/scores
Completed;2:13;Qualifying;https://wtatennis.com/tournament/528/linz/2018/scores/RS012;T.Smitkova;4;;6;;3;;J.Teichmann;6;;1;;6;;https://www.wtatennis.com/tournament/528/linz/2018/scores
Completed;0:45;Qualifying;https://wtatennis.com/tournament/528/linz/2018/scores/RS009;E.Alexandrova;6;;6;;-;;M.Minella;1;;0;;-;;https://www.wtatennis.com/tournament/528/linz/2018/scores
Completed;0:46;Qualifying;https://wtatennis.com/tournament/528/linz/2018/scores/RS013;A.Blinkova;6;;6;;-;;K.Pliskova;1;;2;;-;;https://www.wtatennis.com/tournament/528/linz/2018/scores
Completed;1:18;Round of 32;https://wtatennis.com/tournament/528/linz/2018/scores/LS024;M.Rybarikova;3;;4;;-;;A.Van Uytvanck;6;;6;;-;;https://www.wtatennis.com/tournament/528/linz/2018/scores
Completed;1:37;Round of 32;https://wtatennis.com/tournament/528/linz/2018/scores/LS023;V.Kuzmova;5;;5;;-;;A.Pavlyuchenkova;7;;7;;-;;https://www.wtatennis.com/tournament/528/linz/2018/scores
Completed;0:36;Round of 32;https://wtatennis.com/tournament/528/linz/2018/scores/LS030;M.Gasparyan;6;;0;;-;;M.Puig;2;;0;;-;;https://www.wtatennis.com/tournament/528/linz/2018/scores
Completed;1:28;Round of 32;https://wtatennis.com/tournament/528/linz/2018/scores/LS018;K.Mladenovic;6;;6;;-;;H.Dart;3;;4;;-;;https://www.wtatennis.com/tournament/528/linz/2018/scores
Completed;1:06;Round of 32;https://wtatennis.com/tournament/528/linz/2018/scores/LS019;T.Babos;6;;6;;-;;D.Vekic;1;;1;;-;;https://www.wtatennis.com/tournament/528/linz/2018/scores
Completed;1:15;Round of 32;https://wtatennis.com/tournament/528/linz/2018/scores/LS026;K.Pliskova;6;;6;;-;;V.Grammatikopoulou;4;;2;;-;;https://www.wtatennis.com/tournament/528/linz/2018/scores
Completed;1:24;Round of 32;https://wtatennis.com/tournament/528/linz/2018/scores/LS028;C.Giorgi;6;;7;;-;;P.Parmentier;3;;6;4;-;;https://www.wtatennis.com/tournament/528/linz/2018/scores
Completed;1:48;Round of 32;https://wtatennis.com/tournament/528/linz/2018/scores/LS017;A.Blinkova;6;;2;;3;;T.Maria;2;;6;;6;;https://www.wtatennis.com/tournament/528/linz/2018/scores
Completed;1:20;Round of 32;https://wtatennis.com/tournament/528/linz/2018/scores/LS022;V.Lapko;1;;6;;6;;B.Bencic;6;;1;;0;;https://www.wtatennis.com/tournament/528/linz/2018/scores
Completed;1:12;Round of 32;https://wtatennis.com/tournament/528/linz/2018/scores/LS025;A.Schmiedlova;6;;6;;-;;F.Ferro;2;;3;;-;;https://www.wtatennis.com/tournament/528/linz/2018/scores
Completed;2:09;Round of 32;https://wtatennis.com/tournament/528/linz/2018/scores/LS021;J.Larsson;6;;4;;6;;S.Voegele;2;;6;;4;;https://www.wtatennis.com/tournament/528/linz/2018/scores
Completed;1:16;Round of 32;https://wtatennis.com/tournament/528/linz/2018/scores/LS029;S.Cirstea;4;;2;;-;;J.Teichmann;6;;6;;-;;https://www.wtatennis.com/tournament/528/linz/2018/scores
Completed;1:19;Round of 16;https://wtatennis.com/tournament/528/linz/2018/scores/LS014;C.Giorgi;7;;6;;-;;J.Teichmann;6;2;3;;-;;https://www.wtatennis.com/tournament/528/linz/2018/scores
Completed;1:58;Round of 32;https://wtatennis.com/tournament/528/linz/2018/scores/LS016;J.Goerges;6;;5;;4;;A.Petkovic;1;;7;;6;;https://www.wtatennis.com/tournament/528/linz/2018/scores
Completed;1:12;Round of 32;https://wtatennis.com/tournament/528/linz/2018/scores/LS031;B.Haas;2;;1;;-;;K.Bertens;6;;6;;-;;https://www.wtatennis.com/tournament/528/linz/2018/scores
Completed;2:42;Round of 16;https://wtatennis.com/tournament/528/linz/2018/scores/LS011;V.Lapko;7;;6;4;3;;A.Pavlyuchenkova;5;;7;;6;;https://www.wtatennis.com/tournament/528/linz/2018/scores
Completed;2:41;Round of 16;https://wtatennis.com/tournament/528/linz/2018/scores/LS012;A.Van Uytvanck;1;;7;;7;;A.Schmiedlova;6;;6;3;6;5;https://www.wtatennis.com/tournament/528/linz/2018/scores
Completed;2:35;Round of 32;https://wtatennis.com/tournament/528/linz/2018/scores/LS027;K.Flipkens;6;4;6;5;-;;B.Strycova;7;;7;;-;;https://www.wtatennis.com/tournament/528/linz/2018/scores
Completed;1:25;Round of 32;https://wtatennis.com/tournament/528/linz/2018/scores/LS020;K.Siniakova;5;;0;;-;;E.Alexandrova;7;;6;;-;;https://www.wtatennis.com/tournament/528/linz/2018/scores
Completed;2:41;Round of 16;https://wtatennis.com/tournament/528/linz/2018/scores/LS009;K.Mladenovic;6;;4;;7;;T.Babos;4;;6;;5;;https://www.wtatennis.com/tournament/528/linz/2018/scores
Completed;1:11;Round of 16;https://wtatennis.com/tournament/528/linz/2018/scores/LS008;A.Petkovic;6;;6;;-;;T.Maria;1;;3;;-;;https://www.wtatennis.com/tournament/528/linz/2018/scores
Completed;2:19;Round of 16;https://wtatennis.com/tournament/528/linz/2018/scores/LS015;M.Gasparyan;7;;2;;7;;K.Bertens;5;;6;;6;3;https://www.wtatennis.com/tournament/528/linz/2018/scores
Completed;0:45;Round of 16;https://wtatennis.com/tournament/528/linz/2018/scores/LS013;K.Pliskova;0;;1;;-;;B.Strycova;6;;6;;-;;https://www.wtatennis.com/tournament/528/linz/2018/scores
Completed;1:20;Round of 16;https://wtatennis.com/tournament/528/linz/2018/scores/LS010;E.Alexandrova;3;;6;;6;;J.Larsson;6;;1;;1;;https://www.wtatennis.com/tournament/528/linz/2018/scores
Completed;1:22;Quarterfinal;https://wtatennis.com/tournament/528/linz/2018/scores/LS005;E.Alexandrova;6;;7;;-;;A.Pavlyuchenkova;3;;5;;-;;https://www.wtatennis.com/tournament/528/linz/2018/scores
Completed;1:10;Quarterfinal;https://wtatennis.com/tournament/528/linz/2018/scores/LS004;A.Petkovic;6;;6;;-;;K.Mladenovic;1;;3;;-;;https://www.wtatennis.com/tournament/528/linz/2018/scores
Completed;1:55;Quarterfinal;https://wtatennis.com/tournament/528/linz/2018/scores/LS007;C.Giorgi;6;;3;;6;;M.Gasparyan;3;;6;;2;;https://www.wtatennis.com/tournament/528/linz/2018/scores
Completed;2:26;Quarterfinal;https://wtatennis.com/tournament/528/linz/2018/scores/LS006;A.Van Uytvanck;3;;6;;6;;B.Strycova;6;;4;;4;;https://www.wtatennis.com/tournament/528/linz/2018/scores
Completed;1:39;Semifinal;https://wtatennis.com/tournament/528/linz/2018/scores/LS002;A.Petkovic;6;;4;;0;;E.Alexandrova;0;;6;;6;;https://www.wtatennis.com/tournament/528/linz/2018/scores
Completed;1:44;Semifinal;https://wtatennis.com/tournament/528/linz/2018/scores/LS003;A.Van Uytvanck;3;;4;;-;;C.Giorgi;6;;6;;-;;https://www.wtatennis.com/tournament/528/linz/2018/scores
Completed;0:59;Final;https://wtatennis.com/tournament/528/linz/2018/scores/LS001;E.Alexandrova;3;;1;;-;;C.Giorgi;6;;6;;-;;https://www.wtatennis.com/tournament/528/linz/2018/scores
