statut;duration;stage;url_match_stats;player_1_name;player_1_set_1;player_1_set_1_tiebreak;player_1_set_2;player_1_set_2_tiebreak;player_1_set_3;player_1_set_3_tiebreak;player_2_name;player_2_set_1;player_2_set_1_tiebreak;player_2_set_2;player_2_set_2_tiebreak;player_2_set_3;player_2_set_3_tiebreak;scores_link
Completed;1:29;Qualifying;https://wtatennis.com/tournament/609/indian-wells/2019/scores/RS055;F.Di Lorenzo;3;;4;;-;;M.Doi;6;;6;;-;;https://www.wtatennis.com/tournament/609/indian-wells/2019/scores
Completed;1:53;Qualifying;https://wtatennis.com/tournament/609/indian-wells/2019/scores/RS039;C.Mchale;6;;3;;7;;F.Stollar;0;;6;;5;;https://www.wtatennis.com/tournament/609/indian-wells/2019/scores
Completed;1:08;Qualifying;https://wtatennis.com/tournament/609/indian-wells/2019/scores/RS053;C.Liu;3;;3;;-;;N.Hibino;6;;6;;-;;https://www.wtatennis.com/tournament/609/indian-wells/2019/scores
Completed;1:13;Qualifying;https://wtatennis.com/tournament/609/indian-wells/2019/scores/RS054;M.Minella;2;;3;;-;;Y.Wickmayer;6;;6;;-;;https://www.wtatennis.com/tournament/609/indian-wells/2019/scores
Completed;1:11;Qualifying;https://wtatennis.com/tournament/609/indian-wells/2019/scores/RS038;V.Zvonareva;6;;6;;-;;I.Khromacheva;2;;3;;-;;https://www.wtatennis.com/tournament/609/indian-wells/2019/scores
Completed;1:14;Qualifying;https://wtatennis.com/tournament/609/indian-wells/2019/scores/RS052;S.Cirstea;6;;6;;-;;D.Lao;3;;4;;-;;https://www.wtatennis.com/tournament/609/indian-wells/2019/scores
Completed;1:51;Qualifying;https://wtatennis.com/tournament/609/indian-wells/2019/scores/RS036;S.Voegele;6;;3;;6;;C.Dolehide;2;;6;;3;;https://www.wtatennis.com/tournament/609/indian-wells/2019/scores
Completed;2:35;Qualifying;https://wtatennis.com/tournament/609/indian-wells/2019/scores/RS046;K.Pliskova;6;;6;6;5;;C.Mcnally;2;;7;;7;;https://www.wtatennis.com/tournament/609/indian-wells/2019/scores
Completed;2:16;Qualifying;https://wtatennis.com/tournament/609/indian-wells/2019/scores/RS044;L.Arruabarrena;1;;7;;2;;I.Swiatek;6;;6;6;6;;https://www.wtatennis.com/tournament/609/indian-wells/2019/scores
Completed;2:12;Qualifying;https://wtatennis.com/tournament/609/indian-wells/2019/scores/RS045;Y.Bonaventure;6;8;6;;6;;O.Danilovic;7;;4;;4;;https://www.wtatennis.com/tournament/609/indian-wells/2019/scores
Completed;1:50;Qualifying;https://wtatennis.com/tournament/609/indian-wells/2019/scores/RS047;C.Perrin;7;;0;;1;;T.Bacsinszky;5;;6;;6;;https://www.wtatennis.com/tournament/609/indian-wells/2019/scores
Completed;2:33;Qualifying;https://wtatennis.com/tournament/609/indian-wells/2019/scores/RS037;S.Errani;6;;6;3;6;;H.Watson;2;;7;;4;;https://www.wtatennis.com/tournament/609/indian-wells/2019/scores
Completed;1:49;Qualifying;https://wtatennis.com/tournament/609/indian-wells/2019/scores/RS048;L.Zhu;3;;6;;6;;X.Wang;6;;2;;3;;https://www.wtatennis.com/tournament/609/indian-wells/2019/scores
Completed;1:38;Qualifying;https://wtatennis.com/tournament/609/indian-wells/2019/scores/RS049;M.Niculescu;5;;4;;-;;A.Blinkova;7;;6;;-;;https://www.wtatennis.com/tournament/609/indian-wells/2019/scores
Completed;2:25;Qualifying;https://wtatennis.com/tournament/609/indian-wells/2019/scores/RS042;K.Boulter;7;;5;;6;;A.Kiick;5;;7;;2;;https://www.wtatennis.com/tournament/609/indian-wells/2019/scores
Completed;1:33;Qualifying;https://wtatennis.com/tournament/609/indian-wells/2019/scores/RS050;Z.Diyas;6;;7;;-;;V.Lepchenko;4;;5;;-;;https://www.wtatennis.com/tournament/609/indian-wells/2019/scores
Completed;1:50;Qualifying;https://wtatennis.com/tournament/609/indian-wells/2019/scores/RS043;M.Bouzkova;6;5;2;;-;;V.Golubic;7;;6;;-;;https://www.wtatennis.com/tournament/609/indian-wells/2019/scores
Completed;1:06;Qualifying;https://wtatennis.com/tournament/609/indian-wells/2019/scores/RS051;N.Gibbs;6;;6;;-;;F.Ferro;2;;1;;-;;https://www.wtatennis.com/tournament/609/indian-wells/2019/scores
Completed;1:32;Qualifying;https://wtatennis.com/tournament/609/indian-wells/2019/scores/RS034;S.Sorribes Tormo;6;;6;;-;;J.Glushko;2;;4;;-;;https://www.wtatennis.com/tournament/609/indian-wells/2019/scores
Completed;0:53;Qualifying;https://wtatennis.com/tournament/609/indian-wells/2019/scores/RS041;Z.Kruger;0;;0;;-;;N.Vikhlyantseva;6;;6;;-;;https://www.wtatennis.com/tournament/609/indian-wells/2019/scores
Completed;1:50;Qualifying;https://wtatennis.com/tournament/609/indian-wells/2019/scores/RS032;A.Potapova;7;;4;;0;;P.Hon;6;3;6;;6;;https://www.wtatennis.com/tournament/609/indian-wells/2019/scores
Completed;1:15;Qualifying;https://wtatennis.com/tournament/609/indian-wells/2019/scores/RS035;A.Kratzer;4;;1;;-;;K.Kozlova;6;;6;;-;;https://www.wtatennis.com/tournament/609/indian-wells/2019/scores
Completed;1:17;Qualifying;https://wtatennis.com/tournament/609/indian-wells/2019/scores/RS040;D.Jakupovic;6;;6;;-;;A.Rus;3;;4;;-;;https://www.wtatennis.com/tournament/609/indian-wells/2019/scores
Completed;1:14;Qualifying;https://wtatennis.com/tournament/609/indian-wells/2019/scores/RS033;P.Badosa Gibert;3;;2;;-;;V.Kudermetova;6;;6;;-;;https://www.wtatennis.com/tournament/609/indian-wells/2019/scores
Completed;1:50;Qualifying;https://wtatennis.com/tournament/609/indian-wells/2019/scores/RS027;Y.Wickmayer;6;2;5;;-;;M.Doi;7;;7;;-;;https://www.wtatennis.com/tournament/609/indian-wells/2019/scores
Completed;1:56;Qualifying;https://wtatennis.com/tournament/609/indian-wells/2019/scores/RS023;C.Mcnally;4;;6;;6;;T.Bacsinszky;6;;0;;4;;https://www.wtatennis.com/tournament/609/indian-wells/2019/scores
Completed;0:58;Qualifying;https://wtatennis.com/tournament/609/indian-wells/2019/scores/RS019;V.Zvonareva;0;;0;;-;;C.Mchale;6;;2;;-;;https://www.wtatennis.com/tournament/609/indian-wells/2019/scores
Completed;1:32;Qualifying;https://wtatennis.com/tournament/609/indian-wells/2019/scores/RS026;S.Cirstea;6;;1;;0;;N.Hibino;4;;6;;6;;https://www.wtatennis.com/tournament/609/indian-wells/2019/scores
Completed;1:56;Qualifying;https://wtatennis.com/tournament/609/indian-wells/2019/scores/RS022;I.Swiatek;6;;2;;4;;Y.Bonaventure;1;;6;;6;;https://www.wtatennis.com/tournament/609/indian-wells/2019/scores
Completed;1:49;Qualifying;https://wtatennis.com/tournament/609/indian-wells/2019/scores/RS018;S.Voegele;6;;7;;-;;S.Errani;2;;6;4;-;;https://www.wtatennis.com/tournament/609/indian-wells/2019/scores
Completed;1:56;Qualifying;https://wtatennis.com/tournament/609/indian-wells/2019/scores/RS017;S.Sorribes Tormo;1;;6;6;-;;K.Kozlova;6;;7;;-;;https://www.wtatennis.com/tournament/609/indian-wells/2019/scores
Completed;1:18;Qualifying;https://wtatennis.com/tournament/609/indian-wells/2019/scores/RS016;P.Hon;6;;6;;-;;V.Kudermetova;4;;2;;-;;https://www.wtatennis.com/tournament/609/indian-wells/2019/scores
Completed;2:01;Qualifying;https://wtatennis.com/tournament/609/indian-wells/2019/scores/RS025;Z.Diyas;7;;7;;-;;N.Gibbs;6;4;5;;-;;https://www.wtatennis.com/tournament/609/indian-wells/2019/scores
Completed;1:24;Qualifying;https://wtatennis.com/tournament/609/indian-wells/2019/scores/RS021;K.Boulter;4;;3;;-;;V.Golubic;6;;6;;-;;https://www.wtatennis.com/tournament/609/indian-wells/2019/scores
Completed;2:40;Qualifying;https://wtatennis.com/tournament/609/indian-wells/2019/scores/RS024;L.Zhu;4;;6;;7;;A.Blinkova;6;;4;;5;;https://www.wtatennis.com/tournament/609/indian-wells/2019/scores
Completed;1:25;Qualifying;https://wtatennis.com/tournament/609/indian-wells/2019/scores/RS020;D.Jakupovic;6;2;1;;-;;N.Vikhlyantseva;7;;6;;-;;https://www.wtatennis.com/tournament/609/indian-wells/2019/scores
Completed;1:23;Round of 128;https://wtatennis.com/tournament/609/indian-wells/2019/scores/LS102;V.Lapko;2;;3;;-;;V.Azarenka;6;;6;;-;;https://www.wtatennis.com/tournament/609/indian-wells/2019/scores
Completed;1:44;Round of 128;https://wtatennis.com/tournament/609/indian-wells/2019/scores/LS126;B.Strycova;6;;7;;-;;V.Golubic;2;;6;4;-;;https://www.wtatennis.com/tournament/609/indian-wells/2019/scores
Completed;2:30;Round of 128;https://wtatennis.com/tournament/609/indian-wells/2019/scores/LS114;D.Gavrilova;6;;5;;6;;D.Yastremska;2;;7;;2;;https://www.wtatennis.com/tournament/609/indian-wells/2019/scores
Completed;1:13;Round of 128;https://wtatennis.com/tournament/609/indian-wells/2019/scores/LS106;B.Pera;6;;6;;-;;C.Mcnally;2;;1;;-;;https://www.wtatennis.com/tournament/609/indian-wells/2019/scores
Completed;1:07;Round of 128;https://wtatennis.com/tournament/609/indian-wells/2019/scores/LS118;T.Maria;6;;6;;-;;M.Rybarikova;3;;2;;-;;https://www.wtatennis.com/tournament/609/indian-wells/2019/scores
Completed;1:22;Round of 128;https://wtatennis.com/tournament/609/indian-wells/2019/scores/LS117;N.Hibino;5;;3;;-;;J.Brady;7;;6;;-;;https://www.wtatennis.com/tournament/609/indian-wells/2019/scores
Completed;1:36;Round of 128;https://wtatennis.com/tournament/609/indian-wells/2019/scores/LS110;S.Voegele;7;;6;;-;;S.Vickery;5;;2;;-;;https://www.wtatennis.com/tournament/609/indian-wells/2019/scores
Completed;2:35;Round of 128;https://wtatennis.com/tournament/609/indian-wells/2019/scores/LS113;Y.Wang;6;;5;;4;;S.Kenin;1;;7;;6;;https://www.wtatennis.com/tournament/609/indian-wells/2019/scores
Completed;2:23;Round of 128;https://wtatennis.com/tournament/609/indian-wells/2019/scores/LS109;B.Andreescu;6;3;6;;6;;I.Begu;7;;3;;3;;https://www.wtatennis.com/tournament/609/indian-wells/2019/scores
Completed;1:06;Round of 128;https://wtatennis.com/tournament/609/indian-wells/2019/scores/LS105;A.Krunic;0;;4;;-;;A.Anisimova;6;;6;;-;;https://www.wtatennis.com/tournament/609/indian-wells/2019/scores
Completed;1:31;Round of 128;https://wtatennis.com/tournament/609/indian-wells/2019/scores/LS125;K.Siniakova;5;;2;;-;;K.Kozlova;7;;6;;-;;https://www.wtatennis.com/tournament/609/indian-wells/2019/scores
Completed;1:08;Round of 128;https://wtatennis.com/tournament/609/indian-wells/2019/scores/LS122;S.Zhang;6;;6;;-;;V.Kuzmova;2;;4;;-;;https://www.wtatennis.com/tournament/609/indian-wells/2019/scores
Completed;1:29;Round of 128;https://wtatennis.com/tournament/609/indian-wells/2019/scores/LS098;J.Konta;6;;6;;-;;P.Parmentier;2;;3;;-;;https://www.wtatennis.com/tournament/609/indian-wells/2019/scores
Completed;2:03;Round of 128;https://wtatennis.com/tournament/609/indian-wells/2019/scores/LS101;A.Schmiedlova;6;2;2;;-;;L.Davis;7;;6;;-;;https://www.wtatennis.com/tournament/609/indian-wells/2019/scores
Completed;1:52;Round of 128;https://wtatennis.com/tournament/609/indian-wells/2019/scores/LS121;M.Vondrousova;6;;7;;-;;L.Siegemund;4;;6;6;-;;https://www.wtatennis.com/tournament/609/indian-wells/2019/scores
Completed;2:29;Round of 128;https://wtatennis.com/tournament/609/indian-wells/2019/scores/LS097;P.Martic;3;;6;;6;5;M.Linette;6;;4;;7;;https://www.wtatennis.com/tournament/609/indian-wells/2019/scores
Completed;0:54;Round of 128;https://wtatennis.com/tournament/609/indian-wells/2019/scores/LS090;J.Pegula;6;;6;;-;;Z.Diyas;1;;1;;-;;https://www.wtatennis.com/tournament/609/indian-wells/2019/scores
Completed;1:21;Round of 128;https://wtatennis.com/tournament/609/indian-wells/2019/scores/LS082;C.Mchale;7;;6;;-;;M.Sakkari;5;;0;;-;;https://www.wtatennis.com/tournament/609/indian-wells/2019/scores
Completed;2:36;Round of 128;https://wtatennis.com/tournament/609/indian-wells/2019/scores/LS066;K.Flipkens;7;;3;;7;;E.Bouchard;5;;6;;5;;https://www.wtatennis.com/tournament/609/indian-wells/2019/scores
Completed;2:31;Round of 128;https://wtatennis.com/tournament/609/indian-wells/2019/scores/LS077;Y.Bonaventure;6;3;7;;6;;T.Townsend;7;;5;;2;;https://www.wtatennis.com/tournament/609/indian-wells/2019/scores
Completed;1:09;Round of 128;https://wtatennis.com/tournament/609/indian-wells/2019/scores/LS074;M.Puig;6;;6;;-;;E.Rodina;0;;4;;-;;https://www.wtatennis.com/tournament/609/indian-wells/2019/scores
Completed;1:10;Round of 128;https://wtatennis.com/tournament/609/indian-wells/2019/scores/LS086;J.Larsson;2;;2;;-;;K.Kanepi;6;;6;;-;;https://www.wtatennis.com/tournament/609/indian-wells/2019/scores
Completed;1:42;Round of 128;https://wtatennis.com/tournament/609/indian-wells/2019/scores/LS089;A.Tomljanovic;7;;6;;-;;A.Cornet;5;;3;;-;;https://www.wtatennis.com/tournament/609/indian-wells/2019/scores
Completed;1:07;Round of 128;https://wtatennis.com/tournament/609/indian-wells/2019/scores/LS093;N.Vikhlyantseva;6;;6;;-;;P.Hon;1;;1;;-;;https://www.wtatennis.com/tournament/609/indian-wells/2019/scores
Completed;2:27;Round of 128;https://wtatennis.com/tournament/609/indian-wells/2019/scores/LS085;L.Zhu;4;;7;;5;;M.Barthel;6;;6;4;7;;https://www.wtatennis.com/tournament/609/indian-wells/2019/scores
Completed;2:09;Round of 128;https://wtatennis.com/tournament/609/indian-wells/2019/scores/LS069;A.Riske;6;1;4;;-;;A.Van Uytvanck;7;;6;;-;;https://www.wtatennis.com/tournament/609/indian-wells/2019/scores
Completed;1:45;Round of 128;https://wtatennis.com/tournament/609/indian-wells/2019/scores/LS081;V.Williams;6;;0;;6;;A.Petkovic;4;;6;;3;;https://www.wtatennis.com/tournament/609/indian-wells/2019/scores
Completed;1:34;Round of 128;https://wtatennis.com/tournament/609/indian-wells/2019/scores/LS065;K.Mladenovic;7;;6;;-;;S.Zheng;5;;2;;-;;https://www.wtatennis.com/tournament/609/indian-wells/2019/scores
Completed;1:23;Round of 128;https://wtatennis.com/tournament/609/indian-wells/2019/scores/LS094;Y.Putintseva;6;;6;;-;;T.Babos;1;;3;;-;;https://www.wtatennis.com/tournament/609/indian-wells/2019/scores
Completed;1:15;Round of 128;https://wtatennis.com/tournament/609/indian-wells/2019/scores/LS078;M.Doi;6;;6;;-;;O.Jabeur;3;;3;;-;;https://www.wtatennis.com/tournament/609/indian-wells/2019/scores
Completed;1:11;Round of 128;https://wtatennis.com/tournament/609/indian-wells/2019/scores/LS073;M.Brengle;6;;6;;-;;S.Stosur;2;;3;;-;;https://www.wtatennis.com/tournament/609/indian-wells/2019/scores
Completed;2:03;Round of 128;https://wtatennis.com/tournament/609/indian-wells/2019/scores/LS070;R.Peterson;5;;6;;2;;E.Alexandrova;7;;3;;6;;https://www.wtatennis.com/tournament/609/indian-wells/2019/scores
Completed;2:21;Round of 64;https://wtatennis.com/tournament/609/indian-wells/2019/scores/LS056;E.Svitolina;3;;7;;6;;S.Kenin;6;;6;5;4;;https://www.wtatennis.com/tournament/609/indian-wells/2019/scores
Completed;1:17;Round of 64;https://wtatennis.com/tournament/609/indian-wells/2019/scores/LS048;K.Bertens;6;;6;;-;;M.Linette;4;;1;;-;;https://www.wtatennis.com/tournament/609/indian-wells/2019/scores
Completed;2:07;Round of 64;https://wtatennis.com/tournament/609/indian-wells/2019/scores/LS051;V.Azarenka;5;;3;;-;;S.Williams;7;;6;;-;;https://www.wtatennis.com/tournament/609/indian-wells/2019/scores
Completed;1:19;Round of 64;https://wtatennis.com/tournament/609/indian-wells/2019/scores/LS052;E.Mertens;6;;6;;-;;A.Anisimova;4;;2;;-;;https://www.wtatennis.com/tournament/609/indian-wells/2019/scores
Completed;1:23;Round of 64;https://wtatennis.com/tournament/609/indian-wells/2019/scores/LS054;D.Cibulkova;2;;2;;-;;B.Andreescu;6;;6;;-;;https://www.wtatennis.com/tournament/609/indian-wells/2019/scores
Completed;1:26;Round of 64;https://wtatennis.com/tournament/609/indian-wells/2019/scores/LS063;B.Strycova;2;;4;;-;;S.Halep;6;;6;;-;;https://www.wtatennis.com/tournament/609/indian-wells/2019/scores
Completed;1:44;Round of 64;https://wtatennis.com/tournament/609/indian-wells/2019/scores/LS062;A.Sasnovich;4;;6;;0;;K.Kozlova;6;;2;;6;;https://www.wtatennis.com/tournament/609/indian-wells/2019/scores
Completed;1:37;Round of 64;https://wtatennis.com/tournament/609/indian-wells/2019/scores/LS053;B.Pera;6;5;2;;-;;Q.Wang;7;;6;;-;;https://www.wtatennis.com/tournament/609/indian-wells/2019/scores
Completed;1:28;Round of 64;https://wtatennis.com/tournament/609/indian-wells/2019/scores/LS059;T.Maria;4;;4;;-;;A.Barty;6;;6;;-;;https://www.wtatennis.com/tournament/609/indian-wells/2019/scores
Completed;1:09;Round of 64;https://wtatennis.com/tournament/609/indian-wells/2019/scores/LS057;D.Gavrilova;6;;6;;-;;M.Buzarnescu;2;;2;;-;;https://www.wtatennis.com/tournament/609/indian-wells/2019/scores
Completed;1:09;Round of 64;https://wtatennis.com/tournament/609/indian-wells/2019/scores/LS061;S.Zhang;2;;1;;-;;J.Ostapenko;6;;6;;-;;https://www.wtatennis.com/tournament/609/indian-wells/2019/scores
Completed;1:08;Round of 64;https://wtatennis.com/tournament/609/indian-wells/2019/scores/LS055;S.Voegele;6;;6;;-;;S.Stephens;3;;0;;-;;https://www.wtatennis.com/tournament/609/indian-wells/2019/scores
Completed;1:10;Round of 64;https://wtatennis.com/tournament/609/indian-wells/2019/scores/LS049;J.Konta;6;;6;;-;;S.Hsieh;0;;2;;-;;https://www.wtatennis.com/tournament/609/indian-wells/2019/scores
Completed;1:35;Round of 64;https://wtatennis.com/tournament/609/indian-wells/2019/scores/LS050;G.Muguruza;6;;6;;-;;L.Davis;1;;3;;-;;https://www.wtatennis.com/tournament/609/indian-wells/2019/scores
Completed;1:10;Round of 64;https://wtatennis.com/tournament/609/indian-wells/2019/scores/LS060;D.Kasatkina;2;;1;;-;;M.Vondrousova;6;;6;;-;;https://www.wtatennis.com/tournament/609/indian-wells/2019/scores
Completed;1:47;Round of 64;https://wtatennis.com/tournament/609/indian-wells/2019/scores/LS058;C.Garcia;3;;6;;0;;J.Brady;6;;3;;6;;https://www.wtatennis.com/tournament/609/indian-wells/2019/scores
Completed;1:21;Round of 64;https://wtatennis.com/tournament/609/indian-wells/2019/scores/LS032;N.Osaka;6;;6;;-;;K.Mladenovic;3;;4;;-;;https://www.wtatennis.com/tournament/609/indian-wells/2019/scores
Completed;2:25;Round of 64;https://wtatennis.com/tournament/609/indian-wells/2019/scores/LS035;E.Alexandrova;7;;2;;7;;C.Wozniacki;5;;6;;5;;https://www.wtatennis.com/tournament/609/indian-wells/2019/scores
Completed;2:01;Round of 64;https://wtatennis.com/tournament/609/indian-wells/2019/scores/LS043;K.Kanepi;3;;6;;3;;J.Goerges;6;;2;;6;;https://www.wtatennis.com/tournament/609/indian-wells/2019/scores
Completed;1:13;Round of 64;https://wtatennis.com/tournament/609/indian-wells/2019/scores/LS034;B.Bencic;6;;6;;-;;A.Van Uytvanck;4;;1;;-;;https://www.wtatennis.com/tournament/609/indian-wells/2019/scores
Completed;1:30;Round of 64;https://wtatennis.com/tournament/609/indian-wells/2019/scores/LS033;K.Flipkens;4;;1;;-;;D.Collins;6;;6;;-;;https://www.wtatennis.com/tournament/609/indian-wells/2019/scores
Completed;1:40;Round of 64;https://wtatennis.com/tournament/609/indian-wells/2019/scores/LS039;M.Doi;7;;1;;1;;K.Pliskova;6;4;6;;6;;https://www.wtatennis.com/tournament/609/indian-wells/2019/scores
Completed;2:27;Round of 64;https://wtatennis.com/tournament/609/indian-wells/2019/scores/LS040;P.Kvitova;6;;5;;4;;V.Williams;4;;7;;6;;https://www.wtatennis.com/tournament/609/indian-wells/2019/scores
Completed;2:17;Round of 64;https://wtatennis.com/tournament/609/indian-wells/2019/scores/LS041;C.Mchale;6;;3;;6;;A.Pavlyuchenkova;4;;6;;4;;https://www.wtatennis.com/tournament/609/indian-wells/2019/scores
Completed;1:17;Round of 64;https://wtatennis.com/tournament/609/indian-wells/2019/scores/LS036;A.Sevastova;6;;6;;-;;M.Brengle;3;;4;;-;;https://www.wtatennis.com/tournament/609/indian-wells/2019/scores
Completed;1:35;Round of 64;https://wtatennis.com/tournament/609/indian-wells/2019/scores/LS037;M.Puig;3;;6;4;-;;A.Kontaveit;6;;7;;-;;https://www.wtatennis.com/tournament/609/indian-wells/2019/scores
Completed;2:09;Round of 64;https://wtatennis.com/tournament/609/indian-wells/2019/scores/LS045;J.Pegula;6;;5;;4;;L.Tsurenko;3;;7;;6;;https://www.wtatennis.com/tournament/609/indian-wells/2019/scores
Completed;2:01;Round of 64;https://wtatennis.com/tournament/609/indian-wells/2019/scores/LS042;M.Keys;6;;1;;5;;M.Barthel;3;;6;;7;;https://www.wtatennis.com/tournament/609/indian-wells/2019/scores
Completed;2:10;Round of 64;https://wtatennis.com/tournament/609/indian-wells/2019/scores/LS038;D.Vekic;6;;6;5;4;;Y.Bonaventure;1;;7;;6;;https://www.wtatennis.com/tournament/609/indian-wells/2019/scores
Completed;1:03;Round of 64;https://wtatennis.com/tournament/609/indian-wells/2019/scores/LS046;C.Suarez Navarro;2;;0;;-;;N.Vikhlyantseva;6;;6;;-;;https://www.wtatennis.com/tournament/609/indian-wells/2019/scores
Completed;1:39;Round of 64;https://wtatennis.com/tournament/609/indian-wells/2019/scores/LS044;A.Sabalenka;6;;4;;6;;A.Tomljanovic;3;;6;;0;;https://www.wtatennis.com/tournament/609/indian-wells/2019/scores
Completed;1:03;Round of 64;https://wtatennis.com/tournament/609/indian-wells/2019/scores/LS047;Y.Putintseva;0;;2;;-;;A.Kerber;6;;6;;-;;https://www.wtatennis.com/tournament/609/indian-wells/2019/scores
Completed;1:13;Round of 32;https://wtatennis.com/tournament/609/indian-wells/2019/scores/LS029;J.Brady;3;;2;;-;;A.Barty;6;;6;;-;;https://www.wtatennis.com/tournament/609/indian-wells/2019/scores
Completed;1:46;Round of 32;https://wtatennis.com/tournament/609/indian-wells/2019/scores/LS028;E.Svitolina;7;;6;;-;;D.Gavrilova;5;;4;;-;;https://www.wtatennis.com/tournament/609/indian-wells/2019/scores
Completed;0:56;Round of 32;https://wtatennis.com/tournament/609/indian-wells/2019/scores/LS027;B.Andreescu;6;;6;;-;;S.Voegele;1;;2;;-;;https://www.wtatennis.com/tournament/609/indian-wells/2019/scores
Completed;0:46;Round of 32;https://wtatennis.com/tournament/609/indian-wells/2019/scores/LS025;G.Muguruza;6;;1;;-;;S.Williams;3;;0;;-;;https://www.wtatennis.com/tournament/609/indian-wells/2019/scores
Completed;2:00;Round of 32;https://wtatennis.com/tournament/609/indian-wells/2019/scores/LS024;K.Bertens;7;;6;;-;;J.Konta;6;10;4;;-;;https://www.wtatennis.com/tournament/609/indian-wells/2019/scores
Completed;2:02;Round of 32;https://wtatennis.com/tournament/609/indian-wells/2019/scores/LS030;M.Vondrousova;4;;6;;6;;J.Ostapenko;6;;3;;4;;https://www.wtatennis.com/tournament/609/indian-wells/2019/scores
Completed;2:57;Round of 32;https://wtatennis.com/tournament/609/indian-wells/2019/scores/LS026;E.Mertens;6;4;7;;3;;Q.Wang;7;;6;4;6;;https://www.wtatennis.com/tournament/609/indian-wells/2019/scores
Completed;1:47;Round of 32;https://wtatennis.com/tournament/609/indian-wells/2019/scores/LS031;K.Kozlova;6;3;5;;-;;S.Halep;7;;7;;-;;https://www.wtatennis.com/tournament/609/indian-wells/2019/scores
Completed;1:22;Round of 32;https://wtatennis.com/tournament/609/indian-wells/2019/scores/LS016;N.Osaka;6;;6;;-;;D.Collins;4;;2;;-;;https://www.wtatennis.com/tournament/609/indian-wells/2019/scores
Completed;1:06;Round of 32;https://wtatennis.com/tournament/609/indian-wells/2019/scores/LS017;B.Bencic;6;;6;;-;;E.Alexandrova;4;;2;;-;;https://www.wtatennis.com/tournament/609/indian-wells/2019/scores
Completed;1:25;Round of 32;https://wtatennis.com/tournament/609/indian-wells/2019/scores/LS020;V.Williams;6;;7;;-;;C.Mchale;2;;5;;-;;https://www.wtatennis.com/tournament/609/indian-wells/2019/scores
Completed;2:33;Round of 32;https://wtatennis.com/tournament/609/indian-wells/2019/scores/LS021;M.Barthel;7;;1;;6;;J.Goerges;5;;6;;4;;https://www.wtatennis.com/tournament/609/indian-wells/2019/scores
Completed;1:23;Round of 32;https://wtatennis.com/tournament/609/indian-wells/2019/scores/LS022;A.Sabalenka;6;;7;;-;;L.Tsurenko;2;;5;;-;;https://www.wtatennis.com/tournament/609/indian-wells/2019/scores
Completed;1:06;Round of 32;https://wtatennis.com/tournament/609/indian-wells/2019/scores/LS019;Y.Bonaventure;3;;2;;-;;K.Pliskova;6;;6;;-;;https://www.wtatennis.com/tournament/609/indian-wells/2019/scores
Completed;1:53;Round of 32;https://wtatennis.com/tournament/609/indian-wells/2019/scores/LS023;N.Vikhlyantseva;6;;1;;3;;A.Kerber;3;;6;;6;;https://www.wtatennis.com/tournament/609/indian-wells/2019/scores
Completed;0:27;Round of 32;https://wtatennis.com/tournament/609/indian-wells/2019/scores/LS018;A.Sevastova;0;;-;;-;;A.Kontaveit;5;;-;;-;;https://www.wtatennis.com/tournament/609/indian-wells/2019/scores
Completed;1:43;Round of 16;https://wtatennis.com/tournament/609/indian-wells/2019/scores/LS011;A.Sabalenka;1;;6;;4;;A.Kerber;6;;4;;6;;https://www.wtatennis.com/tournament/609/indian-wells/2019/scores
Completed;1:06;Round of 16;https://wtatennis.com/tournament/609/indian-wells/2019/scores/LS008;N.Osaka;3;;1;;-;;B.Bencic;6;;6;;-;;https://www.wtatennis.com/tournament/609/indian-wells/2019/scores
Completed;2:03;Round of 16;https://wtatennis.com/tournament/609/indian-wells/2019/scores/LS009;A.Kontaveit;6;0;6;;2;;K.Pliskova;7;;4;;6;;https://www.wtatennis.com/tournament/609/indian-wells/2019/scores
Completed;1:45;Round of 16;https://wtatennis.com/tournament/609/indian-wells/2019/scores/LS010;V.Williams;6;;6;;-;;M.Barthel;4;;4;;-;;https://www.wtatennis.com/tournament/609/indian-wells/2019/scores
Completed;3:12;Round of 16;https://wtatennis.com/tournament/609/indian-wells/2019/scores/LS014;E.Svitolina;7;;5;;6;;A.Barty;6;8;7;;4;;https://www.wtatennis.com/tournament/609/indian-wells/2019/scores
Completed;1:39;Round of 16;https://wtatennis.com/tournament/609/indian-wells/2019/scores/LS015;M.Vondrousova;6;;3;;6;;S.Halep;2;;6;;2;;https://www.wtatennis.com/tournament/609/indian-wells/2019/scores
Completed;2:25;Round of 16;https://wtatennis.com/tournament/609/indian-wells/2019/scores/LS012;K.Bertens;7;;1;;4;;G.Muguruza;5;;6;;6;;https://www.wtatennis.com/tournament/609/indian-wells/2019/scores
Completed;1:28;Round of 16;https://wtatennis.com/tournament/609/indian-wells/2019/scores/LS013;Q.Wang;5;;2;;-;;B.Andreescu;7;;6;;-;;https://www.wtatennis.com/tournament/609/indian-wells/2019/scores
Completed;2:11;Quarterfinal;https://wtatennis.com/tournament/609/indian-wells/2019/scores/LS007;E.Svitolina;4;;6;;6;;M.Vondrousova;6;;4;;4;;https://www.wtatennis.com/tournament/609/indian-wells/2019/scores
Completed;0:52;Quarterfinal;https://wtatennis.com/tournament/609/indian-wells/2019/scores/LS006;G.Muguruza;0;;1;;-;;B.Andreescu;6;;6;;-;;https://www.wtatennis.com/tournament/609/indian-wells/2019/scores
Completed;1:36;Quarterfinal;https://wtatennis.com/tournament/609/indian-wells/2019/scores/LS005;V.Williams;6;3;3;;-;;A.Kerber;7;;6;;-;;https://www.wtatennis.com/tournament/609/indian-wells/2019/scores
Completed;2:16;Quarterfinal;https://wtatennis.com/tournament/609/indian-wells/2019/scores/LS004;B.Bencic;6;;4;;6;;K.Pliskova;3;;6;;3;;https://www.wtatennis.com/tournament/609/indian-wells/2019/scores
Completed;1:07;Semifinal;https://wtatennis.com/tournament/609/indian-wells/2019/scores/LS002;B.Bencic;4;;2;;-;;A.Kerber;6;;6;;-;;https://www.wtatennis.com/tournament/609/indian-wells/2019/scores
Completed;2:12;Semifinal;https://wtatennis.com/tournament/609/indian-wells/2019/scores/LS003;B.Andreescu;6;;2;;6;;E.Svitolina;3;;6;;4;;https://www.wtatennis.com/tournament/609/indian-wells/2019/scores
Completed;2:18;Final;https://wtatennis.com/tournament/609/indian-wells/2019/scores/LS001;A.Kerber;4;;6;;4;;B.Andreescu;6;;3;;6;;https://www.wtatennis.com/tournament/609/indian-wells/2019/scores
