statut;duration;stage;url_match_stats;player_1_name;player_1_set_1;player_1_set_1_tiebreak;player_1_set_2;player_1_set_2_tiebreak;player_1_set_3;player_1_set_3_tiebreak;player_2_name;player_2_set_1;player_2_set_1_tiebreak;player_2_set_2;player_2_set_2_tiebreak;player_2_set_3;player_2_set_3_tiebreak;scores_link
Completed;1:32;Qualifying;https://wtatennis.com/tournament/1052/birmingham/2018/scores/RS019;K.Dunne;0;;6;;6;;N.Vikhlyantseva;6;;2;;2;;https://www.wtatennis.com/tournament/1052/birmingham/2018/scores
Completed;1:16;Qualifying;https://wtatennis.com/tournament/1052/birmingham/2018/scores/RS018;J.Burrage;7;;6;;-;;B.Jovanovski Petrov;6;5;3;;-;;https://www.wtatennis.com/tournament/1052/birmingham/2018/scores
Completed;2:32;Qualifying;https://wtatennis.com/tournament/1052/birmingham/2018/scores/RS026;J.Paolini;6;5;6;;6;6;D.Jakupovic;7;;4;;7;;https://www.wtatennis.com/tournament/1052/birmingham/2018/scores
Completed;1:11;Qualifying;https://wtatennis.com/tournament/1052/birmingham/2018/scores/RS017;S.Murray;3;;5;;-;;O.Dodin;6;;7;;-;;https://www.wtatennis.com/tournament/1052/birmingham/2018/scores
Completed;1:53;Qualifying;https://wtatennis.com/tournament/1052/birmingham/2018/scores/RS016;C.Giorgi;6;;7;;-;;K.Nara;4;;6;1;-;;https://www.wtatennis.com/tournament/1052/birmingham/2018/scores
Completed;1:04;Qualifying;https://wtatennis.com/tournament/1052/birmingham/2018/scores/RS027;T.Korpatsch;1;;0;;-;;S.Vickery;6;;6;;-;;https://www.wtatennis.com/tournament/1052/birmingham/2018/scores
Completed;0:49;Qualifying;https://wtatennis.com/tournament/1052/birmingham/2018/scores/RS030;F.Abanda;0;;4;;-;;C.Perrin;6;;6;;-;;https://www.wtatennis.com/tournament/1052/birmingham/2018/scores
Completed;1:26;Qualifying;https://wtatennis.com/tournament/1052/birmingham/2018/scores/RS029;S.Zhuk;6;;7;;-;;S.Karatantcheva;4;;5;;-;;https://www.wtatennis.com/tournament/1052/birmingham/2018/scores
Completed;1:32;Qualifying;https://wtatennis.com/tournament/1052/birmingham/2018/scores/RS028;K.Pliskova;6;;7;;-;;A.Cadantu;2;;6;1;-;;https://www.wtatennis.com/tournament/1052/birmingham/2018/scores
Completed;1:02;Qualifying;https://wtatennis.com/tournament/1052/birmingham/2018/scores/RS025;T.Moore;0;;5;;-;;K.Bondarenko;6;;7;;-;;https://www.wtatennis.com/tournament/1052/birmingham/2018/scores
Completed;0:53;Qualifying;https://wtatennis.com/tournament/1052/birmingham/2018/scores/RS031;J.Pegula;3;;1;;-;;V.Lapko;6;;6;;-;;https://www.wtatennis.com/tournament/1052/birmingham/2018/scores
Completed;1:38;Qualifying;https://wtatennis.com/tournament/1052/birmingham/2018/scores/RS020;A.Raina;3;;6;;4;;P.Hon;6;;3;;6;;https://www.wtatennis.com/tournament/1052/birmingham/2018/scores
Completed;1:35;Qualifying;https://wtatennis.com/tournament/1052/birmingham/2018/scores/RS022;F.Stollar;2;;6;10;-;;K.Ahn;6;;7;;-;;https://www.wtatennis.com/tournament/1052/birmingham/2018/scores
Completed;1:29;Qualifying;https://wtatennis.com/tournament/1052/birmingham/2018/scores/RS021;C.Dolehide;5;;4;;-;;E.Bouchard;7;;6;;-;;https://www.wtatennis.com/tournament/1052/birmingham/2018/scores
Completed;1:10;Qualifying;https://wtatennis.com/tournament/1052/birmingham/2018/scores/RS024;B.Pera;6;;6;;-;;V.Cepede Royg;2;;4;;-;;https://www.wtatennis.com/tournament/1052/birmingham/2018/scores
Completed;1:46;Qualifying;https://wtatennis.com/tournament/1052/birmingham/2018/scores/RS023;D.Allertova;6;;4;;6;3;J.Brady;4;;6;;7;;https://www.wtatennis.com/tournament/1052/birmingham/2018/scores
Completed;2:19;Qualifying;https://wtatennis.com/tournament/1052/birmingham/2018/scores/RS008;C.Giorgi;7;;6;2;4;;O.Dodin;6;4;7;;6;;https://www.wtatennis.com/tournament/1052/birmingham/2018/scores
Completed;1:42;Qualifying;https://wtatennis.com/tournament/1052/birmingham/2018/scores/RS013;D.Jakupovic;7;;7;;-;;S.Vickery;6;3;5;;-;;https://www.wtatennis.com/tournament/1052/birmingham/2018/scores
Completed;1:29;Qualifying;https://wtatennis.com/tournament/1052/birmingham/2018/scores/RS009;J.Burrage;5;;3;;-;;K.Dunne;7;;6;;-;;https://www.wtatennis.com/tournament/1052/birmingham/2018/scores
Completed;1:24;Qualifying;https://wtatennis.com/tournament/1052/birmingham/2018/scores/RS015;C.Perrin;0;;6;;6;;V.Lapko;6;;2;;2;;https://www.wtatennis.com/tournament/1052/birmingham/2018/scores
Completed;1:03;Qualifying;https://wtatennis.com/tournament/1052/birmingham/2018/scores/RS014;K.Pliskova;6;;6;;-;;S.Zhuk;1;;2;;-;;https://www.wtatennis.com/tournament/1052/birmingham/2018/scores
Completed;1:27;Qualifying;https://wtatennis.com/tournament/1052/birmingham/2018/scores/RS012;B.Pera;6;;7;;-;;K.Bondarenko;4;;6;5;-;;https://www.wtatennis.com/tournament/1052/birmingham/2018/scores
Completed;1:11;Qualifying;https://wtatennis.com/tournament/1052/birmingham/2018/scores/RS010;P.Hon;3;;4;;-;;E.Bouchard;6;;6;;-;;https://www.wtatennis.com/tournament/1052/birmingham/2018/scores
Completed;1:44;Qualifying;https://wtatennis.com/tournament/1052/birmingham/2018/scores/RS011;K.Ahn;3;;6;4;-;;J.Brady;6;;7;;-;;https://www.wtatennis.com/tournament/1052/birmingham/2018/scores
Completed;1:12;Qualifying;https://wtatennis.com/tournament/1052/birmingham/2018/scores/RS004;O.Dodin;6;;6;;-;;K.Dunne;2;;4;;-;;https://www.wtatennis.com/tournament/1052/birmingham/2018/scores
Completed;1:17;Qualifying;https://wtatennis.com/tournament/1052/birmingham/2018/scores/RS007;K.Pliskova;7;;6;;-;;C.Perrin;6;2;4;;-;;https://www.wtatennis.com/tournament/1052/birmingham/2018/scores
Completed;1:19;Qualifying;https://wtatennis.com/tournament/1052/birmingham/2018/scores/RS006;B.Pera;3;;4;;-;;D.Jakupovic;6;;6;;-;;https://www.wtatennis.com/tournament/1052/birmingham/2018/scores
Completed;2:28;Qualifying;https://wtatennis.com/tournament/1052/birmingham/2018/scores/RS005;E.Bouchard;6;7;6;;4;;J.Brady;7;;4;;6;;https://www.wtatennis.com/tournament/1052/birmingham/2018/scores
Completed;1:03;Round of 32;https://wtatennis.com/tournament/1052/birmingham/2018/scores/LS020;K.Pliskova;2;;3;;-;;M.Rybarikova;6;;6;;-;;https://www.wtatennis.com/tournament/1052/birmingham/2018/scores
Completed;0:53;Round of 32;https://wtatennis.com/tournament/1052/birmingham/2018/scores/LS022;K.Boulter;1;;2;;-;;N.Osaka;6;;6;;-;;https://www.wtatennis.com/tournament/1052/birmingham/2018/scores
Completed;1:45;Round of 32;https://wtatennis.com/tournament/1052/birmingham/2018/scores/LS026;D.Cibulkova;3;;6;6;-;;D.Gavrilova;6;;7;;-;;https://www.wtatennis.com/tournament/1052/birmingham/2018/scores
Completed;1:47;Round of 32;https://wtatennis.com/tournament/1052/birmingham/2018/scores/LS021;K.Siniakova;6;;2;;4;;K.Mladenovic;1;;6;;6;;https://www.wtatennis.com/tournament/1052/birmingham/2018/scores
Completed;2:10;Round of 32;https://wtatennis.com/tournament/1052/birmingham/2018/scores/LS017;J.Brady;6;;5;;3;;B.Strycova;3;;7;;6;;https://www.wtatennis.com/tournament/1052/birmingham/2018/scores
Completed;1:08;Round of 32;https://wtatennis.com/tournament/1052/birmingham/2018/scores/LS025;O.Dodin;4;;3;;-;;A.Barty;6;;6;;-;;https://www.wtatennis.com/tournament/1052/birmingham/2018/scores
Completed;0:59;Round of 32;https://wtatennis.com/tournament/1052/birmingham/2018/scores/LS016;G.Muguruza;6;;6;;-;;A.Pavlyuchenkova;1;;2;;-;;https://www.wtatennis.com/tournament/1052/birmingham/2018/scores
Completed;1:01;Round of 32;https://wtatennis.com/tournament/1052/birmingham/2018/scores/LS028;C.Vandeweghe;3;;2;;-;;P.Martic;6;;6;;-;;https://www.wtatennis.com/tournament/1052/birmingham/2018/scores
Completed;1:53;Round of 32;https://wtatennis.com/tournament/1052/birmingham/2018/scores/LS019;K.Pliskova;6;;5;;4;;D.Kasatkina;3;;7;;6;;https://www.wtatennis.com/tournament/1052/birmingham/2018/scores
Completed;1:39;Round of 32;https://wtatennis.com/tournament/1052/birmingham/2018/scores/LS027;J.Konta;3;;4;;-;;P.Kvitova;6;;6;;-;;https://www.wtatennis.com/tournament/1052/birmingham/2018/scores
Completed;1:36;Round of 32;https://wtatennis.com/tournament/1052/birmingham/2018/scores/LS029;T.Babos;3;;6;;0;;M.Buzarnescu;6;;4;;6;;https://www.wtatennis.com/tournament/1052/birmingham/2018/scores
Completed;1:49;Round of 32;https://wtatennis.com/tournament/1052/birmingham/2018/scores/LS018;L.Tsurenko;7;;7;;-;;H.Watson;6;2;5;;-;;https://www.wtatennis.com/tournament/1052/birmingham/2018/scores
Completed;2:22;Round of 32;https://wtatennis.com/tournament/1052/birmingham/2018/scores/LS023;D.Jakupovic;3;;7;;6;;E.Mertens;6;;6;7;1;;https://www.wtatennis.com/tournament/1052/birmingham/2018/scores
Completed;1:56;Round of 32;https://wtatennis.com/tournament/1052/birmingham/2018/scores/LS030;A.Cornet;5;;6;;6;;E.Makarova;7;;4;;1;;https://www.wtatennis.com/tournament/1052/birmingham/2018/scores
Completed;1:11;Round of 32;https://wtatennis.com/tournament/1052/birmingham/2018/scores/LS024;J.Goerges;6;;6;;-;;M.Sakkari;4;;4;;-;;https://www.wtatennis.com/tournament/1052/birmingham/2018/scores
Completed;1:30;Round of 32;https://wtatennis.com/tournament/1052/birmingham/2018/scores/LS031;D.Vekic;1;;6;;1;;E.Svitolina;6;;3;;6;;https://www.wtatennis.com/tournament/1052/birmingham/2018/scores
Completed;1:42;Round of 16;https://wtatennis.com/tournament/1052/birmingham/2018/scores/LS014;P.Martic;6;;3;;2;;M.Buzarnescu;4;;6;;6;;https://www.wtatennis.com/tournament/1052/birmingham/2018/scores
Completed;1:21;Round of 16;https://wtatennis.com/tournament/1052/birmingham/2018/scores/LS015;A.Cornet;4;;2;;-;;E.Svitolina;6;;6;;-;;https://www.wtatennis.com/tournament/1052/birmingham/2018/scores
Completed;0:40;Round of 16;https://wtatennis.com/tournament/1052/birmingham/2018/scores/LS011;N.Osaka;3;;0;;-;;D.Jakupovic;6;;0;;-;;https://www.wtatennis.com/tournament/1052/birmingham/2018/scores
Completed;1:56;Round of 16;https://wtatennis.com/tournament/1052/birmingham/2018/scores/LS010;M.Rybarikova;3;;6;;6;;K.Mladenovic;6;;2;;1;;https://www.wtatennis.com/tournament/1052/birmingham/2018/scores
Completed;1:42;Round of 16;https://wtatennis.com/tournament/1052/birmingham/2018/scores/LS009;L.Tsurenko;1;;6;;6;;D.Kasatkina;6;;3;;3;;https://www.wtatennis.com/tournament/1052/birmingham/2018/scores
Completed;1:35;Round of 16;https://wtatennis.com/tournament/1052/birmingham/2018/scores/LS012;J.Goerges;7;;6;;-;;A.Barty;6;6;3;;-;;https://www.wtatennis.com/tournament/1052/birmingham/2018/scores
Completed;1:26;Round of 16;https://wtatennis.com/tournament/1052/birmingham/2018/scores/LS008;G.Muguruza;2;;4;;-;;B.Strycova;6;;6;;-;;https://www.wtatennis.com/tournament/1052/birmingham/2018/scores
Completed;1:17;Round of 16;https://wtatennis.com/tournament/1052/birmingham/2018/scores/LS013;D.Gavrilova;2;;2;;-;;P.Kvitova;6;;6;;-;;https://www.wtatennis.com/tournament/1052/birmingham/2018/scores
Completed;1:11;Quarterfinal;https://wtatennis.com/tournament/1052/birmingham/2018/scores/LS007;M.Buzarnescu;6;;6;;-;;E.Svitolina;3;;2;;-;;https://www.wtatennis.com/tournament/1052/birmingham/2018/scores
Completed;1:06;Quarterfinal;https://wtatennis.com/tournament/1052/birmingham/2018/scores/LS006;J.Goerges;1;;4;;-;;P.Kvitova;6;;6;;-;;https://www.wtatennis.com/tournament/1052/birmingham/2018/scores
Completed;1:21;Quarterfinal;https://wtatennis.com/tournament/1052/birmingham/2018/scores/LS004;B.Strycova;7;;3;;-;;L.Tsurenko;5;;0;;-;;https://www.wtatennis.com/tournament/1052/birmingham/2018/scores
Completed;1:09;Quarterfinal;https://wtatennis.com/tournament/1052/birmingham/2018/scores/LS005;M.Rybarikova;6;;6;;-;;D.Jakupovic;2;;4;;-;;https://www.wtatennis.com/tournament/1052/birmingham/2018/scores
Completed;1:12;Semifinal;https://wtatennis.com/tournament/1052/birmingham/2018/scores/LS003;P.Kvitova;6;;6;;-;;M.Buzarnescu;3;;2;;-;;https://www.wtatennis.com/tournament/1052/birmingham/2018/scores
Completed;1:47;Semifinal;https://wtatennis.com/tournament/1052/birmingham/2018/scores/LS002;B.Strycova;6;1;4;;-;;M.Rybarikova;7;;6;;-;;https://www.wtatennis.com/tournament/1052/birmingham/2018/scores
Completed;2:05;Final;https://wtatennis.com/tournament/1052/birmingham/2018/scores/LS001;M.Rybarikova;6;;1;;2;;P.Kvitova;4;;6;;6;;https://www.wtatennis.com/tournament/1052/birmingham/2018/scores
