statut;duration;stage;url_match_stats;player_1_name;player_1_set_1;player_1_set_1_tiebreak;player_1_set_2;player_1_set_2_tiebreak;player_1_set_3;player_1_set_3_tiebreak;player_2_name;player_2_set_1;player_2_set_1_tiebreak;player_2_set_2;player_2_set_2_tiebreak;player_2_set_3;player_2_set_3_tiebreak;scores_link
Completed;1:10;Qualifying;https://wtatennis.com/tournament/1076/tianjin/2019/scores/RS016;N.Hibino;6;;6;;-;;F.Liu;2;;3;;-;;https://www.wtatennis.com/tournament/1076/tianjin/2019/scores
Completed;1:12;Qualifying;https://wtatennis.com/tournament/1076/tianjin/2019/scores/RS030;X.Gao;6;;6;;-;;Z.Bai;3;;1;;-;;https://www.wtatennis.com/tournament/1076/tianjin/2019/scores
Completed;1:31;Qualifying;https://wtatennis.com/tournament/1076/tianjin/2019/scores/RS018;H.Guo;2;;5;;-;;Y.Zhang;6;;7;;-;;https://www.wtatennis.com/tournament/1076/tianjin/2019/scores
Completed;1:55;Qualifying;https://wtatennis.com/tournament/1076/tianjin/2019/scores/RS017;H.Kaji;6;;1;;2;;A.Rodionova;3;;6;;6;;https://www.wtatennis.com/tournament/1076/tianjin/2019/scores
Completed;1:25;Qualifying;https://wtatennis.com/tournament/1076/tianjin/2019/scores/RS019;A.Shimizu;6;;2;;2;;E.Liang;3;;6;;6;;https://www.wtatennis.com/tournament/1076/tianjin/2019/scores
Completed;1:08;Qualifying;https://wtatennis.com/tournament/1076/tianjin/2019/scores/RS031;G.Dabrowski;2;;4;;-;;X.Wang;6;;6;;-;;https://www.wtatennis.com/tournament/1076/tianjin/2019/scores
Completed;1:06;Qualifying;https://wtatennis.com/tournament/1076/tianjin/2019/scores/RS026;F.Xun;7;;6;;-;;X.Jiang;6;3;1;;-;;https://www.wtatennis.com/tournament/1076/tianjin/2019/scores
Completed;1:41;Qualifying;https://wtatennis.com/tournament/1076/tianjin/2019/scores/RS027;Y.Yuan;3;;6;;3;;N.Kostic;6;;3;;6;;https://www.wtatennis.com/tournament/1076/tianjin/2019/scores
Completed;2:18;Qualifying;https://wtatennis.com/tournament/1076/tianjin/2019/scores/RS029;E.Webley-Smith;4;;6;;3;;Y.Yang;6;;4;;6;;https://www.wtatennis.com/tournament/1076/tianjin/2019/scores
Completed;0:44;Qualifying;https://wtatennis.com/tournament/1076/tianjin/2019/scores/RS025;S.Xu;0;;1;;-;;X.You;6;;6;;-;;https://www.wtatennis.com/tournament/1076/tianjin/2019/scores
Completed;1:32;Qualifying;https://wtatennis.com/tournament/1076/tianjin/2019/scores/RS028;X.Wang;7;;7;;-;;Z.Sun;6;5;5;;-;;https://www.wtatennis.com/tournament/1076/tianjin/2019/scores
Completed;0:47;Qualifying;https://wtatennis.com/tournament/1076/tianjin/2019/scores/RS024;Y.Wickmayer;6;;6;;-;;S.Shapatava;1;;1;;-;;https://www.wtatennis.com/tournament/1076/tianjin/2019/scores
Completed;0:56;Qualifying;https://wtatennis.com/tournament/1076/tianjin/2019/scores/RS023;M.Wang;0;;2;;-;;K.Nara;6;;6;;-;;https://www.wtatennis.com/tournament/1076/tianjin/2019/scores
Completed;1:39;Qualifying;https://wtatennis.com/tournament/1076/tianjin/2019/scores/RS021;Q.Tang;4;;3;;-;;Q.Zheng;6;;6;;-;;https://www.wtatennis.com/tournament/1076/tianjin/2019/scores
Completed;1:30;Qualifying;https://wtatennis.com/tournament/1076/tianjin/2019/scores/RS022;N.Melichar;6;;3;;6;;J.Jaksic;1;;6;;3;;https://www.wtatennis.com/tournament/1076/tianjin/2019/scores
Completed;0:54;Qualifying;https://wtatennis.com/tournament/1076/tianjin/2019/scores/RS020;D.Jurak;3;;0;;-;;S.Ma;6;;6;;-;;https://www.wtatennis.com/tournament/1076/tianjin/2019/scores
Completed;1:08;Qualifying;https://wtatennis.com/tournament/1076/tianjin/2019/scores/RS009;Y.Zhang;6;;4;;-;;E.Liang;2;;2;;-;;https://www.wtatennis.com/tournament/1076/tianjin/2019/scores
Completed;2:17;Qualifying;https://wtatennis.com/tournament/1076/tianjin/2019/scores/RS008;N.Hibino;6;;3;;5;;A.Rodionova;3;;6;;7;;https://www.wtatennis.com/tournament/1076/tianjin/2019/scores
Completed;1:06;Qualifying;https://wtatennis.com/tournament/1076/tianjin/2019/scores/RS014;X.Wang;6;;6;;-;;Y.Yang;2;;0;;-;;https://www.wtatennis.com/tournament/1076/tianjin/2019/scores
Completed;1:13;Qualifying;https://wtatennis.com/tournament/1076/tianjin/2019/scores/RS015;X.Gao;3;;4;;-;;X.Wang;6;;6;;-;;https://www.wtatennis.com/tournament/1076/tianjin/2019/scores
Completed;1:20;Qualifying;https://wtatennis.com/tournament/1076/tianjin/2019/scores/RS013;F.Xun;7;;6;;-;;N.Kostic;5;;4;;-;;https://www.wtatennis.com/tournament/1076/tianjin/2019/scores
Completed;1:47;Qualifying;https://wtatennis.com/tournament/1076/tianjin/2019/scores/RS012;Y.Wickmayer;6;3;4;;-;;X.You;7;;6;;-;;https://www.wtatennis.com/tournament/1076/tianjin/2019/scores
Completed;1:30;Qualifying;https://wtatennis.com/tournament/1076/tianjin/2019/scores/RS011;N.Melichar;4;;4;;-;;K.Nara;6;;6;;-;;https://www.wtatennis.com/tournament/1076/tianjin/2019/scores
Completed;2:27;Qualifying;https://wtatennis.com/tournament/1076/tianjin/2019/scores/RS010;S.Ma;1;;6;;7;;Q.Zheng;6;;2;;5;;https://www.wtatennis.com/tournament/1076/tianjin/2019/scores
Completed;1:07;Qualifying;https://wtatennis.com/tournament/1076/tianjin/2019/scores/RS007;X.Wang;6;;6;;-;;X.Wang;3;;2;;-;;https://www.wtatennis.com/tournament/1076/tianjin/2019/scores
Completed;2:29;Qualifying;https://wtatennis.com/tournament/1076/tianjin/2019/scores/RS004;A.Rodionova;6;2;6;;6;;Y.Zhang;7;;1;;4;;https://www.wtatennis.com/tournament/1076/tianjin/2019/scores
Completed;1:30;Qualifying;https://wtatennis.com/tournament/1076/tianjin/2019/scores/RS006;X.You;6;;7;;-;;F.Xun;2;;6;5;-;;https://www.wtatennis.com/tournament/1076/tianjin/2019/scores
Completed;1:30;Qualifying;https://wtatennis.com/tournament/1076/tianjin/2019/scores/RS005;S.Ma;6;7;3;;-;;K.Nara;7;;6;;-;;https://www.wtatennis.com/tournament/1076/tianjin/2019/scores
Completed;1:10;Round of 32;https://wtatennis.com/tournament/1076/tianjin/2019/scores/LS021;Y.Wang;6;;6;;-;;L.Davis;0;;4;;-;;https://www.wtatennis.com/tournament/1076/tianjin/2019/scores
Completed;2:02;Round of 32;https://wtatennis.com/tournament/1076/tianjin/2019/scores/LS022;V.Williams;3;;6;;3;;R.Peterson;6;;4;;6;;https://www.wtatennis.com/tournament/1076/tianjin/2019/scores
Completed;1:44;Round of 32;https://wtatennis.com/tournament/1076/tianjin/2019/scores/LS030;K.Bondarenko;4;;6;3;-;;H.Watson;6;;7;;-;;https://www.wtatennis.com/tournament/1076/tianjin/2019/scores
Completed;1:59;Round of 32;https://wtatennis.com/tournament/1076/tianjin/2019/scores/LS019;A.Sharma;1;;6;;5;;Y.Putintseva;6;;1;;7;;https://www.wtatennis.com/tournament/1076/tianjin/2019/scores
Completed;1:54;Round of 32;https://wtatennis.com/tournament/1076/tianjin/2019/scores/LS020;C.Garcia;2;;6;;6;;A.Potapova;6;;2;;2;;https://www.wtatennis.com/tournament/1076/tianjin/2019/scores
Completed;2:07;Round of 32;https://wtatennis.com/tournament/1076/tianjin/2019/scores/LS018;S.Stosur;7;;2;;6;;Z.Yang;5;;6;;2;;https://www.wtatennis.com/tournament/1076/tianjin/2019/scores
Completed;1:19;Round of 32;https://wtatennis.com/tournament/1076/tianjin/2019/scores/LS031;A.Rodionova;3;;4;;-;;Q.Wang;6;;6;;-;;https://www.wtatennis.com/tournament/1076/tianjin/2019/scores
Completed;1:19;Round of 32;https://wtatennis.com/tournament/1076/tianjin/2019/scores/LS025;V.Kudermetova;6;;6;;-;;A.Tomljanovic;4;;2;;-;;https://www.wtatennis.com/tournament/1076/tianjin/2019/scores
Completed;1:31;Round of 32;https://wtatennis.com/tournament/1076/tianjin/2019/scores/LS024;S.Zheng;7;;6;;-;;Y.Duan;6;4;2;;-;;https://www.wtatennis.com/tournament/1076/tianjin/2019/scores
Completed;1:07;Round of 32;https://wtatennis.com/tournament/1076/tianjin/2019/scores/LS027;L.Zhu;2;;3;;-;;D.Yastremska;6;;6;;-;;https://www.wtatennis.com/tournament/1076/tianjin/2019/scores
Completed;1:06;Round of 32;https://wtatennis.com/tournament/1076/tianjin/2019/scores/LS017;O.Jabeur;6;;6;;-;;J.Brady;4;;2;;-;;https://www.wtatennis.com/tournament/1076/tianjin/2019/scores
Completed;1:36;Round of 32;https://wtatennis.com/tournament/1076/tianjin/2019/scores/LS016;X.Wang;6;;7;;-;;K.Ahn;2;;6;2;-;;https://www.wtatennis.com/tournament/1076/tianjin/2019/scores
Completed;1:41;Round of 32;https://wtatennis.com/tournament/1076/tianjin/2019/scores/LS026;S.Peng;6;;7;;-;;X.You;2;;6;1;-;;https://www.wtatennis.com/tournament/1076/tianjin/2019/scores
Completed;1:14;Round of 32;https://wtatennis.com/tournament/1076/tianjin/2019/scores/LS028;M.Linette;6;;6;;-;;C.Mchale;3;;1;;-;;https://www.wtatennis.com/tournament/1076/tianjin/2019/scores
Completed;1:13;Round of 32;https://wtatennis.com/tournament/1076/tianjin/2019/scores/LS023;X.Wang;6;;6;;-;;S.Ma;3;;1;;-;;https://www.wtatennis.com/tournament/1076/tianjin/2019/scores
Completed;2:14;Round of 32;https://wtatennis.com/tournament/1076/tianjin/2019/scores/LS029;K.Nara;3;;6;;6;;H.Dart;6;;1;;3;;https://www.wtatennis.com/tournament/1076/tianjin/2019/scores
Completed;1:20;Round of 16;https://wtatennis.com/tournament/1076/tianjin/2019/scores/LS010;C.Garcia;4;;2;;-;;Y.Wang;6;;6;;-;;https://www.wtatennis.com/tournament/1076/tianjin/2019/scores
Completed;1:01;Round of 16;https://wtatennis.com/tournament/1076/tianjin/2019/scores/LS009;S.Stosur;1;;2;;-;;Y.Putintseva;6;;6;;-;;https://www.wtatennis.com/tournament/1076/tianjin/2019/scores
Completed;1:15;Round of 16;https://wtatennis.com/tournament/1076/tianjin/2019/scores/LS008;X.Wang;4;;2;;-;;O.Jabeur;6;;6;;-;;https://www.wtatennis.com/tournament/1076/tianjin/2019/scores
Completed;1:19;Round of 16;https://wtatennis.com/tournament/1076/tianjin/2019/scores/LS011;R.Peterson;7;;3;;-;;X.Wang;5;;2;;-;;https://www.wtatennis.com/tournament/1076/tianjin/2019/scores
Completed;1:17;Round of 16;https://wtatennis.com/tournament/1076/tianjin/2019/scores/LS015;H.Watson;6;;6;;-;;Q.Wang;3;;0;;-;;https://www.wtatennis.com/tournament/1076/tianjin/2019/scores
Completed;0:18;Round of 16;https://wtatennis.com/tournament/1076/tianjin/2019/scores/LS014;M.Linette;4;;-;;-;;K.Nara;0;;-;;-;;https://www.wtatennis.com/tournament/1076/tianjin/2019/scores
Completed;0:29;Round of 16;https://wtatennis.com/tournament/1076/tianjin/2019/scores/LS012;S.Zheng;0;;-;;-;;V.Kudermetova;5;;-;;-;;https://www.wtatennis.com/tournament/1076/tianjin/2019/scores
Completed;1:10;Round of 16;https://wtatennis.com/tournament/1076/tianjin/2019/scores/LS013;S.Peng;2;;4;;-;;D.Yastremska;6;;6;;-;;https://www.wtatennis.com/tournament/1076/tianjin/2019/scores
Completed;1:13;Quarterfinal;https://wtatennis.com/tournament/1076/tianjin/2019/scores/LS006;V.Kudermetova;6;;6;;-;;D.Yastremska;4;;0;;-;;https://www.wtatennis.com/tournament/1076/tianjin/2019/scores
Completed;3:01;Quarterfinal;https://wtatennis.com/tournament/1076/tianjin/2019/scores/LS007;M.Linette;5;;7;;6;6;H.Watson;7;;6;4;7;;https://www.wtatennis.com/tournament/1076/tianjin/2019/scores
Completed;1:55;Quarterfinal;https://wtatennis.com/tournament/1076/tianjin/2019/scores/LS004;O.Jabeur;7;;7;;-;;Y.Putintseva;6;5;6;4;-;;https://www.wtatennis.com/tournament/1076/tianjin/2019/scores
Completed;2:44;Quarterfinal;https://wtatennis.com/tournament/1076/tianjin/2019/scores/LS005;Y.Wang;7;;4;;2;;R.Peterson;6;5;6;;6;;https://www.wtatennis.com/tournament/1076/tianjin/2019/scores
Completed;1:14;Semifinal;https://wtatennis.com/tournament/1076/tianjin/2019/scores/LS003;V.Kudermetova;1;;4;;-;;H.Watson;6;;6;;-;;https://www.wtatennis.com/tournament/1076/tianjin/2019/scores
Completed;2:06;Semifinal;https://wtatennis.com/tournament/1076/tianjin/2019/scores/LS002;O.Jabeur;6;;4;;5;;R.Peterson;0;;6;;7;;https://www.wtatennis.com/tournament/1076/tianjin/2019/scores
Completed;1:37;Final;https://wtatennis.com/tournament/1076/tianjin/2019/scores/LS001;R.Peterson;6;;6;;-;;H.Watson;4;;4;;-;;https://www.wtatennis.com/tournament/1076/tianjin/2019/scores
