statut;duration;stage;url_match_stats;player_1_name;player_1_set_1;player_1_set_1_tiebreak;player_1_set_2;player_1_set_2_tiebreak;player_1_set_3;player_1_set_3_tiebreak;player_2_name;player_2_set_1;player_2_set_1_tiebreak;player_2_set_2;player_2_set_2_tiebreak;player_2_set_3;player_2_set_3_tiebreak;scores_link
Completed;1:55;Group Stage;https://wtatennis.com/tournament/1081/zhuhai/2018/scores/LS009;D.Kasatkina;6;;2;;7;;Q.Wang;1;;6;;5;;https://www.wtatennis.com/tournament/1081/zhuhai/2018/scores
Completed;1:06;Group Stage;https://wtatennis.com/tournament/1081/zhuhai/2018/scores/LS021;E.Mertens;6;;6;;-;;A.Kontaveit;3;;1;;-;;https://www.wtatennis.com/tournament/1081/zhuhai/2018/scores
Completed;1:24;Group Stage;https://wtatennis.com/tournament/1081/zhuhai/2018/scores/LS017;A.Sabalenka;6;;6;;-;;A.Barty;4;;4;;-;;https://www.wtatennis.com/tournament/1081/zhuhai/2018/scores
Completed;2:06;Group Stage;https://wtatennis.com/tournament/1081/zhuhai/2018/scores/LS014;G.Muguruza;3;;6;;6;;S.Zhang;6;;3;;2;;https://www.wtatennis.com/tournament/1081/zhuhai/2018/scores
Completed;1:08;Group Stage;https://wtatennis.com/tournament/1081/zhuhai/2018/scores/LS008;D.Kasatkina;2;;4;;-;;M.Keys;6;;6;;-;;https://www.wtatennis.com/tournament/1081/zhuhai/2018/scores
Completed;2:04;Group Stage;https://wtatennis.com/tournament/1081/zhuhai/2018/scores/LS022;J.Goerges;2;;6;;4;;A.Kontaveit;6;;4;;6;;https://www.wtatennis.com/tournament/1081/zhuhai/2018/scores
Completed;1:25;Group Stage;https://wtatennis.com/tournament/1081/zhuhai/2018/scores/LS013;A.Sevastova;6;;7;;-;;S.Zhang;0;;6;10.0;-;;https://www.wtatennis.com/tournament/1081/zhuhai/2018/scores
Completed;1:48;Group Stage;https://wtatennis.com/tournament/1081/zhuhai/2018/scores/LS020;E.Mertens;2;;6;5.0;-;;J.Goerges;6;;7;;-;;https://www.wtatennis.com/tournament/1081/zhuhai/2018/scores
Completed;1:15;Group Stage;https://wtatennis.com/tournament/1081/zhuhai/2018/scores/LS018;C.Garcia;3;;4;;-;;A.Barty;6;;6;;-;;https://www.wtatennis.com/tournament/1081/zhuhai/2018/scores
Completed;1:33;Group Stage;https://wtatennis.com/tournament/1081/zhuhai/2018/scores/LS010;M.Keys;6;;3;;1;;Q.Wang;1;;6;;6;;https://www.wtatennis.com/tournament/1081/zhuhai/2018/scores
Completed;2:44;Group Stage;https://wtatennis.com/tournament/1081/zhuhai/2018/scores/LS012;A.Sevastova;7;;2;;6;1.0;G.Muguruza;6;4.0;6;;7;;https://www.wtatennis.com/tournament/1081/zhuhai/2018/scores
Completed;1:23;Group Stage;https://wtatennis.com/tournament/1081/zhuhai/2018/scores/LS016;A.Sabalenka;4;;4;;-;;C.Garcia;6;;6;;-;;https://www.wtatennis.com/tournament/1081/zhuhai/2018/scores
Completed;1:11;;https://wtatennis.com/tournament/1081/zhuhai/2018/scores/LS003;G.Muguruza;2;;0;;-;;Q.Wang;6;;6;;-;;https://www.wtatennis.com/tournament/1081/zhuhai/2018/scores
Completed;1:47;;https://wtatennis.com/tournament/1081/zhuhai/2018/scores/LS002;J.Goerges;6;;3;;2;;A.Barty;4;;6;;6;;https://www.wtatennis.com/tournament/1081/zhuhai/2018/scores
Completed;1:21;Final;https://wtatennis.com/tournament/1081/zhuhai/2018/scores/LS001;A.Barty;6;;6;;-;;Q.Wang;3;;4;;-;;https://www.wtatennis.com/tournament/1081/zhuhai/2018/scores
