match_1st Return Points Won_player_1;match_1st Return Points Won_player_2;match_1st Serve Points Won_player_1;match_1st Serve Points Won_player_2;match_1st Serve_player_1;match_1st Serve_player_2;match_2nd Return Points Won_player_1;match_2nd Return Points Won_player_2;match_2nd Serve Points Won_player_1;match_2nd Serve Points Won_player_2;match_Aces_player_1;match_Aces_player_2;match_Break Points Converted_player_1;match_Break Points Converted_player_2;match_Break Points Saved_player_1;match_Break Points Saved_player_2;match_Double Faults_player_1;match_Double Faults_player_2;match_Return Games Played_player_1;match_Return Games Played_player_2;match_Service Games Played_player_1;match_Service Games Played_player_2;match_Total Points Won_player_1;match_Total Points Won_player_2;match_Total Return Points Won_player_1;match_Total Return Points Won_player_2;match_Total Service Points Won_player_1;match_Total Service Points Won_player_2;set1_1st Return Points Won_player_1;set1_1st Return Points Won_player_2;set1_1st Serve Points Won_player_1;set1_1st Serve Points Won_player_2;set1_1st Serve_player_1;set1_1st Serve_player_2;set1_2nd Return Points Won_player_1;set1_2nd Return Points Won_player_2;set1_2nd Serve Points Won_player_1;set1_2nd Serve Points Won_player_2;set1_Aces_player_1;set1_Aces_player_2;set1_Break Points Converted_player_1;set1_Break Points Converted_player_2;set1_Break Points Saved_player_1;set1_Break Points Saved_player_2;set1_Double Faults_player_1;set1_Double Faults_player_2;set1_Return Games Played_player_1;set1_Return Games Played_player_2;set1_Service Games Played_player_1;set1_Service Games Played_player_2;set1_Total Points Won_player_1;set1_Total Points Won_player_2;set1_Total Return Points Won_player_1;set1_Total Return Points Won_player_2;set1_Total Service Points Won_player_1;set1_Total Service Points Won_player_2;set2_1st Return Points Won_player_1;set2_1st Return Points Won_player_2;set2_1st Serve Points Won_player_1;set2_1st Serve Points Won_player_2;set2_1st Serve_player_1;set2_1st Serve_player_2;set2_2nd Return Points Won_player_1;set2_2nd Return Points Won_player_2;set2_2nd Serve Points Won_player_1;set2_2nd Serve Points Won_player_2;set2_Aces_player_1;set2_Aces_player_2;set2_Break Points Converted_player_1;set2_Break Points Converted_player_2;set2_Break Points Saved_player_1;set2_Break Points Saved_player_2;set2_Double Faults_player_1;set2_Double Faults_player_2;set2_Return Games Played_player_1;set2_Return Games Played_player_2;set2_Service Games Played_player_1;set2_Service Games Played_player_2;set2_Total Points Won_player_1;set2_Total Points Won_player_2;set2_Total Return Points Won_player_1;set2_Total Return Points Won_player_2;set2_Total Service Points Won_player_1;set2_Total Service Points Won_player_2;h2h_wins_player_1;h2h_wins_player_2;Height_player_1;Height_player_2;Date of Birth_player_1;Date of Birth_player_2;Plays_player_1;Plays_player_2;url_match_stats;set3_1st Return Points Won_player_1;set3_1st Return Points Won_player_2;set3_1st Serve Points Won_player_1;set3_1st Serve Points Won_player_2;set3_1st Serve_player_1;set3_1st Serve_player_2;set3_2nd Return Points Won_player_1;set3_2nd Return Points Won_player_2;set3_2nd Serve Points Won_player_1;set3_2nd Serve Points Won_player_2;set3_Aces_player_1;set3_Aces_player_2;set3_Break Points Converted_player_1;set3_Break Points Converted_player_2;set3_Break Points Saved_player_1;set3_Break Points Saved_player_2;set3_Double Faults_player_1;set3_Double Faults_player_2;set3_Return Games Played_player_1;set3_Return Games Played_player_2;set3_Service Games Played_player_1;set3_Service Games Played_player_2;set3_Total Points Won_player_1;set3_Total Points Won_player_2;set3_Total Return Points Won_player_1;set3_Total Return Points Won_player_2;set3_Total Service Points Won_player_1;set3_Total Service Points Won_player_2
5/28;11/21;10/21;23/28;21/44;28/44;7/16;13/23;10/23;9/16;0;2;0/2;5/7;2/7;2/2;5;2;7;7;7;7;32/88;56/88;12/44;24/44;20/44;32/44;3/14;7/12;5/12;11/14;12/28;14/22;4/8;9/16;7/16;4/8;0;0;0/2;3/5;2/5;2/2;4;0;3;4;4;3;19/50;31/50;7/22;16/28;12/28;15/22;2/14;4/9;5/9;12/14;9/16;14/22;3/8;4/7;3/7;5/8;0;2;0/0;2/2;0/2;0/0;1;2;4;3;3;4;13/38;25/38;5/22;8/16;8/16;17/22;0;1;;1.74;22.67;26.08;Right-Handed;Right-Handed;https://wtatennis.com/tournament/1023/guangzhou/2018/scores/RS017;;;;;;;;;;;;;;;;;;;;;;;;;;;;
12/29;4/24;20/24;17/29;24/44;29/48;16/19;9/20;11/20;3/19;1;2;5/8;1/1;0/1;3/8;1;4;8;8;8;8;59/92;33/92;28/48;13/44;31/44;20/48;8/15;0/8;8/8;7/15;8/15;15/23;6/8;3/7;4/7;2/8;0;1;3/3;0/0;0/0;0/3;0;2;4;3;3;4;26/38;12/38;14/23;3/15;12/15;9/23;4/14;4/16;12/16;10/14;16/29;14/25;10/11;6/13;7/13;1/11;1;1;2/5;1/1;0/1;3/5;1;2;4;5;5;4;33/54;21/54;14/25;10/29;19/29;11/25;2;0;1.73;;29.33;23.33;Right-Handed;N/A;https://wtatennis.com/tournament/1023/guangzhou/2018/scores/RS016;;;;;;;;;;;;;;;;;;;;;;;;;;;;
24/54;27/70;43/70;30/54;70/109;54/92;21/38;21/39;18/39;17/38;3;5;5/9;6/13;7/13;4/9;6;7;14;16;16;14;106/201;95/201;45/92;48/109;61/109;47/92;2/13;9/21;12/21;11/13;21/31;13/21;3/8;6/10;4/10;5/8;2;2;0/0;2/3;1/3;0/0;3;0;4;5;5;4;21/52;31/52;5/21;15/31;16/31;16/21;13/26;13/32;19/32;13/26;32/52;26/48;11/22;10/20;10/20;11/22;1;3;2/3;2/8;6/8;1/3;1;3;6;6;6;6;53/100;47/100;24/48;23/52;29/52;24/48;1;0;1.68;;25.5;25.42;Right-Handed;N/A;https://wtatennis.com/tournament/1023/guangzhou/2018/scores/RS022;9/15;5/17;12/17;6/15;17/26;15/23;7/8;5/9;4/9;1/8;0;0;3/6;2/2;0/2;3/6;2;4;4;5;5;4;32/49;17/49;16/23;10/26;16/26;7/23
5/21;15/30;15/30;16/21;30/45;21/44;10/23;10/15;5/15;13/23;0;4;1/1;5/12;7/12;0/1;1;4;8;7;7;8;35/89;54/89;15/44;25/45;20/45;29/44;3/11;5/10;5/10;8/11;10/15;11/23;3/12;3/5;2/5;9/12;0;2;0/0;2/3;1/3;0/0;0;1;4;3;3;4;13/38;25/38;6/23;8/15;7/15;17/23;2/10;10/20;10/20;8/10;20/30;10/21;7/11;7/10;3/10;4/11;0;2;1/1;3/9;6/9;0/1;1;3;4;4;4;4;22/51;29/51;9/21;17/30;13/30;12/21;0;3;;;32.5;33.33;Right-Handed;Right-Handed;https://wtatennis.com/tournament/1023/guangzhou/2018/scores/RS023;;;;;;;;;;;;;;;;;;;;;;;;;;;;
8/17;0/19;19/19;9/17;19/45;17/38;15/21;13/26;13/26;6/21;1;0;5/8;0/3;3/3;3/8;6;5;6;7;7;6;55/83;28/83;23/38;13/45;32/45;15/38;3/9;0/8;8/8;6/9;8/17;9/21;11/12;5/9;4/9;1/12;0;0;3/6;0/0;0/0;3/6;4;5;3;3;3;3;26/38;12/38;14/21;5/17;12/17;7/21;5/8;0/11;11/11;3/8;11/28;8/17;4/9;8/17;9/17;5/9;1;0;2/2;0/3;3/3;0/2;2;0;3;4;4;3;29/45;16/45;9/17;8/28;20/28;8/17;1;0;;;33.58;29.25;Right-Handed;N/A;https://wtatennis.com/tournament/1023/guangzhou/2018/scores/RS026;;;;;;;;;;;;;;;;;;;;;;;;;;;;
13/30;5/23;18/23;17/30;23/46;30/48;11/18;7/23;16/23;7/18;1;1;4/10;0/2;2/2;6/10;4;2;8;8;8;8;58/94;36/94;24/48;12/46;34/46;24/48;4/14;3/15;12/15;10/14;15/26;14/23;4/9;3/11;8/11;5/9;1;0;1/4;0/0;0/0;3/4;2;1;4;5;5;4;28/49;21/49;8/23;6/26;20/26;15/23;9/16;2/8;6/8;7/16;8/20;16/25;7/9;4/12;8/12;2/9;0;1;3/6;0/2;2/2;3/6;2;1;4;3;3;4;30/45;15/45;16/25;6/20;14/20;9/25;1;0;1.69;;28.58;24.0;Right-Handed;N/A;https://wtatennis.com/tournament/1023/guangzhou/2018/scores/RS024;;;;;;;;;;;;;;;;;;;;;;;;;;;;
15/50;18/42;24/42;35/50;42/76;50/66;8/16;21/34;13/34;8/16;4;1;3/8;6/10;4/10;5/8;11;4;12;11;11;12;60/142;82/142;23/66;39/76;37/76;43/66;2/17;4/11;7/11;15/17;11/25;17/23;3/6;9/14;5/14;3/6;0;1;0/3;2/4;2/4;3/3;5;2;4;3;3;4;17/48;31/48;5/23;13/25;12/25;18/23;9/17;9/21;12/21;8/17;21/31;17/22;4/5;5/10;5/10;1/5;4;0;3/5;2/2;0/2;2/5;4;1;4;5;5;4;30/53;23/53;13/22;14/31;17/31;9/22;0;1;;;28.42;40.92;N/A;N/A;https://wtatennis.com/tournament/1023/guangzhou/2018/scores/RS027;4/16;5/10;5/10;12/16;10/20;16/21;1/5;7/10;3/10;4/5;0;0;0/0;2/4;2/4;0/0;2;1;4;3;3;4;13/41;28/41;5/21;12/20;8/20;16/21
6/31;15/28;13/28;25/31;28/45;31/52;13/21;10/17;7/17;8/21;1;5;1/3;5/8;3/8;2/3;6;3;8;8;8;8;39/97;58/97;19/52;25/45;20/45;33/52;2/17;6/10;4/10;15/17;10/21;17/29;8/12;5/11;6/11;4/12;1;3;0/1;2/2;0/2;1/1;2;2;4;4;4;4;20/50;30/50;10/29;11/21;10/21;19/29;4/14;9/18;9/18;10/14;18/24;14/23;5/9;5/6;1/6;4/9;0;2;1/2;3/6;3/6;1/2;4;1;4;4;4;4;19/47;28/47;9/23;14/24;10/24;14/23;0;4;;;25.92;25.0;N/A;N/A;https://wtatennis.com/tournament/1023/guangzhou/2018/scores/RS025;;;;;;;;;;;;;;;;;;;;;;;;;;;;
24/56;23/59;36/59;32/56;59/101;56/87;20/31;25/42;17/42;11/31;7;6;7/16;7/16;9/16;9/16;7;5;13;14;14;13;97/188;91/188;44/87;48/101;53/101;43/87;7/18;5/12;7/12;11/18;12/25;18/33;9/15;12/13;1/13;6/15;2;3;2/5;4/5;1/5;3/5;5;2;4;4;4;4;24/58;34/58;16/33;17/25;8/25;17/33;9/19;11/22;11/22;10/19;22/37;19/25;5/6;5/15;10/15;1/6;2;2;3/4;2/4;2/4;1/4;1;2;5;5;5;5;35/62;27/62;14/25;16/37;21/37;11/25;3;1;1.78;;24.67;28.42;Right-Handed;N/A;https://wtatennis.com/tournament/1023/guangzhou/2018/scores/RS021;8/19;7/25;18/25;11/19;25/39;19/29;6/10;8/14;6/14;4/10;3;1;2/7;1/7;6/7;5/7;1;1;4;5;5;4;38/68;30/68;14/29;15/39;24/39;15/29
12/26;7/33;26/33;14/26;33/52;26/42;11/16;9/19;10/19;5/16;1;0;4/9;0/2;2/2;5/9;5;3;7;8;8;7;59/94;35/94;23/42;16/52;36/52;19/42;3/15;2/18;16/18;12/15;18/26;15/27;8/12;4/8;4/8;4/12;1;0;1/4;0/0;0/0;3/4;3;2;4;5;5;4;31/53;22/53;11/27;6/26;20/26;16/27;9/11;5/15;10/15;2/11;15/26;11/15;3/4;5/11;6/11;1/4;0;0;3/5;0/2;2/2;2/5;2;1;3;3;3;3;28/41;13/41;12/15;10/26;16/26;3/15;1;0;1.70;;23.0;23.08;Right-Handed;N/A;https://wtatennis.com/tournament/1023/guangzhou/2018/scores/RS018;;;;;;;;;;;;;;;;;;;;;;;;;;;;
20/50;21/42;21/42;30/50;42/78;50/92;26/42;23/36;13/36;16/42;0;0;5/14;8/17;9/17;9/14;7;8;12;12;12;12;80/170;90/170;46/92;44/78;34/78;46/92;11/15;5/14;9/14;4/15;14/28;15/32;10/17;9/14;5/14;7/17;0;0;4/6;2/3;1/3;2/6;3;3;5;4;4;5;35/60;25/60;21/32;14/28;14/28;11/32;8/24;9/16;7/16;16/24;16/33;24/38;9/14;9/17;8/17;5/14;0;0;1/7;3/9;6/9;6/7;4;3;4;5;5;4;32/71;39/71;17/38;18/33;15/33;21/38;2;1;1.72;;33.0;25.08;Left-Handed;N/A;https://wtatennis.com/tournament/1023/guangzhou/2018/scores/RS020;1/11;7/12;5/12;10/11;12/17;11/22;7/11;5/5;0/5;4/11;0;0;0/1;3/5;2/5;1/1;0;2;3;3;3;3;13/39;26/39;8/22;12/17;5/17;14/22
17/53;19/40;21/40;36/53;40/74;53/60;5/7;20/34;14/34;2/7;3;5;2/7;6/14;8/14;5/7;3;3;8;9;9;8;57/134;77/134;22/60;39/74;35/74;38/60;10/30;10/21;11/21;20/30;21/38;30/34;4/4;9/17;8/17;0/4;1;1;1/4;3/8;5/8;3/4;1;2;4;5;5;4;33/72;39/72;14/34;19/38;19/38;20/34;7/23;9/19;10/19;16/23;19/36;23/26;1/3;11/17;6/17;2/3;2;4;1/3;3/6;3/6;2/3;2;1;4;4;4;4;24/62;38/62;8/26;20/36;16/36;18/26;0;1;;;30.92;28.58;N/A;N/A;https://wtatennis.com/tournament/1023/guangzhou/2018/scores/RS019;;;;;;;;;;;;;;;;;;;;;;;;;;;;
30/77;37/74;37/74;47/77;74/103;77/124;34/47;11/29;18/29;13/47;2;2;9/20;9/12;3/12;11/20;3;7;17;17;17;17;119/227;108/227;64/124;48/103;55/103;60/124;6/22;11/20;9/20;16/22;20/30;22/34;9/12;5/10;5/10;3/12;1;1;2/5;3/4;1/4;3/5;1;1;5;5;5;5;29/64;35/64;15/34;16/30;14/30;19/34;12/28;15/26;11/26;16/28;26/35;28/48;16/20;3/9;6/9;4/20;0;1;5/9;4/6;2/6;4/9;0;2;6;6;6;6;45/83;38/83;28/48;18/35;17/35;20/48;1;0;1.68;1.68;25.5;33.33;Right-Handed;Right-Handed;https://wtatennis.com/tournament/1023/guangzhou/2018/scores/RS011;12/27;11/28;17/28;15/27;28/38;27/42;9/15;3/10;7/10;6/15;1;0;2/6;2/2;0/2;4/6;2;4;6;6;6;6;45/80;35/80;21/42;14/38;24/38;21/42
7/26;9/36;27/36;19/26;36/59;26/56;20/30;13/23;10/23;10/30;0;4;5/8;2/5;3/5;3/8;3;4;9;9;9;9;64/115;51/115;27/56;22/59;37/59;29/56;4/9;4/15;11/15;5/9;15/24;9/24;10/15;5/9;4/9;5/15;0;1;3/5;1/1;0/1;2/5;2;0;4;4;4;4;29/48;19/48;14/24;9/24;15/24;10/24;3/17;5/21;16/21;14/17;21/35;17/32;10/15;8/14;6/14;5/15;0;3;2/3;1/4;3/4;1/3;1;4;5;5;5;5;35/67;32/67;13/32;13/35;22/35;19/32;4;0;;1.78;25.08;24.67;N/A;Right-Handed;https://wtatennis.com/tournament/1023/guangzhou/2018/scores/RS010;;;;;;;;;;;;;;;;;;;;;;;;;;;;
8/33;13/21;8/21;25/33;21/41;33/65;16/32;9/20;11/20;16/32;0;4;0/7;4/5;1/5;7/7;2;6;8;7;7;8;43/106;63/106;24/65;22/41;19/41;41/65;2/13;7/11;4/11;11/13;11/23;13/30;9/17;5/12;7/12;8/17;0;0;0/4;2/2;0/2;4/4;1;3;4;4;4;4;22/53;31/53;11/30;12/23;11/23;19/30;6/20;6/10;4/10;14/20;10/18;20/35;7/15;4/8;4/8;8/15;0;4;0/3;2/3;1/3;3/3;1;3;4;3;3;4;21/53;32/53;13/35;10/18;8/18;22/35;0;1;1.73;1.74;29.33;26.08;Right-Handed;Right-Handed;https://wtatennis.com/tournament/1023/guangzhou/2018/scores/RS008;;;;;;;;;;;;;;;;;;;;;;;;;;;;
22/48;23/49;26/49;26/48;49/75;48/65;8/17;19/26;7/26;9/17;4;1;3/10;7/11;4/11;7/10;9;2;9;10;10;9;63/140;77/140;30/65;42/75;33/75;35/65;7/19;8/17;9/17;12/19;17/24;19/32;6/13;5/7;2/7;7/13;2;0;0/6;3/3;0/3;6/6;4;2;3;4;4;3;24/56;32/56;13/32;13/24;11/24;19/32;15/29;15/32;17/32;14/29;32/51;29/33;2/4;14/19;5/19;2/4;2;1;3/4;4/8;4/8;1/4;5;0;6;6;6;6;39/84;45/84;17/33;29/51;22/51;16/33;0;1;1.70;;23.0;28.58;Right-Handed;N/A;https://wtatennis.com/tournament/1023/guangzhou/2018/scores/RS009;;;;;;;;;;;;;;;;;;;;;;;;;;;;
23/63;25/60;35/60;40/63;60/105;63/121;31/58;26/45;19/45;27/58;2;1;5/12;7/15;8/15;7/12;6;8;15;15;15;15;108/226;118/226;54/121;51/105;54/105;67/121;9/26;6/15;9/15;17/26;15/23;26/48;12/22;6/8;2/8;10/22;0;1;1/3;2/2;0/2;2/3;1;2;5;4;4;5;32/71;39/71;21/48;12/23;11/23;27/48;8/18;7/19;12/19;10/18;19/35;18/41;12/23;7/16;9/16;11/23;1;0;3/5;2/5;3/5;2/5;0;3;6;6;6;6;41/76;35/76;20/41;14/35;21/35;21/41;0;1;1.69;;28.58;25.0;Right-Handed;N/A;https://wtatennis.com/tournament/1023/guangzhou/2018/scores/RS012;6/19;12/26;14/26;13/19;26/47;19/32;7/13;13/21;8/21;6/13;1;0;1/4;3/8;5/8;3/4;5;3;4;5;5;4;35/79;44/79;13/32;25/47;22/47;19/32
30/64;20/58;38/58;34/64;58/105;64/99;16/35;23/47;24/47;19/35;7;0;5/10;3/14;11/14;5/10;3;5;14;14;14;14;108/204;96/204;46/99;43/105;62/105;53/99;10/20;2/12;10/12;10/20;12/23;20/30;5/10;5/11;6/11;5/10;1;0;2/2;0/0;0/0;0/2;0;1;4;4;4;4;31/53;22/53;15/30;7/23;16/23;15/30;9/20;12/24;12/24;11/20;24/46;20/33;7/13;12/22;10/22;6/13;2;0;2/3;3/11;8/11;1/3;2;3;5;5;5;5;38/79;41/79;16/33;24/46;22/46;17/33;3;0;;;33.58;40.92;Right-Handed;N/A;https://wtatennis.com/tournament/1023/guangzhou/2018/scores/RS013;11/24;6/22;16/22;13/24;22/36;24/36;4/12;6/14;8/14;8/12;4;0;1/5;0/3;3/3;4/5;1;1;5;5;5;5;39/72;33/72;15/36;12/36;24/36;21/36
11/31;17/21;4/21;20/31;21/31;31/42;3/11;7/10;3/10;8/11;0;0;1/5;6/7;1/7;4/5;3;0;7;7;7;7;21/73;52/73;14/42;24/31;7/31;28/42;5/15;10/14;4/14;10/15;14/18;15/20;1/5;2/4;2/4;4/5;0;0;0/3;3/4;1/4;3/3;0;0;3;4;4;3;12/38;26/38;6/20;12/18;6/18;14/20;6/16;7/7;0/7;10/16;7/13;16/22;2/6;5/6;1/6;4/6;0;0;1/2;3/3;0/3;1/2;3;0;4;3;3;4;9/35;26/35;8/22;12/13;1/13;14/22;1;2;1.76;1.63;26.67;28.42;Right-Handed;Right-Handed;https://wtatennis.com/tournament/1023/guangzhou/2018/scores/LS019;;;;;;;;;;;;;;;;;;;;;;;;;;;;
6/32;16/31;15/31;26/32;31/50;32/63;23/31;12/19;7/19;8/31;0;7;3/7;6/8;2/8;4/7;5;8;9;9;9;9;51/113;62/113;29/63;28/50;22/50;34/63;2/10;7/15;8/15;8/10;15/24;10/24;10/14;5/9;4/9;4/14;0;2;2/2;3/4;1/4;0/2;3;4;5;5;5;5;24/48;24/48;12/24;12/24;12/24;12/24;4/22;9/16;7/16;18/22;16/26;22/39;13/17;7/10;3/10;4/17;0;5;1/5;3/4;1/4;4/5;2;4;4;4;4;4;27/65;38/65;17/39;16/26;10/26;22/39;4;1;1.72;1.78;38.75;33.75;Right-Handed;Right-Handed;https://wtatennis.com/tournament/1023/guangzhou/2018/scores/LS018;;;;;;;;;;;;;;;;;;;;;;;;;;;;
19/30;6/22;16/22;11/30;22/44;30/51;13/21;11/22;11/22;8/21;5;2;6/10;2/3;1/3;4/10;4;2;7;8;8;7;59/95;36/95;32/51;17/44;27/44;19/51;14/18;4/11;7/11;4/18;11/22;18/31;7/13;7/11;4/11;6/13;2;1;4/7;2/3;1/3;3/7;3;2;4;4;4;4;32/53;21/53;21/31;11/22;11/22;10/31;5/12;2/11;9/11;7/12;11/22;12/20;6/8;4/11;7/11;2/8;3;1;2/3;0/0;0/0;1/3;1;0;3;4;4;3;27/42;15/42;11/20;6/22;16/22;9/20;1;0;1.84;1.65;24.67;34.33;Right-Handed;Right-Handed;https://wtatennis.com/tournament/1023/guangzhou/2018/scores/LS028;;;;;;;;;;;;;;;;;;;;;;;;;;;;
8/28;7/38;31/38;20/28;38/70;28/65;18/37;14/32;18/32;19/37;4;3;2/3;0/5;5/5;1/3;4;4;9;10;10;9;75/135;60/135;26/65;21/70;49/70;39/65;2/15;4/28;24/28;13/15;28/46;15/39;10/24;10/18;8/18;14/24;3;2;0/0;0/5;5/5;0/0;3;0;6;6;6;6;44/85;41/85;12/39;14/46;32/46;27/39;6/13;3/10;7/10;7/13;10/24;13/26;8/13;4/14;10/14;5/13;1;1;2/3;0/0;0/0;1/3;1;4;3;4;4;3;31/50;19/50;14/26;7/24;17/24;12/26;2;1;1.76;1.71;28.5;25.5;Left-Handed;Right-Handed;https://wtatennis.com/tournament/1023/guangzhou/2018/scores/LS022;;;;;;;;;;;;;;;;;;;;;;;;;;;;
18/32;7/28;21/28;14/32;28/44;32/54;15/22;9/16;7/16;7/22;2;1;6/12;2/3;1/3;6/12;3;1;8;8;8;8;61/98;37/98;33/54;16/44;28/44;21/54;8/15;5/16;11/16;7/15;16/24;15/23;7/8;4/8;4/8;1/8;0;1;3/3;1/2;1/2;0/3;2;1;4;4;4;4;30/47;17/47;15/23;9/24;15/24;8/23;10/17;2/12;10/12;7/17;12/20;17/31;8/14;5/8;3/8;6/14;2;0;3/9;1/1;0/1;6/9;1;0;4;4;4;4;31/51;20/51;18/31;7/20;13/20;13/31;4;3;1.70;1.73;29.08;29.33;Right-Handed;Right-Handed;https://wtatennis.com/tournament/1023/guangzhou/2018/scores/LS031;;;;;;;;;;;;;;;;;;;;;;;;;;;;
5/23;15/31;16/31;18/23;31/46;23/42;7/19;10/15;5/15;12/19;1;1;0/6;5/8;3/8;6/6;1;1;7;8;8;7;33/88;55/88;12/42;25/46;21/46;30/42;3/11;9/17;8/17;8/11;17/25;11/18;2/7;6/8;2/8;5/7;1;1;0/3;3/4;1/4;3/3;1;0;3;4;4;3;15/43;28/43;5/18;15/25;10/25;13/18;2/12;6/14;8/14;10/12;14/21;12/24;5/12;4/7;3/7;7/12;0;0;0/3;2/4;2/4;3/3;0;1;4;4;4;4;18/45;27/45;7/24;10/21;11/21;17/24;1;1;1.68;1.72;30.25;31.42;Right-Handed;Right-Handed;https://wtatennis.com/tournament/1023/guangzhou/2018/scores/LS027;;;;;;;;;;;;;;;;;;;;;;;;;;;;
13/51;23/65;42/65;38/51;65/91;51/98;33/47;14/26;12/26;14/47;2;4;5/13;3/7;4/7;8/13;4;7;13;13;13;13;100/189;89/189;46/98;37/91;54/91;52/98;5/21;6/18;12/18;16/21;18/25;21/37;10/16;6/7;1/7;6/16;1;3;1/3;2/2;0/2;2/3;3;4;5;4;4;5;28/62;34/62;15/37;12/25;13/25;22/37;2/12;11/27;16/27;10/12;27/36;12/32;14/20;3/9;6/9;6/20;1;0;2/6;1/4;3/4;4/6;1;3;4;5;5;4;38/68;30/68;16/32;14/36;22/36;16/32;1;0;1.74;;37.92;25.0;Right-Handed;N/A;https://wtatennis.com/tournament/1023/guangzhou/2018/scores/LS026;6/18;6/20;14/20;12/18;20/30;18/29;9/11;5/10;5/10;2/11;0;1;2/4;0/1;1/1;2/4;0;0;4;4;4;4;34/59;25/59;15/29;11/30;19/30;14/29
20/42;28/55;27/55;22/42;55/93;42/67;17/25;21/38;17/38;8/25;0;0;7/15;7/16;9/16;8/15;5;6;12;13;13;12;81/160;79/160;37/67;49/93;44/93;30/67;4/15;13/21;8/21;11/15;21/34;15/23;4/8;7/13;6/13;4/8;0;0;0/4;3/7;4/7;4/4;3;0;3;4;4;3;22/57;35/57;8/23;20/34;14/34;15/23;10/15;8/19;11/19;5/15;19/29;15/25;6/10;7/10;3/10;4/10;0;0;4/6;2/3;1/3;2/6;1;2;5;4;4;5;30/54;24/54;16/25;15/29;14/29;9/25;1;0;1.80;1.68;35.75;25.5;Right-Handed;Right-Handed;https://wtatennis.com/tournament/1023/guangzhou/2018/scores/LS030;6/12;7/15;8/15;6/12;15/30;12/19;7/7;7/15;8/15;0/7;0;0;3/5;2/6;4/6;2/5;1;4;4;5;5;4;29/49;20/49;13/19;14/30;16/30;6/19
19/45;16/40;24/40;26/45;40/62;45/68;17/23;12/22;10/22;6/23;2;1;6/11;3/9;6/9;5/11;3;2;9;9;9;9;70/130;60/130;36/68;28/62;34/62;32/68;9/22;11/27;16/27;13/22;27/40;22/34;8/12;8/13;5/13;4/12;1;1;3/5;2/6;4/6;2/5;2;1;5;5;5;5;38/74;36/74;17/34;19/40;21/40;17/34;10/23;5/13;8/13;13/23;13/22;23/34;9/11;4/9;5/9;2/11;1;0;3/6;1/3;2/3;3/6;1;1;4;4;4;4;32/56;24/56;19/34;9/22;13/22;15/34;2;0;1.70;;29.33;25.08;Right-Handed;N/A;https://wtatennis.com/tournament/1023/guangzhou/2018/scores/LS024;;;;;;;;;;;;;;;;;;;;;;;;;;;;
10/29;12/21;9/21;19/29;21/49;29/62;15/33;18/28;10/28;18/33;1;3;2/6;6/7;1/7;4/6;8;7;8;9;9;8;44/111;67/111;25/62;30/49;19/49;37/62;4/12;7/11;4/11;8/12;11/23;12/20;2/8;8/12;4/12;6/8;0;1;1/1;3/3;0/3;0/1;5;2;4;4;4;4;14/43;29/43;6/20;15/23;8/23;14/20;6/17;5/10;5/10;11/17;10/26;17/42;13/25;10/16;6/16;12/25;1;2;1/5;3/4;1/4;4/5;3;5;4;5;5;4;30/68;38/68;19/42;15/26;11/26;23/42;0;1;1.74;1.80;26.08;25.08;Right-Handed;Right-Handed;https://wtatennis.com/tournament/1023/guangzhou/2018/scores/LS023;;;;;;;;;;;;;;;;;;;;;;;;;;;;
15/36;16/41;25/41;21/36;41/63;36/61;19/25;10/22;12/22;6/25;1;4;6/8;3/9;6/9;2/8;1;5;9;9;9;9;71/124;53/124;34/61;26/63;37/63;27/61;9/16;1/7;6/7;7/16;7/15;16/24;6/8;2/8;6/8;2/8;0;1;3/4;0/0;0/0;1/4;0;1;3;3;3;3;27/39;12/39;15/24;3/15;12/15;9/24;6/20;15/34;19/34;14/20;34/48;20/37;13/17;8/14;6/14;4/17;1;3;3/4;3/9;6/9;1/4;1;4;6;6;6;6;44/85;41/85;19/37;23/48;25/48;18/37;2;0;1.75;1.75;29.33;33.58;Right-Handed;Right-Handed;https://wtatennis.com/tournament/1023/guangzhou/2018/scores/LS017;;;;;;;;;;;;;;;;;;;;;;;;;;;;
17/40;27/63;36/63;23/40;63/87;40/82;26/42;12/24;12/24;16/42;2;2;7/12;6/8;2/8;5/12;2;12;14;15;15;14;91/169;78/169;43/82;39/87;48/87;39/82;7/18;10/26;16/26;11/18;26/32;18/31;7/13;2/6;4/6;6/13;1;1;2/3;1/2;1/2;1/3;0;3;5;5;5;5;34/63;29/63;14/31;12/32;20/32;17/31;5/11;13/21;8/21;6/11;21/29;11/26;11/15;6/8;2/8;4/15;0;0;3/4;4/5;1/5;1/4;2;6;5;5;5;5;26/55;29/55;16/26;19/29;10/29;10/26;1;0;;1.82;28.58;21.67;N/A;Right-Handed;https://wtatennis.com/tournament/1023/guangzhou/2018/scores/LS029;5/11;4/16;12/16;6/11;16/26;11/25;8/14;4/10;6/10;6/14;1;1;2/5;1/1;0/1;3/5;0;3;4;5;5;4;31/51;20/51;13/25;8/26;18/26;12/25
15/30;10/39;29/39;15/30;39/66;30/65;16/35;16/27;11/27;19/35;1;0;4/11;2/7;5/7;7/11;3;2;9;10;10;9;71/131;60/131;31/65;26/66;40/66;34/65;11/20;6/16;10/16;9/20;16/31;20/43;12/23;9/15;6/15;11/23;0;0;3/8;2/4;2/4;5/8;2;1;5;5;5;5;39/74;35/74;23/43;15/31;16/31;20/43;4/10;4/23;19/23;6/10;23/35;10/22;4/12;7/12;5/12;8/12;1;0;1/3;0/3;3/3;2/3;1;1;4;5;5;4;32/57;25/57;8/22;11/35;24/35;14/22;1;0;1.63;1.69;30.25;30.67;Right-Handed;Right-Handed;https://wtatennis.com/tournament/1023/guangzhou/2018/scores/LS020;;;;;;;;;;;;;;;;;;;;;;;;;;;;
8/42;14/35;21/35;34/42;35/70;42/78;20/36;14/35;21/35;16/36;3;7;2/4;3/4;1/4;2/4;1;5;12;11;11;12;70/148;78/148;28/78;28/70;42/70;50/78;5/22;1/10;9/10;17/22;10/24;22/34;8/12;3/14;11/14;4/12;3;2;1/2;0/0;0/0;1/2;0;2;5;5;5;5;33/58;25/58;13/34;4/24;20/24;21/34;2/12;7/14;7/14;10/12;14/28;12/34;11/22;8/14;6/14;11/22;0;2;1/2;2/2;0/2;1/2;1;3;5;4;4;5;26/62;36/62;13/34;15/28;13/28;21/34;0;1;1.71;1.70;30.5;31.08;Right-Handed;Right-Handed;https://wtatennis.com/tournament/1023/guangzhou/2018/scores/LS021;1/8;6/11;5/11;7/8;11/18;8/10;1/2;3/7;4/7;1/2;0;3;0/0;1/2;1/2;0/0;0;0;2;2;2;2;11/28;17/28;2/10;9/18;9/18;8/10
10/32;14/28;14/28;22/32;28/45;32/54;10/22;12/17;5/17;12/22;0;0;1/4;5/10;5/10;3/4;4;0;8;7;7;8;39/99;60/99;20/54;26/45;19/45;34/54;2/13;3/6;3/6;11/13;6/18;13/18;3/5;9/12;3/12;2/5;0;0;0/0;3/5;2/5;0/0;2;0;3;3;3;3;11/36;25/36;5/18;12/18;6/18;13/18;8/19;11/22;11/22;11/19;22/27;19/36;7/17;3/5;2/5;10/17;0;0;1/4;2/5;3/5;3/4;2;0;5;4;4;5;28/63;35/63;15/36;14/27;13/27;21/36;2;1;1.73;1.78;33.42;28.17;Right-Handed;Right-Handed;https://wtatennis.com/tournament/1023/guangzhou/2018/scores/LS016;;;;;;;;;;;;;;;;;;;;;;;;;;;;
16/44;12/40;28/40;28/44;40/61;44/76;21/32;11/21;10/21;11/32;2;3;4/7;1/2;1/2;3/7;1;4;9;9;9;9;75/137;62/137;37/76;23/61;38/61;39/76;9/25;6/21;15/21;16/25;21/32;25/43;12/18;6/11;5/11;6/18;2;1;2/3;0/1;1/1;1/3;1;2;5;4;4;5;41/75;34/75;21/43;12/32;20/32;22/43;7/19;6/19;13/19;12/19;19/29;19/33;9/14;5/10;5/10;5/14;0;2;2/4;1/1;0/1;2/4;0;2;4;5;5;4;34/62;28/62;16/33;11/29;18/29;17/33;1;1;1.63;1.70;30.25;31.08;Right-Handed;Right-Handed;https://wtatennis.com/tournament/1023/guangzhou/2018/scores/LS010;;;;;;;;;;;;;;;;;;;;;;;;;;;;
3/25;16/35;19/35;22/25;35/56;25/44;11/19;13/21;8/21;8/19;0;1;1/1;5/13;8/13;0/1;2;5;8;8;8;8;41/100;59/100;14/44;29/56;27/56;30/44;2/13;7/13;6/13;11/13;13/22;13/23;7/10;5/9;4/9;3/10;0;1;1/1;3/5;2/5;0/1;1;3;4;4;4;4;19/45;26/45;9/23;12/22;10/22;14/23;1/12;9/22;13/22;11/12;22/34;12/21;4/9;8/12;4/12;5/9;0;0;0/0;2/8;6/8;0/0;1;2;4;4;4;4;22/55;33/55;5/21;17/34;17/34;16/21;4;1;1.74;1.72;37.92;31.42;Right-Handed;Right-Handed;https://wtatennis.com/tournament/1023/guangzhou/2018/scores/LS013;;;;;;;;;;;;;;;;;;;;;;;;;;;;
11/27;8/33;25/33;16/27;33/62;27/55;16/28;13/29;16/29;12/28;7;4;4/10;1/5;4/5;6/10;4;6;8;9;9;8;68/117;49/117;27/55;21/62;41/62;28/55;6/14;3/17;14/17;8/14;17/30;14/29;8/15;7/13;6/13;7/15;4;3;2/7;0/2;2/2;5/7;2;3;4;4;4;4;34/59;25/59;14/29;10/30;20/30;15/29;5/13;5/16;11/16;8/13;16/32;13/26;8/13;6/16;10/16;5/13;3;1;2/3;1/3;2/3;1/3;2;3;4;5;5;4;34/58;24/58;13/26;11/32;21/32;13/26;1;2;1.76;1.80;28.5;25.08;Left-Handed;Right-Handed;https://wtatennis.com/tournament/1023/guangzhou/2018/scores/LS011;;;;;;;;;;;;;;;;;;;;;;;;;;;;
22/59;23/56;33/56;37/59;56/86;59/97;19/38;10/30;20/30;19/38;0;2;3/16;2/7;5/7;13/16;3;2;11;11;11;11;94/183;89/183;41/97;33/86;53/86;56/97;16/33;7/21;14/21;17/33;21/31;33/56;11/23;5/10;5/10;12/23;0;0;2/12;1/1;0/1;10/12;2;1;5;5;5;5;46/87;41/87;27/56;12/31;19/31;29/56;6/26;16/35;19/35;20/26;35/55;26/41;8/15;5/20;15/20;7/15;0;2;1/4;1/6;5/6;3/4;1;1;6;6;6;6;48/96;48/96;14/41;21/55;34/55;27/41;1;0;1.80;1.70;35.75;29.08;Right-Handed;Right-Handed;https://wtatennis.com/tournament/1023/guangzhou/2018/scores/LS015;;;;;;;;;;;;;;;;;;;;;;;;;;;;
20/43;10/34;24/34;23/43;34/62;43/73;20/30;16/28;12/28;10/30;8;1;6/14;3/3;0/3;8/14;3;7;10;10;10;10;76/135;59/135;40/73;26/62;36/62;33/73;7/16;5/14;9/14;9/16;14/24;16/30;11/14;5/10;5/10;3/14;3;0;3/4;1/1;0/1;1/4;2;2;4;4;4;4;32/54;22/54;18/30;10/24;14/24;12/30;13/27;5/20;15/20;14/27;20/38;27/43;9/16;11/18;7/18;7/16;5;1;3/10;2/2;0/2;7/10;1;5;6;6;6;6;44/81;37/81;22/43;16/38;22/38;21/43;1;0;1.84;;24.67;28.58;Right-Handed;N/A;https://wtatennis.com/tournament/1023/guangzhou/2018/scores/LS014;;;;;;;;;;;;;;;;;;;;;;;;;;;;
15/41;22/55;33/55;26/41;55/89;41/79;21/38;19/34;15/34;17/38;1;0;4/7;4/15;11/15;3/7;2;4;12;11;11;12;84/168;84/168;36/79;41/89;48/89;43/79;5/7;7/19;12/19;2/7;19/31;7/19;8/12;5/12;7/12;4/12;0;0;3/3;0/6;6/6;0/3;1;1;3;3;3;3;32/50;18/50;13/19;12/31;19/31;6/19;5/17;8/19;11/19;12/17;19/30;17/33;9/16;7/11;4/11;7/16;1;0;1/4;2/5;3/5;3/4;1;2;5;4;4;5;29/63;34/63;14/33;15/30;15/30;19/33;1;1;1.70;1.70;29.33;26.25;Right-Handed;Right-Handed;https://wtatennis.com/tournament/1023/guangzhou/2018/scores/LS012;5/17;7/17;10/17;12/17;17/28;17/27;4/10;7/11;4/11;6/10;0;0;0/0;2/4;2/4;0/0;0;1;4;4;4;4;23/55;32/55;9/27;14/28;14/28;18/27
0/0;0/0;0/0;0/0;0/0;0/0;0/0;0/0;0/0;0/0;0;0;0/0;0/0;0/0;0/0;0;0;0;0;0;0;0/0;0/0;0/0;0/0;0/0;0/0;0/0;0/0;0/0;0/0;0/0;0/0;0/0;0/0;0/0;0/0;0;0;0/0;0/0;0/0;0/0;0;0;0;0;0;0;0/0;0/0;0/0;0/0;0/0;0/0;;;;;;;;;;;;;;;;;;;;;;;;;;;;;2;0;1.78;1.75;28.17;29.33;Right-Handed;Right-Handed;https://wtatennis.com/tournament/1023/guangzhou/2018/scores/LS008;;;;;;;;;;;;;;;;;;;;;;;;;;;;
12/44;6/26;20/26;32/44;26/46;44/63;9/19;13/20;7/20;10/19;6;2;0/3;3/5;2/5;3/3;3;1;9;9;9;9;48/109;61/109;21/63;19/46;27/46;42/63;8/23;5/17;12/17;15/23;17/26;23/33;4/10;6/9;3/9;6/10;5;1;0/2;2/4;2/4;2/2;3;1;4;5;5;4;27/59;32/59;12/33;11/26;15/26;21/33;4/21;1/9;8/9;17/21;9/20;21/30;5/9;7/11;4/11;4/9;1;1;0/1;1/1;0/1;1/1;0;0;5;4;4;5;21/50;29/50;9/30;8/20;12/20;21/30;0;3;1.78;1.63;33.75;28.42;Right-Handed;Right-Handed;https://wtatennis.com/tournament/1023/guangzhou/2018/scores/LS009;;;;;;;;;;;;;;;;;;;;;;;;;;;;
7/30;22/43;21/43;23/30;43/65;30/55;13/25;12/22;10/22;12/25;1;0;1/6;5/13;8/13;5/6;1;2;8;9;9;8;51/120;69/120;20/55;34/65;31/65;35/55;4/17;10/28;18/28;13/17;28/40;17/35;10/18;9/12;3/12;8/18;1;0;1/5;2/5;3/5;4/5;0;1;5;5;5;5;35/75;40/75;14/35;19/40;21/40;21/35;3/13;12/15;3/15;10/13;15/25;13/20;3/7;3/10;7/10;4/7;0;0;0/1;3/8;5/8;1/1;1;1;3;4;4;3;16/45;29/45;6/20;15/25;10/25;14/20;1;2;1.75;1.63;29.33;28.42;Right-Handed;Right-Handed;https://wtatennis.com/tournament/1023/guangzhou/2018/scores/LS004;;;;;;;;;;;;;;;;;;;;;;;;;;;;
24/59;27/60;33/60;35/59;60/106;59/94;21/35;26/46;20/46;14/35;1;1;6/13;8/20;12/20;7/13;4;6;14;15;15;14;98/200;102/200;45/94;53/106;53/106;49/94;10/18;9/21;12/21;8/18;21/39;18/25;4/7;9/18;9/18;3/7;1;0;3/5;2/5;3/5;2/5;1;1;5;5;5;5;35/64;29/64;14/25;18/39;21/39;11/25;1/14;8/21;13/21;13/14;21/34;14/24;6/10;7/13;6/13;4/10;0;1;0/0;2/6;4/6;0/0;2;2;4;5;5;4;26/58;32/58;7/24;15/34;19/34;17/24;0;3;1.63;1.76;30.25;28.5;Right-Handed;Left-Handed;https://wtatennis.com/tournament/1023/guangzhou/2018/scores/LS005;13/27;10/18;8/18;14/27;18/33;27/45;11/18;10/15;5/15;7/18;0;0;3/8;4/9;5/9;5/8;1;3;5;5;5;5;37/78;41/78;24/45;20/33;13/33;21/45
10/40;13/29;16/29;30/40;29/59;40/61;11/21;16/30;14/30;10/21;0;5;0/6;4/11;7/11;6/6;2;0;8;8;8;8;51/120;69/120;21/61;29/59;30/59;40/61;4/24;6/16;10/16;20/24;16/35;24/36;8/12;8/19;11/19;4/12;0;4;0/3;1/5;4/5;3/3;1;0;5;5;5;5;33/71;38/71;12/36;14/35;21/35;24/36;6/16;7/13;6/13;10/16;13/24;16/25;3/9;8/11;3/11;6/9;0;1;0/3;3/6;3/6;3/3;1;0;3;3;3;3;18/49;31/49;9/25;15/24;9/24;16/25;1;5;1.70;1.72;26.25;31.42;Right-Handed;Right-Handed;https://wtatennis.com/tournament/1023/guangzhou/2018/scores/LS006;;;;;;;;;;;;;;;;;;;;;;;;;;;;
8/39;11/35;24/35;31/39;35/70;39/64;12/25;18/35;17/35;13/25;3;5;1/3;3/8;5/8;2/3;5;3;10;10;10;10;61/134;73/134;20/64;29/70;41/70;44/64;5/19;5/14;9/14;14/19;14/25;19/27;3/8;7/11;4/11;5/8;1;0;0/2;2/5;3/5;2/2;2;0;4;4;4;4;21/52;31/52;8/27;12/25;13/25;19/27;3/20;6/21;15/21;17/20;21/45;20/37;9/17;11/24;13/24;8/17;2;5;1/1;1/3;2/3;0/1;3;3;6;6;6;6;40/82;42/82;12/37;17/45;28/45;25/37;0;2;1.84;1.80;24.67;35.75;Right-Handed;Right-Handed;https://wtatennis.com/tournament/1023/guangzhou/2018/scores/LS007;;;;;;;;;;;;;;;;;;;;;;;;;;;;
19/40;14/39;25/39;21/40;39/51;40/67;17/27;6/12;6/12;10/27;1;2;6/12;2/6;4/6;6/12;0;4;9;8;8;9;67/118;51/118;36/67;20/51;31/51;31/67;8/14;5/12;7/12;6/14;12/20;14/30;11/16;4/8;4/8;5/16;0;1;4/5;1/2;1/2;1/5;0;2;4;3;3;4;30/50;20/50;19/30;9/20;11/20;11/30;11/26;9/27;18/27;15/26;27/31;26/37;6/11;2/4;2/4;5/11;1;1;2/7;1/4;3/4;5/7;0;2;5;5;5;5;37/68;31/68;17/37;11/31;20/31;20/37;1;1;1.63;1.76;28.42;28.5;Right-Handed;Left-Handed;https://wtatennis.com/tournament/1023/guangzhou/2018/scores/LS002;;;;;;;;;;;;;;;;;;;;;;;;;;;;
20/35;13/29;16/29;15/35;29/48;35/56;15/21;8/19;11/19;6/21;2;1;7/9;3/3;0/3;2/9;1;2;8;8;8;8;62/104;42/104;35/56;21/48;27/48;21/56;12/20;5/11;6/11;8/20;11/20;20/33;9/13;5/9;4/9;4/13;1;1;4/6;2/2;0/2;2/6;0;1;4;4;4;4;31/53;22/53;21/33;10/20;10/20;12/33;8/15;8/18;10/18;7/15;18/28;15/23;6/8;3/10;7/10;2/8;1;0;3/3;1/1;0/1;0/3;1;1;4;4;4;4;31/51;20/51;14/23;11/28;17/28;9/23;1;0;1.72;1.80;31.42;35.75;Right-Handed;Right-Handed;https://wtatennis.com/tournament/1023/guangzhou/2018/scores/LS003;;;;;;;;;;;;;;;;;;;;;;;;;;;;
6/27;14/32;18/32;21/27;32/53;27/44;6/17;15/21;6/21;11/17;0;4;0/3;5/9;4/9;3/3;4;2;7;8;8;7;36/97;61/97;12/44;29/53;24/53;32/44;0/9;7/15;8/15;9/9;15/23;9/15;3/6;7/8;1/8;3/6;0;3;0/0;3/5;2/5;0/0;1;1;3;4;4;3;12/38;26/38;3/15;14/23;9/23;12/15;6/18;7/17;10/17;12/18;17/30;18/29;3/11;8/13;5/13;8/11;0;1;0/3;2/4;2/4;3/3;3;1;4;4;4;4;24/59;35/59;9/29;15/30;15/30;20/29;1;1;1.63;1.72;28.42;31.42;Right-Handed;Right-Handed;https://wtatennis.com/tournament/1023/guangzhou/2018/scores/LS001;;;;;;;;;;;;;;;;;;;;;;;;;;;;
