match_1st Return Points Won_player_1;match_1st Return Points Won_player_2;match_1st Serve Points Won_player_1;match_1st Serve Points Won_player_2;match_1st Serve_player_1;match_1st Serve_player_2;match_2nd Return Points Won_player_1;match_2nd Return Points Won_player_2;match_2nd Serve Points Won_player_1;match_2nd Serve Points Won_player_2;match_Aces_player_1;match_Aces_player_2;match_Break Points Converted_player_1;match_Break Points Converted_player_2;match_Break Points Saved_player_1;match_Break Points Saved_player_2;match_Double Faults_player_1;match_Double Faults_player_2;match_Return Games Played_player_1;match_Return Games Played_player_2;match_Service Games Played_player_1;match_Service Games Played_player_2;match_Total Points Won_player_1;match_Total Points Won_player_2;match_Total Return Points Won_player_1;match_Total Return Points Won_player_2;match_Total Service Points Won_player_1;match_Total Service Points Won_player_2;set1_1st Return Points Won_player_1;set1_1st Return Points Won_player_2;set1_1st Serve Points Won_player_1;set1_1st Serve Points Won_player_2;set1_1st Serve_player_1;set1_1st Serve_player_2;set1_2nd Return Points Won_player_1;set1_2nd Return Points Won_player_2;set1_2nd Serve Points Won_player_1;set1_2nd Serve Points Won_player_2;set1_Aces_player_1;set1_Aces_player_2;set1_Break Points Converted_player_1;set1_Break Points Converted_player_2;set1_Break Points Saved_player_1;set1_Break Points Saved_player_2;set1_Double Faults_player_1;set1_Double Faults_player_2;set1_Return Games Played_player_1;set1_Return Games Played_player_2;set1_Service Games Played_player_1;set1_Service Games Played_player_2;set1_Total Points Won_player_1;set1_Total Points Won_player_2;set1_Total Return Points Won_player_1;set1_Total Return Points Won_player_2;set1_Total Service Points Won_player_1;set1_Total Service Points Won_player_2;set2_1st Return Points Won_player_1;set2_1st Return Points Won_player_2;set2_1st Serve Points Won_player_1;set2_1st Serve Points Won_player_2;set2_1st Serve_player_1;set2_1st Serve_player_2;set2_2nd Return Points Won_player_1;set2_2nd Return Points Won_player_2;set2_2nd Serve Points Won_player_1;set2_2nd Serve Points Won_player_2;set2_Aces_player_1;set2_Aces_player_2;set2_Break Points Converted_player_1;set2_Break Points Converted_player_2;set2_Break Points Saved_player_1;set2_Break Points Saved_player_2;set2_Double Faults_player_1;set2_Double Faults_player_2;set2_Return Games Played_player_1;set2_Return Games Played_player_2;set2_Service Games Played_player_1;set2_Service Games Played_player_2;set2_Total Points Won_player_1;set2_Total Points Won_player_2;set2_Total Return Points Won_player_1;set2_Total Return Points Won_player_2;set2_Total Service Points Won_player_1;set2_Total Service Points Won_player_2;h2h_wins_player_1;h2h_wins_player_2;Height_player_1;Height_player_2;Date of Birth_player_1;Date of Birth_player_2;Plays_player_1;Plays_player_2;url_match_stats;set3_1st Return Points Won_player_1;set3_1st Return Points Won_player_2;set3_1st Serve Points Won_player_1;set3_1st Serve Points Won_player_2;set3_1st Serve_player_1;set3_1st Serve_player_2;set3_2nd Return Points Won_player_1;set3_2nd Return Points Won_player_2;set3_2nd Serve Points Won_player_1;set3_2nd Serve Points Won_player_2;set3_Aces_player_1;set3_Aces_player_2;set3_Break Points Converted_player_1;set3_Break Points Converted_player_2;set3_Break Points Saved_player_1;set3_Break Points Saved_player_2;set3_Double Faults_player_1;set3_Double Faults_player_2;set3_Return Games Played_player_1;set3_Return Games Played_player_2;set3_Service Games Played_player_1;set3_Service Games Played_player_2;set3_Total Points Won_player_1;set3_Total Points Won_player_2;set3_Total Return Points Won_player_1;set3_Total Return Points Won_player_2;set3_Total Service Points Won_player_1;set3_Total Service Points Won_player_2
13/26;11/32;21/32;13/26;32/52;26/44;14/18;11/20;9/20;4/18;2;1;6/8;2/7;5/7;2/8;0;2;7;8;8;7;57/96;39/96;27/44;22/52;30/52;17/44;7/13;7/17;10/17;6/13;17/29;13/22;6/9;6/12;6/12;3/9;2;1;3/5;1/5;4/5;2/5;0;1;4;4;4;4;29/51;22/51;13/22;13/29;16/29;9/22;6/13;4/15;11/15;7/13;15/23;13/22;8/9;5/8;3/8;1/9;0;0;3/3;1/2;1/2;0/3;0;1;3;4;4;3;28/45;17/45;14/22;9/23;14/23;8/22;2;0;1.78;1.61;27.75;31.83;Right-Handed;Right-Handed;https://wtatennis.com/tournament/406/strasbourg/2019/scores/RS016;;;;;;;;;;;;;;;;;;;;;;;;;;;;
10/39;21/46;25/46;29/39;46/70;39/70;16/31;15/24;9/24;15/31;0;8;2/9;5/7;2/7;7/9;1;5;10;10;10;10;60/140;80/140;26/70;36/70;34/70;44/70;7/21;9/22;13/22;14/21;22/34;21/35;7/14;9/12;3/12;7/14;0;3;2/2;3/3;0/3;0/2;0;3;6;6;6;6;30/69;39/69;14/35;18/34;16/34;21/35;3/18;12/24;12/24;15/18;24/36;18/35;9/17;6/12;6/12;8/17;0;5;0/7;2/4;2/4;7/7;1;2;4;4;4;4;30/71;41/71;12/35;18/36;18/36;23/35;0;1;;1.75;23.92;20.92;;Right-Handed;https://wtatennis.com/tournament/406/strasbourg/2019/scores/RS024;;;;;;;;;;;;;;;;;;;;;;;;;;;;
26/64;12/43;31/43;38/64;43/73;64/89;18/25;15/30;15/30;7/25;3;0;6/14;3/6;3/6;8/14;0;5;12;13;13;12;90/162;72/162;44/89;27/73;46/73;45/89;12/35;2/14;12/14;23/35;14/25;35/44;5/9;6/11;5/11;4/9;1;0;0/1;1/2;1/2;1/1;0;1;5;5;5;5;34/69;35/69;17/44;8/25;17/25;27/44;8/15;4/15;11/15;7/15;15/22;15/22;6/7;3/7;4/7;1/7;1;0;3/6;0/1;1/1;3/6;0;1;3;3;3;3;29/44;15/44;14/22;7/22;15/22;8/22;1;0;1.78;1.7;33.5;33.08;Right-Handed;Right-Handed;https://wtatennis.com/tournament/406/strasbourg/2019/scores/RS017;6/14;6/14;8/14;8/14;14/26;14/23;7/9;6/12;6/12;2/9;1.0;0.0;3/7;2/3;1/3;4/7;0.0;3.0;4.0;5.0;5.0;4.0;27/49;22/49;13/23;12/26;14/26;10/23
19/31;2/21;19/21;12/31;21/27;31/37;6/6;1/6;5/6;0/6;0;0;6/9;0/0;0/0;3/9;1;0;7;6;6;7;49/64;15/64;25/37;3/27;24/27;12/37;9/13;2/11;9/11;4/13;11/15;13/16;3/3;1/4;3/4;0/3;0;0;3/5;0/0;0/0;2/5;1;0;3;3;3;3;24/31;7/31;12/16;3/15;12/15;4/16;10/18;0/10;10/10;8/18;10/12;18/21;3/3;0/2;2/2;0/3;0;0;3/4;0/0;0/0;1/4;0;0;4;3;3;4;25/33;8/33;13/21;0/12;12/12;8/21;1;0;1.68;1.62;35.25;30.58;Right-Handed;Right-Handed;https://wtatennis.com/tournament/406/strasbourg/2019/scores/RS018;;;;;;;;;;;;;;;;;;;;;;;;;;;;
24/71;18/59;41/59;47/71;59/120;71/97;15/26;33/61;28/61;11/26;8;4;5/7;5/13;8/13;2/7;15;3;16;15;15;16;108/217;109/217;39/97;51/120;69/120;58/97;8/29;11/36;25/36;21/29;36/74;29/40;7/11;23/38;15/38;4/11;4;3;2/3;2/10;8/10;1/3;12;0;6;6;6;6;55/114;59/114;15/40;34/74;40/74;25/40;9/22;0/9;9/9;13/22;9/23;22/29;2/7;3/14;11/14;5/7;3;1;1/2;0/0;0/0;1/2;0;0;5;5;5;5;31/52;21/52;11/29;3/23;20/23;18/29;0;1;;1.82;28.92;25.0;;Right-Handed;https://wtatennis.com/tournament/406/strasbourg/2019/scores/RS025;7/20;7/14;7/14;13/20;14/23;20/28;6/8;7/9;2/9;2/8;1.0;0.0;2/2;3/3;0/3;0/2;3.0;3.0;5.0;4.0;4.0;5.0;22/51;29/51;13/28;14/23;9/23;15/28
13/38;16/57;41/57;25/38;57/77;38/64;12/26;10/20;10/20;14/26;1;3;2/6;0/6;6/6;4/6;1;1;10;10;10;10;76/141;65/141;25/64;26/77;51/77;39/64;5/16;9/30;21/30;11/16;30/38;16/29;6/13;4/8;4/8;7/13;0;2;1/2;0/5;5/5;1/2;1;1;5;5;5;5;36/67;31/67;11/29;13/38;25/38;18/29;8/22;7/27;20/27;14/22;27/39;22/35;6/13;6/12;6/12;7/13;1;1;1/4;0/1;1/1;3/4;0;0;5;5;5;5;40/74;34/74;14/35;13/39;26/39;21/35;2;1;;1.69;28.25;27.67;Left-Handed;Left-Handed;https://wtatennis.com/tournament/406/strasbourg/2019/scores/RS023;;;;;;;;;;;;;;;;;;;;;;;;;;;;
14/21;11/36;25/36;7/21;36/44;21/40;14/19;3/8;5/8;5/19;1;1;6/6;1/5;4/5;0/6;2;1;7;7;7;7;58/84;26/84;28/40;14/44;30/44;12/40;7/11;4/17;13/17;4/11;17/22;11/20;5/9;0/5;5/5;4/9;1;0;2/2;0/0;0/0;0/2;0;1;3;4;4;3;30/42;12/42;12/20;4/22;18/22;8/20;7/10;7/19;12/19;3/10;19/22;10/20;9/10;3/3;0/3;1/10;0;1;4/4;1/5;4/5;0/4;2;0;4;3;3;4;28/42;14/42;16/20;10/22;12/22;4/20;1;0;;1.68;28.0;28.25;;Right-Handed;https://wtatennis.com/tournament/406/strasbourg/2019/scores/RS019;;;;;;;;;;;;;;;;;;;;;;;;;;;;
10/49;21/58;37/58;39/49;58/101;49/93;24/44;21/43;22/43;20/44;2;5;4/5;5/9;4/9;1/5;5;3;16;16;16;16;93/194;101/194;34/93;42/101;59/101;59/93;1/12;7/17;10/17;11/12;17/29;12/27;8/15;5/12;7/12;7/15;2;2;1/1;2/3;1/3;0/1;0;0;5;5;5;5;26/56;30/56;9/27;12/29;17/29;18/27;4/21;7/24;17/24;17/21;24/43;21/39;13/18;10/19;9/19;5/18;0;1;2/3;1/3;2/3;1/3;4;3;6;6;6;6;43/82;39/82;17/39;17/43;26/43;22/39;0;1;1.71;1.7;33.83;20.75;Right-Handed;Right-Handed;https://wtatennis.com/tournament/406/strasbourg/2019/scores/RS026;5/16;7/17;10/17;11/16;17/29;16/27;3/11;6/12;6/12;8/11;0.0;2.0;1/1;2/3;1/3;0/1;1.0;0.0;5.0;5.0;5.0;5.0;24/56;32/56;8/27;13/29;16/29;19/27
15/40;24/39;15/39;25/40;39/49;40/52;9/12;7/10;3/10;3/12;0;0;4/4;7/10;3/10;0/4;2;1;10;9;9;10;42/101;59/101;24/52;31/49;18/49;28/52;8/21;15/28;13/28;13/21;28/34;21/32;8/11;4/6;2/6;3/11;0;0;3/3;4/7;3/7;0/3;1;1;6;6;6;6;31/66;35/66;16/32;19/34;15/34;16/32;7/19;9/11;2/11;12/19;11/15;19/20;1/1;3/4;1/4;0/1;0;0;1/1;3/3;0/3;0/1;1;0;4;3;3;4;11/35;24/35;8/20;12/15;3/15;12/20;0;1;1.73;1.6;32.33;25.67;Right-Handed;Right-Handed;https://wtatennis.com/tournament/406/strasbourg/2019/scores/RS027;;;;;;;;;;;;;;;;;;;;;;;;;;;;
9/29;11/22;11/22;20/29;22/43;29/48;6/19;17/21;4/21;13/19;0;3;0/4;5/11;6/11;4/4;11;1;7;6;6;7;30/91;61/91;15/48;28/43;15/43;33/48;7/14;8/13;5/13;7/14;13/23;14/23;1/9;8/10;2/10;8/9;0;0;0/3;3/5;2/5;3/3;4;0;3;3;3;3;15/46;31/46;8/23;16/23;7/23;15/23;2/15;3/9;6/9;13/15;9/20;15/25;5/10;9/11;2/11;5/10;0;3;0/1;2/6;4/6;1/1;7;1;4;3;3;4;15/45;30/45;7/25;12/20;8/20;18/25;0;3;;;20.33;23.17;;;https://wtatennis.com/tournament/406/strasbourg/2019/scores/RS022;;;;;;;;;;;;;;;;;;;;;;;;;;;;
31/65;23/59;36/59;34/65;59/81;65/88;14/23;13/22;9/22;9/23;0;1;7/16;5/8;3/8;9/16;6;2;13;13;13;13;90/169;79/169;45/88;36/81;45/81;43/88;12/25;10/22;12/22;13/25;22/30;25/33;6/8;4/8;4/8;2/8;0;1;3/4;2/2;0/2;1/4;2;1;5;5;5;5;34/63;29/63;18/33;14/30;16/30;15/33;6/20;8/23;15/23;14/20;23/29;20/29;4/9;6/6;0/6;5/9;0;0;1/3;2/4;2/4;2/3;1;1;5;4;4;5;25/58;33/58;10/29;14/29;15/29;19/29;3;1;1.72;1.68;33.0;29.33;Left-Handed;Right-Handed;https://wtatennis.com/tournament/406/strasbourg/2019/scores/RS020;13/20;5/14;9/14;7/20;14/22;20/26;4/6;3/8;5/8;2/6;0.0;0.0;3/9;1/2;1/2;6/9;3.0;0.0;3.0;4.0;4.0;3.0;31/48;17/48;17/26;8/22;14/22;9/26
5/23;13/27;14/27;18/23;27/52;23/46;11/23;18/25;7/25;12/23;2;5;2/7;6/13;7/13;5/7;4;4;8;8;8;8;37/98;61/98;16/46;31/52;21/52;30/46;4/9;10/17;7/17;5/9;17/32;9/26;8/17;10/15;5/15;9/17;0;1;2/7;4/9;5/9;5/7;4;2;4;5;5;4;24/58;34/58;12/26;20/32;12/32;14/26;1/14;3/10;7/10;13/14;10/20;14/20;3/6;8/10;2/10;3/6;2;4;0/0;2/4;2/4;0/0;0;2;4;3;3;4;13/40;27/40;4/20;11/20;9/20;16/20;1;1;;;28.67;30.83;;Right-Handed;https://wtatennis.com/tournament/406/strasbourg/2019/scores/RS021;;;;;;;;;;;;;;;;;;;;;;;;;;;;
10/22;17/38;21/38;12/22;38/58;22/45;15/23;5/20;15/20;8/23;0;0;5/6;1/6;5/6;1/6;0;4;8;8;8;8;61/103;42/103;25/45;22/58;36/58;20/45;7/12;12/23;11/23;5/12;23/36;12/26;9/14;5/13;8/13;5/14;0;0;3/4;1/6;5/6;1/4;0;2;4;4;4;4;35/62;27/62;16/26;17/36;19/36;10/26;3/10;5/15;10/15;7/10;15/22;10/19;6/9;0/7;7/7;3/9;0;0;2/2;0/0;0/0;0/2;0;2;4;4;4;4;26/41;15/41;9/19;5/22;17/22;10/19;1;0;1.72;;33.0;30.83;Left-Handed;Right-Handed;https://wtatennis.com/tournament/406/strasbourg/2019/scores/RS010;;;;;;;;;;;;;;;;;;;;;;;;;;;;
19/35;19/46;27/46;16/35;46/60;35/56;14/21;8/14;6/14;7/21;0;0;7/10;4/7;3/7;3/10;2;6;10;10;10;10;66/116;50/116;33/56;27/60;33/60;23/56;5/14;12/18;6/18;9/14;18/22;14/23;3/9;3/4;1/4;6/9;0;0;1/3;3/6;3/6;2/3;2;2;4;3;3;4;15/45;30/45;8/23;15/22;7/22;15/23;8/12;6/19;13/19;4/12;19/23;12/16;4/4;3/4;1/4;0/4;0;0;3/4;1/1;0/1;1/4;0;3;3;4;4;3;26/39;13/39;12/16;9/23;14/23;4/16;1;0;1.68;;35.25;28.0;Right-Handed;;https://wtatennis.com/tournament/406/strasbourg/2019/scores/RS009;6/9;1/9;8/9;3/9;9/15;9/17;7/8;2/6;4/6;1/8;0.0;0.0;3/3;0/0;0/0;0/3;0.0;1.0;3.0;3.0;3.0;3.0;25/32;7/32;13/17;3/15;12/15;4/17
22/38;8/26;18/26;16/38;26/49;38/57;14/19;14/23;9/23;5/19;3;0;7/13;2/7;5/7;6/13;4;3;8;7;7;8;63/106;43/106;36/57;22/49;27/49;21/57;9/13;4/11;7/11;4/13;11/24;13/23;8/10;7/13;6/13;2/10;2;0;4/6;1/5;4/5;2/6;2;1;4;3;3;4;30/47;17/47;17/23;11/24;13/24;6/23;13/25;4/15;11/15;12/25;15/25;25/34;6/9;7/10;3/10;3/9;1;0;3/7;1/2;1/2;4/7;2;2;4;4;4;4;33/59;26/59;19/34;11/25;14/25;15/34;1;1;1.75;1.82;20.92;25.0;Right-Handed;Right-Handed;https://wtatennis.com/tournament/406/strasbourg/2019/scores/RS012;;;;;;;;;;;;;;;;;;;;;;;;;;;;
20/41;10/26;16/26;21/41;26/52;41/69;17/28;11/26;15/26;11/28;1;2;6/9;2/6;4/6;3/9;1;4;9;8;8;9;68/121;53/121;37/69;21/52;31/52;32/69;8/19;5/18;13/18;11/19;18/29;19/35;7/16;4/11;7/11;9/16;1;1;2/2;0/4;4/4;0/2;0;3;5;4;4;5;35/64;29/64;15/35;9/29;20/29;20/35;12/22;5/8;3/8;10/22;8/23;22/34;10/12;7/15;8/15;2/12;0;1;4/7;2/2;0/2;3/7;1;1;4;4;4;4;33/57;24/57;22/34;12/23;11/23;12/34;2;0;1.78;1.78;27.75;33.5;Right-Handed;Right-Handed;https://wtatennis.com/tournament/406/strasbourg/2019/scores/RS008;;;;;;;;;;;;;;;;;;;;;;;;;;;;
9/46;16/43;27/43;37/46;43/70;46/64;11/18;14/27;13/27;7/18;1;1;1/1;3/6;3/6;0/1;2;2;10;10;10;10;60/134;74/134;20/64;30/70;40/70;44/64;2/19;7/14;7/14;17/19;14/23;19/24;4/5;4/9;5/9;1/5;0;1;0/0;2/2;0/2;0/0;0;2;4;4;4;4;18/47;29/47;6/24;11/23;12/23;18/24;7/27;9/29;20/29;20/27;29/47;27/40;7/13;10/18;8/18;6/13;1;0;1/1;1/4;3/4;0/1;2;0;6;6;6;6;42/87;45/87;14/40;19/47;28/47;26/40;0;1;;;23.17;28.25;;Left-Handed;https://wtatennis.com/tournament/406/strasbourg/2019/scores/RS011;;;;;;;;;;;;;;;;;;;;;;;;;;;;
31/74;21/41;20/41;43/74;41/77;74/101;15/27;19/36;17/36;12/27;3;0;5/15;7/9;2/9;10/15;0;3;13;12;12;13;83/178;95/178;46/101;40/77;37/77;55/101;11/25;6/13;7/13;14/25;13/24;25/32;3/7;8/11;3/11;4/7;2;0;1/3;3/4;1/4;2/3;0;1;4;4;4;4;24/56;32/56;14/32;14/24;10/24;18/32;15/30;9/16;7/16;15/30;16/28;30/39;8/9;5/12;7/12;1/9;1;0;4/8;2/2;0/2;4/8;0;2;5;4;4;5;37/67;30/67;23/39;14/28;14/28;16/39;0;1;1.7;1.6;20.75;25.67;Right-Handed;Right-Handed;https://wtatennis.com/tournament/406/strasbourg/2019/scores/RS013;5/19;6/12;6/12;14/19;12/25;19/30;4/11;6/13;7/13;7/11;0.0;0.0;0/4;2/3;1/3;4/4;0.0;0.0;4.0;4.0;4.0;4.0;22/55;33/55;9/30;12/25;13/25;21/30
25/56;23/58;35/58;31/56;58/88;56/81;9/25;16/30;14/30;16/25;0;0;4/9;4/7;3/7;5/9;2;3;12;12;12;12;83/169;86/169;34/81;39/88;49/88;47/81;11/28;9/27;18/27;17/28;27/41;28/40;5/12;8/14;6/14;7/12;0;0;2/5;2/2;0/2;3/5;1;1;6;6;6;6;40/81;41/81;16/40;17/41;24/41;24/40;14/28;14/31;17/31;14/28;31/47;28/41;4/13;8/16;8/16;9/13;0;0;2/4;2/5;3/5;2/4;1;2;6;6;6;6;43/88;45/88;18/41;22/47;25/47;23/41;0;2;1.7;1.7;25.75;29.33;Right-Handed;Right-Handed;https://wtatennis.com/tournament/406/strasbourg/2019/scores/LS023;;;;;;;;;;;;;;;;;;;;;;;;;;;;
21/37;13/34;21/34;16/37;34/46;37/50;7/13;3/12;9/12;6/13;2;0;5/8;1/3;2/3;3/8;0;2;8;8;8;8;58/96;38/96;28/50;16/46;30/46;22/50;7/17;7/20;13/20;10/17;20/29;17/25;2/8;2/9;7/9;6/8;2;0;1/1;0/0;0/0;0/1;0;0;4;5;5;4;29/54;25/54;9/25;9/29;20/29;16/25;14/20;6/14;8/14;6/20;14/17;20/25;5/5;1/3;2/3;0/5;0;0;4/7;1/3;2/3;3/7;0;2;4;3;3;4;29/42;13/42;19/25;7/17;10/17;6/25;1;0;1.7;1.67;26.25;29.92;Right-Handed;Right-Handed;https://wtatennis.com/tournament/406/strasbourg/2019/scores/LS026;;;;;;;;;;;;;;;;;;;;;;;;;;;;
18/53;19/59;40/59;35/53;59/93;53/81;6/28;20/34;14/34;22/28;1;2;1/3;5/9;4/9;2/3;1;2;14;14;14;14;78/174;96/174;24/81;39/93;54/93;57/81;9/23;6/26;20/26;14/23;26/41;23/38;3/15;6/15;9/15;12/15;0;1;0/2;0/1;1/1;2/2;0;1;6;6;6;6;41/79;38/79;12/38;12/41;29/41;26/38;6/16;4/10;6/10;10/16;10/20;16/22;1/6;9/10;1/10;5/6;0;1;1/1;3/4;1/4;0/1;1;0;4;3;3;4;14/42;28/42;7/22;13/20;7/20;15/22;1;3;1.71;1.73;31.33;27.83;Right-Handed;Right-Handed;https://wtatennis.com/tournament/406/strasbourg/2019/scores/LS021;3/14;9/23;14/23;11/14;23/32;14/21;2/7;5/9;4/9;5/7;1.0;0.0;0/0;2/4;2/4;0/0;0.0;1.0;4.0;5.0;5.0;4.0;23/53;30/53;5/21;14/32;18/32;16/21
8/32;10/29;19/29;24/32;29/58;32/56;10/24;17/29;12/29;14/24;2;4;1/3;4/8;4/8;2/3;4;0;9;10;10;9;49/114;65/114;18/56;27/58;31/58;38/56;4/18;3/13;10/13;14/18;13/30;18/32;7/14;10/17;7/17;7/14;0;3;1/3;2/6;4/6;2/3;1;0;5;5;5;5;28/62;34/62;11/32;13/30;17/30;21/32;4/14;7/16;9/16;10/14;16/28;14/24;3/10;7/12;5/12;7/10;2;1;0/0;2/2;0/2;0/0;3;0;4;5;5;4;21/52;31/52;7/24;14/28;14/28;17/24;1;1;1.78;1.72;28.17;31.42;Right-Handed;Right-Handed;https://wtatennis.com/tournament/406/strasbourg/2019/scores/LS027;;;;;;;;;;;;;;;;;;;;;;;;;;;;
6/32;24/45;21/45;26/32;45/61;32/57;15/25;10/16;6/16;10/25;2;4;2/6;5/12;7/12;4/6;2;3;9;8;8;9;48/118;70/118;21/57;34/61;27/61;36/57;2/17;11/23;12/23;15/17;23/35;17/29;11/12;8/12;4/12;1/12;1;3;2/3;3/5;2/5;1/3;1;2;5;5;5;5;29/64;35/64;13/29;19/35;16/35;16/29;4/15;13/22;9/22;11/15;22/26;15/28;4/13;2/4;2/4;9/13;1;1;0/3;2/7;5/7;3/3;1;1;4;3;3;4;19/54;35/54;8/28;15/26;11/26;20/28;0;2;;1.75;28.25;20.92;Left-Handed;Right-Handed;https://wtatennis.com/tournament/406/strasbourg/2019/scores/LS022;;;;;;;;;;;;;;;;;;;;;;;;;;;;
21/40;8/26;18/26;19/40;26/52;40/66;15/26;10/26;16/26;11/26;5;1;5/7;1/3;2/3;2/7;2;3;9;8;8;9;70/118;48/118;36/66;18/52;34/52;30/66;11/21;4/13;9/13;10/21;13/21;21/30;7/9;3/8;5/8;2/9;2;1;3/3;0/2;2/2;0/3;2;2;4;3;3;4;32/51;19/51;18/30;7/21;14/21;12/30;10/19;4/13;9/13;9/19;13/31;19/36;8/17;7/18;11/18;9/17;3;0;2/4;1/1;0/1;2/4;0;1;5;5;5;5;38/67;29/67;18/36;11/31;20/31;18/36;1;0;1.64;1.7;30.42;29.08;Right-Handed;Right-Handed;https://wtatennis.com/tournament/406/strasbourg/2019/scores/LS017;;;;;;;;;;;;;;;;;;;;;;;;;;;;
18/34;8/31;23/31;16/34;31/42;34/45;8/11;4/11;7/11;3/11;1;1;5/10;0/1;1/1;5/10;1;3;7;7;7;7;56/87;31/87;26/45;12/42;30/42;19/45;7/12;3/12;9/12;5/12;12/17;12/19;6/7;2/5;3/5;1/7;1;0;3/6;0/0;0/0;3/6;0;2;3;3;3;3;25/36;11/36;13/19;5/17;12/17;6/19;11/22;5/19;14/19;11/22;19/25;22/26;2/4;2/6;4/6;2/4;0;1;2/4;0/1;1/1;2/4;1;1;4;4;4;4;31/51;20/51;13/26;7/25;18/25;13/26;1;1;1.72;1.76;33.0;28.75;Left-Handed;Right-Handed;https://wtatennis.com/tournament/406/strasbourg/2019/scores/LS018;;;;;;;;;;;;;;;;;;;;;;;;;;;;
20/44;12/38;26/38;24/44;38/55;44/71;16/27;7/17;10/17;11/27;0;3;5/11;2/6;4/6;6/11;2;5;9;9;9;9;72/126;54/126;36/71;19/55;36/55;35/71;8/17;6/19;13/19;9/17;19/30;17/27;7/10;6/11;5/11;3/10;0;0;3/4;1/4;3/4;1/4;1;4;4;4;4;4;33/57;24/57;15/27;12/30;18/30;12/27;12/27;6/19;13/19;15/27;19/25;27/44;9/17;1/6;5/6;8/17;0;3;2/7;1/2;1/2;5/7;1;1;5;5;5;5;39/69;30/69;21/44;7/25;18/25;23/44;2;0;1.75;1.75;23.08;37.33;Right-Handed;Right-Handed;https://wtatennis.com/tournament/406/strasbourg/2019/scores/LS024;;;;;;;;;;;;;;;;;;;;;;;;;;;;
23/50;15/50;35/50;27/50;50/67;50/71;13/21;12/17;5/17;8/21;1;0;4/7;3/6;3/6;3/7;3;4;11;11;11;11;76/138;62/138;36/71;27/67;40/67;35/71;8/18;5/21;16/21;10/18;21/26;18/25;4/7;3/5;2/5;3/7;1;0;2/3;1/3;2/3;1/3;2;0;5;5;5;5;30/51;21/51;12/25;8/26;18/26;13/25;15/32;10/29;19/29;17/32;29/41;32/46;9/14;9/12;3/12;5/14;0;0;2/4;2/3;1/3;2/4;1;4;6;6;6;6;46/87;41/87;24/46;19/41;22/41;22/46;1;0;1.68;1.6;35.25;25.67;Right-Handed;Right-Handed;https://wtatennis.com/tournament/406/strasbourg/2019/scores/LS030;;;;;;;;;;;;;;;;;;;;;;;;;;;;
8/29;21/47;26/47;21/29;47/71;29/46;6/17;16/24;8/24;11/17;0;7;1/2;5/14;9/14;1/2;4;2;8;9;9;8;48/117;69/117;14/46;37/71;34/71;32/46;7/20;13/31;18/31;13/20;31/44;20/31;4/11;8/13;5/13;7/11;0;3;1/2;2/7;5/7;1/2;2;1;5;5;5;5;34/75;41/75;11/31;21/44;23/44;20/31;1/9;8/16;8/16;8/9;16/27;9/15;2/6;8/11;3/11;4/6;0;4;0/0;3/7;4/7;0/0;2;1;3;4;4;3;14/42;28/42;3/15;16/27;11/27;12/15;0;1;1.77;1.78;34.42;27.75;Right-Handed;Right-Handed;https://wtatennis.com/tournament/406/strasbourg/2019/scores/LS028;;;;;;;;;;;;;;;;;;;;;;;;;;;;
20/48;10/31;21/31;28/48;31/53;48/65;11/17;9/22;13/22;6/17;7;0;5/12;2/5;3/5;7/12;3;3;9;9;9;9;65/118;53/118;31/65;19/53;34/53;34/65;8/22;4/14;10/14;14/22;14/28;22/34;8/12;5/14;9/14;4/12;4;0;2/7;1/3;2/3;5/7;2;1;4;5;5;4;35/62;27/62;16/34;9/28;19/28;18/34;12/26;6/17;11/17;14/26;17/25;26/31;3/5;4/8;4/8;2/5;3;0;3/5;1/2;1/2;2/5;1;2;5;4;4;5;30/56;26/56;15/31;10/25;15/25;16/31;1;1;1.79;1.7;28.92;24.58;Right-Handed;Right-Handed;https://wtatennis.com/tournament/406/strasbourg/2019/scores/LS019;;;;;;;;;;;;;;;;;;;;;;;;;;;;
7/31;23/39;16/39;24/31;39/62;31/49;8/18;12/23;11/23;10/18;1;6;1/4;5/11;6/11;3/4;3;2;8;8;8;8;42/111;69/111;15/49;35/62;27/62;34/49;7/18;12/22;10/22;11/18;22/40;18/30;5/12;10/18;8/18;7/12;0;2;1/4;3/7;4/7;3/4;3;1;4;5;5;4;30/70;40/70;12/30;22/40;18/40;18/30;0/13;11/17;6/17;13/13;17/22;13/19;3/6;2/5;3/5;3/6;1;4;0/0;2/4;2/4;0/0;0;1;4;3;3;4;12/41;29/41;3/19;13/22;9/22;16/19;2;1;1.7;1.75;29.33;39.17;Right-Handed;Right-Handed;https://wtatennis.com/tournament/406/strasbourg/2019/scores/LS025;;;;;;;;;;;;;;;;;;;;;;;;;;;;
12/23;3/20;17/20;11/23;20/34;23/40;11/17;3/14;11/14;6/17;2;3;5/6;0/0;0/0;1/6;0;1;7;7;7;7;51/74;23/74;23/40;6/34;28/34;17/40;7/14;2/10;8/10;7/14;10/14;14/24;7/10;0/4;4/4;3/10;2;1;3/4;0/0;0/0;1/4;0;0;4;3;3;4;26/38;12/38;14/24;2/14;12/14;10/24;5/9;1/10;9/10;4/9;10/20;9/16;4/7;3/10;7/10;3/7;0;2;2/2;0/0;0/0;0/2;0;1;3;4;4;3;25/36;11/36;9/16;4/20;16/20;7/16;2;0;1.7;1.72;29.67;35.83;Right-Handed;Right-Handed;https://wtatennis.com/tournament/406/strasbourg/2019/scores/LS029;;;;;;;;;;;;;;;;;;;;;;;;;;;;
19/56;29/81;52/81;37/56;81/109;56/107;28/51;12/28;16/28;23/51;1;5;6/16;3/11;8/11;10/16;2;3;15;15;15;15;115/216;101/216;47/107;41/109;68/109;60/107;10/25;18/41;23/41;15/25;41/56;25/45;8/20;8/15;7/15;12/20;0;2;3/6;3/10;7/10;3/6;2;1;6;6;6;6;48/101;53/101;18/45;26/56;30/56;27/45;3/13;3/14;11/14;10/13;14/20;13/29;11/16;1/6;5/6;5/16;1;1;2/4;0/0;0/0;2/4;0;2;5;4;4;5;30/49;19/49;14/29;4/20;16/20;15/29;1;5;1.7;1.72;26.25;31.42;Right-Handed;Right-Handed;https://wtatennis.com/tournament/406/strasbourg/2019/scores/LS013;6/18;8/26;18/26;12/18;26/33;18/33;9/15;3/7;4/7;6/15;0.0;2.0;1/6;0/1;1/1;5/6;0.0;0.0;4.0;5.0;5.0;4.0;37/66;29/66;15/33;11/33;22/33;18/33
21/57;23/65;42/65;36/57;65/92;57/98;21/41;10/27;17/27;20/41;2;12;5/13;3/5;2/5;8/13;1;6;15;15;15;15;101/190;89/190;42/98;33/92;59/92;56/98;7/18;11/21;10/21;11/18;21/31;18/31;7/13;5/10;5/10;6/13;2;2;2/5;3/4;1/4;3/5;1;2;5;5;5;5;29/62;33/62;14/31;16/31;15/31;17/31;4/11;7/24;17/24;7/11;24/28;11/20;6/9;2/4;2/4;3/9;0;2;2/3;0/1;1/1;1/3;0;3;4;4;4;4;29/48;19/48;10/20;9/28;19/28;10/20;1;0;1.66;1.64;29.25;30.42;Right-Handed;Right-Handed;https://wtatennis.com/tournament/406/strasbourg/2019/scores/LS008;10/28;5/20;15/20;18/28;20/33;28/47;8/19;3/13;10/13;11/19;0.0;8.0;1/5;0/0;0/0;4/5;0.0;1.0;6.0;6.0;6.0;6.0;43/80;37/80;18/47;8/33;25/33;29/47
16/28;15/45;30/45;12/28;45/59;28/44;7/16;5/14;9/14;9/16;6;1;4/5;1/4;3/4;1/5;1;1;8;9;9;8;62/103;41/103;23/44;20/59;39/59;21/44;10/16;4/16;12/16;6/16;16/19;16/23;5/7;1/3;2/3;2/7;2;0;3/4;1/3;2/3;1/4;0;0;4;4;4;4;29/42;13/42;15/23;5/19;14/19;8/23;6/12;11/29;18/29;6/12;29/40;12/21;2/9;4/11;7/11;7/9;4;1;1/1;0/1;1/1;0/1;1;1;4;5;5;4;33/61;28/61;8/21;15/40;25/40;13/21;1;0;1.77;1.73;29.67;27.83;Right-Handed;Right-Handed;https://wtatennis.com/tournament/406/strasbourg/2019/scores/LS010;;;;;;;;;;;;;;;;;;;;;;;;;;;;
16/34;5/26;21/26;18/34;26/38;34/63;19/29;4/12;8/12;10/29;5;1;5/14;0/2;2/2;9/14;2;3;7;7;7;7;64/101;37/101;35/63;9/38;29/38;28/63;7/12;2/11;9/11;5/12;11/14;12/23;8/11;0/3;3/3;3/11;1;0;3/6;0/0;0/0;3/6;0;2;3;3;3;3;27/37;10/37;15/23;2/14;12/14;8/23;9/22;3/15;12/15;13/22;15/24;22/40;11/18;4/9;5/9;7/18;4;1;2/8;0/2;2/2;6/8;2;1;4;4;4;4;37/64;27/64;20/40;7/24;17/24;20/40;2;0;1.75;1.75;23.08;39.17;Right-Handed;Right-Handed;https://wtatennis.com/tournament/406/strasbourg/2019/scores/LS012;;;;;;;;;;;;;;;;;;;;;;;;;;;;
6/32;12/32;20/32;26/32;32/51;32/53;8/21;10/19;9/19;13/21;2;1;0/0;3/5;2/5;0/0;4;1;9;8;8;9;43/104;61/104;14/53;22/51;29/51;39/53;2/17;5/15;10/15;15/17;15/23;17/27;4/10;4/8;4/8;6/10;1;1;0/0;1/1;0/1;0/0;2;0;5;4;4;5;20/50;30/50;6/27;9/23;14/23;21/27;4/15;7/17;10/17;11/15;17/28;15/26;4/11;6/11;5/11;7/11;1;0;0/0;2/4;2/4;0/0;2;1;4;4;4;4;23/54;31/54;8/26;13/28;15/28;18/26;0;1;1.78;1.7;27.75;29.67;Right-Handed;Right-Handed;https://wtatennis.com/tournament/406/strasbourg/2019/scores/LS014;;;;;;;;;;;;;;;;;;;;;;;;;;;;
15/42;16/34;18/34;27/42;34/55;42/62;10/20;14/21;7/21;10/20;1;0;3/3;5/10;5/10;0/3;3;6;10;9;9;10;50/117;67/117;25/62;30/55;25/55;37/62;13/25;9/14;5/14;12/25;14/23;25/37;7/12;7/9;2/9;5/12;0;0;3/3;4/6;2/6;0/3;2;5;5;5;5;5;27/60;33/60;20/37;16/23;7/23;17/37;2/17;7/20;13/20;15/17;20/32;17/25;3/8;7/12;5/12;5/8;1;0;0/0;1/4;3/4;0/0;1;1;5;4;4;5;23/57;34/57;5/25;14/32;18/32;20/25;0;2;1.68;1.82;35.25;25.08;Right-Handed;Right-Handed;https://wtatennis.com/tournament/406/strasbourg/2019/scores/LS015;;;;;;;;;;;;;;;;;;;;;;;;;;;;
27/48;7/27;20/27;21/48;27/42;48/63;8/15;7/15;8/15;7/15;0;0;6/11;2/3;1/3;5/11;2;0;8;8;8;8;63/105;42/105;35/63;14/42;28/42;28/63;16/28;5/16;11/16;12/28;16/26;28/38;5/10;5/10;5/10;5/10;0;0;3/7;2/3;1/3;4/7;2;0;4;5;5;4;37/64;27/64;21/38;10/26;16/26;17/38;11/20;2/11;9/11;9/20;11/16;20/25;3/5;2/5;3/5;2/5;0;0;3/4;0/0;0/0;1/4;0;0;4;3;3;4;26/41;15/41;14/25;4/16;12/16;11/25;2;0;1.75;1.7;20.92;29.33;Right-Handed;Right-Handed;https://wtatennis.com/tournament/406/strasbourg/2019/scores/LS011;;;;;;;;;;;;;;;;;;;;;;;;;;;;
6/31;18/44;26/44;25/31;44/60;31/49;7/18;12/16;4/16;11/18;0;7;1/2;4/9;5/9;1/2;2;5;9;9;9;9;43/109;66/109;13/49;30/60;30/60;36/49;4/18;7/20;13/20;14/18;20/27;18/26;1/8;4/7;3/7;7/8;0;3;0/0;1/4;3/4;0/0;0;0;5;4;4;5;21/53;32/53;5/26;11/27;16/27;21/26;2/13;11/24;13/24;11/13;24/33;13/23;6/10;8/9;1/9;4/10;0;4;1/2;3/5;2/5;1/2;2;5;4;5;5;4;22/56;34/56;8/23;19/33;14/33;15/23;0;1;1.72;1.79;33.0;28.92;Left-Handed;Right-Handed;https://wtatennis.com/tournament/406/strasbourg/2019/scores/LS009;;;;;;;;;;;;;;;;;;;;;;;;;;;;
34/79;21/51;30/51;45/79;51/96;79/101;10/22;27/45;18/45;12/22;7;4;4/16;6/12;6/12;12/16;9;3;12;12;12;12;92/197;105/197;44/101;48/96;48/96;57/101;16/42;7/21;14/21;26/42;21/42;42/50;3/8;12/21;9/21;5/8;3;2;1/7;2/3;1/3;6/7;5;2;6;6;6;6;42/92;50/92;19/50;19/42;23/42;31/50;18/37;14/30;16/30;19/37;30/54;37/51;7/14;15/24;9/24;7/14;4;2;3/9;4/9;5/9;6/9;4;1;6;6;6;6;50/105;55/105;25/51;29/54;25/54;26/51;0;1;;1.66;30.83;29.25;Right-Handed;Right-Handed;https://wtatennis.com/tournament/406/strasbourg/2019/scores/LS016;;;;;;;;;;;;;;;;;;;;;;;;;;;;
21/51;19/54;35/54;30/51;54/88;51/91;19/40;14/34;20/34;21/40;5;6;5/8;4/6;2/6;3/8;1;7;14;15;15;14;95/179;84/179;40/91;33/88;55/88;51/91;7/22;2/11;9/11;15/22;11/23;22/37;6/15;3/12;9/12;9/15;1;3;0/1;1/1;0/1;1/1;0;3;5;5;5;5;31/60;29/60;13/37;5/23;18/23;24/37;7/12;9/18;9/18;5/12;18/28;12/24;7/12;4/10;6/10;5/12;1;1;3/3;2/4;2/4;0/3;0;4;5;5;5;5;29/52;23/52;14/24;13/28;15/28;10/24;2;1;1.77;1.75;29.67;30.67;Right-Handed;Right-Handed;https://wtatennis.com/tournament/406/strasbourg/2019/scores/LS020;7/17;8/25;17/25;10/17;25/37;17/30;6/13;7/12;5/12;7/13;3.0;2.0;2/4;1/1;0/1;2/4;1.0;0.0;4.0;5.0;5.0;4.0;35/67;32/67;13/30;15/37;22/37;17/30
16/51;30/67;37/67;35/51;67/101;51/67;10/16;23/34;11/34;6/16;4;9;4/7;7/14;7/14;3/7;5;5;12;12;12;12;74/168;94/168;26/67;53/101;48/101;41/67;4/20;6/15;9/15;16/20;15/21;20/25;3/5;5/6;1/6;2/5;0;4;0/2;2/2;0/2;2/2;1;1;4;3;3;4;17/46;29/46;7/25;11/21;10/21;18/25;9/17;11/27;16/27;8/17;27/48;17/23;5/6;12/21;9/21;1/6;2;0;3/4;2/6;4/6;1/4;3;2;4;5;5;4;39/71;32/71;14/23;23/48;25/48;9/23;1;1;1.7;1.82;29.67;25.08;Right-Handed;Right-Handed;https://wtatennis.com/tournament/406/strasbourg/2019/scores/LS007;3/14;13/25;12/25;11/14;25/32;14/19;2/5;6/7;1/7;3/5;2.0;5.0;1/1;3/6;3/6;0/1;1.0;2.0;4.0;4.0;4.0;4.0;18/51;33/51;5/19;19/32;13/32;14/19
18/43;14/49;35/49;25/43;49/85;43/81;19/38;18/36;18/36;19/38;4;7;5/8;3/11;8/11;3/8;2;4;13;13;13;13;90/166;76/166;37/81;32/85;53/85;44/81;4/14;8/15;7/15;10/14;15/27;14/32;8/18;5/12;7/12;10/18;1;4;1/3;2/4;2/4;2/3;1;2;5;4;4;5;26/59;33/59;12/32;13/27;14/27;20/32;7/13;4/19;15/19;6/13;19/26;13/26;7/13;4/7;3/7;6/13;2;1;2/3;1/1;0/1;1/3;1;1;4;5;5;4;32/52;20/52;14/26;8/26;18/26;12/26;2;0;1.77;1.75;29.67;20.92;Right-Handed;Right-Handed;https://wtatennis.com/tournament/406/strasbourg/2019/scores/LS005;7/16;2/15;13/15;9/16;15/32;16/23;4/7;9/17;8/17;3/7;1.0;2.0;2/2;0/6;6/6;0/2;0.0;1.0;4.0;4.0;4.0;4.0;32/55;23/55;11/23;11/32;21/32;12/23
17/34;8/31;23/31;17/34;31/53;34/52;13/18;12/22;10/22;5/18;8;0;6/11;2/9;7/9;5/11;7;1;8;8;8;8;63/105;42/105;30/52;20/53;33/53;22/52;12/19;2/9;7/9;7/19;9/18;19/28;7/9;5/9;4/9;2/9;2;0;4/7;1/3;2/3;3/7;5;0;4;3;3;4;30/46;16/46;19/28;7/18;11/18;9/28;5/15;6/22;16/22;10/15;22/35;15/24;6/9;7/13;6/13;3/9;6;0;2/4;1/6;5/6;2/4;2;1;4;5;5;4;33/59;26/59;11/24;13/35;22/35;13/24;1;0;1.75;1.7;23.08;26.25;Right-Handed;Right-Handed;https://wtatennis.com/tournament/406/strasbourg/2019/scores/LS006;;;;;;;;;;;;;;;;;;;;;;;;;;;;
8/48;17/44;27/44;40/48;44/59;48/83;20/35;4/15;11/15;15/35;1;12;1/6;2/7;5/7;5/6;2;5;11;10;10;11;66/142;76/142;28/83;21/59;38/59;55/83;0/14;6/17;11/17;14/14;17/26;14/27;6/13;3/9;6/9;7/13;0;3;0/0;1/6;5/6;0/0;2;1;5;4;4;5;23/53;30/53;6/27;9/26;17/26;21/27;8/34;11/27;16/27;26/34;27/33;34/56;14/22;1/6;5/6;8/22;1;9;1/6;1/1;0/1;5/6;0;4;6;6;6;6;43/89;46/89;22/56;12/33;21/33;34/56;0;1;1.66;1.79;29.25;28.92;Right-Handed;Right-Handed;https://wtatennis.com/tournament/406/strasbourg/2019/scores/LS004;;;;;;;;;;;;;;;;;;;;;;;;;;;;
9/44;11/34;23/34;35/44;34/51;44/57;5/13;8/17;9/17;8/13;3;11;0/0;2/5;3/5;0/0;4;3;10;9;9;10;46/108;62/108;14/57;19/51;32/51;43/57;8/27;6/16;10/16;19/27;16/27;27/33;2/6;5/11;6/11;4/6;1;6;0/0;1/4;3/4;0/0;3;1;5;4;4;5;26/60;34/60;10/33;11/27;16/27;23/33;1/17;5/18;13/18;16/17;18/24;17/24;3/7;3/6;3/6;4/7;2;5;0/0;1/1;0/1;0/0;1;2;5;5;5;5;20/48;28/48;4/24;8/24;16/24;20/24;1;4;1.79;1.77;28.92;29.67;Right-Handed;Right-Handed;https://wtatennis.com/tournament/406/strasbourg/2019/scores/LS002;;;;;;;;;;;;;;;;;;;;;;;;;;;;
14/47;12/43;31/43;33/47;43/67;47/69;16/22;12/24;12/24;6/22;2;5;3/9;1/3;2/3;6/9;2;9;10;10;10;10;73/136;63/136;30/69;24/67;43/67;39/69;7/24;8/23;15/23;17/24;23/41;24/32;8/8;10/18;8/18;0/8;1;2;2/4;1/3;2/3;2/4;1;4;5;5;5;5;38/73;35/73;15/32;18/41;23/41;17/32;7/23;4/20;16/20;16/23;20/26;23/37;8/14;2/6;4/6;6/14;1;3;1/5;0/0;0/0;4/5;1;5;5;5;5;5;35/63;28/63;15/37;6/26;20/26;22/37;3;0;1.75;1.82;23.08;25.08;Right-Handed;Right-Handed;https://wtatennis.com/tournament/406/strasbourg/2019/scores/LS003;;;;;;;;;;;;;;;;;;;;;;;;;;;;
28/66;32/78;46/78;38/66;78/128;66/112;19/46;29/50;21/50;27/46;4;5;6/15;6/16;10/16;9/15;7;10;17;17;17;17;114/240;126/240;47/112;61/128;67/128;65/112;7/14;11/16;5/16;7/14;16/25;14/26;7/12;7/9;2/9;5/12;0;0;3/4;4/4;0/4;1/4;1;4;5;5;5;5;21/51;30/51;14/26;18/25;7/25;12/26;9/23;9/26;17/26;14/23;26/47;23/43;10/20;11/21;10/21;10/20;2;3;2/9;1/5;4/5;7/9;5;6;6;6;6;6;46/90;44/90;19/43;20/47;27/47;24/43;1;2;1.77;1.75;29.67;23.08;Right-Handed;Right-Handed;https://wtatennis.com/tournament/406/strasbourg/2019/scores/LS001;12/29;12/36;24/36;17/29;36/56;29/43;2/14;11/20;9/20;12/14;2.0;2.0;1/2;1/7;6/7;1/2;1.0;0.0;6.0;6.0;6.0;6.0;47/99;52/99;14/43;23/56;33/56;29/43
6/27;15/20;5/20;21/27;20/30;27/37;5/10;9/10;1/10;5/10;0;4;1/2;6/7;1/7;1/2;2;1;7;6;6;7;17/67;50/67;11/37;24/30;6/30;26/37;1/11;7/9;2/9;10/11;9/14;11/14;1/3;5/5;0/5;2/3;0;2;0/0;3/3;0/3;0/0;1;0;3;3;3;3;4/28;24/28;2/14;12/14;2/14;12/14;5/16;8/11;3/11;11/16;11/16;16/23;4/7;4/5;1/5;3/7;0;2;1/2;3/4;1/4;1/2;1;1;4;3;3;4;13/39;26/39;9/23;12/16;4/16;14/23;0;3;1.73;1.82;29.58;25.33;Right-Handed;Right-Handed;https://wtatennis.com/tournament/406/strasbourg/2019/scores/LS031;;;;;;;;;;;;;;;;;;;;;;;;;;;;
