statut;duration;stage;url_match_stats;player_1_name;player_1_set_1;player_1_set_1_tiebreak;player_1_set_2;player_1_set_2_tiebreak;player_1_set_3;player_1_set_3_tiebreak;player_2_name;player_2_set_1;player_2_set_1_tiebreak;player_2_set_2;player_2_set_2_tiebreak;player_2_set_3;player_2_set_3_tiebreak;scores_link
Completed;1:00;Qualifying;https://wtatennis.com/tournament/406/strasbourg/2019/scores/RS016;A.Sharma;6;;6;;-;;R.Jani;2;;1;;-;;https://www.wtatennis.com/tournament/406/strasbourg/2019/scores
Completed;1:25;Qualifying;https://wtatennis.com/tournament/406/strasbourg/2019/scores/RS024;S.Ma;5;;2;;-;;M.Kostyuk;7;;6;;-;;https://www.wtatennis.com/tournament/406/strasbourg/2019/scores
Completed;2:27;Qualifying;https://wtatennis.com/tournament/406/strasbourg/2019/scores/RS017;M.Sanchez;4;;6;;6;;A.Cadantu;6;;0;;3;;https://www.wtatennis.com/tournament/406/strasbourg/2019/scores
Completed;0:44;Qualifying;https://wtatennis.com/tournament/406/strasbourg/2019/scores/RS018;L.Siegemund;6;;6;;-;;A.Gamiz;0;;1;;-;;https://www.wtatennis.com/tournament/406/strasbourg/2019/scores
Completed;2:23;Qualifying;https://wtatennis.com/tournament/406/strasbourg/2019/scores/RS025;A.Myers;6;7;6;;3;;J.Cristian;7;;4;;6;;https://www.wtatennis.com/tournament/406/strasbourg/2019/scores
Completed;1:30;Qualifying;https://wtatennis.com/tournament/406/strasbourg/2019/scores/RS023;M.Benoit;6;;6;;-;;E.Perez;4;;4;;-;;https://www.wtatennis.com/tournament/406/strasbourg/2019/scores
Completed;0:53;Qualifying;https://wtatennis.com/tournament/406/strasbourg/2019/scores/RS019;V.Strakhova;6;;6;;-;;J.Loeb;1;;1;;-;;https://www.wtatennis.com/tournament/406/strasbourg/2019/scores
Completed;2:24;Qualifying;https://wtatennis.com/tournament/406/strasbourg/2019/scores/RS026;S.Karatantcheva;4;;7;;4;;D.Parry;6;;5;;6;;https://www.wtatennis.com/tournament/406/strasbourg/2019/scores
Completed;1:21;Qualifying;https://wtatennis.com/tournament/406/strasbourg/2019/scores/RS027;K.Piter;5;;1;;-;;R.Zarazua;7;;6;;-;;https://www.wtatennis.com/tournament/406/strasbourg/2019/scores
Completed;0:58;Qualifying;https://wtatennis.com/tournament/406/strasbourg/2019/scores/RS022;E.Ramirez;0;;1;;-;;E.Dartron;6;;6;;-;;https://www.wtatennis.com/tournament/406/strasbourg/2019/scores
Completed;2:05;Qualifying;https://wtatennis.com/tournament/406/strasbourg/2019/scores/RS020;X.Han;6;;3;;6;;E.Hozumi;4;;6;;1;;https://www.wtatennis.com/tournament/406/strasbourg/2019/scores
Completed;1:00;Qualifying;https://wtatennis.com/tournament/406/strasbourg/2019/scores/RS021;A.Albie;3;;1;;-;;D.Marcinkevica;6;;6;;-;;https://www.wtatennis.com/tournament/406/strasbourg/2019/scores
Completed;1:11;Qualifying;https://wtatennis.com/tournament/406/strasbourg/2019/scores/RS010;X.Han;6;;6;;-;;D.Marcinkevica;2;;2;;-;;https://www.wtatennis.com/tournament/406/strasbourg/2019/scores
Completed;1:38;Qualifying;https://wtatennis.com/tournament/406/strasbourg/2019/scores/RS009;L.Siegemund;1;;6;;6;;V.Strakhova;6;;1;;0;;https://www.wtatennis.com/tournament/406/strasbourg/2019/scores
Completed;1:02;Qualifying;https://wtatennis.com/tournament/406/strasbourg/2019/scores/RS012;M.Kostyuk;6;;6;;-;;J.Cristian;1;;2;;-;;https://www.wtatennis.com/tournament/406/strasbourg/2019/scores
Completed;1:30;Qualifying;https://wtatennis.com/tournament/406/strasbourg/2019/scores/RS008;A.Sharma;6;;6;;-;;M.Sanchez;3;;2;;-;;https://www.wtatennis.com/tournament/406/strasbourg/2019/scores
Completed;1:39;Qualifying;https://wtatennis.com/tournament/406/strasbourg/2019/scores/RS011;E.Dartron;2;;6;4;-;;M.Benoit;6;;7;;-;;https://www.wtatennis.com/tournament/406/strasbourg/2019/scores
Completed;2:17;Qualifying;https://wtatennis.com/tournament/406/strasbourg/2019/scores/RS013;D.Parry;2;;6;;2;;R.Zarazua;6;;3;;6;;https://www.wtatennis.com/tournament/406/strasbourg/2019/scores
Completed;0:47;Round of 32;https://wtatennis.com/tournament/406/strasbourg/2019/scores/LS031;L.Zhu;0;;1;;-;;A.Sabalenka;6;;6;;-;;https://www.wtatennis.com/tournament/406/strasbourg/2019/scores
Completed;2:08;Round of 32;https://wtatennis.com/tournament/406/strasbourg/2019/scores/LS023;H.Tan;6;4;6;5;-;;S.Zheng;7;;7;;-;;https://www.wtatennis.com/tournament/406/strasbourg/2019/scores
Completed;1:08;Round of 32;https://wtatennis.com/tournament/406/strasbourg/2019/scores/LS026;F.Ferro;6;;6;;-;;L.Kumkhum;3;;1;;-;;https://www.wtatennis.com/tournament/406/strasbourg/2019/scores
Completed;2:12;Round of 32;https://wtatennis.com/tournament/406/strasbourg/2019/scores/LS021;M.Linette;7;;1;;3;;R.Peterson;6;0;6;;6;;https://www.wtatennis.com/tournament/406/strasbourg/2019/scores
Completed;1:16;Round of 32;https://wtatennis.com/tournament/406/strasbourg/2019/scores/LS027;J.Brady;4;;3;;-;;Q.Wang;6;;6;;-;;https://www.wtatennis.com/tournament/406/strasbourg/2019/scores
Completed;1:21;Round of 32;https://wtatennis.com/tournament/406/strasbourg/2019/scores/LS022;M.Benoit;4;;1;;-;;M.Kostyuk;6;;6;;-;;https://www.wtatennis.com/tournament/406/strasbourg/2019/scores
Completed;1:27;Round of 32;https://wtatennis.com/tournament/406/strasbourg/2019/scores/LS017;A.Hesse;6;;6;;-;;Y.Wang;1;;4;;-;;https://www.wtatennis.com/tournament/406/strasbourg/2019/scores
Completed;1:12;Round of 32;https://wtatennis.com/tournament/406/strasbourg/2019/scores/LS018;X.Han;6;;6;;-;;A.Schmiedlova;0;;2;;-;;https://www.wtatennis.com/tournament/406/strasbourg/2019/scores
Completed;1:19;Round of 32;https://wtatennis.com/tournament/406/strasbourg/2019/scores/LS024;D.Yastremska;6;;6;;-;;P.Parmentier;2;;4;;-;;https://www.wtatennis.com/tournament/406/strasbourg/2019/scores
Completed;1:43;Round of 32;https://wtatennis.com/tournament/406/strasbourg/2019/scores/LS030;L.Siegemund;6;;7;;-;;R.Zarazua;4;;6;5;-;;https://www.wtatennis.com/tournament/406/strasbourg/2019/scores
Completed;1:15;Round of 32;https://wtatennis.com/tournament/406/strasbourg/2019/scores/LS028;S.Zhang;4;;1;;-;;A.Sharma;6;;6;;-;;https://www.wtatennis.com/tournament/406/strasbourg/2019/scores
Completed;1:19;Round of 32;https://wtatennis.com/tournament/406/strasbourg/2019/scores/LS019;C.Paquet;6;;6;;-;;S.Kenin;3;;3;;-;;https://www.wtatennis.com/tournament/406/strasbourg/2019/scores
Completed;1:09;Round of 32;https://wtatennis.com/tournament/406/strasbourg/2019/scores/LS025;J.Pegula;3;;1;;-;;S.Stosur;6;;6;;-;;https://www.wtatennis.com/tournament/406/strasbourg/2019/scores
Completed;0:48;Round of 32;https://wtatennis.com/tournament/406/strasbourg/2019/scores/LS029;M.Puig;6;;6;;-;;T.Maria;1;;1;;-;;https://www.wtatennis.com/tournament/406/strasbourg/2019/scores
Completed;2:33;Round of 16;https://wtatennis.com/tournament/406/strasbourg/2019/scores/LS013;F.Ferro;6;4;6;;6;;Q.Wang;7;;3;;3;;https://www.wtatennis.com/tournament/406/strasbourg/2019/scores
Completed;2:15;Round of 16;https://wtatennis.com/tournament/406/strasbourg/2019/scores/LS008;D.Gavrilova;4;;6;;7;;A.Hesse;6;;2;;5;;https://www.wtatennis.com/tournament/406/strasbourg/2019/scores
Completed;1:19;Round of 16;https://wtatennis.com/tournament/406/strasbourg/2019/scores/LS010;C.Garcia;6;;6;;-;;R.Peterson;2;;3;;-;;https://www.wtatennis.com/tournament/406/strasbourg/2019/scores
Completed;1:05;Round of 16;https://wtatennis.com/tournament/406/strasbourg/2019/scores/LS012;D.Yastremska;6;;6;;-;;S.Stosur;0;;2;;-;;https://www.wtatennis.com/tournament/406/strasbourg/2019/scores
Completed;1:13;Round of 16;https://wtatennis.com/tournament/406/strasbourg/2019/scores/LS014;A.Sharma;3;;2;;-;;M.Puig;6;;6;;-;;https://www.wtatennis.com/tournament/406/strasbourg/2019/scores
Completed;1:28;Round of 16;https://wtatennis.com/tournament/406/strasbourg/2019/scores/LS015;L.Siegemund;4;;3;;-;;A.Sabalenka;6;;6;;-;;https://www.wtatennis.com/tournament/406/strasbourg/2019/scores
Completed;1:13;Round of 16;https://wtatennis.com/tournament/406/strasbourg/2019/scores/LS011;M.Kostyuk;6;;6;;-;;S.Zheng;3;;1;;-;;https://www.wtatennis.com/tournament/406/strasbourg/2019/scores
Completed;1:16;Round of 16;https://wtatennis.com/tournament/406/strasbourg/2019/scores/LS009;X.Han;3;;3;;-;;C.Paquet;6;;6;;-;;https://www.wtatennis.com/tournament/406/strasbourg/2019/scores
Completed;2:00;Round of 32;https://wtatennis.com/tournament/406/strasbourg/2019/scores/LS016;D.Marcinkevica;5;;5;;-;;D.Gavrilova;7;;7;;-;;https://www.wtatennis.com/tournament/406/strasbourg/2019/scores
Completed;2:19;Round of 32;https://wtatennis.com/tournament/406/strasbourg/2019/scores/LS020;C.Garcia;4;;6;;6;;S.Rogers;6;;4;;3;;https://www.wtatennis.com/tournament/406/strasbourg/2019/scores
Completed;1:48;Quarterfinal;https://wtatennis.com/tournament/406/strasbourg/2019/scores/LS007;M.Puig;1;;6;;2;;A.Sabalenka;6;;3;;6;;https://www.wtatennis.com/tournament/406/strasbourg/2019/scores
Completed;1:58;Quarterfinal;https://wtatennis.com/tournament/406/strasbourg/2019/scores/LS005;C.Garcia;3;;6;;6;;M.Kostyuk;6;;3;;2;;https://www.wtatennis.com/tournament/406/strasbourg/2019/scores
Completed;1:03;Quarterfinal;https://wtatennis.com/tournament/406/strasbourg/2019/scores/LS006;D.Yastremska;6;;6;;-;;F.Ferro;1;;3;;-;;https://www.wtatennis.com/tournament/406/strasbourg/2019/scores
Completed;1:42;Quarterfinal;https://wtatennis.com/tournament/406/strasbourg/2019/scores/LS004;D.Gavrilova;3;;6;1;-;;C.Paquet;6;;7;;-;;https://www.wtatennis.com/tournament/406/strasbourg/2019/scores
Completed;1:13;Semifinal;https://wtatennis.com/tournament/406/strasbourg/2019/scores/LS002;C.Paquet;3;;4;;-;;C.Garcia;6;;6;;-;;https://www.wtatennis.com/tournament/406/strasbourg/2019/scores
Completed;1:25;Semifinal;https://wtatennis.com/tournament/406/strasbourg/2019/scores/LS003;D.Yastremska;6;;6;;-;;A.Sabalenka;4;;4;;-;;https://www.wtatennis.com/tournament/406/strasbourg/2019/scores
Completed;2:58;Final;https://wtatennis.com/tournament/406/strasbourg/2019/scores/LS001;C.Garcia;4;;7;;6;3;D.Yastremska;6;;5;;7;;https://www.wtatennis.com/tournament/406/strasbourg/2019/scores
