statut;duration;stage;url_match_stats;player_1_name;player_1_set_1;player_1_set_1_tiebreak;player_1_set_2;player_1_set_2_tiebreak;player_1_set_3;player_1_set_3_tiebreak;player_2_name;player_2_set_1;player_2_set_1_tiebreak;player_2_set_2;player_2_set_2_tiebreak;player_2_set_3;player_2_set_3_tiebreak;scores_link
Completed;1:12;Qualifying;https://wtatennis.com/tournament/1038/madrid/2018/scores/RS031;P.Badosa Gibert;2;;4;;-;;N.Vikhlyantseva;6;;6;;-;;https://www.wtatennis.com/tournament/1038/madrid/2018/scores
Completed;1:57;Qualifying;https://wtatennis.com/tournament/1038/madrid/2018/scores/RS024;B.Haddad Maia;4;;6;5;-;;S.Errani;6;;7;;-;;https://www.wtatennis.com/tournament/1038/madrid/2018/scores
Completed;1:58;Qualifying;https://wtatennis.com/tournament/1038/madrid/2018/scores/RS020;B.Mattek-Sands;4;;7;;6;;C.Dolehide;6;;6;1;1;;https://www.wtatennis.com/tournament/1038/madrid/2018/scores
Completed;0:54;Qualifying;https://wtatennis.com/tournament/1038/madrid/2018/scores/RS029;I.Bara;1;;2;;-;;K.Pliskova;6;;6;;-;;https://www.wtatennis.com/tournament/1038/madrid/2018/scores
Completed;1:17;Qualifying;https://wtatennis.com/tournament/1038/madrid/2018/scores/RS017;S.Aoyama;3;;3;;-;;J.Larsson;6;;6;;-;;https://www.wtatennis.com/tournament/1038/madrid/2018/scores
Completed;1:50;Qualifying;https://wtatennis.com/tournament/1038/madrid/2018/scores/RS025;C.Mchale;6;8;2;;-;;K.Flipkens;7;;6;;-;;https://www.wtatennis.com/tournament/1038/madrid/2018/scores
Completed;0:55;Qualifying;https://wtatennis.com/tournament/1038/madrid/2018/scores/RS022;P.Hercog;2;;0;;-;;B.Pera;6;;6;;-;;https://www.wtatennis.com/tournament/1038/madrid/2018/scores
Completed;1:47;Qualifying;https://wtatennis.com/tournament/1038/madrid/2018/scores/RS023;B.Krejcikova;6;;4;;2;;S.Vickery;2;;6;;6;;https://www.wtatennis.com/tournament/1038/madrid/2018/scores
Completed;2:07;Qualifying;https://wtatennis.com/tournament/1038/madrid/2018/scores/RS019;O.Danilovic;3;;7;;6;;K.Bondarenko;6;;6;2;2;;https://www.wtatennis.com/tournament/1038/madrid/2018/scores
Completed;0:50;Qualifying;https://wtatennis.com/tournament/1038/madrid/2018/scores/RS026;M.Barthel;6;;6;;-;;A.Kudryavtseva;3;;1;;-;;https://www.wtatennis.com/tournament/1038/madrid/2018/scores
Completed;2:52;Qualifying;https://wtatennis.com/tournament/1038/madrid/2018/scores/RS016;D.Collins;7;;3;;7;;A.Riske;6;2;6;;6;3;https://www.wtatennis.com/tournament/1038/madrid/2018/scores
Completed;1:45;Qualifying;https://wtatennis.com/tournament/1038/madrid/2018/scores/RS028;A.Bogdan;6;;4;;6;;M.Kato;1;;6;;0;;https://www.wtatennis.com/tournament/1038/madrid/2018/scores
Completed;1:28;Qualifying;https://wtatennis.com/tournament/1038/madrid/2018/scores/RS018;A.Sabalenka;6;;7;;-;;C.Martinez Cirez;1;;6;5;-;;https://www.wtatennis.com/tournament/1038/madrid/2018/scores
Completed;1:16;Qualifying;https://wtatennis.com/tournament/1038/madrid/2018/scores/RS030;M.Linette;6;;6;;-;;S.Kenin;3;;4;;-;;https://www.wtatennis.com/tournament/1038/madrid/2018/scores
Completed;1:20;Qualifying;https://wtatennis.com/tournament/1038/madrid/2018/scores/RS027;S.Soler-Espinosa;6;;6;;-;;J.Brady;2;;4;;-;;https://www.wtatennis.com/tournament/1038/madrid/2018/scores
Completed;1:29;Qualifying;https://wtatennis.com/tournament/1038/madrid/2018/scores/RS021;G.Dabrowski;3;;5;;-;;A.Schmiedlova;6;;7;;-;;https://www.wtatennis.com/tournament/1038/madrid/2018/scores
Completed;3:08;Qualifying;https://wtatennis.com/tournament/1038/madrid/2018/scores/RS015;M.Linette;5;;7;;6;2;N.Vikhlyantseva;7;;6;8;7;;https://www.wtatennis.com/tournament/1038/madrid/2018/scores
Completed;1:53;Qualifying;https://wtatennis.com/tournament/1038/madrid/2018/scores/RS012;S.Errani;5;;6;;6;;K.Flipkens;7;;1;;0;;https://www.wtatennis.com/tournament/1038/madrid/2018/scores
Completed;2:20;Qualifying;https://wtatennis.com/tournament/1038/madrid/2018/scores/RS010;B.Mattek-Sands;6;;2;;5;;A.Schmiedlova;4;;6;;7;;https://www.wtatennis.com/tournament/1038/madrid/2018/scores
Completed;2:01;Qualifying;https://wtatennis.com/tournament/1038/madrid/2018/scores/RS014;A.Bogdan;6;;5;;2;;K.Pliskova;3;;7;;6;;https://www.wtatennis.com/tournament/1038/madrid/2018/scores
Completed;1:05;Qualifying;https://wtatennis.com/tournament/1038/madrid/2018/scores/RS008;D.Collins;6;;6;;-;;J.Larsson;3;;1;;-;;https://www.wtatennis.com/tournament/1038/madrid/2018/scores
Completed;1:11;Qualifying;https://wtatennis.com/tournament/1038/madrid/2018/scores/RS011;B.Pera;6;;6;;-;;S.Vickery;4;;4;;-;;https://www.wtatennis.com/tournament/1038/madrid/2018/scores
Completed;0:46;Qualifying;https://wtatennis.com/tournament/1038/madrid/2018/scores/RS013;M.Barthel;2;;0;;-;;S.Soler-Espinosa;6;;2;;-;;https://www.wtatennis.com/tournament/1038/madrid/2018/scores
Completed;1:04;Qualifying;https://wtatennis.com/tournament/1038/madrid/2018/scores/RS009;A.Sabalenka;6;;6;;-;;O.Danilovic;4;;2;;-;;https://www.wtatennis.com/tournament/1038/madrid/2018/scores
Completed;1:24;Round of 64;https://wtatennis.com/tournament/1038/madrid/2018/scores/LS056;J.Ostapenko;3;;3;;-;;I.Begu;6;;6;;-;;https://www.wtatennis.com/tournament/1038/madrid/2018/scores
Completed;1:54;Round of 64;https://wtatennis.com/tournament/1038/madrid/2018/scores/LS047;A.Kontaveit;3;;6;;6;;V.Williams;6;;3;;2;;https://www.wtatennis.com/tournament/1038/madrid/2018/scores
Completed;1:27;Round of 64;https://wtatennis.com/tournament/1038/madrid/2018/scores/LS059;K.Mladenovic;7;;6;;-;;C.Vandeweghe;5;;0;;-;;https://www.wtatennis.com/tournament/1038/madrid/2018/scores
Completed;1:57;Round of 64;https://wtatennis.com/tournament/1038/madrid/2018/scores/LS043;Q.Wang;5;;6;6;-;;D.Kasatkina;7;;7;;-;;https://www.wtatennis.com/tournament/1038/madrid/2018/scores
Completed;1:26;Round of 64;https://wtatennis.com/tournament/1038/madrid/2018/scores/LS039;E.Vesnina;4;;2;;-;;K.Pliskova;6;;6;;-;;https://www.wtatennis.com/tournament/1038/madrid/2018/scores
Completed;1:18;Round of 64;https://wtatennis.com/tournament/1038/madrid/2018/scores/LS051;T.Babos;2;;4;;-;;J.Goerges;6;;6;;-;;https://www.wtatennis.com/tournament/1038/madrid/2018/scores
Completed;1:40;Round of 64;https://wtatennis.com/tournament/1038/madrid/2018/scores/LS050;M.Kostyuk;3;;6;;2;;L.Arruabarrena;6;;4;;6;;https://www.wtatennis.com/tournament/1038/madrid/2018/scores
Completed;1:26;Round of 64;https://wtatennis.com/tournament/1038/madrid/2018/scores/LS061;K.Bertens;6;;6;;-;;M.Sakkari;4;;4;;-;;https://www.wtatennis.com/tournament/1038/madrid/2018/scores
Completed;1:17;Round of 64;https://wtatennis.com/tournament/1038/madrid/2018/scores/LS049;P.Martic;6;;6;;-;;S.Kuznetsova;4;;2;;-;;https://www.wtatennis.com/tournament/1038/madrid/2018/scores
Completed;1:40;Round of 64;https://wtatennis.com/tournament/1038/madrid/2018/scores/LS048;C.Garcia;6;;7;;-;;D.Cibulkova;1;;5;;-;;https://www.wtatennis.com/tournament/1038/madrid/2018/scores
Completed;1:11;Round of 64;https://wtatennis.com/tournament/1038/madrid/2018/scores/LS055;A.Cornet;2;;2;;-;;E.Svitolina;6;;6;;-;;https://www.wtatennis.com/tournament/1038/madrid/2018/scores
Completed;1:59;Round of 64;https://wtatennis.com/tournament/1038/madrid/2018/scores/LS052;M.Rybarikova;3;;5;;-;;J.Konta;6;;7;;-;;https://www.wtatennis.com/tournament/1038/madrid/2018/scores
Completed;1:32;Round of 64;https://wtatennis.com/tournament/1038/madrid/2018/scores/LS033;A.Van Uytvanck;4;;4;;-;;E.Mertens;6;;6;;-;;https://www.wtatennis.com/tournament/1038/madrid/2018/scores
Completed;1:01;Round of 64;https://wtatennis.com/tournament/1038/madrid/2018/scores/LS044;P.Kvitova;6;;6;;-;;L.Tsurenko;1;;2;;-;;https://www.wtatennis.com/tournament/1038/madrid/2018/scores
Completed;1:15;Round of 64;https://wtatennis.com/tournament/1038/madrid/2018/scores/LS041;D.Vekic;6;;6;;-;;G.Garcia Perez;2;;4;;-;;https://www.wtatennis.com/tournament/1038/madrid/2018/scores
Completed;1:28;Round of 64;https://wtatennis.com/tournament/1038/madrid/2018/scores/LS046;D.Collins;5;;2;;-;;A.Sasnovich;7;;6;;-;;https://www.wtatennis.com/tournament/1038/madrid/2018/scores
Completed;1:34;Round of 64;https://wtatennis.com/tournament/1038/madrid/2018/scores/LS035;S.Sorribes Tormo;7;;6;;-;;M.Keys;5;;2;;-;;https://www.wtatennis.com/tournament/1038/madrid/2018/scores
Completed;1:06;Round of 64;https://wtatennis.com/tournament/1038/madrid/2018/scores/LS034;K.Pliskova;6;;6;;-;;N.Vikhlyantseva;4;;4;;-;;https://www.wtatennis.com/tournament/1038/madrid/2018/scores
Completed;1:39;Round of 64;https://wtatennis.com/tournament/1038/madrid/2018/scores/LS040;G.Muguruza;6;;6;;-;;S.Peng;4;;2;;-;;https://www.wtatennis.com/tournament/1038/madrid/2018/scores
Completed;1:24;Round of 64;https://wtatennis.com/tournament/1038/madrid/2018/scores/LS036;S.Stephens;6;;6;;-;;S.Soler-Espinosa;3;;2;;-;;https://www.wtatennis.com/tournament/1038/madrid/2018/scores
Completed;1:24;Round of 64;https://wtatennis.com/tournament/1038/madrid/2018/scores/LS058;S.Zhang;6;;7;;-;;N.Osaka;1;;5;;-;;https://www.wtatennis.com/tournament/1038/madrid/2018/scores
Completed;1:22;Round of 64;https://wtatennis.com/tournament/1038/madrid/2018/scores/LS057;M.Buzarnescu;4;;1;;-;;M.Sharapova;6;;6;;-;;https://www.wtatennis.com/tournament/1038/madrid/2018/scores
Completed;1:16;Round of 64;https://wtatennis.com/tournament/1038/madrid/2018/scores/LS062;S.Errani;1;;4;;-;;A.Barty;6;;6;;-;;https://www.wtatennis.com/tournament/1038/madrid/2018/scores
Completed;1:21;Round of 64;https://wtatennis.com/tournament/1038/madrid/2018/scores/LS038;A.Krunic;3;;3;;-;;V.Azarenka;6;;6;;-;;https://www.wtatennis.com/tournament/1038/madrid/2018/scores
Completed;1:28;Round of 64;https://wtatennis.com/tournament/1038/madrid/2018/scores/LS054;B.Strycova;3;;3;;-;;C.Suarez Navarro;6;;6;;-;;https://www.wtatennis.com/tournament/1038/madrid/2018/scores
Completed;2:06;Round of 64;https://wtatennis.com/tournament/1038/madrid/2018/scores/LS060;A.Sevastova;6;;4;;6;;A.Schmiedlova;3;;6;;3;;https://www.wtatennis.com/tournament/1038/madrid/2018/scores
Completed;0:51;Round of 64;https://wtatennis.com/tournament/1038/madrid/2018/scores/LS032;S.Halep;6;;6;;-;;E.Makarova;1;;0;;-;;https://www.wtatennis.com/tournament/1038/madrid/2018/scores
Completed;1:47;Round of 64;https://wtatennis.com/tournament/1038/madrid/2018/scores/LS053;A.Sabalenka;4;;6;;3;;B.Pera;6;;2;;6;;https://www.wtatennis.com/tournament/1038/madrid/2018/scores
Completed;2:03;Round of 64;https://wtatennis.com/tournament/1038/madrid/2018/scores/LS042;S.Cirstea;6;;2;;6;;K.Siniakova;4;;6;;4;;https://www.wtatennis.com/tournament/1038/madrid/2018/scores
Completed;1:28;Round of 64;https://wtatennis.com/tournament/1038/madrid/2018/scores/LS063;D.Gavrilova;3;;1;;-;;C.Wozniacki;6;;6;;-;;https://www.wtatennis.com/tournament/1038/madrid/2018/scores
Completed;1:59;Round of 64;https://wtatennis.com/tournament/1038/madrid/2018/scores/LS037;S.Stosur;6;;6;2;6;;A.Pavlyuchenkova;1;;7;;3;;https://www.wtatennis.com/tournament/1038/madrid/2018/scores
Completed;1:58;Round of 64;https://wtatennis.com/tournament/1038/madrid/2018/scores/LS045;M.Puig;6;;2;;6;;Z.Diyas;4;;6;;2;;https://www.wtatennis.com/tournament/1038/madrid/2018/scores
Completed;2:06;Round of 32;https://wtatennis.com/tournament/1038/madrid/2018/scores/LS019;V.Azarenka;2;;6;;5;;K.Pliskova;6;;1;;7;;https://www.wtatennis.com/tournament/1038/madrid/2018/scores
Completed;1:14;Round of 32;https://wtatennis.com/tournament/1038/madrid/2018/scores/LS018;S.Stephens;6;;6;;-;;S.Stosur;1;;3;;-;;https://www.wtatennis.com/tournament/1038/madrid/2018/scores
Completed;1:46;Round of 32;https://wtatennis.com/tournament/1038/madrid/2018/scores/LS025;L.Arruabarrena;6;;4;;2;;J.Goerges;2;;6;;6;;https://www.wtatennis.com/tournament/1038/madrid/2018/scores
Completed;1:13;Round of 32;https://wtatennis.com/tournament/1038/madrid/2018/scores/LS030;A.Sevastova;1;;4;;-;;K.Bertens;6;;6;;-;;https://www.wtatennis.com/tournament/1038/madrid/2018/scores
Completed;2:06;Round of 32;https://wtatennis.com/tournament/1038/madrid/2018/scores/LS031;A.Barty;2;;6;;4;;C.Wozniacki;6;;4;;6;;https://www.wtatennis.com/tournament/1038/madrid/2018/scores
Completed;1:32;Round of 32;https://wtatennis.com/tournament/1038/madrid/2018/scores/LS028;I.Begu;5;;1;;-;;M.Sharapova;7;;6;;-;;https://www.wtatennis.com/tournament/1038/madrid/2018/scores
Completed;1:58;Round of 32;https://wtatennis.com/tournament/1038/madrid/2018/scores/LS029;S.Zhang;4;;6;;3;;K.Mladenovic;6;;4;;6;;https://www.wtatennis.com/tournament/1038/madrid/2018/scores
Completed;1:31;Round of 32;https://wtatennis.com/tournament/1038/madrid/2018/scores/LS024;C.Garcia;6;;7;;-;;P.Martic;3;;5;;-;;https://www.wtatennis.com/tournament/1038/madrid/2018/scores
Completed;1:42;Round of 32;https://wtatennis.com/tournament/1038/madrid/2018/scores/LS026;J.Konta;4;;3;;-;;B.Pera;6;;6;;-;;https://www.wtatennis.com/tournament/1038/madrid/2018/scores
Completed;2:01;Round of 32;https://wtatennis.com/tournament/1038/madrid/2018/scores/LS020;G.Muguruza;2;;6;;6;;D.Vekic;6;;4;;1;;https://www.wtatennis.com/tournament/1038/madrid/2018/scores
Completed;1:43;Round of 32;https://wtatennis.com/tournament/1038/madrid/2018/scores/LS023;A.Sasnovich;2;;6;;2;;A.Kontaveit;6;;4;;6;;https://www.wtatennis.com/tournament/1038/madrid/2018/scores
Completed;2:16;Round of 32;https://wtatennis.com/tournament/1038/madrid/2018/scores/LS027;C.Suarez Navarro;2;;7;;6;;E.Svitolina;6;;6;3;4;;https://www.wtatennis.com/tournament/1038/madrid/2018/scores
Completed;1:01;Round of 32;https://wtatennis.com/tournament/1038/madrid/2018/scores/LS021;S.Cirstea;3;;1;;-;;D.Kasatkina;6;;6;;-;;https://www.wtatennis.com/tournament/1038/madrid/2018/scores
Completed;1:11;Round of 32;https://wtatennis.com/tournament/1038/madrid/2018/scores/LS016;S.Halep;6;;6;;-;;E.Mertens;0;;3;;-;;https://www.wtatennis.com/tournament/1038/madrid/2018/scores
Completed;1:24;Round of 32;https://wtatennis.com/tournament/1038/madrid/2018/scores/LS017;K.Pliskova;7;;6;;-;;S.Sorribes Tormo;5;;2;;-;;https://www.wtatennis.com/tournament/1038/madrid/2018/scores
Completed;1:53;Round of 32;https://wtatennis.com/tournament/1038/madrid/2018/scores/LS022;P.Kvitova;6;;7;;-;;M.Puig;3;;6;8;-;;https://www.wtatennis.com/tournament/1038/madrid/2018/scores
Completed;2:28;Round of 16;https://wtatennis.com/tournament/1038/madrid/2018/scores/LS010;G.Muguruza;2;;6;;3;;D.Kasatkina;6;;4;;6;;https://www.wtatennis.com/tournament/1038/madrid/2018/scores
Completed;1:32;Round of 16;https://wtatennis.com/tournament/1038/madrid/2018/scores/LS014;M.Sharapova;6;;6;;-;;K.Mladenovic;3;;4;;-;;https://www.wtatennis.com/tournament/1038/madrid/2018/scores
Completed;2:14;Round of 16;https://wtatennis.com/tournament/1038/madrid/2018/scores/LS011;P.Kvitova;6;4;6;;6;;A.Kontaveit;7;;3;;3;;https://www.wtatennis.com/tournament/1038/madrid/2018/scores
Completed;1:52;Round of 16;https://wtatennis.com/tournament/1038/madrid/2018/scores/LS013;B.Pera;6;;2;;4;;C.Suarez Navarro;2;;6;;6;;https://www.wtatennis.com/tournament/1038/madrid/2018/scores
Completed;1:03;Round of 16;https://wtatennis.com/tournament/1038/madrid/2018/scores/LS009;S.Stephens;2;;3;;-;;K.Pliskova;6;;6;;-;;https://www.wtatennis.com/tournament/1038/madrid/2018/scores
Completed;1:20;Round of 16;https://wtatennis.com/tournament/1038/madrid/2018/scores/LS012;C.Garcia;6;;6;;-;;J.Goerges;2;;4;;-;;https://www.wtatennis.com/tournament/1038/madrid/2018/scores
Completed;1:00;Round of 16;https://wtatennis.com/tournament/1038/madrid/2018/scores/LS015;K.Bertens;6;;6;;-;;C.Wozniacki;2;;2;;-;;https://www.wtatennis.com/tournament/1038/madrid/2018/scores
Completed;1:15;Round of 16;https://wtatennis.com/tournament/1038/madrid/2018/scores/LS008;S.Halep;6;;6;;-;;K.Pliskova;1;;4;;-;;https://www.wtatennis.com/tournament/1038/madrid/2018/scores
Completed;1:05;Quarterfinal;https://wtatennis.com/tournament/1038/madrid/2018/scores/LS005;D.Kasatkina;4;;0;;-;;P.Kvitova;6;;6;;-;;https://www.wtatennis.com/tournament/1038/madrid/2018/scores
Completed;2:05;Quarterfinal;https://wtatennis.com/tournament/1038/madrid/2018/scores/LS007;M.Sharapova;6;;2;;3;;K.Bertens;4;;6;;6;;https://www.wtatennis.com/tournament/1038/madrid/2018/scores
Completed;1:09;Quarterfinal;https://wtatennis.com/tournament/1038/madrid/2018/scores/LS004;S.Halep;4;;3;;-;;K.Pliskova;6;;6;;-;;https://www.wtatennis.com/tournament/1038/madrid/2018/scores
Completed;1:17;Quarterfinal;https://wtatennis.com/tournament/1038/madrid/2018/scores/LS006;C.Garcia;6;;6;;-;;C.Suarez Navarro;2;;3;;-;;https://www.wtatennis.com/tournament/1038/madrid/2018/scores
Completed;1:43;Semifinal;https://wtatennis.com/tournament/1038/madrid/2018/scores/LS002;K.Pliskova;6;4;3;;-;;P.Kvitova;7;;6;;-;;https://www.wtatennis.com/tournament/1038/madrid/2018/scores
Completed;1:07;Semifinal;https://wtatennis.com/tournament/1038/madrid/2018/scores/LS003;C.Garcia;2;;2;;-;;K.Bertens;6;;6;;-;;https://www.wtatennis.com/tournament/1038/madrid/2018/scores
Completed;2:52;Final;https://wtatennis.com/tournament/1038/madrid/2018/scores/LS001;P.Kvitova;7;;4;;6;;K.Bertens;6;6;6;;3;;https://www.wtatennis.com/tournament/1038/madrid/2018/scores
