statut;duration;stage;url_match_stats;player_1_name;player_1_set_1;player_1_set_1_tiebreak;player_1_set_2;player_1_set_2_tiebreak;player_1_set_3;player_1_set_3_tiebreak;player_2_name;player_2_set_1;player_2_set_1_tiebreak;player_2_set_2;player_2_set_2_tiebreak;player_2_set_3;player_2_set_3_tiebreak;scores_link
Completed;0:54;Qualifying;https://wtatennis.com/tournament/1003/doha/2019/scores/RS030;E.Webley-Smith;2;;1;;-;;A.Blinkova;6;;6;;-;;https://www.wtatennis.com/tournament/1003/doha/2019/scores
Completed;2:15;Qualifying;https://wtatennis.com/tournament/1003/doha/2019/scores/RS029;V.Lepchenko;7;;4;;3;;T.Mrdeza;6;5;6;;6;;https://www.wtatennis.com/tournament/1003/doha/2019/scores
Completed;1:04;Qualifying;https://wtatennis.com/tournament/1003/doha/2019/scores/RS028;S.Stosur;6;;6;;-;;S.Xu;2;;2;;-;;https://www.wtatennis.com/tournament/1003/doha/2019/scores
Completed;1:00;Qualifying;https://wtatennis.com/tournament/1003/doha/2019/scores/RS021;J.Brady;6;;6;;-;;A.Kalinina;1;;2;;-;;https://www.wtatennis.com/tournament/1003/doha/2019/scores
Completed;1:49;Qualifying;https://wtatennis.com/tournament/1003/doha/2019/scores/RS031;V.Kudermetova;1;;6;;5;;B.Pera;6;;2;;7;;https://www.wtatennis.com/tournament/1003/doha/2019/scores
Completed;0:51;Qualifying;https://wtatennis.com/tournament/1003/doha/2019/scores/RS020;A.Riske;6;;6;;-;;A.Kalinskaya;2;;2;;-;;https://www.wtatennis.com/tournament/1003/doha/2019/scores
Completed;1:48;Qualifying;https://wtatennis.com/tournament/1003/doha/2019/scores/RS023;M.Brengle;5;;6;;6;;E.Bouchard;7;;3;;4;;https://www.wtatennis.com/tournament/1003/doha/2019/scores
Completed;2:19;Qualifying;https://wtatennis.com/tournament/1003/doha/2019/scores/RS022;A.Dulgheru;6;;1;;4;;L.Zhu;4;;6;;6;;https://www.wtatennis.com/tournament/1003/doha/2019/scores
Completed;2:03;Qualifying;https://wtatennis.com/tournament/1003/doha/2019/scores/RS024;T.Zidansek;3;;6;;3;;L.Samsonova;6;;4;;6;;https://www.wtatennis.com/tournament/1003/doha/2019/scores
Completed;0:48;Qualifying;https://wtatennis.com/tournament/1003/doha/2019/scores/RS025;M.Ramirez Nieto;1;;1;;-;;L.Arruabarrena;6;;6;;-;;https://www.wtatennis.com/tournament/1003/doha/2019/scores
Completed;0:53;Qualifying;https://wtatennis.com/tournament/1003/doha/2019/scores/RS027;H.Chan;3;;2;;-;;K.Pliskova;6;;6;;-;;https://www.wtatennis.com/tournament/1003/doha/2019/scores
Completed;0:47;Qualifying;https://wtatennis.com/tournament/1003/doha/2019/scores/RS026;M.Al-Naimi;0;;0;;-;;K.Muchova;6;;6;;-;;https://www.wtatennis.com/tournament/1003/doha/2019/scores
Completed;1:09;Qualifying;https://wtatennis.com/tournament/1003/doha/2019/scores/RS019;J.Elbaba;1;;3;;-;;P.Hercog;6;;6;;-;;https://www.wtatennis.com/tournament/1003/doha/2019/scores
Completed;1:46;Qualifying;https://wtatennis.com/tournament/1003/doha/2019/scores/RS017;S.Cirstea;6;;0;;3;;S.Aoyama;4;;6;;6;;https://www.wtatennis.com/tournament/1003/doha/2019/scores
Completed;1:12;Qualifying;https://wtatennis.com/tournament/1003/doha/2019/scores/RS018;A.Spears;2;;4;;-;;S.Sharipova;6;;6;;-;;https://www.wtatennis.com/tournament/1003/doha/2019/scores
Completed;1:08;Qualifying;https://wtatennis.com/tournament/1003/doha/2019/scores/RS010;A.Riske;6;;6;;-;;J.Brady;2;;4;;-;;https://www.wtatennis.com/tournament/1003/doha/2019/scores
Completed;0:54;Qualifying;https://wtatennis.com/tournament/1003/doha/2019/scores/RS011;L.Zhu;6;;6;;-;;M.Brengle;1;;3;;-;;https://www.wtatennis.com/tournament/1003/doha/2019/scores
Completed;1:16;Qualifying;https://wtatennis.com/tournament/1003/doha/2019/scores/RS014;S.Stosur;6;;6;;-;;T.Mrdeza;3;;4;;-;;https://www.wtatennis.com/tournament/1003/doha/2019/scores
Completed;1:34;Qualifying;https://wtatennis.com/tournament/1003/doha/2019/scores/RS015;A.Blinkova;7;;6;;-;;B.Pera;5;;2;;-;;https://www.wtatennis.com/tournament/1003/doha/2019/scores
Completed;1:04;Qualifying;https://wtatennis.com/tournament/1003/doha/2019/scores/RS012;L.Samsonova;6;;6;;-;;L.Arruabarrena;2;;4;;-;;https://www.wtatennis.com/tournament/1003/doha/2019/scores
Completed;2:42;Qualifying;https://wtatennis.com/tournament/1003/doha/2019/scores/RS008;A.Tomljanovic;7;;6;6;6;;S.Aoyama;5;;7;;4;;https://www.wtatennis.com/tournament/1003/doha/2019/scores
Completed;2:00;Qualifying;https://wtatennis.com/tournament/1003/doha/2019/scores/RS013;K.Muchova;6;;4;;6;;K.Pliskova;3;;6;;4;;https://www.wtatennis.com/tournament/1003/doha/2019/scores
Completed;1:37;Qualifying;https://wtatennis.com/tournament/1003/doha/2019/scores/RS009;S.Sharipova;5;;5;;-;;P.Hercog;7;;7;;-;;https://www.wtatennis.com/tournament/1003/doha/2019/scores
Completed;1:00;Qualifying;https://wtatennis.com/tournament/1003/doha/2019/scores/RS005;A.Riske;2;;1;;-;;L.Zhu;6;;6;;-;;https://www.wtatennis.com/tournament/1003/doha/2019/scores
Completed;2:27;Qualifying;https://wtatennis.com/tournament/1003/doha/2019/scores/RS007;S.Stosur;6;1;6;;4;;A.Blinkova;7;;3;;6;;https://www.wtatennis.com/tournament/1003/doha/2019/scores
Completed;1:46;Qualifying;https://wtatennis.com/tournament/1003/doha/2019/scores/RS004;A.Tomljanovic;6;;6;;-;;P.Hercog;3;;4;;-;;https://www.wtatennis.com/tournament/1003/doha/2019/scores
Completed;1:46;Qualifying;https://wtatennis.com/tournament/1003/doha/2019/scores/RS006;L.Samsonova;1;;6;;1;;K.Muchova;6;;3;;6;;https://www.wtatennis.com/tournament/1003/doha/2019/scores
Completed;1:04;Round of 32;https://wtatennis.com/tournament/1003/doha/2019/scores/LS025;B.Strycova;6;;6;;-;;F.Al Nabhani;1;;1;;-;;https://www.wtatennis.com/tournament/1003/doha/2019/scores
Completed;1:17;Round of 32;https://wtatennis.com/tournament/1003/doha/2019/scores/LS019;A.Tomljanovic;2;;2;;-;;J.Goerges;6;;6;;-;;https://www.wtatennis.com/tournament/1003/doha/2019/scores
Completed;1:58;Round of 32;https://wtatennis.com/tournament/1003/doha/2019/scores/LS028;K.Bertens;0;;7;;6;;C.Giorgi;6;;6;7;4;;https://www.wtatennis.com/tournament/1003/doha/2019/scores
Completed;1:21;Round of 32;https://wtatennis.com/tournament/1003/doha/2019/scores/LS023;K.Muchova;6;;6;;-;;S.Stosur;4;;2;;-;;https://www.wtatennis.com/tournament/1003/doha/2019/scores
Completed;1:20;Round of 32;https://wtatennis.com/tournament/1003/doha/2019/scores/LS030;E.Mertens;6;;6;;-;;K.Siniakova;4;;2;;-;;https://www.wtatennis.com/tournament/1003/doha/2019/scores
Completed;1:45;Round of 32;https://wtatennis.com/tournament/1003/doha/2019/scores/LS021;M.Buzarnescu;1;;6;;2;;J.Ostapenko;6;;4;;6;;https://www.wtatennis.com/tournament/1003/doha/2019/scores
Completed;1:43;Round of 32;https://wtatennis.com/tournament/1003/doha/2019/scores/LS026;A.Kontaveit;7;;6;;-;;L.Zhu;6;3;3;;-;;https://www.wtatennis.com/tournament/1003/doha/2019/scores
Completed;1:07;Round of 32;https://wtatennis.com/tournament/1003/doha/2019/scores/LS017;L.Arruabarrena;3;;0;;-;;L.Tsurenko;6;;6;;-;;https://www.wtatennis.com/tournament/1003/doha/2019/scores
Completed;1:43;Round of 32;https://wtatennis.com/tournament/1003/doha/2019/scores/LS024;A.Sevastova;6;5;4;;-;;A.Blinkova;7;;6;;-;;https://www.wtatennis.com/tournament/1003/doha/2019/scores
Completed;0:59;Round of 32;https://wtatennis.com/tournament/1003/doha/2019/scores/LS022;A.Sasnovich;2;;0;;-;;S.Hsieh;6;;6;;-;;https://www.wtatennis.com/tournament/1003/doha/2019/scores
Completed;1:02;Round of 32;https://wtatennis.com/tournament/1003/doha/2019/scores/LS029;O.Jabeur;3;;1;;-;;C.Suarez Navarro;6;;6;;-;;https://www.wtatennis.com/tournament/1003/doha/2019/scores
Completed;1:31;Round of 32;https://wtatennis.com/tournament/1003/doha/2019/scores/LS018;A.Riske;6;;6;;-;;P.Hercog;4;;3;;-;;https://www.wtatennis.com/tournament/1003/doha/2019/scores
Completed;1:21;Round of 16;https://wtatennis.com/tournament/1003/doha/2019/scores/LS013;A.Kontaveit;1;;6;3;-;;A.Kerber;6;;7;;-;;https://www.wtatennis.com/tournament/1003/doha/2019/scores
Completed;1:19;Round of 16;https://wtatennis.com/tournament/1003/doha/2019/scores/LS008;S.Halep;6;;6;;-;;L.Tsurenko;2;;3;;-;;https://www.wtatennis.com/tournament/1003/doha/2019/scores
Completed;2:32;Round of 16;https://wtatennis.com/tournament/1003/doha/2019/scores/LS009;A.Riske;1;;7;;4;;J.Goerges;6;;6;5;6;;https://www.wtatennis.com/tournament/1003/doha/2019/scores
Completed;1:24;Round of 16;https://wtatennis.com/tournament/1003/doha/2019/scores/LS014;K.Bertens;2;;6;;6;;C.Suarez Navarro;6;;1;;1;;https://www.wtatennis.com/tournament/1003/doha/2019/scores
Completed;1:47;Round of 16;https://wtatennis.com/tournament/1003/doha/2019/scores/LS015;E.Mertens;6;;7;;-;;K.Pliskova;2;;6;3;-;;https://www.wtatennis.com/tournament/1003/doha/2019/scores
Completed;1:09;Round of 16;https://wtatennis.com/tournament/1003/doha/2019/scores/LS011;S.Hsieh;2;;4;;-;;K.Muchova;6;;6;;-;;https://www.wtatennis.com/tournament/1003/doha/2019/scores
Completed;1:20;Round of 16;https://wtatennis.com/tournament/1003/doha/2019/scores/LS010;E.Svitolina;6;;6;;-;;J.Ostapenko;4;;4;;-;;https://www.wtatennis.com/tournament/1003/doha/2019/scores
Completed;1:54;Round of 16;https://wtatennis.com/tournament/1003/doha/2019/scores/LS012;A.Blinkova;0;;6;;0;;B.Strycova;6;;3;;6;;https://www.wtatennis.com/tournament/1003/doha/2019/scores
Completed;1:30;Quarterfinal;https://wtatennis.com/tournament/1003/doha/2019/scores/LS007;K.Bertens;4;;3;;-;;E.Mertens;6;;6;;-;;https://www.wtatennis.com/tournament/1003/doha/2019/scores
Completed;2:01;Quarterfinal;https://wtatennis.com/tournament/1003/doha/2019/scores/LS004;S.Halep;7;;7;;-;;J.Goerges;6;1;6;6;-;;https://www.wtatennis.com/tournament/1003/doha/2019/scores
Completed;2:07;Quarterfinal;https://wtatennis.com/tournament/1003/doha/2019/scores/LS006;B.Strycova;6;;2;;6;4;A.Kerber;1;;6;;7;;https://www.wtatennis.com/tournament/1003/doha/2019/scores
Completed;1:22;Quarterfinal;https://wtatennis.com/tournament/1003/doha/2019/scores/LS005;E.Svitolina;6;;6;;-;;K.Muchova;4;;2;;-;;https://www.wtatennis.com/tournament/1003/doha/2019/scores
Completed;1:46;Semifinal;https://wtatennis.com/tournament/1003/doha/2019/scores/LS003;A.Kerber;4;;6;;1;;E.Mertens;6;;2;;6;;https://www.wtatennis.com/tournament/1003/doha/2019/scores
Completed;2:07;Semifinal;https://wtatennis.com/tournament/1003/doha/2019/scores/LS002;S.Halep;6;;3;;6;;E.Svitolina;3;;6;;4;;https://www.wtatennis.com/tournament/1003/doha/2019/scores
Completed;2:13;Final;https://wtatennis.com/tournament/1003/doha/2019/scores/LS001;S.Halep;6;;4;;3;;E.Mertens;3;;6;;6;;https://www.wtatennis.com/tournament/1003/doha/2019/scores
