statut;duration;stage;url_match_stats;player_1_name;player_1_set_1;player_1_set_1_tiebreak;player_1_set_2;player_1_set_2_tiebreak;player_1_set_3;player_1_set_3_tiebreak;player_2_name;player_2_set_1;player_2_set_1_tiebreak;player_2_set_2;player_2_set_2_tiebreak;player_2_set_3;player_2_set_3_tiebreak;scores_link
Completed;1:06;Qualifying;https://wtatennis.com/tournament/822/s-hertogenbosch/2018/scores/RS022;F.Stollar;6;;6;;-;;D.Schuurs;3;;3;;-;;https://www.wtatennis.com/tournament/822/s-hertogenbosch/2018/scores
Completed;2:19;Qualifying;https://wtatennis.com/tournament/822/s-hertogenbosch/2018/scores/RS021;L.Marozava;3;;6;;6;5;M.Melnikova;6;;2;;7;;https://www.wtatennis.com/tournament/822/s-hertogenbosch/2018/scores
Completed;1:22;Qualifying;https://wtatennis.com/tournament/822/s-hertogenbosch/2018/scores/RS025;S.Pirazhenka;7;;6;;-;;E.Perez;6;4;4;;-;;https://www.wtatennis.com/tournament/822/s-hertogenbosch/2018/scores
Completed;1:35;Qualifying;https://wtatennis.com/tournament/822/s-hertogenbosch/2018/scores/RS020;T.Martincova;7;;6;;-;;C.Lister;6;2;4;;-;;https://www.wtatennis.com/tournament/822/s-hertogenbosch/2018/scores
Completed;1:04;Qualifying;https://wtatennis.com/tournament/822/s-hertogenbosch/2018/scores/RS023;R.Van Der Hoek;3;;2;;-;;L.Kerkhove;6;;6;;-;;https://www.wtatennis.com/tournament/822/s-hertogenbosch/2018/scores
Completed;1:08;Qualifying;https://wtatennis.com/tournament/822/s-hertogenbosch/2018/scores/RS017;O.Kalashnikova;4;;1;;-;;V.Duval;6;;6;;-;;https://www.wtatennis.com/tournament/822/s-hertogenbosch/2018/scores
Completed;1:14;Qualifying;https://wtatennis.com/tournament/822/s-hertogenbosch/2018/scores/RS024;V.Kudermetova;6;;7;;-;;D.Jurak;2;;5;;-;;https://www.wtatennis.com/tournament/822/s-hertogenbosch/2018/scores
Completed;1:19;Qualifying;https://wtatennis.com/tournament/822/s-hertogenbosch/2018/scores/RS016;A.Blinkova;6;;6;;-;;A.Sadikovic;3;;4;;-;;https://www.wtatennis.com/tournament/822/s-hertogenbosch/2018/scores
Completed;1:11;Qualifying;https://wtatennis.com/tournament/822/s-hertogenbosch/2018/scores/RS027;K.Piter;6;;6;;-;;B.Haas;3;;4;;-;;https://www.wtatennis.com/tournament/822/s-hertogenbosch/2018/scores
Completed;0:58;Qualifying;https://wtatennis.com/tournament/822/s-hertogenbosch/2018/scores/RS026;V.Grammatikopoulou;6;;6;;-;;D.Dijkman;3;;1;;-;;https://www.wtatennis.com/tournament/822/s-hertogenbosch/2018/scores
Completed;0:59;Qualifying;https://wtatennis.com/tournament/822/s-hertogenbosch/2018/scores/RS019;K.Versteeg;3;;0;;-;;R.Zarazua;6;;6;;-;;https://www.wtatennis.com/tournament/822/s-hertogenbosch/2018/scores
Completed;2:17;Qualifying;https://wtatennis.com/tournament/822/s-hertogenbosch/2018/scores/RS018;A.Lottner;2;;7;;7;;U.Radwanska;6;;5;;5;;https://www.wtatennis.com/tournament/822/s-hertogenbosch/2018/scores
Completed;1:11;Qualifying;https://wtatennis.com/tournament/822/s-hertogenbosch/2018/scores/RS012;V.Kudermetova;6;;6;;-;;S.Pirazhenka;2;;3;;-;;https://www.wtatennis.com/tournament/822/s-hertogenbosch/2018/scores
Completed;0:58;Qualifying;https://wtatennis.com/tournament/822/s-hertogenbosch/2018/scores/RS011;F.Stollar;6;;6;;-;;L.Kerkhove;3;;2;;-;;https://www.wtatennis.com/tournament/822/s-hertogenbosch/2018/scores
Completed;1:44;Qualifying;https://wtatennis.com/tournament/822/s-hertogenbosch/2018/scores/RS010;T.Martincova;6;2;2;;-;;M.Melnikova;7;;6;;-;;https://www.wtatennis.com/tournament/822/s-hertogenbosch/2018/scores
Completed;1:16;Qualifying;https://wtatennis.com/tournament/822/s-hertogenbosch/2018/scores/RS009;A.Lottner;6;;6;;-;;R.Zarazua;3;;3;;-;;https://www.wtatennis.com/tournament/822/s-hertogenbosch/2018/scores
Completed;1:32;Qualifying;https://wtatennis.com/tournament/822/s-hertogenbosch/2018/scores/RS013;V.Grammatikopoulou;6;;6;;-;;K.Piter;4;;4;;-;;https://www.wtatennis.com/tournament/822/s-hertogenbosch/2018/scores
Completed;1:06;Qualifying;https://wtatennis.com/tournament/822/s-hertogenbosch/2018/scores/RS008;A.Blinkova;6;;6;;-;;V.Duval;1;;4;;-;;https://www.wtatennis.com/tournament/822/s-hertogenbosch/2018/scores
Completed;2:23;Round of 32;https://wtatennis.com/tournament/822/s-hertogenbosch/2018/scores/LS017;A.Rus;6;5;6;;7;;E.Alexandrova;7;;4;;6;7;https://www.wtatennis.com/tournament/822/s-hertogenbosch/2018/scores
Completed;1:47;Round of 32;https://wtatennis.com/tournament/822/s-hertogenbosch/2018/scores/LS016;C.Vandeweghe;6;;7;;-;;A.Sasnovich;2;;6;1;-;;https://www.wtatennis.com/tournament/822/s-hertogenbosch/2018/scores
Completed;1:28;Round of 32;https://wtatennis.com/tournament/822/s-hertogenbosch/2018/scores/LS022;C.Witthoeft;4;;5;;-;;B.Schoofs;6;;7;;-;;https://www.wtatennis.com/tournament/822/s-hertogenbosch/2018/scores
Completed;1:04;Round of 32;https://wtatennis.com/tournament/822/s-hertogenbosch/2018/scores/LS028;A.Van Uytvanck;6;;6;;-;;R.Hogenkamp;1;;2;;-;;https://www.wtatennis.com/tournament/822/s-hertogenbosch/2018/scores
Completed;1:11;Round of 32;https://wtatennis.com/tournament/822/s-hertogenbosch/2018/scores/LS031;P.Hercog;2;;4;;-;;E.Mertens;6;;6;;-;;https://www.wtatennis.com/tournament/822/s-hertogenbosch/2018/scores
Completed;1:42;Round of 32;https://wtatennis.com/tournament/822/s-hertogenbosch/2018/scores/LS018;T.Maria;4;;6;2;-;;A.Riske;6;;7;;-;;https://www.wtatennis.com/tournament/822/s-hertogenbosch/2018/scores
Completed;1:47;Round of 32;https://wtatennis.com/tournament/822/s-hertogenbosch/2018/scores/LS025;K.Pliskova;6;;6;3;2;;A.Tomljanovic;4;;7;;6;;https://www.wtatennis.com/tournament/822/s-hertogenbosch/2018/scores
Completed;2:27;Round of 32;https://wtatennis.com/tournament/822/s-hertogenbosch/2018/scores/LS027;N.Vikhlyantseva;7;;3;;6;5;K.Bertens;5;;6;;7;;https://www.wtatennis.com/tournament/822/s-hertogenbosch/2018/scores
Completed;1:03;Round of 32;https://wtatennis.com/tournament/822/s-hertogenbosch/2018/scores/LS026;A.Kalinskaya;3;;0;;-;;K.Flipkens;6;;6;;-;;https://www.wtatennis.com/tournament/822/s-hertogenbosch/2018/scores
Completed;1:44;Round of 32;https://wtatennis.com/tournament/822/s-hertogenbosch/2018/scores/LS030;A.Blinkova;2;;6;;2;;A.Lottner;6;;3;;6;;https://www.wtatennis.com/tournament/822/s-hertogenbosch/2018/scores
Completed;1:53;Round of 32;https://wtatennis.com/tournament/822/s-hertogenbosch/2018/scores/LS024;A.Sabalenka;0;;7;;6;;M.Vondrousova;6;;5;;3;;https://www.wtatennis.com/tournament/822/s-hertogenbosch/2018/scores
Completed;0:52;Round of 32;https://wtatennis.com/tournament/822/s-hertogenbosch/2018/scores/LS019;F.Stollar;6;;6;;-;;S.Zhang;3;;3;;-;;https://www.wtatennis.com/tournament/822/s-hertogenbosch/2018/scores
Completed;1:06;Round of 32;https://wtatennis.com/tournament/822/s-hertogenbosch/2018/scores/LS021;B.Bencic;6;;6;;-;;T.Martincova;2;;4;;-;;https://www.wtatennis.com/tournament/822/s-hertogenbosch/2018/scores
Completed;0:49;Round of 32;https://wtatennis.com/tournament/822/s-hertogenbosch/2018/scores/LS023;V.Grammatikopoulou;1;;0;;-;;A.Krunic;6;;6;;-;;https://www.wtatennis.com/tournament/822/s-hertogenbosch/2018/scores
Completed;1:37;Round of 32;https://wtatennis.com/tournament/822/s-hertogenbosch/2018/scores/LS020;A.Kontaveit;4;;6;4;-;;V.Kudermetova;6;;7;;-;;https://www.wtatennis.com/tournament/822/s-hertogenbosch/2018/scores
Completed;1:03;Round of 32;https://wtatennis.com/tournament/822/s-hertogenbosch/2018/scores/LS029;M.Melnikova;2;;2;;-;;V.Kuzmova;6;;6;;-;;https://www.wtatennis.com/tournament/822/s-hertogenbosch/2018/scores
Completed;1:59;Round of 16;https://wtatennis.com/tournament/822/s-hertogenbosch/2018/scores/LS014;A.Van Uytvanck;6;;6;4;2;;V.Kuzmova;3;;7;;6;;https://www.wtatennis.com/tournament/822/s-hertogenbosch/2018/scores
Completed;1:45;Round of 16;https://wtatennis.com/tournament/822/s-hertogenbosch/2018/scores/LS010;V.Kudermetova;6;;2;;6;;B.Bencic;2;;6;;3;;https://www.wtatennis.com/tournament/822/s-hertogenbosch/2018/scores
Completed;1:33;Round of 16;https://wtatennis.com/tournament/822/s-hertogenbosch/2018/scores/LS008;C.Vandeweghe;7;;6;;-;;A.Rus;6;4;3;;-;;https://www.wtatennis.com/tournament/822/s-hertogenbosch/2018/scores
Completed;1:38;Round of 16;https://wtatennis.com/tournament/822/s-hertogenbosch/2018/scores/LS011;B.Schoofs;5;;2;;-;;A.Krunic;7;;6;;-;;https://www.wtatennis.com/tournament/822/s-hertogenbosch/2018/scores
Completed;1:27;Round of 16;https://wtatennis.com/tournament/822/s-hertogenbosch/2018/scores/LS009;A.Riske;7;;6;;-;;F.Stollar;6;1;2;;-;;https://www.wtatennis.com/tournament/822/s-hertogenbosch/2018/scores
Completed;1:08;Quarterfinal;https://wtatennis.com/tournament/822/s-hertogenbosch/2018/scores/LS007;V.Kuzmova;6;;6;;-;;A.Lottner;3;;2;;-;;https://www.wtatennis.com/tournament/822/s-hertogenbosch/2018/scores
Completed;1:14;Quarterfinal;https://wtatennis.com/tournament/822/s-hertogenbosch/2018/scores/LS006;A.Sabalenka;4;;4;;-;;K.Flipkens;6;;6;;-;;https://www.wtatennis.com/tournament/822/s-hertogenbosch/2018/scores
Completed;2:56;Quarterfinal;https://wtatennis.com/tournament/822/s-hertogenbosch/2018/scores/LS004;C.Vandeweghe;7;;3;;7;;A.Riske;6;6;6;;6;12;https://www.wtatennis.com/tournament/822/s-hertogenbosch/2018/scores
Completed;1:23;Quarterfinal;https://wtatennis.com/tournament/822/s-hertogenbosch/2018/scores/LS005;V.Kudermetova;2;;2;;-;;A.Krunic;6;;6;;-;;https://www.wtatennis.com/tournament/822/s-hertogenbosch/2018/scores
Completed;2:07;Round of 16;https://wtatennis.com/tournament/822/s-hertogenbosch/2018/scores/LS013;K.Flipkens;6;;6;6;6;;K.Bertens;4;;7;;1;;https://www.wtatennis.com/tournament/822/s-hertogenbosch/2018/scores
Completed;1:42;Round of 16;https://wtatennis.com/tournament/822/s-hertogenbosch/2018/scores/LS015;A.Lottner;7;;6;;-;;E.Mertens;5;;3;;-;;https://www.wtatennis.com/tournament/822/s-hertogenbosch/2018/scores
Completed;1:51;Round of 16;https://wtatennis.com/tournament/822/s-hertogenbosch/2018/scores/LS012;A.Sabalenka;3;;7;;6;;A.Tomljanovic;6;;6;5;0;;https://www.wtatennis.com/tournament/822/s-hertogenbosch/2018/scores
Completed;2:18;Semifinal;https://wtatennis.com/tournament/822/s-hertogenbosch/2018/scores/LS003;K.Flipkens;7;;6;7;6;;V.Kuzmova;5;;7;;4;;https://www.wtatennis.com/tournament/822/s-hertogenbosch/2018/scores
Completed;2:35;Semifinal;https://wtatennis.com/tournament/822/s-hertogenbosch/2018/scores/LS002;C.Vandeweghe;6;;6;4;6;1;A.Krunic;2;;7;;7;;https://www.wtatennis.com/tournament/822/s-hertogenbosch/2018/scores
Completed;2:09;Final;https://wtatennis.com/tournament/822/s-hertogenbosch/2018/scores/LS001;A.Krunic;6;0;7;;6;;K.Flipkens;7;;5;;1;;https://www.wtatennis.com/tournament/822/s-hertogenbosch/2018/scores
