statut;duration;stage;url_match_stats;player_1_name;player_1_set_1;player_1_set_1_tiebreak;player_1_set_2;player_1_set_2_tiebreak;player_1_set_3;player_1_set_3_tiebreak;player_2_name;player_2_set_1;player_2_set_1_tiebreak;player_2_set_2;player_2_set_2_tiebreak;player_2_set_3;player_2_set_3_tiebreak;scores_link
Completed;0:54;Qualifying;https://wtatennis.com/tournament/1039/monterrey/2020/scores/RS026;A.Sharma;6;;6;;-;;A.Guadiana Campos;1;;1;;-;;https://www.wtatennis.com/tournament/1039/monterrey/2020/scores
Completed;2:07;Qualifying;https://wtatennis.com/tournament/1039/monterrey/2020/scores/RS021;A.Sanchez;3;;6;;5;;C.Dolehide;6;;4;;7;;https://www.wtatennis.com/tournament/1039/monterrey/2020/scores
Completed;2:01;Qualifying;https://wtatennis.com/tournament/1039/monterrey/2020/scores/RS027;G.Talaba;2;;6;;4;;G.Gatto-Monticone;6;;3;;6;;https://www.wtatennis.com/tournament/1039/monterrey/2020/scores
Completed;1:01;Qualifying;https://wtatennis.com/tournament/1039/monterrey/2020/scores/RS023;F.Contreras Gomez;0;;2;;-;;V.Flink;6;;6;;-;;https://www.wtatennis.com/tournament/1039/monterrey/2020/scores
Completed;1:27;Qualifying;https://wtatennis.com/tournament/1039/monterrey/2020/scores/RS019;D.Jakupovic;6;5;3;;-;;M.Trevisan;7;;6;;-;;https://www.wtatennis.com/tournament/1039/monterrey/2020/scores
Completed;1:08;Qualifying;https://wtatennis.com/tournament/1039/monterrey/2020/scores/RS020;M.Inglis;2;;2;;-;;L.Arruabarrena;6;;6;;-;;https://www.wtatennis.com/tournament/1039/monterrey/2020/scores
Completed;2:04;Qualifying;https://wtatennis.com/tournament/1039/monterrey/2020/scores/RS018;S.Voegele;7;;7;;-;;S.Errani;6;2;5;;-;;https://www.wtatennis.com/tournament/1039/monterrey/2020/scores
Completed;1:07;Qualifying;https://wtatennis.com/tournament/1039/monterrey/2020/scores/RS022;L.Cabrera;3;;2;;-;;A.Schmiedlova;6;;6;;-;;https://www.wtatennis.com/tournament/1039/monterrey/2020/scores
Completed;1:21;Qualifying;https://wtatennis.com/tournament/1039/monterrey/2020/scores/RS016;J.Paolini;5;;1;;-;;K.Kucova;7;;6;;-;;https://www.wtatennis.com/tournament/1039/monterrey/2020/scores
Completed;1:22;Qualifying;https://wtatennis.com/tournament/1039/monterrey/2020/scores/RS017;M.Zacarias;0;;5;;-;;O.Govortsova;6;;7;;-;;https://www.wtatennis.com/tournament/1039/monterrey/2020/scores
Completed;1:12;Qualifying;https://wtatennis.com/tournament/1039/monterrey/2020/scores/RS025;D.Seguel;3;;2;;-;;E.Cocciaretto;6;;6;;-;;https://www.wtatennis.com/tournament/1039/monterrey/2020/scores
Completed;2:05;Qualifying;https://wtatennis.com/tournament/1039/monterrey/2020/scores/RS024;K.Juvan;4;;7;;1;;N.Podoroska;6;;6;8;6;;https://www.wtatennis.com/tournament/1039/monterrey/2020/scores
Completed;1:30;Qualifying;https://wtatennis.com/tournament/1039/monterrey/2020/scores/RS010;L.Arruabarrena;6;;7;;-;;C.Dolehide;4;;6;4;-;;https://www.wtatennis.com/tournament/1039/monterrey/2020/scores
Completed;1:06;Qualifying;https://wtatennis.com/tournament/1039/monterrey/2020/scores/RS011;A.Schmiedlova;6;;6;;-;;V.Flink;2;;2;;-;;https://www.wtatennis.com/tournament/1039/monterrey/2020/scores
Completed;1:04;Qualifying;https://wtatennis.com/tournament/1039/monterrey/2020/scores/RS013;A.Sharma;3;;2;;-;;G.Gatto-Monticone;6;;6;;-;;https://www.wtatennis.com/tournament/1039/monterrey/2020/scores
Completed;3:01;Qualifying;https://wtatennis.com/tournament/1039/monterrey/2020/scores/RS009;S.Voegele;6;4;7;;6;;M.Trevisan;7;;5;;4;;https://www.wtatennis.com/tournament/1039/monterrey/2020/scores
Completed;2:00;Qualifying;https://wtatennis.com/tournament/1039/monterrey/2020/scores/RS012;N.Podoroska;6;1;6;;6;;E.Cocciaretto;7;;2;;1;;https://www.wtatennis.com/tournament/1039/monterrey/2020/scores
Completed;1:10;Qualifying;https://wtatennis.com/tournament/1039/monterrey/2020/scores/RS008;K.Kucova;2;;2;;-;;O.Govortsova;6;;6;;-;;https://www.wtatennis.com/tournament/1039/monterrey/2020/scores
Completed;2:16;Round of 32;https://wtatennis.com/tournament/1039/monterrey/2020/scores/LS019;E.Navarro;4;;7;;1;;S.Stephens;6;;5;;6;;https://www.wtatennis.com/tournament/1039/monterrey/2020/scores
Completed;2:29;Round of 32;https://wtatennis.com/tournament/1039/monterrey/2020/scores/LS026;V.Williams;6;;3;;2;;A.Schmiedlova;4;;6;;6;;https://www.wtatennis.com/tournament/1039/monterrey/2020/scores
Completed;1:39;Round of 32;https://wtatennis.com/tournament/1039/monterrey/2020/scores/LS017;O.Govortsova;3;;6;;6;;C.Dolehide;6;;2;;1;;https://www.wtatennis.com/tournament/1039/monterrey/2020/scores
Completed;1:24;Round of 32;https://wtatennis.com/tournament/1039/monterrey/2020/scores/LS025;A.Sharma;6;;6;;-;;N.Stojanovic;4;;4;;-;;https://www.wtatennis.com/tournament/1039/monterrey/2020/scores
Completed;1:26;Round of 32;https://wtatennis.com/tournament/1039/monterrey/2020/scores/LS024;Y.Wang;6;;6;;-;;L.Arruabarrena;4;;4;;-;;https://www.wtatennis.com/tournament/1039/monterrey/2020/scores
Completed;2:28;Round of 32;https://wtatennis.com/tournament/1039/monterrey/2020/scores/LS023;K.Kozlova;6;;6;1;4;;R.Peterson;3;;7;;6;;https://www.wtatennis.com/tournament/1039/monterrey/2020/scores
Completed;1:41;Round of 32;https://wtatennis.com/tournament/1039/monterrey/2020/scores/LS027;K.Kucova;4;;2;;-;;M.Bouzkova;6;;6;;-;;https://www.wtatennis.com/tournament/1039/monterrey/2020/scores
Completed;2:17;Round of 32;https://wtatennis.com/tournament/1039/monterrey/2020/scores/LS029;A.Potapova;6;;4;;6;;G.Gatto-Monticone;4;;6;;4;;https://www.wtatennis.com/tournament/1039/monterrey/2020/scores
Completed;1:25;Round of 32;https://wtatennis.com/tournament/1039/monterrey/2020/scores/LS031;K.Clijsters;3;;5;;-;;J.Konta;6;;7;;-;;https://www.wtatennis.com/tournament/1039/monterrey/2020/scores
Completed;1:07;Round of 32;https://wtatennis.com/tournament/1039/monterrey/2020/scores/LS028;V.Azarenka;2;;2;;-;;T.Zidansek;6;;6;;-;;https://www.wtatennis.com/tournament/1039/monterrey/2020/scores
Completed;1:38;Round of 32;https://wtatennis.com/tournament/1039/monterrey/2020/scores/LS018;S.Voegele;6;5;2;;-;;L.Fernandez;7;;6;;-;;https://www.wtatennis.com/tournament/1039/monterrey/2020/scores
Completed;1:00;Round of 32;https://wtatennis.com/tournament/1039/monterrey/2020/scores/LS016;E.Svitolina;6;;6;;-;;D.Kovinic;3;;2;;-;;https://www.wtatennis.com/tournament/1039/monterrey/2020/scores
Completed;1:40;Round of 32;https://wtatennis.com/tournament/1039/monterrey/2020/scores/LS022;K.Bondarenko;4;;6;;6;;S.Sorribes Tormo;6;;0;;2;;https://www.wtatennis.com/tournament/1039/monterrey/2020/scores
Completed;0:33;Round of 32;https://wtatennis.com/tournament/1039/monterrey/2020/scores/LS021;A.Rus;4;;-;;-;;V.Flink;3;;-;;-;;https://www.wtatennis.com/tournament/1039/monterrey/2020/scores
Completed;2:39;Round of 32;https://wtatennis.com/tournament/1039/monterrey/2020/scores/LS030;H.Watson;6;4;6;;5;;T.Maria;7;;3;;7;;https://www.wtatennis.com/tournament/1039/monterrey/2020/scores
Completed;1:09;Round of 32;https://wtatennis.com/tournament/1039/monterrey/2020/scores/LS020;L.Davis;6;;6;;-;;N.Podoroska;0;;3;;-;;https://www.wtatennis.com/tournament/1039/monterrey/2020/scores
Completed;2:05;Round of 16;https://wtatennis.com/tournament/1039/monterrey/2020/scores/LS009;L.Fernandez;6;4;6;;6;;S.Stephens;7;;3;;3;;https://www.wtatennis.com/tournament/1039/monterrey/2020/scores
Completed;2:52;Round of 16;https://wtatennis.com/tournament/1039/monterrey/2020/scores/LS012;Y.Wang;7;;4;;6;;A.Sharma;6;5;6;;3;;https://www.wtatennis.com/tournament/1039/monterrey/2020/scores
Completed;1:22;Round of 16;https://wtatennis.com/tournament/1039/monterrey/2020/scores/LS013;A.Schmiedlova;4;;1;;-;;M.Bouzkova;6;;6;;-;;https://www.wtatennis.com/tournament/1039/monterrey/2020/scores
Completed;2:04;Round of 16;https://wtatennis.com/tournament/1039/monterrey/2020/scores/LS011;K.Bondarenko;6;2;5;;-;;R.Peterson;7;;7;;-;;https://www.wtatennis.com/tournament/1039/monterrey/2020/scores
Completed;1:18;Round of 16;https://wtatennis.com/tournament/1039/monterrey/2020/scores/LS008;E.Svitolina;6;;6;;-;;O.Govortsova;3;;4;;-;;https://www.wtatennis.com/tournament/1039/monterrey/2020/scores
Completed;1:48;Round of 16;https://wtatennis.com/tournament/1039/monterrey/2020/scores/LS010;L.Davis;5;;0;;-;;A.Rus;7;;6;;-;;https://www.wtatennis.com/tournament/1039/monterrey/2020/scores
Completed;1:47;Round of 16;https://wtatennis.com/tournament/1039/monterrey/2020/scores/LS015;T.Maria;6;4;3;;-;;J.Konta;7;;6;;-;;https://www.wtatennis.com/tournament/1039/monterrey/2020/scores
Completed;2:04;Round of 16;https://wtatennis.com/tournament/1039/monterrey/2020/scores/LS014;T.Zidansek;6;;6;3;1;;A.Potapova;1;;7;;6;;https://www.wtatennis.com/tournament/1039/monterrey/2020/scores
Completed;1:02;Quarterfinal;https://wtatennis.com/tournament/1039/monterrey/2020/scores/LS005;A.Rus;6;;6;;-;;R.Peterson;1;;1;;-;;https://www.wtatennis.com/tournament/1039/monterrey/2020/scores
Completed;1:38;Quarterfinal;https://wtatennis.com/tournament/1039/monterrey/2020/scores/LS004;E.Svitolina;6;;7;;-;;L.Fernandez;4;;5;;-;;https://www.wtatennis.com/tournament/1039/monterrey/2020/scores
Completed;2:40;Quarterfinal;https://wtatennis.com/tournament/1039/monterrey/2020/scores/LS007;A.Potapova;7;;3;;6;7;J.Konta;6;6;6;;7;;https://www.wtatennis.com/tournament/1039/monterrey/2020/scores
Completed;1:51;Quarterfinal;https://wtatennis.com/tournament/1039/monterrey/2020/scores/LS006;Y.Wang;2;;5;;-;;M.Bouzkova;6;;7;;-;;https://www.wtatennis.com/tournament/1039/monterrey/2020/scores
Completed;0:50;Semifinal;https://wtatennis.com/tournament/1039/monterrey/2020/scores/LS002;E.Svitolina;6;;6;;-;;A.Rus;0;;1;;-;;https://www.wtatennis.com/tournament/1039/monterrey/2020/scores
Completed;1:41;Semifinal;https://wtatennis.com/tournament/1039/monterrey/2020/scores/LS003;M.Bouzkova;6;;6;;-;;J.Konta;3;;4;;-;;https://www.wtatennis.com/tournament/1039/monterrey/2020/scores
Completed;3:00;Final;https://wtatennis.com/tournament/1039/monterrey/2020/scores/LS001;E.Svitolina;7;;4;;6;;M.Bouzkova;5;;6;;4;;https://www.wtatennis.com/tournament/1039/monterrey/2020/scores
