statut;duration;stage;url_match_stats;player_1_name;player_1_set_1;player_1_set_1_tiebreak;player_1_set_2;player_1_set_2_tiebreak;player_1_set_3;player_1_set_3_tiebreak;player_2_name;player_2_set_1;player_2_set_1_tiebreak;player_2_set_2;player_2_set_2_tiebreak;player_2_set_3;player_2_set_3_tiebreak;scores_link
Completed;0:44;Qualifying;https://wtatennis.com/tournament/1076/tianjin/2018/scores/RS024;S.Lisicki;6;;6;;-;;B.Jovanovski Petrov;2;;1;;-;;https://www.wtatennis.com/tournament/1076/tianjin/2018/scores
Completed;0:49;Qualifying;https://wtatennis.com/tournament/1076/tianjin/2018/scores/RS021;H.Guo;0;;1;;-;;J.Cepelova;6;;6;;-;;https://www.wtatennis.com/tournament/1076/tianjin/2018/scores
Completed;0:49;Qualifying;https://wtatennis.com/tournament/1076/tianjin/2018/scores/RS025;Y.Liu;1;;0;;-;;B.Krejcikova;6;;6;;-;;https://www.wtatennis.com/tournament/1076/tianjin/2018/scores
Completed;1:30;Qualifying;https://wtatennis.com/tournament/1076/tianjin/2018/scores/RS017;Y.Sizikova;6;;6;;-;;M.Honcova;4;;2;;-;;https://www.wtatennis.com/tournament/1076/tianjin/2018/scores
Completed;1:27;Qualifying;https://wtatennis.com/tournament/1076/tianjin/2018/scores/RS016;V.Kudermetova;6;;6;;-;;M.Wang;2;;4;;-;;https://www.wtatennis.com/tournament/1076/tianjin/2018/scores
Completed;1:20;Qualifying;https://wtatennis.com/tournament/1076/tianjin/2018/scores/RS020;X.Han;6;;6;;-;;J.Cako;4;;2;;-;;https://www.wtatennis.com/tournament/1076/tianjin/2018/scores
Completed;1:24;Qualifying;https://wtatennis.com/tournament/1076/tianjin/2018/scores/RS026;F.Xun;6;;7;;-;;C.Liu;4;;6;3;-;;https://www.wtatennis.com/tournament/1076/tianjin/2018/scores
Completed;1:20;Qualifying;https://wtatennis.com/tournament/1076/tianjin/2018/scores/RS027;E.Webley-Smith;3;;3;;-;;H.Kuwata;6;;6;;-;;https://www.wtatennis.com/tournament/1076/tianjin/2018/scores
Completed;2:40;Qualifying;https://wtatennis.com/tournament/1076/tianjin/2018/scores/RS019;J.Kang;7;;0;;5;;K.Zhang;6;7;6;;7;;https://www.wtatennis.com/tournament/1076/tianjin/2018/scores
Completed;2:04;Qualifying;https://wtatennis.com/tournament/1076/tianjin/2018/scores/RS022;A.Raina;6;;7;;-;;Y.Zhang;4;;5;;-;;https://www.wtatennis.com/tournament/1076/tianjin/2018/scores
Completed;1:37;Qualifying;https://wtatennis.com/tournament/1076/tianjin/2018/scores/RS018;M.Doi;7;;6;;-;;S.Santamaria;6;5;4;;-;;https://www.wtatennis.com/tournament/1076/tianjin/2018/scores
Completed;2:33;Qualifying;https://wtatennis.com/tournament/1076/tianjin/2018/scores/RS023;X.You;6;;2;;4;;Y.Zhang;4;;6;;6;;https://www.wtatennis.com/tournament/1076/tianjin/2018/scores
Completed;1:18;Qualifying;https://wtatennis.com/tournament/1076/tianjin/2018/scores/RS010;X.Han;5;;0;;-;;J.Cepelova;7;;6;;-;;https://www.wtatennis.com/tournament/1076/tianjin/2018/scores
Completed;2:30;Qualifying;https://wtatennis.com/tournament/1076/tianjin/2018/scores/RS012;S.Lisicki;6;7;7;;3;;B.Krejcikova;7;;5;;6;;https://www.wtatennis.com/tournament/1076/tianjin/2018/scores
Completed;1:57;Qualifying;https://wtatennis.com/tournament/1076/tianjin/2018/scores/RS008;V.Kudermetova;3;;7;;4;;Y.Sizikova;6;;6;7;1;;https://www.wtatennis.com/tournament/1076/tianjin/2018/scores
Completed;0:55;Qualifying;https://wtatennis.com/tournament/1076/tianjin/2018/scores/RS009;M.Doi;6;;6;;-;;K.Zhang;2;;0;;-;;https://www.wtatennis.com/tournament/1076/tianjin/2018/scores
Completed;2:41;Qualifying;https://wtatennis.com/tournament/1076/tianjin/2018/scores/RS011;A.Raina;7;;0;;3;;Y.Zhang;5;;6;;6;;https://www.wtatennis.com/tournament/1076/tianjin/2018/scores
Completed;2:02;Qualifying;https://wtatennis.com/tournament/1076/tianjin/2018/scores/RS013;F.Xun;6;;3;;6;;H.Kuwata;2;;6;;4;;https://www.wtatennis.com/tournament/1076/tianjin/2018/scores
Completed;2:25;Round of 32;https://wtatennis.com/tournament/1076/tianjin/2018/scores/LS028;P.Martic;3;;6;;7;;Y.Duan;6;;3;;6;3;https://www.wtatennis.com/tournament/1076/tianjin/2018/scores
Completed;2:30;Round of 32;https://wtatennis.com/tournament/1076/tianjin/2018/scores/LS016;K.Pliskova;6;;6;3;6;;V.Lepchenko;2;;7;;3;;https://www.wtatennis.com/tournament/1076/tianjin/2018/scores
Completed;1:49;Round of 32;https://wtatennis.com/tournament/1076/tianjin/2018/scores/LS017;L.Arruabarrena;6;5;2;;-;;P.Hercog;7;;6;;-;;https://www.wtatennis.com/tournament/1076/tianjin/2018/scores
Completed;1:24;Round of 32;https://wtatennis.com/tournament/1076/tianjin/2018/scores/LS029;Y.Yuan;0;;6;;4;;F.Liu;6;;1;;6;;https://www.wtatennis.com/tournament/1076/tianjin/2018/scores
Completed;2:23;Round of 32;https://wtatennis.com/tournament/1076/tianjin/2018/scores/LS025;V.Kudermetova;5;;6;;7;;A.Riske;7;;1;;5;;https://www.wtatennis.com/tournament/1076/tianjin/2018/scores
Completed;2:00;Round of 32;https://wtatennis.com/tournament/1076/tianjin/2018/scores/LS021;M.Linette;2;;6;;6;;E.Rodina;6;;1;;4;;https://www.wtatennis.com/tournament/1076/tianjin/2018/scores
Completed;1:48;Round of 32;https://wtatennis.com/tournament/1076/tianjin/2018/scores/LS024;S.Hsieh;7;;7;;-;;A.Tomljanovic;6;4;5;;-;;https://www.wtatennis.com/tournament/1076/tianjin/2018/scores
Completed;1:41;Round of 32;https://wtatennis.com/tournament/1076/tianjin/2018/scores/LS030;Y.Zhang;7;;6;;-;;I.Begu;5;;3;;-;;https://www.wtatennis.com/tournament/1076/tianjin/2018/scores
Completed;1:46;Round of 32;https://wtatennis.com/tournament/1076/tianjin/2018/scores/LS019;K.Boulter;7;;6;;-;;M.Sakkari;6;4;3;;-;;https://www.wtatennis.com/tournament/1076/tianjin/2018/scores
Completed;2:01;Round of 32;https://wtatennis.com/tournament/1076/tianjin/2018/scores/LS020;A.Sabalenka;7;;4;;6;;S.Kenin;6;4;6;;0;;https://www.wtatennis.com/tournament/1076/tianjin/2018/scores
Completed;0:37;Round of 32;https://wtatennis.com/tournament/1076/tianjin/2018/scores/LS018;K.Kozlova;1;;-;;-;;B.Krejcikova;4;;-;;-;;https://www.wtatennis.com/tournament/1076/tianjin/2018/scores
Completed;1:09;Round of 32;https://wtatennis.com/tournament/1076/tianjin/2018/scores/LS031;F.Xun;4;;1;;-;;C.Garcia;6;;6;;-;;https://www.wtatennis.com/tournament/1076/tianjin/2018/scores
Completed;2:29;Round of 32;https://wtatennis.com/tournament/1076/tianjin/2018/scores/LS026;J.Cepelova;7;;3;;6;;Y.Wang;5;;6;;4;;https://www.wtatennis.com/tournament/1076/tianjin/2018/scores
Completed;2:21;Round of 32;https://wtatennis.com/tournament/1076/tianjin/2018/scores/LS022;Y.Putintseva;0;;6;;6;6;M.Doi;6;;3;;7;;https://www.wtatennis.com/tournament/1076/tianjin/2018/scores
Completed;1:27;Round of 32;https://wtatennis.com/tournament/1076/tianjin/2018/scores/LS027;L.Zhu;5;;1;;-;;E.Mertens;7;;6;;-;;https://www.wtatennis.com/tournament/1076/tianjin/2018/scores
Completed;0:43;Round of 32;https://wtatennis.com/tournament/1076/tianjin/2018/scores/LS023;T.Bacsinszky;6;;0;;-;;D.Collins;3;;0;;-;;https://www.wtatennis.com/tournament/1076/tianjin/2018/scores
Completed;1:13;Round of 16;https://wtatennis.com/tournament/1076/tianjin/2018/scores/LS010;A.Sabalenka;6;;6;;-;;M.Linette;1;;3;;-;;https://www.wtatennis.com/tournament/1076/tianjin/2018/scores
Completed;1:23;Round of 16;https://wtatennis.com/tournament/1076/tianjin/2018/scores/LS014;P.Martic;1;;6;;6;;F.Liu;6;;0;;1;;https://www.wtatennis.com/tournament/1076/tianjin/2018/scores
Completed;1:39;Round of 16;https://wtatennis.com/tournament/1076/tianjin/2018/scores/LS012;S.Hsieh;6;;2;;6;;V.Kudermetova;2;;6;;2;;https://www.wtatennis.com/tournament/1076/tianjin/2018/scores
Completed;0:50;Round of 16;https://wtatennis.com/tournament/1076/tianjin/2018/scores/LS008;K.Pliskova;6;;6;;-;;P.Hercog;1;;2;;-;;https://www.wtatennis.com/tournament/1076/tianjin/2018/scores
Completed;1:05;Round of 16;https://wtatennis.com/tournament/1076/tianjin/2018/scores/LS013;J.Cepelova;2;;3;;-;;E.Mertens;6;;6;;-;;https://www.wtatennis.com/tournament/1076/tianjin/2018/scores
Completed;1:30;Round of 16;https://wtatennis.com/tournament/1076/tianjin/2018/scores/LS015;Y.Zhang;3;;4;;-;;C.Garcia;6;;6;;-;;https://www.wtatennis.com/tournament/1076/tianjin/2018/scores
Completed;1:47;Round of 16;https://wtatennis.com/tournament/1076/tianjin/2018/scores/LS009;B.Krejcikova;3;;6;;3;;K.Boulter;6;;1;;6;;https://www.wtatennis.com/tournament/1076/tianjin/2018/scores
Completed;2:16;Round of 16;https://wtatennis.com/tournament/1076/tianjin/2018/scores/LS011;M.Doi;6;;3;;5;;T.Bacsinszky;1;;6;;7;;https://www.wtatennis.com/tournament/1076/tianjin/2018/scores
Completed;1:05;Quarterfinal;https://wtatennis.com/tournament/1076/tianjin/2018/scores/LS006;S.Hsieh;6;;4;;-;;E.Mertens;2;;0;;-;;https://www.wtatennis.com/tournament/1076/tianjin/2018/scores
Completed;0:40;Quarterfinal;https://wtatennis.com/tournament/1076/tianjin/2018/scores/LS007;P.Martic;2;;0;;-;;C.Garcia;6;;1;;-;;https://www.wtatennis.com/tournament/1076/tianjin/2018/scores
Completed;2:16;Quarterfinal;https://wtatennis.com/tournament/1076/tianjin/2018/scores/LS005;A.Sabalenka;6;2;6;5;-;;T.Bacsinszky;7;;7;;-;;https://www.wtatennis.com/tournament/1076/tianjin/2018/scores
Completed;2:07;Quarterfinal;https://wtatennis.com/tournament/1076/tianjin/2018/scores/LS004;K.Pliskova;5;;6;;6;;K.Boulter;7;;0;;3;;https://www.wtatennis.com/tournament/1076/tianjin/2018/scores
Completed;1:32;Semifinal;https://wtatennis.com/tournament/1076/tianjin/2018/scores/LS003;S.Hsieh;3;;4;;-;;C.Garcia;6;;6;;-;;https://www.wtatennis.com/tournament/1076/tianjin/2018/scores
Completed;1:00;Semifinal;https://wtatennis.com/tournament/1076/tianjin/2018/scores/LS002;K.Pliskova;6;;6;;-;;T.Bacsinszky;2;;1;;-;;https://www.wtatennis.com/tournament/1076/tianjin/2018/scores
Completed;1:43;Final;https://wtatennis.com/tournament/1076/tianjin/2018/scores/LS001;K.Pliskova;6;7;3;;-;;C.Garcia;7;;6;;-;;https://www.wtatennis.com/tournament/1076/tianjin/2018/scores
