statut;duration;stage;url_match_stats;player_1_name;player_1_set_1;player_1_set_1_tiebreak;player_1_set_2;player_1_set_2_tiebreak;player_1_set_3;player_1_set_3_tiebreak;player_2_name;player_2_set_1;player_2_set_1_tiebreak;player_2_set_2;player_2_set_2_tiebreak;player_2_set_3;player_2_set_3_tiebreak;scores_link
Completed;1:17;Qualifying;https://wtatennis.com/tournament/1027/istanbul/2019/scores/RS010;I.Jorovic;6;;6;;-;;Y.Sizikova;1;;2;;-;;https://www.wtatennis.com/tournament/1027/istanbul/2019/scores
Completed;0:53;Qualifying;https://wtatennis.com/tournament/1027/istanbul/2019/scores/RS012;T.Babos;4;;0;;-;;E.Rybakina;6;;3;;-;;https://www.wtatennis.com/tournament/1027/istanbul/2019/scores
Completed;1:10;Qualifying;https://wtatennis.com/tournament/1027/istanbul/2019/scores/RS009;K.Kozlova;6;;6;;-;;A.Dulgheru;2;;4;;-;;https://www.wtatennis.com/tournament/1027/istanbul/2019/scores
Completed;0:57;Qualifying;https://wtatennis.com/tournament/1027/istanbul/2019/scores/RS013;I.Oz;0;;2;;-;;A.Bogdan;6;;6;;-;;https://www.wtatennis.com/tournament/1027/istanbul/2019/scores
Completed;2:15;Qualifying;https://wtatennis.com/tournament/1027/istanbul/2019/scores/RS011;J.Glushko;6;;4;;2;;I.Bara;2;;6;;6;;https://www.wtatennis.com/tournament/1027/istanbul/2019/scores
Completed;1:10;Qualifying;https://wtatennis.com/tournament/1027/istanbul/2019/scores/RS008;V.Kudermetova;6;;6;;-;;M.Di Giuseppe;4;;1;;-;;https://www.wtatennis.com/tournament/1027/istanbul/2019/scores
Completed;2:03;Round of 32;https://wtatennis.com/tournament/1027/istanbul/2019/scores/LS024;P.Martic;3;;6;;6;;T.Zidansek;6;;1;;3;;https://www.wtatennis.com/tournament/1027/istanbul/2019/scores
Completed;3:10;Round of 32;https://wtatennis.com/tournament/1027/istanbul/2019/scores/LS030;J.Larsson;6;6.0;6;;3;;M.Gasparyan;7;;4;;6;;https://www.wtatennis.com/tournament/1027/istanbul/2019/scores
Completed;1:36;Round of 32;https://wtatennis.com/tournament/1027/istanbul/2019/scores/LS017;R.Peterson;6;;2;;6;;P.Ozgen;1;;6;;0;;https://www.wtatennis.com/tournament/1027/istanbul/2019/scores
Completed;0:56;Round of 32;https://wtatennis.com/tournament/1027/istanbul/2019/scores/LS022;P.Parmentier;6;;6;;-;;E.Rodina;1;;1;;-;;https://www.wtatennis.com/tournament/1027/istanbul/2019/scores
Completed;1:23;Round of 32;https://wtatennis.com/tournament/1027/istanbul/2019/scores/LS028;M.Sakkari;3;;4;;-;;V.Kudermetova;6;;6;;-;;https://www.wtatennis.com/tournament/1027/istanbul/2019/scores
Completed;1:54;Round of 32;https://wtatennis.com/tournament/1027/istanbul/2019/scores/LS018;C.Buyukakcay;3;;6;4.0;-;;S.Kuznetsova;6;;7;;-;;https://www.wtatennis.com/tournament/1027/istanbul/2019/scores
Completed;1:28;Round of 32;https://wtatennis.com/tournament/1027/istanbul/2019/scores/LS016;C.Suarez Navarro;4;;5;;-;;L.Arruabarrena;6;;7;;-;;https://www.wtatennis.com/tournament/1027/istanbul/2019/scores
Completed;2:42;Round of 32;https://wtatennis.com/tournament/1027/istanbul/2019/scores/LS020;V.Kuzmova;7;;5;;4;;B.Strycova;5;;7;;6;;https://www.wtatennis.com/tournament/1027/istanbul/2019/scores
Completed;1:36;Round of 32;https://wtatennis.com/tournament/1027/istanbul/2019/scores/LS031;J.Glushko;4;;4;;-;;M.Buzarnescu;6;;6;;-;;https://www.wtatennis.com/tournament/1027/istanbul/2019/scores
Completed;1:42;Round of 32;https://wtatennis.com/tournament/1027/istanbul/2019/scores/LS029;T.Babos;6;;6;;-;;I.Jorovic;4;;4;;-;;https://www.wtatennis.com/tournament/1027/istanbul/2019/scores
Completed;1:51;Round of 32;https://wtatennis.com/tournament/1027/istanbul/2019/scores/LS021;S.Cirstea;2;;6;;6;;I.Bara;6;;0;;0;;https://www.wtatennis.com/tournament/1027/istanbul/2019/scores
Completed;2:03;Round of 32;https://wtatennis.com/tournament/1027/istanbul/2019/scores/LS023;E.Rybakina;3;;6;;6;;K.Siniakova;6;;2;;4;;https://www.wtatennis.com/tournament/1027/istanbul/2019/scores
Completed;0:57;Round of 16;https://wtatennis.com/tournament/1027/istanbul/2019/scores/LS011;P.Parmentier;0;;4;;-;;E.Rybakina;6;;6;;-;;https://www.wtatennis.com/tournament/1027/istanbul/2019/scores
Completed;1:22;Round of 16;https://wtatennis.com/tournament/1027/istanbul/2019/scores/LS008;L.Arruabarrena;6;;6;;-;;R.Peterson;3;;2;;-;;https://www.wtatennis.com/tournament/1027/istanbul/2019/scores
Completed;2:01;Round of 16;https://wtatennis.com/tournament/1027/istanbul/2019/scores/LS015;M.Gasparyan;1;;6;;7;;M.Buzarnescu;6;;4;;5;;https://www.wtatennis.com/tournament/1027/istanbul/2019/scores
Completed;2:12;Round of 16;https://wtatennis.com/tournament/1027/istanbul/2019/scores/LS010;B.Strycova;6;;1;;6;;S.Cirstea;2;;6;;3;;https://www.wtatennis.com/tournament/1027/istanbul/2019/scores
Completed;0:50;Round of 32;https://wtatennis.com/tournament/1027/istanbul/2019/scores/LS026;K.Kozlova;6;;1;;-;;A.Potapova;3;;0;;-;;https://www.wtatennis.com/tournament/1027/istanbul/2019/scores
Completed;0:42;Round of 32;https://wtatennis.com/tournament/1027/istanbul/2019/scores/LS025;K.Flipkens;1;;0;;-;;A.Bogdan;6;;1;;-;;https://www.wtatennis.com/tournament/1027/istanbul/2019/scores
Completed;1:38;Round of 32;https://wtatennis.com/tournament/1027/istanbul/2019/scores/LS027;K.Mladenovic;6;;6;;-;;D.Yastremska;3;;4;;-;;https://www.wtatennis.com/tournament/1027/istanbul/2019/scores
Completed;1:24;Round of 32;https://wtatennis.com/tournament/1027/istanbul/2019/scores/LS019;M.Vondrousova;6;;6;;-;;A.Tomljanovic;3;;3;;-;;https://www.wtatennis.com/tournament/1027/istanbul/2019/scores
Completed;1:32;Round of 16;https://wtatennis.com/tournament/1027/istanbul/2019/scores/LS014;V.Kudermetova;6;;7;;-;;T.Babos;0;;6;4.0;-;;https://www.wtatennis.com/tournament/1027/istanbul/2019/scores
Completed;1:11;Round of 16;https://wtatennis.com/tournament/1027/istanbul/2019/scores/LS013;K.Kozlova;1;;2;;-;;K.Mladenovic;6;;6;;-;;https://www.wtatennis.com/tournament/1027/istanbul/2019/scores
Completed;2:15;Round of 16;https://wtatennis.com/tournament/1027/istanbul/2019/scores/LS012;P.Martic;4;;7;;6;;A.Bogdan;6;;5;;3;;https://www.wtatennis.com/tournament/1027/istanbul/2019/scores
Completed;1:18;Round of 16;https://wtatennis.com/tournament/1027/istanbul/2019/scores/LS009;S.Kuznetsova;4;;3;;-;;M.Vondrousova;6;;6;;-;;https://www.wtatennis.com/tournament/1027/istanbul/2019/scores
Completed;1:37;Quarterfinal;https://wtatennis.com/tournament/1027/istanbul/2019/scores/LS007;V.Kudermetova;5;;4;;-;;M.Gasparyan;7;;6;;-;;https://www.wtatennis.com/tournament/1027/istanbul/2019/scores
Completed;3:17;Quarterfinal;https://wtatennis.com/tournament/1027/istanbul/2019/scores/LS006;P.Martic;7;;4;;7;;K.Mladenovic;6;4.0;6;;6;2.0;https://www.wtatennis.com/tournament/1027/istanbul/2019/scores
Completed;1:00;Quarterfinal;https://wtatennis.com/tournament/1027/istanbul/2019/scores/LS004;L.Arruabarrena;1;;2;;-;;M.Vondrousova;6;;6;;-;;https://www.wtatennis.com/tournament/1027/istanbul/2019/scores
Completed;2:00;Quarterfinal;https://wtatennis.com/tournament/1027/istanbul/2019/scores/LS005;B.Strycova;0;;7;;6;;E.Rybakina;6;;6;6.0;0;;https://www.wtatennis.com/tournament/1027/istanbul/2019/scores
Completed;0:52;Semifinal;https://wtatennis.com/tournament/1027/istanbul/2019/scores/LS003;P.Martic;6;;0;;-;;M.Gasparyan;1;;0;;-;;https://www.wtatennis.com/tournament/1027/istanbul/2019/scores
Completed;1:25;Semifinal;https://wtatennis.com/tournament/1027/istanbul/2019/scores/LS002;M.Vondrousova;6;;6;;-;;B.Strycova;2;;1;;-;;https://www.wtatennis.com/tournament/1027/istanbul/2019/scores
Completed;1:49;Final;https://wtatennis.com/tournament/1027/istanbul/2019/scores/LS001;M.Vondrousova;6;;4;;1;;P.Martic;1;;6;;6;;https://www.wtatennis.com/tournament/1027/istanbul/2019/scores
