statut;duration;stage;url_match_stats;player_1_name;player_1_set_1;player_1_set_1_tiebreak;player_1_set_2;player_1_set_2_tiebreak;player_1_set_3;player_1_set_3_tiebreak;player_2_name;player_2_set_1;player_2_set_1_tiebreak;player_2_set_2;player_2_set_2_tiebreak;player_2_set_3;player_2_set_3_tiebreak;scores_link
Completed;0:57;Qualifying;https://wtatennis.com/tournament/1082/prague/2019/scores/RS017;K.Kuzmova;1;;3;;-;;E.Gorgodze;6;;6;;-;;https://www.wtatennis.com/tournament/1082/prague/2019/scores
Completed;0:54;Qualifying;https://wtatennis.com/tournament/1082/prague/2019/scores/RS016;I.Swiatek;6;;6;;-;;A.Grymalska;2;;0;;-;;https://www.wtatennis.com/tournament/1082/prague/2019/scores
Completed;1:42;Qualifying;https://wtatennis.com/tournament/1082/prague/2019/scores/RS022;B.Haas;7;;6;;-;;R.Sramkova;5;;4;;-;;https://www.wtatennis.com/tournament/1082/prague/2019/scores
Completed;1:14;Qualifying;https://wtatennis.com/tournament/1082/prague/2019/scores/RS023;D.Sumova;4;;2;;-;;A.Bolsova;6;;6;;-;;https://www.wtatennis.com/tournament/1082/prague/2019/scores
Completed;1:12;Qualifying;https://wtatennis.com/tournament/1082/prague/2019/scores/RS020;M.Bouzkova;6;;6;;-;;T.Mihalikova;3;;2;;-;;https://www.wtatennis.com/tournament/1082/prague/2019/scores
Completed;1:01;Qualifying;https://wtatennis.com/tournament/1082/prague/2019/scores/RS018;G.Olmos;0;;2;;-;;G.Gatto-Monticone;6;;6;;-;;https://www.wtatennis.com/tournament/1082/prague/2019/scores
Completed;2:16;Qualifying;https://wtatennis.com/tournament/1082/prague/2019/scores/RS021;T.Martincova;6;;6;4;1;;R.Serban;3;;7;;6;;https://www.wtatennis.com/tournament/1082/prague/2019/scores
Completed;1:16;Qualifying;https://wtatennis.com/tournament/1082/prague/2019/scores/RS019;T.Korpatsch;6;;6;;-;;P.Hon;4;;2;;-;;https://www.wtatennis.com/tournament/1082/prague/2019/scores
Completed;1:27;Qualifying;https://wtatennis.com/tournament/1082/prague/2019/scores/RS029;J.Teichmann;6;;7;;-;;V.Tomova;2;;6;2;-;;https://www.wtatennis.com/tournament/1082/prague/2019/scores
Completed;1:15;Qualifying;https://wtatennis.com/tournament/1082/prague/2019/scores/RS028;B.Haddad Maia;6;;6;;-;;B.Stefkova;4;;2;;-;;https://www.wtatennis.com/tournament/1082/prague/2019/scores
Completed;2:24;Qualifying;https://wtatennis.com/tournament/1082/prague/2019/scores/RS024;T.Smitkova;7;;4;;6;;A.Zarycka;6;4;6;;2;;https://www.wtatennis.com/tournament/1082/prague/2019/scores
Completed;1:04;Qualifying;https://wtatennis.com/tournament/1082/prague/2019/scores/RS026;Y.Sizikova;2;;1;;-;;A.Lottner;6;;6;;-;;https://www.wtatennis.com/tournament/1082/prague/2019/scores
Completed;1:21;Qualifying;https://wtatennis.com/tournament/1082/prague/2019/scores/RS031;M.Di Giuseppe;4;;4;;-;;V.Flink;6;;6;;-;;https://www.wtatennis.com/tournament/1082/prague/2019/scores
Completed;1:05;Qualifying;https://wtatennis.com/tournament/1082/prague/2019/scores/RS027;A.Kalinskaya;6;;6;;-;;C.Mchale;2;;2;;-;;https://www.wtatennis.com/tournament/1082/prague/2019/scores
Completed;1:03;Qualifying;https://wtatennis.com/tournament/1082/prague/2019/scores/RS030;D.Allertova;6;;6;;-;;P.Ormaechea;3;;2;;-;;https://www.wtatennis.com/tournament/1082/prague/2019/scores
Completed;0:55;Qualifying;https://wtatennis.com/tournament/1082/prague/2019/scores/RS025;J.Markova;3;;1;;-;;J.Paolini;6;;6;;-;;https://www.wtatennis.com/tournament/1082/prague/2019/scores
Completed;1:13;Qualifying;https://wtatennis.com/tournament/1082/prague/2019/scores/RS010;M.Bouzkova;6;;6;;-;;R.Serban;1;;2;;-;;https://www.wtatennis.com/tournament/1082/prague/2019/scores
Completed;0:59;Qualifying;https://wtatennis.com/tournament/1082/prague/2019/scores/RS008;I.Swiatek;6;;6;;-;;E.Gorgodze;3;;3;;-;;https://www.wtatennis.com/tournament/1082/prague/2019/scores
Completed;2:14;Qualifying;https://wtatennis.com/tournament/1082/prague/2019/scores/RS011;B.Haas;6;;5;;6;;A.Bolsova;1;;7;;2;;https://www.wtatennis.com/tournament/1082/prague/2019/scores
Completed;1:57;Qualifying;https://wtatennis.com/tournament/1082/prague/2019/scores/RS012;T.Smitkova;1;;7;;3;;J.Paolini;6;;6;4;6;;https://www.wtatennis.com/tournament/1082/prague/2019/scores
Completed;0:53;Qualifying;https://wtatennis.com/tournament/1082/prague/2019/scores/RS009;G.Gatto-Monticone;1;;0;;-;;T.Korpatsch;6;;6;;-;;https://www.wtatennis.com/tournament/1082/prague/2019/scores
Completed;1:32;Qualifying;https://wtatennis.com/tournament/1082/prague/2019/scores/RS015;D.Allertova;6;;7;;-;;V.Flink;4;;5;;-;;https://www.wtatennis.com/tournament/1082/prague/2019/scores
Completed;1:37;Qualifying;https://wtatennis.com/tournament/1082/prague/2019/scores/RS013;A.Lottner;7;;6;;-;;A.Kalinskaya;6;2;4;;-;;https://www.wtatennis.com/tournament/1082/prague/2019/scores
Completed;1:27;Qualifying;https://wtatennis.com/tournament/1082/prague/2019/scores/RS014;B.Haddad Maia;2;;2;;-;;J.Teichmann;6;;6;;-;;https://www.wtatennis.com/tournament/1082/prague/2019/scores
Completed;1:50;Qualifying;https://wtatennis.com/tournament/1082/prague/2019/scores/RS005;M.Bouzkova;6;6;1;;-;;B.Haas;7;;6;;-;;https://www.wtatennis.com/tournament/1082/prague/2019/scores
Completed;1:22;Qualifying;https://wtatennis.com/tournament/1082/prague/2019/scores/RS006;J.Paolini;4;;4;;-;;A.Lottner;6;;6;;-;;https://www.wtatennis.com/tournament/1082/prague/2019/scores
Completed;2:13;Qualifying;https://wtatennis.com/tournament/1082/prague/2019/scores/RS004;I.Swiatek;6;;3;;6;;T.Korpatsch;3;;6;;3;;https://www.wtatennis.com/tournament/1082/prague/2019/scores
Completed;1:35;Qualifying;https://wtatennis.com/tournament/1082/prague/2019/scores/RS007;J.Teichmann;6;;6;;-;;D.Allertova;4;;2;;-;;https://www.wtatennis.com/tournament/1082/prague/2019/scores
Completed;1:15;Round of 32;https://wtatennis.com/tournament/1082/prague/2019/scores/LS030;K.Pliskova;3;;4;;-;;N.Vikhlyantseva;6;;6;;-;;https://www.wtatennis.com/tournament/1082/prague/2019/scores
Completed;1:25;Round of 32;https://wtatennis.com/tournament/1082/prague/2019/scores/LS020;M.Buzarnescu;4;;2;;-;;S.Kuznetsova;6;;6;;-;;https://www.wtatennis.com/tournament/1082/prague/2019/scores
Completed;1:22;Round of 32;https://wtatennis.com/tournament/1082/prague/2019/scores/LS021;J.Teichmann;6;;6;;-;;E.Alexandrova;3;;4;;-;;https://www.wtatennis.com/tournament/1082/prague/2019/scores
Completed;1:17;Round of 32;https://wtatennis.com/tournament/1082/prague/2019/scores/LS024;M.Bouzkova;1;;4;;-;;A.Lottner;6;;6;;-;;https://www.wtatennis.com/tournament/1082/prague/2019/scores
Completed;1:10;Round of 32;https://wtatennis.com/tournament/1082/prague/2019/scores/LS025;B.Pera;6;;6;;-;;B.Haas;4;;2;;-;;https://www.wtatennis.com/tournament/1082/prague/2019/scores
Completed;2:33;Round of 32;https://wtatennis.com/tournament/1082/prague/2019/scores/LS029;K.Muchova;4;;6;;6;;I.Swiatek;6;;1;;4;;https://www.wtatennis.com/tournament/1082/prague/2019/scores
Completed;1:07;Round of 32;https://wtatennis.com/tournament/1082/prague/2019/scores/LS022;T.Korpatsch;6;;6;;-;;A.Krunic;3;;2;;-;;https://www.wtatennis.com/tournament/1082/prague/2019/scores
Completed;1:40;Round of 32;https://wtatennis.com/tournament/1082/prague/2019/scores/LS031;A.Potapova;2;;6;;6;;A.Sevastova;6;;3;;2;;https://www.wtatennis.com/tournament/1082/prague/2019/scores
Completed;2:12;Round of 32;https://wtatennis.com/tournament/1082/prague/2019/scores/LS028;D.Collins;7;;3;;0;;J.Brady;5;;6;;6;;https://www.wtatennis.com/tournament/1082/prague/2019/scores
Completed;1:03;Round of 32;https://wtatennis.com/tournament/1082/prague/2019/scores/LS026;M.Minella;6;;6;;-;;J.Paolini;3;;1;;-;;https://www.wtatennis.com/tournament/1082/prague/2019/scores
Completed;1:32;Round of 32;https://wtatennis.com/tournament/1082/prague/2019/scores/LS016;B.Strycova;6;;6;;-;;M.Barthel;4;;2;;-;;https://www.wtatennis.com/tournament/1082/prague/2019/scores
Completed;2:11;Round of 32;https://wtatennis.com/tournament/1082/prague/2019/scores/LS017;J.Pegula;6;;6;7;6;;A.Petkovic;4;;7;;3;;https://www.wtatennis.com/tournament/1082/prague/2019/scores
Completed;0:59;Round of 32;https://wtatennis.com/tournament/1082/prague/2019/scores/LS018;S.Voegele;1;;2;;-;;J.Cepelova;6;;6;;-;;https://www.wtatennis.com/tournament/1082/prague/2019/scores
Completed;2:15;Round of 32;https://wtatennis.com/tournament/1082/prague/2019/scores/LS027;M.Gasparyan;3;;6;;2;;Q.Wang;6;;3;;6;;https://www.wtatennis.com/tournament/1082/prague/2019/scores
Completed;1:05;Round of 32;https://wtatennis.com/tournament/1082/prague/2019/scores/LS019;D.Jakupovic;0;;2;;-;;K.Siniakova;6;;6;;-;;https://www.wtatennis.com/tournament/1082/prague/2019/scores
Completed;1:22;Round of 32;https://wtatennis.com/tournament/1082/prague/2019/scores/LS023;A.Schmiedlova;6;;6;;-;;V.Kuzmova;3;;3;;-;;https://www.wtatennis.com/tournament/1082/prague/2019/scores
Completed;1:27;Round of 16;https://wtatennis.com/tournament/1082/prague/2019/scores/LS008;B.Strycova;7;;6;;-;;J.Pegula;5;;2;;-;;https://www.wtatennis.com/tournament/1082/prague/2019/scores
Completed;1:06;Round of 16;https://wtatennis.com/tournament/1082/prague/2019/scores/LS009;J.Cepelova;1;;3;;-;;K.Siniakova;6;;6;;-;;https://www.wtatennis.com/tournament/1082/prague/2019/scores
Completed;2:15;Round of 16;https://wtatennis.com/tournament/1082/prague/2019/scores/LS015;N.Vikhlyantseva;6;;2;;7;;A.Potapova;4;;6;;5;;https://www.wtatennis.com/tournament/1082/prague/2019/scores
Completed;2:32;Round of 16;https://wtatennis.com/tournament/1082/prague/2019/scores/LS014;J.Brady;4;;6;;6;2;K.Muchova;6;;3;;7;;https://www.wtatennis.com/tournament/1082/prague/2019/scores
Completed;1:39;Round of 16;https://wtatennis.com/tournament/1082/prague/2019/scores/LS010;S.Kuznetsova;6;;3;;2;;J.Teichmann;2;;6;;6;;https://www.wtatennis.com/tournament/1082/prague/2019/scores
Completed;1:13;Round of 16;https://wtatennis.com/tournament/1082/prague/2019/scores/LS012;A.Lottner;2;;4;;-;;B.Pera;6;;6;;-;;https://www.wtatennis.com/tournament/1082/prague/2019/scores
Completed;2:21;Round of 16;https://wtatennis.com/tournament/1082/prague/2019/scores/LS011;T.Korpatsch;4;;6;;6;;A.Schmiedlova;6;;3;;0;;https://www.wtatennis.com/tournament/1082/prague/2019/scores
Completed;2:18;Round of 16;https://wtatennis.com/tournament/1082/prague/2019/scores/LS013;M.Minella;1;;6;;4;;Q.Wang;6;;4;;6;;https://www.wtatennis.com/tournament/1082/prague/2019/scores
Completed;1:00;Quarterfinal;https://wtatennis.com/tournament/1082/prague/2019/scores/LS005;J.Teichmann;6;;6;;-;;T.Korpatsch;2;;1;;-;;https://www.wtatennis.com/tournament/1082/prague/2019/scores
Completed;1:09;Quarterfinal;https://wtatennis.com/tournament/1082/prague/2019/scores/LS004;B.Strycova;6;;6;;-;;K.Siniakova;1;;2;;-;;https://www.wtatennis.com/tournament/1082/prague/2019/scores
Completed;1:27;Quarterfinal;https://wtatennis.com/tournament/1082/prague/2019/scores/LS007;K.Muchova;6;;6;;-;;N.Vikhlyantseva;3;;4;;-;;https://www.wtatennis.com/tournament/1082/prague/2019/scores
Completed;2:06;Quarterfinal;https://wtatennis.com/tournament/1082/prague/2019/scores/LS006;B.Pera;6;;6;5;6;;Q.Wang;0;;7;;3;;https://www.wtatennis.com/tournament/1082/prague/2019/scores
Completed;1:16;Semifinal;https://wtatennis.com/tournament/1082/prague/2019/scores/LS002;B.Strycova;3;;0;;-;;J.Teichmann;6;;6;;-;;https://www.wtatennis.com/tournament/1082/prague/2019/scores
Completed;1:32;Semifinal;https://wtatennis.com/tournament/1082/prague/2019/scores/LS003;B.Pera;2;;5;;-;;K.Muchova;6;;7;;-;;https://www.wtatennis.com/tournament/1082/prague/2019/scores
Completed;2:44;Final;https://wtatennis.com/tournament/1082/prague/2019/scores/LS001;J.Teichmann;7;;3;;6;;K.Muchova;6;5;6;;4;;https://www.wtatennis.com/tournament/1082/prague/2019/scores
