match_1st Return Points Won_player_1;match_1st Return Points Won_player_2;match_1st Serve Points Won_player_1;match_1st Serve Points Won_player_2;match_1st Serve_player_1;match_1st Serve_player_2;match_2nd Return Points Won_player_1;match_2nd Return Points Won_player_2;match_2nd Serve Points Won_player_1;match_2nd Serve Points Won_player_2;match_Aces_player_1;match_Aces_player_2;match_Break Points Converted_player_1;match_Break Points Converted_player_2;match_Break Points Saved_player_1;match_Break Points Saved_player_2;match_Double Faults_player_1;match_Double Faults_player_2;match_Return Games Played_player_1;match_Return Games Played_player_2;match_Service Games Played_player_1;match_Service Games Played_player_2;match_Total Points Won_player_1;match_Total Points Won_player_2;match_Total Return Points Won_player_1;match_Total Return Points Won_player_2;match_Total Service Points Won_player_1;match_Total Service Points Won_player_2;set1_1st Return Points Won_player_1;set1_1st Return Points Won_player_2;set1_1st Serve Points Won_player_1;set1_1st Serve Points Won_player_2;set1_1st Serve_player_1;set1_1st Serve_player_2;set1_2nd Return Points Won_player_1;set1_2nd Return Points Won_player_2;set1_2nd Serve Points Won_player_1;set1_2nd Serve Points Won_player_2;set1_Aces_player_1;set1_Aces_player_2;set1_Break Points Converted_player_1;set1_Break Points Converted_player_2;set1_Break Points Saved_player_1;set1_Break Points Saved_player_2;set1_Double Faults_player_1;set1_Double Faults_player_2;set1_Return Games Played_player_1;set1_Return Games Played_player_2;set1_Service Games Played_player_1;set1_Service Games Played_player_2;set1_Total Points Won_player_1;set1_Total Points Won_player_2;set1_Total Return Points Won_player_1;set1_Total Return Points Won_player_2;set1_Total Service Points Won_player_1;set1_Total Service Points Won_player_2;set2_1st Return Points Won_player_1;set2_1st Return Points Won_player_2;set2_1st Serve Points Won_player_1;set2_1st Serve Points Won_player_2;set2_1st Serve_player_1;set2_1st Serve_player_2;set2_2nd Return Points Won_player_1;set2_2nd Return Points Won_player_2;set2_2nd Serve Points Won_player_1;set2_2nd Serve Points Won_player_2;set2_Aces_player_1;set2_Aces_player_2;set2_Break Points Converted_player_1;set2_Break Points Converted_player_2;set2_Break Points Saved_player_1;set2_Break Points Saved_player_2;set2_Double Faults_player_1;set2_Double Faults_player_2;set2_Return Games Played_player_1;set2_Return Games Played_player_2;set2_Service Games Played_player_1;set2_Service Games Played_player_2;set2_Total Points Won_player_1;set2_Total Points Won_player_2;set2_Total Return Points Won_player_1;set2_Total Return Points Won_player_2;set2_Total Service Points Won_player_1;set2_Total Service Points Won_player_2;h2h_wins_player_1;h2h_wins_player_2;Height_player_1;Height_player_2;Date of Birth_player_1;Date of Birth_player_2;Plays_player_1;Plays_player_2;url_match_stats;set3_1st Return Points Won_player_1;set3_1st Return Points Won_player_2;set3_1st Serve Points Won_player_1;set3_1st Serve Points Won_player_2;set3_1st Serve_player_1;set3_1st Serve_player_2;set3_2nd Return Points Won_player_1;set3_2nd Return Points Won_player_2;set3_2nd Serve Points Won_player_1;set3_2nd Serve Points Won_player_2;set3_Aces_player_1;set3_Aces_player_2;set3_Break Points Converted_player_1;set3_Break Points Converted_player_2;set3_Break Points Saved_player_1;set3_Break Points Saved_player_2;set3_Double Faults_player_1;set3_Double Faults_player_2;set3_Return Games Played_player_1;set3_Return Games Played_player_2;set3_Service Games Played_player_1;set3_Service Games Played_player_2;set3_Total Points Won_player_1;set3_Total Points Won_player_2;set3_Total Return Points Won_player_1;set3_Total Return Points Won_player_2;set3_Total Service Points Won_player_1;set3_Total Service Points Won_player_2
16/30;6/27;21/27;14/30;27/46;30/45;11/15;8/19;11/19;4/15;4;2;5/8;0/4;4/4;3/8;2;3;7;7;7;7;59/91;32/91;27/45;14/46;32/46;18/45;6/15;5/17;12/17;9/15;17/31;15/21;4/6;6/14;8/14;2/6;1;1;2/2;0/4;4/4;0/2;2;1;4;4;4;4;30/52;22/52;10/21;11/31;20/31;11/21;10/15;1/10;9/10;5/15;10/15;15/24;7/9;2/5;3/5;2/9;3;1;3/6;0/0;0/0;3/6;0;2;3;3;3;3;29/39;10/39;17/24;3/15;12/15;7/24;1;0;1.76;;22.0;32.92;Right-Handed;N/A;https://wtatennis.com/tournament/1082/prague/2019/scores/RS016;;;;;;;;;;;;;;;;;;;;;;;;;;;;
15/44;20/61;41/61;29/44;61/86;44/70;21/26;19/25;6/25;5/26;3;2;6/13;4/13;9/13;7/13;6;4;11;11;11;11;83/156;73/156;36/70;39/86;47/86;34/70;8/24;6/25;19/25;16/24;25/32;24/39;12/15;6/7;1/7;3/15;1;1;3/6;2/4;2/4;3/6;1;1;6;6;6;6;40/71;31/71;20/39;12/32;20/32;19/39;7/20;14/36;22/36;13/20;36/54;20/31;9/11;13/18;5/18;2/11;2;1;3/7;2/9;7/9;4/7;5;3;5;5;5;5;43/85;42/85;16/31;27/54;27/54;15/31;1;0;1.65;1.79;27.25;26.67;Right-Handed;Right-Handed;https://wtatennis.com/tournament/1082/prague/2019/scores/RS022;;;;;;;;;;;;;;;;;;;;;;;;;;;;
8/35;25/47;22/47;27/35;47/64;35/57;12/22;8/17;9/17;10/22;1;1;2/6;5/11;6/11;4/6;3;1;9;9;9;9;51/121;70/121;20/57;33/64;31/64;37/57;7/22;14/27;13/27;15/22;27/39;22/33;8/11;6/12;6/12;3/11;1;1;2/6;3/9;6/9;4/6;2;0;5;5;5;5;34/72;38/72;15/33;20/39;19/39;18/33;1/13;11/20;9/20;12/13;20/25;13/24;4/11;2/5;3/5;7/11;0;0;0/0;2/2;0/2;0/0;1;1;4;4;4;4;17/49;32/49;5/24;13/25;12/25;19/24;1;1;;1.72;28.67;25.58;N/A;Right-Handed;https://wtatennis.com/tournament/1082/prague/2019/scores/RS023;;;;;;;;;;;;;;;;;;;;;;;;;;;;
6/25;22/34;12/34;19/25;34/43;25/39;7/14;6/9;3/9;7/14;1;0;1/1;6/9;3/9;0/1;0;1;7;7;7;7;28/82;54/82;13/39;28/43;15/43;26/39;3/10;14/18;4/18;7/10;18/22;10/18;2/8;1/4;3/4;6/8;1;0;0/0;3/4;1/4;0/0;0;0;3;3;3;3;12/40;28/40;5/18;15/22;7/22;13/18;3/15;8/16;8/16;12/15;16/21;15/21;5/6;5/5;0/5;1/6;0;0;1/1;3/5;2/5;0/1;0;1;4;4;4;4;16/42;26/42;8/21;13/21;8/21;13/21;0;1;1.70;1.70;30.25;35.58;Right-Handed;Right-Handed;https://wtatennis.com/tournament/1082/prague/2019/scores/RS018;;;;;;;;;;;;;;;;;;;;;;;;;;;;
24/63;24/56;32/56;39/63;56/95;63/90;11/27;19/39;20/39;16/27;3;2;4/9;6/8;2/8;5/9;1;2;13;15;15;13;87/185;98/185;35/90;43/95;52/95;55/90;8/16;7/17;10/17;8/16;17/28;16/24;3/8;3/11;8/11;5/8;3;0;2/2;1/2;1/2;0/2;0;0;4;5;5;4;29/52;23/52;11/24;10/28;18/28;13/24;11/33;8/25;17/25;22/33;25/43;33/45;4/12;9/18;9/18;8/12;0;1;1/6;1/1;0/1;5/6;0;0;6;6;6;6;41/88;47/88;15/45;17/43;26/43;30/45;0;1;1.77;;28.67;26.0;Right-Handed;Right-Handed;https://wtatennis.com/tournament/1082/prague/2019/scores/RS021;5/14;9/14;5/14;9/14;14/24;14/21;4/7;7/10;3/10;3/7;0;1;1/1;4/5;1/5;0/1;1;2;3;4;4;3;17/45;28/45;9/21;16/24;8/24;12/21
13/27;12/43;31/43;14/27;43/67;27/46;7/19;12/24;12/24;12/19;1;0;4/7;1/6;5/6;3/7;3;1;9;9;9;9;63/113;50/113;20/46;24/67;43/67;26/46;7/15;7/23;16/23;8/15;23/37;15/27;4/12;7/14;7/14;8/12;1;0;2/4;1/2;1/2;2/4;3;1;5;5;5;5;34/64;30/64;11/27;14/37;23/37;16/27;6/12;5/20;15/20;6/12;20/30;12/19;3/7;5/10;5/10;4/7;0;0;2/3;0/4;4/4;1/3;0;0;4;4;4;4;29/49;20/49;9/19;10/30;20/30;10/19;1;0;1.70;1.70;28.08;25.08;Right-Handed;Right-Handed;https://wtatennis.com/tournament/1082/prague/2019/scores/RS019;;;;;;;;;;;;;;;;;;;;;;;;;;;;
13/43;15/30;15/30;30/43;30/42;43/63;9/20;7/12;5/12;11/20;0;3;0/4;4/6;2/6;4/4;1;1;8;7;7;8;42/105;63/105;22/63;22/42;20/42;41/63;9/26;7/15;8/15;17/26;15/23;26/34;3/8;5/8;3/8;5/8;0;1;0/2;2/2;0/2;2/2;0;0;4;4;4;4;23/57;34/57;12/34;12/23;11/23;22/34;4/17;8/15;7/15;13/17;15/19;17/29;6/12;2/4;2/4;6/12;0;2;0/2;2/4;2/4;2/2;1;1;4;3;3;4;19/48;29/48;10/29;10/19;9/19;19/29;0;1;1.73;1.85;28.58;26.83;Right-Handed;Right-Handed;https://wtatennis.com/tournament/1082/prague/2019/scores/RS026;;;;;;;;;;;;;;;;;;;;;;;;;;;;
16/33;6/23;17/23;17/33;23/44;33/52;15/19;11/21;10/21;4/19;2;1;6/9;2/3;1/3;3/9;1;2;8;8;8;8;58/96;38/96;31/52;17/44;27/44;21/52;10/22;3/11;8/11;12/22;11/24;22/31;7/9;7/13;6/13;2/9;1;1;3/5;1/2;1/2;2/5;1;1;4;4;4;4;31/55;24/55;17/31;10/24;14/24;14/31;6/11;3/12;9/12;5/11;12/20;11/21;8/10;4/8;4/8;2/10;1;0;3/4;1/1;0/1;1/4;0;1;4;4;4;4;27/41;14/41;14/21;7/20;13/20;7/21;2;0;1.75;1.70;24.5;31.08;Right-Handed;Right-Handed;https://wtatennis.com/tournament/1082/prague/2019/scores/RS027;;;;;;;;;;;;;;;;;;;;;;;;;;;;
19/35;14/41;27/41;16/35;41/52;35/49;9/14;5/11;6/11;5/14;2;0;5/7;2/5;3/5;2/7;4;1;8;9;9;8;61/101;40/101;28/49;19/52;33/52;21/49;9/19;9/27;18/27;10/19;27/30;19/25;4/6;2/3;1/3;2/6;2;0;2/2;1/3;2/3;0/2;2;0;4;5;5;4;32/55;23/55;13/25;11/30;19/30;12/25;10/16;5/14;9/14;6/16;14/22;16/24;5/8;3/8;5/8;3/8;0;0;3/5;1/2;1/2;2/5;2;1;4;4;4;4;29/46;17/46;15/24;8/22;14/22;9/24;1;0;1.80;1.70;30.25;30.67;Right-Handed;Right-Handed;https://wtatennis.com/tournament/1082/prague/2019/scores/RS030;;;;;;;;;;;;;;;;;;;;;;;;;;;;
10/30;14/27;13/27;20/30;27/46;30/49;8/19;15/19;4/19;11/19;1;1;2/3;6/8;2/8;1/3;4;0;8;8;8;8;35/95;60/95;18/49;29/46;17/46;31/49;8/21;8/14;6/14;13/21;14/22;21/34;7/13;6/8;2/8;6/13;0;0;2/3;3/4;1/4;1/3;0;0;5;4;4;5;23/56;33/56;15/34;14/22;8/22;19/34;2/9;6/13;7/13;7/9;13/24;9/15;1/6;9/11;2/11;5/6;1;1;0/0;3/4;1/4;0/0;4;0;3;4;4;3;12/39;27/39;3/15;15/24;9/24;12/15;0;1;;1.63;24.08;27.42;N/A;Right-Handed;https://wtatennis.com/tournament/1082/prague/2019/scores/RS025;;;;;;;;;;;;;;;;;;;;;;;;;;;;
20/36;12/39;27/39;16/36;39/51;36/47;8/11;5/12;7/12;3/11;0;0;5/9;1/3;2/3;4/9;0;2;7;8;8;7;62/98;36/98;28/47;17/51;34/51;19/47;7/13;1/16;15/16;6/13;16/19;13/17;3/4;2/3;1/3;1/4;0;0;2/3;0/0;0/0;1/3;0;1;3;4;4;3;26/36;10/36;10/17;3/19;16/19;7/17;13/23;11/23;12/23;10/23;23/32;23/30;5/7;3/9;6/9;2/7;0;0;3/6;1/3;2/3;3/6;0;1;4;4;4;4;36/62;26/62;18/30;14/32;18/32;12/30;1;0;1.80;;24.92;26.0;Right-Handed;Right-Handed;https://wtatennis.com/tournament/1082/prague/2019/scores/RS010;;;;;;;;;;;;;;;;;;;;;;;;;;;;
19/35;12/36;24/36;16/35;36/54;35/48;9/13;12/18;6/18;4/13;8;1;6/9;3/8;5/8;3/9;6;3;9;9;9;9;58/102;44/102;28/48;24/54;30/54;20/48;6/14;6/23;17/23;8/14;23/30;14/19;3/5;5/7;2/7;2/5;5;0;2/4;1/3;2/3;2/4;3;2;4;5;5;4;28/49;21/49;9/19;11/30;19/30;10/19;13/21;6/13;7/13;8/21;13/24;21/29;6/8;7/11;4/11;2/8;3;1;4/5;2/5;3/5;1/5;3;1;5;4;4;5;30/53;23/53;19/29;13/24;11/24;10/29;1;0;1.76;;22.0;31.5;Right-Handed;Left-Handed;https://wtatennis.com/tournament/1082/prague/2019/scores/RS008;;;;;;;;;;;;;;;;;;;;;;;;;;;;
24/74;14/46;32/46;50/74;46/85;74/101;10/27;19/39;20/39;17/27;9;1;0/4;3/7;4/7;4/4;4;2;15;13;13;15;86/186;100/186;34/101;33/85;52/85;67/101;7/21;5/9;4/9;14/21;9/18;21/30;4/9;6/9;3/9;5/9;1;0;0/3;2/5;3/5;3/3;2;1;4;3;3;4;18/48;30/48;11/30;11/18;7/18;19/30;8/31;3/24;21/24;23/31;24/43;31/38;4/7;10/19;9/19;3/7;6;1;0/0;0/0;0/0;0/0;2;0;6;6;6;6;42/81;39/81;12/38;13/43;30/43;26/38;0;2;1.76;1.63;28.67;27.42;Right-Handed;Right-Handed;https://wtatennis.com/tournament/1082/prague/2019/scores/RS012;9/22;6/13;7/13;13/22;13/24;22/33;2/11;3/11;8/11;9/11;2;0;0/1;1/2;1/2;1/1;0;1;5;4;4;5;26/57;31/57;11/33;9/24;15/24;22/33
5/25;18/29;11/29;20/25;29/38;25/38;6/13;9/9;0/9;7/13;1;1;1/3;6/8;2/8;2/3;2;2;7;6;6;7;22/76;54/76;11/38;27/38;11/38;27/38;5/15;7/12;5/12;10/15;12/17;15/23;3/8;5/5;0/5;5/8;1;1;1/3;3/4;1/4;2/3;1;0;4;3;3;4;13/40;27/40;8/23;12/17;5/17;15/23;0/10;11/17;6/17;10/10;17/21;10/15;3/5;4/4;0/4;2/5;0;0;0/0;3/4;1/4;0/0;1;2;3;3;3;3;9/36;27/36;3/15;15/21;6/21;12/15;0;1;1.70;1.70;35.58;28.08;Right-Handed;Right-Handed;https://wtatennis.com/tournament/1082/prague/2019/scores/RS009;;;;;;;;;;;;;;;;;;;;;;;;;;;;
21/51;14/45;31/45;30/51;45/69;51/76;17/25;15/24;9/24;8/25;1;2;6/13;4/11;7/11;7/13;3;2;11;11;11;11;78/145;67/145;38/76;29/69;40/69;38/76;9/23;6/20;14/20;14/23;20/31;23/32;7/9;8/11;3/11;2/9;0;1;3/6;2/5;3/5;3/6;1;1;5;5;5;5;33/63;30/63;16/32;14/31;17/31;16/32;12/28;8/25;17/25;16/28;25/38;28/44;10/16;7/13;6/13;6/16;1;1;3/7;2/6;4/6;4/7;2;1;6;6;6;6;45/82;37/82;22/44;15/38;23/38;22/44;1;0;1.80;1.75;30.25;26.5;Right-Handed;Right-Handed;https://wtatennis.com/tournament/1082/prague/2019/scores/RS015;;;;;;;;;;;;;;;;;;;;;;;;;;;;
22/58;18/55;37/55;36/58;55/71;58/85;15/27;8/16;8/16;12/27;0;2;3/11;2/5;3/5;8/11;1;3;11;11;11;11;82/156;74/156;37/85;26/71;45/71;48/85;9/29;11/30;19/30;20/29;30/37;29/38;6/9;1/7;6/7;3/9;0;1;1/2;1/1;0/1;1/2;0;2;6;6;6;6;40/75;35/75;15/38;12/37;25/37;23/38;13/29;7/25;18/25;16/29;25/34;29/47;9/18;7/9;2/9;9/18;0;1;2/9;1/4;3/4;7/9;1;1;5;5;5;5;42/81;39/81;22/47;14/34;20/34;25/47;3;2;1.85;1.75;26.83;24.5;Right-Handed;Right-Handed;https://wtatennis.com/tournament/1082/prague/2019/scores/RS013;;;;;;;;;;;;;;;;;;;;;;;;;;;;
18/49;26/46;20/46;31/49;46/58;49/63;9/14;8/12;4/12;5/14;1;2;2/9;6/15;9/15;7/9;1;2;8;8;8;8;51/121;70/121;27/63;34/58;24/58;36/63;8/21;12/18;6/18;13/21;18/24;21/27;3/6;3/6;3/6;3/6;1;0;1/1;3/7;4/7;0/1;0;0;4;4;4;4;20/51;31/51;11/27;15/24;9/24;16/27;10/28;14/28;14/28;18/28;28/34;28/36;6/8;5/6;1/6;2/8;0;2;1/8;3/8;5/8;7/8;1;2;4;4;4;4;31/70;39/70;16/36;19/34;15/34;20/36;2;2;1.85;1.70;27.0;25.92;Left-Handed;Left-Handed;https://wtatennis.com/tournament/1082/prague/2019/scores/RS014;;;;;;;;;;;;;;;;;;;;;;;;;;;;
22/50;28/51;23/51;28/50;51/75;50/73;11/23;13/24;11/24;12/23;2;1;4/6;6/13;7/13;2/6;3;2;10;9;9;10;67/148;81/148;33/73;41/75;34/75;40/73;21/38;20/35;15/35;17/38;35/49;38/53;8/15;7/14;7/14;7/15;2;0;4/6;4/8;4/8;2/6;1;1;6;6;6;6;51/102;51/102;29/53;27/49;22/49;24/53;1/12;8/16;8/16;11/12;16/26;12/20;3/8;6/10;4/10;5/8;0;1;0/0;2/5;3/5;0/0;2;1;4;3;3;4;16/46;30/46;4/20;14/26;12/26;16/20;0;1;1.80;1.65;24.92;27.25;Right-Handed;Right-Handed;https://wtatennis.com/tournament/1082/prague/2019/scores/RS005;;;;;;;;;;;;;;;;;;;;;;;;;;;;
11/40;19/40;21/40;29/40;40/69;40/59;10/19;14/29;15/29;9/19;0;2;2/3;4/6;2/6;1/3;3;2;10;10;10;10;57/128;71/128;21/59;33/69;36/69;38/59;4/19;6/13;7/13;15/19;13/27;19/30;7/11;6/14;8/14;4/11;0;1;1/1;2/2;0/2;0/1;2;1;5;5;5;5;26/57;31/57;11/30;12/27;15/27;19/30;7/21;13/27;14/27;14/21;27/42;21/29;3/8;8/15;7/15;5/8;0;1;1/2;2/4;2/4;1/2;1;1;5;5;5;5;31/71;40/71;10/29;21/42;21/42;19/29;0;2;1.63;1.85;27.42;26.83;Right-Handed;Right-Handed;https://wtatennis.com/tournament/1082/prague/2019/scores/RS006;;;;;;;;;;;;;;;;;;;;;;;;;;;;
14/56;19/63;44/63;42/56;63/107;56/90;22/34;23/44;21/44;12/34;1;1;3/12;2/10;8/10;9/12;7;5;13;14;14;13;101/197;96/197;36/90;42/107;65/107;54/90;10/24;7/24;17/24;14/24;24/37;24/38;9/14;8/13;5/13;5/14;0;1;2/10;1/7;6/7;8/10;3;2;4;5;5;4;41/75;34/75;19/38;15/37;22/37;19/38;2/19;8/23;15/23;17/19;23/38;19/27;5/8;9/15;6/15;3/8;1;0;0/0;1/3;2/3;0/0;2;0;5;4;4;5;28/65;37/65;7/27;17/38;21/38;20/27;1;0;1.76;1.70;22.0;28.08;Right-Handed;Right-Handed;https://wtatennis.com/tournament/1082/prague/2019/scores/RS004;2/13;4/16;12/16;11/13;16/32;13/25;8/12;6/16;10/16;4/12;0;0;1/2;0/0;0/0;1/2;2;3;4;5;5;4;32/57;25/57;10/25;10/32;22/32;15/25
26/56;18/47;29/47;30/56;47/66;56/77;12/21;10/19;9/19;9/21;2;2;5/12;2/9;7/9;7/12;1;3;9;9;9;9;76/143;67/143;38/77;28/66;38/66;39/77;15/35;14/29;15/29;20/35;29/41;35/46;8/11;6/12;6/12;3/11;1;1;3/7;2/6;4/6;4/7;1;2;5;5;5;5;44/87;43/87;23/46;20/41;21/41;23/46;11/21;4/18;14/18;10/21;18/25;21/31;4/10;4/7;3/7;6/10;1;1;2/5;0/3;3/3;3/5;0;1;4;4;4;4;32/56;24/56;15/31;8/25;17/25;16/31;1;0;1.70;1.80;25.92;30.25;Left-Handed;Right-Handed;https://wtatennis.com/tournament/1082/prague/2019/scores/RS007;;;;;;;;;;;;;;;;;;;;;;;;;;;;
8/38;12/33;21/33;30/38;33/58;38/61;8/23;11/25;14/25;15/23;4;4;0/2;2/6;4/6;2/2;1;6;10;9;9;10;51/119;68/119;16/61;23/58;35/58;45/61;2/17;5/12;7/12;15/17;12/22;17/23;1/6;3/10;7/10;5/6;2;4;0/0;1/1;0/1;0/0;0;1;5;4;4;5;17/45;28/45;3/23;8/22;14/22;20/23;6/21;7/21;14/21;15/21;21/36;21/38;7/17;8/15;7/15;10/17;2;0;0/2;1/5;4/5;2/2;1;5;5;5;5;5;34/74;40/74;13/38;15/36;21/36;25/38;1;1;1.84;1.85;31.25;26.33;Left-Handed;Right-Handed;https://wtatennis.com/tournament/1082/prague/2019/scores/LS030;;;;;;;;;;;;;;;;;;;;;;;;;;;;
9/38;24/47;23/47;29/38;47/74;38/54;8/16;12/27;15/27;8/16;1;1;1/4;4/11;7/11;3/4;3;2;9;9;9;9;55/128;73/128;17/54;36/74;38/74;37/54;1/16;11/24;13/24;15/16;24/38;16/27;5/11;5/14;9/14;6/11;1;1;0/0;1/2;1/2;0/0;2;1;5;5;5;5;28/65;37/65;6/27;16/38;22/38;21/27;8/22;13/23;10/23;14/22;23/36;22/27;3/5;7/13;6/13;2/5;0;0;1/4;3/9;6/9;3/4;1;1;4;4;4;4;27/63;36/63;11/27;20/36;16/36;16/27;0;1;1.75;1.74;35.08;37.92;Left-Handed;Right-Handed;https://wtatennis.com/tournament/1082/prague/2019/scores/LS020;;;;;;;;;;;;;;;;;;;;;;;;;;;;
16/41;13/32;19/32;25/41;32/51;41/81;24/40;7/19;12/19;16/40;1;2;5/10;2/2;0/2;5/10;2;8;10;9;9;10;71/132;61/132;40/81;20/51;31/51;41/81;9/22;6/17;11/17;13/22;17/24;22/43;14/21;4/7;3/7;7/21;1;1;3/6;1/1;0/1;3/6;2;5;5;4;4;5;37/67;30/67;23/43;10/24;14/24;20/43;7/19;7/15;8/15;12/19;15/27;19/38;10/19;3/12;9/12;9/19;0;1;2/4;1/1;0/1;2/4;0;3;5;5;5;5;34/65;31/65;17/38;10/27;17/27;21/38;2;2;1.70;1.75;25.92;28.58;Left-Handed;Right-Handed;https://wtatennis.com/tournament/1082/prague/2019/scores/LS021;;;;;;;;;;;;;;;;;;;;;;;;;;;;
12/43;20/34;14/34;31/43;34/51;43/61;10/18;5/17;12/17;8/18;3;2;1/2;4/9;5/9;1/2;0;1;9;8;8;9;48/112;64/112;22/61;25/51;26/51;39/61;4/17;10/16;6/16;13/17;16/20;17/26;4/9;1/4;3/4;5/9;2;1;0/0;2/5;3/5;0/0;0;1;4;3;3;4;17/46;29/46;8/26;11/20;9/20;18/26;8/26;10/18;8/18;18/26;18/31;26/35;6/9;4/13;9/13;3/9;1;1;1/2;2/4;2/4;1/2;0;0;5;5;5;5;31/66;35/66;14/35;14/31;17/31;21/35;0;1;1.80;1.85;24.92;26.83;Right-Handed;Right-Handed;https://wtatennis.com/tournament/1082/prague/2019/scores/LS024;;;;;;;;;;;;;;;;;;;;;;;;;;;;
15/37;8/36;28/36;22/37;36/56;37/54;11/17;11/20;9/20;6/17;3;0;4/4;1/2;1/2;0/4;5;2;9;9;9;9;63/110;47/110;26/54;19/56;37/56;28/54;7/24;6/23;17/23;17/24;23/34;24/30;4/6;5/11;6/11;2/6;3;0;1/1;0/0;0/0;0/1;2;0;5;5;5;5;34/64;30/64;11/30;11/34;23/34;19/30;8/13;2/13;11/13;5/13;13/22;13/24;7/11;6/9;3/9;4/11;0;0;3/3;1/2;1/2;0/3;3;2;4;4;4;4;29/46;17/46;15/24;8/22;14/22;9/24;2;0;1.76;1.65;28.5;27.25;Left-Handed;Right-Handed;https://wtatennis.com/tournament/1082/prague/2019/scores/LS025;;;;;;;;;;;;;;;;;;;;;;;;;;;;
32/58;27/63;36/63;26/58;63/95;58/105;22/47;15/32;17/32;25/47;2;1;7/15;4/9;5/9;8/15;4;5;14;13;13;14;107/200;93/200;54/105;42/95;53/95;51/105;6/18;10/25;15/25;12/18;25/40;18/31;7/13;9/15;6/15;6/13;0;1;1/1;2/4;2/4;0/1;2;2;5;5;5;5;34/71;37/71;13/31;19/40;21/40;18/31;12/15;7/17;10/17;3/15;17/26;15/31;6/16;2/9;7/9;10/16;0;0;3/9;0/1;1/1;6/9;2;1;4;3;3;4;35/57;22/57;18/31;9/26;17/26;13/31;1;1;1.80;1.76;26.83;22.0;Right-Handed;Right-Handed;https://wtatennis.com/tournament/1082/prague/2019/scores/LS029;14/25;10/21;11/21;11/25;21/29;25/43;9/18;4/8;4/8;9/18;2;0;3/5;2/4;2/4;2/5;0;2;5;5;5;5;38/72;34/72;23/43;14/29;15/29;20/43
20/41;5/26;21/26;21/41;26/46;41/55;5/14;5/20;15/20;9/14;1;2;3/7;0/0;0/0;4/7;0;0;8;9;9;8;61/101;40/101;25/55;10/46;36/46;30/55;9/22;4/16;12/16;13/22;16/27;22/31;4/9;3/11;8/11;5/9;1;2;1/5;0/0;0/0;4/5;0;0;4;5;5;4;33/58;25/58;13/31;7/27;20/27;18/31;11/19;1/10;9/10;8/19;10/19;19/24;1/5;2/9;7/9;4/5;0;0;2/2;0/0;0/0;0/2;0;0;4;4;4;4;28/43;15/43;12/24;3/19;16/19;12/24;1;1;1.70;1.63;28.08;30.25;Right-Handed;Right-Handed;https://wtatennis.com/tournament/1082/prague/2019/scores/LS022;;;;;;;;;;;;;;;;;;;;;;;;;;;;
15/39;21/55;34/55;24/39;55/85;39/79;19/40;15/30;15/30;21/40;0;1;5/12;3/6;3/6;7/12;5;3;13;12;12;13;83/164;81/164;34/79;36/85;49/85;45/79;3/12;10/21;11/21;9/12;21/36;12/20;1/8;8/15;7/15;7/8;0;1;0/0;2/4;2/4;0/0;3;0;4;4;4;4;22/56;34/56;4/20;18/36;18/36;16/20;4/12;5/18;13/18;8/12;18/26;12/33;11/21;4/8;4/8;10/21;0;0;2/6;0/0;0/0;4/6;2;2;5;4;4;5;32/59;27/59;15/33;9/26;17/26;18/33;1;2;1.75;1.69;22.17;33.17;Right-Handed;Right-Handed;https://wtatennis.com/tournament/1082/prague/2019/scores/LS031;8/15;6/16;10/16;7/15;16/23;15/26;7/11;3/7;4/7;4/11;0;0;3/6;1/2;1/2;3/6;0;1;4;4;4;4;29/49;20/49;15/26;9/23;14/23;11/26
10/44;26/68;42/68;34/44;68/103;44/80;17/36;24/35;11/35;19/36;5;9;3/5;6/19;13/19;2/5;4;1;14;13;13;14;80/183;103/183;27/80;50/103;53/103;53/80;7/19;15/34;19/34;12/19;34/48;19/34;9/15;7/14;7/14;6/15;3;3;3/3;2/9;7/9;0/3;1;1;6;6;6;6;42/82;40/82;16/34;22/48;26/48;18/34;2/16;5/18;13/18;14/16;18/25;16/32;7/16;5/7;2/7;9/16;2;3;0/2;1/1;0/1;2/2;3;0;5;4;4;5;24/57;33/57;9/32;10/25;15/25;23/32;1;1;1.78;1.78;29.5;28.17;Right-Handed;Right-Handed;https://wtatennis.com/tournament/1082/prague/2019/scores/LS028;1/9;6/16;10/16;8/9;16/30;9/14;1/5;12/14;2/14;4/5;0;3;0/0;3/9;6/9;0/0;0;0;3;3;3;3;14/44;30/44;2/14;18/30;12/30;12/14
16/35;5/28;23/28;19/35;28/47;35/56;13/21;10/19;9/19;8/21;1;0;5/12;1/4;3/4;7/12;3;1;8;8;8;8;61/103;42/103;29/56;15/47;32/47;27/56;11/23;4/15;11/15;12/23;15/26;23/35;6/12;6/11;5/11;6/12;0;0;3/6;1/4;3/4;3/6;3;0;5;4;4;5;33/61;28/61;17/35;10/26;16/26;18/35;5/12;1/13;12/13;7/12;13/21;12/21;7/9;4/8;4/8;2/9;1;0;2/6;0/0;0/0;4/6;0;1;3;4;4;3;28/42;14/42;12/21;5/21;16/21;9/21;1;0;1.80;1.63;37.58;27.42;Right-Handed;Right-Handed;https://wtatennis.com/tournament/1082/prague/2019/scores/LS026;;;;;;;;;;;;;;;;;;;;;;;;;;;;
23/54;9/33;24/33;31/54;33/54;54/82;18/28;8/21;13/21;10/28;0;3;4/10;1/1;0/1;6/10;3;6;9;9;9;9;78/136;58/136;41/82;17/54;37/54;41/82;8/22;4/18;14/18;14/22;18/29;22/36;7/14;3/11;8/11;7/14;0;2;1/1;0/0;0/0;0/1;2;3;5;5;5;5;37/65;28/65;15/36;7/29;22/29;21/36;15/32;5/15;10/15;17/32;15/25;32/46;11/14;5/10;5/10;3/14;0;1;3/9;1/1;0/1;6/9;1;3;4;4;4;4;41/71;30/71;26/46;10/25;15/25;20/46;4;4;1.64;1.85;37.17;32.92;Right-Handed;Right-Handed;https://wtatennis.com/tournament/1082/prague/2019/scores/LS016;;;;;;;;;;;;;;;;;;;;;;;;;;;;
33/74;24/61;37/61;41/74;61/100;74/103;18/29;21/39;18/39;11/29;4;1;7/11;5/8;3/8;4/11;4;6;15;16;16;15;106/203;97/203;51/103;45/100;55/100;52/103;10/23;9/19;10/19;13/23;19/30;23/33;7/10;5/11;6/11;3/10;0;0;3/5;2/2;0/2;2/5;0;1;5;5;5;5;33/63;30/63;17/33;14/30;16/30;16/33;14/30;10/24;14/24;16/30;24/42;30/40;4/10;12/18;6/18;6/10;1;1;2/2;2/3;1/3;0/2;3;1;6;6;6;6;38/82;44/82;18/40;22/42;20/42;22/40;2;1;1.70;1.80;29.33;35.75;Right-Handed;Right-Handed;https://wtatennis.com/tournament/1082/prague/2019/scores/LS017;9/21;5/18;13/18;12/21;18/28;21/30;7/9;4/10;6/10;2/9;3;0;2/4;1/3;2/3;2/4;1;4;4;5;5;4;35/58;23/58;16/30;9/28;19/28;14/30
6/25;12/28;16/28;19/25;28/47;25/39;3/14;15/19;4/19;11/14;2;1;1/1;5/8;3/8;0/1;0;0;8;7;7;8;29/86;57/86;9/39;27/47;20/47;30/39;2/12;8/19;11/19;10/12;19/26;12/19;1/7;6/7;1/7;6/7;1;1;0/0;2/5;3/5;0/0;0;0;4;3;3;4;15/45;30/45;3/19;14/26;12/26;16/19;4/13;4/9;5/9;9/13;9/21;13/20;2/7;9/12;3/12;5/7;1;0;1/1;3/3;0/3;0/1;0;0;4;4;4;4;14/41;27/41;6/20;13/21;8/21;14/20;0;1;1.70;1.68;33.25;30.0;Right-Handed;Right-Handed;https://wtatennis.com/tournament/1082/prague/2019/scores/LS018;;;;;;;;;;;;;;;;;;;;;;;;;;;;
21/60;29/63;34/63;39/60;63/91;60/91;18/31;16/28;12/28;13/31;0;0;4/15;6/13;7/13;11/15;4;7;13;13;13;13;85/182;97/182;39/91;45/91;46/91;52/91;1/10;7/17;10/17;9/10;17/27;10/24;6/14;6/10;4/10;8/14;0;0;1/2;2/3;1/3;1/2;1;1;5;4;4;5;21/51;30/51;7/24;13/27;14/27;17/24;12/26;9/24;15/24;14/26;24/32;26/37;8/11;4/8;4/8;3/11;0;0;2/7;1/4;3/4;5/7;1;4;4;5;5;4;39/69;30/69;20/37;13/32;19/32;17/37;0;1;1.83;1.72;28.75;31.42;Right-Handed;Right-Handed;https://wtatennis.com/tournament/1082/prague/2019/scores/LS027;8/24;13/22;9/22;16/24;22/32;24/30;4/6;6/10;4/10;2/6;0;0;1/6;3/6;3/6;5/6;2;2;4;4;4;4;25/62;37/62;12/30;19/32;13/32;18/30
11/31;17/30;13/30;20/31;30/43;31/53;9/22;11/13;2/13;13/22;2;1;1/6;6/10;4/10;5/6;3;1;7;7;7;7;35/96;61/96;20/53;28/43;15/43;33/53;6/17;8/12;4/12;11/17;12/18;17/27;4/10;5/6;1/6;6/10;0;0;0/3;3/5;2/5;3/3;1;0;3;3;3;3;15/45;30/45;10/27;13/18;5/18;17/27;5/14;9/18;9/18;9/14;18/25;14/26;5/12;6/7;1/7;7/12;2;1;1/3;3/5;2/5;2/3;2;1;4;4;4;4;20/51;31/51;10/26;15/25;10/25;16/26;0;4;1.70;1.74;32.25;27.08;Right-Handed;Right-Handed;https://wtatennis.com/tournament/1082/prague/2019/scores/LS019;;;;;;;;;;;;;;;;;;;;;;;;;;;;
14/30;14/42;28/42;16/30;42/63;30/58;18/28;10/21;11/21;10/28;2;2;5/14;2/6;4/6;9/14;1;2;9;9;9;9;71/121;50/121;32/58;24/63;39/63;26/58;6/10;8/23;15/23;4/10;23/36;10/23;9/13;8/13;5/13;4/13;0;0;3/6;2/4;2/4;3/6;1;1;4;5;5;4;35/59;24/59;15/23;16/36;20/36;8/23;8/20;6/19;13/19;12/20;19/27;20/35;9/15;2/8;6/8;6/15;2;2;2/8;0/2;2/2;6/8;0;1;5;4;4;5;36/62;26/62;17/35;8/27;19/27;18/35;3;1;1.76;1.80;28.75;25.08;Right-Handed;Right-Handed;https://wtatennis.com/tournament/1082/prague/2019/scores/LS023;;;;;;;;;;;;;;;;;;;;;;;;;;;;
20/43;14/44;30/44;23/43;44/57;43/64;10/21;4/13;9/13;11/21;2;2;4/11;1/3;2/3;7/11;1;1;10;10;10;10;69/121;52/121;30/64;18/57;39/57;34/64;12/26;10/27;17/27;14/26;27/36;26/38;5/12;3/9;6/9;7/12;0;2;2/5;1/3;2/3;3/5;1;1;6;6;6;6;40/74;34/74;17/38;13/36;23/36;21/38;8/17;4/17;13/17;9/17;17/21;17/26;5/9;1/4;3/4;4/9;2;0;2/6;0/0;0/0;4/6;0;0;4;4;4;4;29/47;18/47;13/26;5/21;16/21;13/26;1;0;1.64;1.70;37.17;29.33;Right-Handed;Right-Handed;https://wtatennis.com/tournament/1082/prague/2019/scores/LS008;;;;;;;;;;;;;;;;;;;;;;;;;;;;
8/27;18/35;17/35;19/27;35/51;27/45;7/18;10/16;6/16;11/18;1;5;1/1;5/7;2/7;0/1;1;0;8;8;8;8;38/96;58/96;15/45;28/51;23/51;30/45;5/10;9/14;5/14;5/10;14/22;10/18;3/8;7/8;1/8;5/8;1;1;1/1;4/5;1/5;0/1;1;0;3;4;4;3;14/40;26/40;8/18;16/22;6/22;10/18;3/17;9/21;12/21;14/17;21/29;17/27;4/10;3/8;5/8;6/10;0;4;0/0;1/2;1/2;0/0;0;0;5;4;4;5;24/56;32/56;7/27;12/29;17/29;20/27;0;4;1.68;1.74;30.0;27.08;Right-Handed;Right-Handed;https://wtatennis.com/tournament/1082/prague/2019/scores/LS009;;;;;;;;;;;;;;;;;;;;;;;;;;;;
20/49;28/67;39/67;29/49;67/106;49/90;23/41;21/39;18/39;18/41;0;1;6/10;6/12;6/12;4/10;9;6;15;15;15;15;100/196;96/196;43/90;49/106;57/106;47/90;7/15;5/17;12/17;8/15;17/31;15/27;5/12;7/14;7/14;7/12;0;0;2/3;1/5;4/5;1/3;3;2;5;5;5;5;31/58;27/58;12/27;12/31;19/31;15/27;6/12;11/19;8/19;6/12;19/32;12/20;5/8;10/13;3/13;3/8;0;0;2/2;4/6;2/6;0/2;5;2;4;4;4;4;22/52;30/52;11/20;21/32;11/32;9/20;1;0;1.85;1.75;26.33;22.17;Right-Handed;Right-Handed;https://wtatennis.com/tournament/1082/prague/2019/scores/LS015;7/22;12/31;19/31;15/22;31/43;22/43;13/21;4/12;8/12;8/21;0;1;2/5;1/1;0/1;3/5;1;2;6;6;6;6;47/86;39/86;20/43;16/43;27/43;23/43
21/78;27/81;54/81;57/78;81/122;78/103;11/25;18/41;23/41;14/25;3;6;1/6;1/7;6/7;5/6;2;1;15;16;16;15;109/225;116/225;32/103;45/122;77/122;71/103;8/27;5/19;14/19;19/27;19/28;27/40;6/13;5/9;4/9;7/13;0;1;0/3;1/2;1/2;3/3;0;1;5;5;5;5;32/68;36/68;14/40;10/28;18/28;26/40;3/16;6/24;18/24;13/16;24/38;16/22;5/6;6/14;8/14;1/6;1;2;1/2;0/1;1/1;1/2;2;0;4;5;5;4;34/60;26/60;8/22;12/38;26/38;14/22;1;1;1.78;1.80;28.17;26.83;Right-Handed;Right-Handed;https://wtatennis.com/tournament/1082/prague/2019/scores/LS014;10/35;16/38;22/38;25/35;38/56;35/41;0/6;7/18;11/18;6/6;2;3;0/1;0/4;4/4;1/1;0;0;6;6;6;6;43/97;54/97;10/41;23/56;33/56;31/41
17/51;26/62;36/62;34/51;62/73;51/77;16/26;5/11;6/11;10/26;1;1;4/7;5/9;4/9;3/7;1;1;13;12;12;13;75/150;75/150;33/77;31/73;42/73;44/77;7/17;3/16;13/16;10/17;16/20;17/28;8/11;1/4;3/4;3/11;0;1;2/4;0/0;0/0;2/4;1;1;4;4;4;4;31/48;17/48;15/28;4/20;16/20;13/28;5/18;11/23;12/23;13/18;23/24;18/28;5/10;0/1;1/1;5/10;0;0;1/2;2/3;1/3;1/2;0;0;5;4;4;5;23/52;29/52;10/28;11/24;13/24;18/28;0;1;1.74;1.70;37.92;25.92;Right-Handed;Left-Handed;https://wtatennis.com/tournament/1082/prague/2019/scores/LS010;5/16;12/23;11/23;11/16;23/29;16/21;3/5;4/6;2/6;2/5;1;0;1/1;3/6;3/6;0/1;0;0;4;4;4;4;21/50;29/50;8/21;16/29;13/29;13/21
14/40;16/36;20/36;26/40;36/51;40/55;7/15;12/15;3/15;8/15;1;4;2/2;5/7;2/7;0/2;4;1;9;9;9;9;44/106;62/106;21/55;28/51;23/51;34/55;8/21;8/16;8/16;13/21;16/25;21/27;3/6;8/9;1/9;3/6;0;1;1/1;3/5;2/5;0/1;3;0;4;4;4;4;20/52;32/52;11/27;16/25;9/25;16/27;6/19;8/20;12/20;13/19;20/26;19/28;4/9;4/6;2/6;5/9;1;3;1/1;2/2;0/2;0/1;1;1;5;5;5;5;24/54;30/54;10/28;12/26;14/26;18/28;0;1;1.85;1.76;26.83;28.5;Right-Handed;Left-Handed;https://wtatennis.com/tournament/1082/prague/2019/scores/LS012;;;;;;;;;;;;;;;;;;;;;;;;;;;;
21/43;26/59;33/59;22/43;59/87;43/78;26/35;16/28;12/28;9/35;0;1;9/16;6/12;6/12;7/16;4;7;12;13;13;12;92/165;73/165;47/78;42/87;45/87;31/78;7/16;10/18;8/18;9/16;18/27;16/31;11/15;7/9;2/9;4/15;0;1;3/5;4/5;1/5;2/5;2;2;5;5;5;5;28/58;30/58;18/31;17/27;10/27;13/31;8/16;14/31;17/31;8/16;31/45;16/27;8/11;8/14;6/14;3/11;0;0;3/6;2/7;5/7;3/6;2;4;4;5;5;4;39/72;33/72;16/27;22/45;23/45;11/27;2;2;1.70;1.76;28.08;28.75;Right-Handed;Right-Handed;https://wtatennis.com/tournament/1082/prague/2019/scores/LS011;6/11;2/10;8/10;5/11;10/15;11/20;7/9;1/5;4/5;2/9;0;0;3/5;0/0;0/0;2/5;0;1;3;3;3;3;25/35;10/35;13/20;3/15;12/15;7/20
36/88;30/61;31/61;52/88;61/90;88/100;5/12;16/29;13/29;7/12;2;2;4/8;7/14;7/14;4/8;3;0;13;14;14;13;85/190;105/190;41/100;46/90;44/90;59/100;3/14;11/19;8/19;11/14;19/29;14/15;0/1;7/10;3/10;1/1;0;0;0/0;3/5;2/5;0/0;2;0;3;4;4;3;14/44;30/44;3/15;18/29;11/29;12/15;17/35;9/20;11/20;18/35;20/31;35/42;2/7;3/11;8/11;5/7;0;0;2/5;1/3;2/3;3/5;1;0;5;5;5;5;38/73;35/73;19/42;12/31;19/31;23/42;1;1;1.80;1.72;37.58;31.42;Right-Handed;Right-Handed;https://wtatennis.com/tournament/1082/prague/2019/scores/LS013;16/39;10/22;12/22;23/39;22/30;39/43;3/4;6/8;2/8;1/4;2;2;2/3;3/6;3/6;1/3;0;0;5;5;5;5;33/73;40/73;19/43;16/30;14/30;24/43
21/42;5/26;21/26;21/42;26/37;42/55;10/13;3/11;8/11;3/13;3;1;5/12;0/1;1/1;7/12;0;3;8;7;7;8;60/92;32/92;31/55;8/37;29/37;24/55;11/23;1/12;11/12;12/23;12/20;23/31;5/8;2/8;6/8;3/8;2;1;2/8;0/1;1/1;6/8;0;3;4;4;4;4;33/51;18/51;16/31;3/20;17/20;15/31;10/19;4/14;10/14;9/19;14/17;19/24;5/5;1/3;2/3;0/5;1;0;3/4;0/0;0/0;1/4;0;0;4;3;3;4;27/41;14/41;15/24;5/17;12/17;9/24;2;3;1.70;1.70;25.92;28.08;Left-Handed;Right-Handed;https://wtatennis.com/tournament/1082/prague/2019/scores/LS005;;;;;;;;;;;;;;;;;;;;;;;;;;;;
15/33;4/29;25/29;18/33;29/43;33/55;13/22;6/14;8/14;9/22;1;1;4/11;0/0;0/0;7/11;4;3;7;8;8;7;61/98;37/98;28/55;10/43;33/43;27/55;4/8;1/14;13/14;4/8;14/20;8/18;6/10;3/6;3/6;4/10;0;1;2/3;0/0;0/0;1/3;2;0;3;4;4;3;26/38;12/38;10/18;4/20;16/20;8/18;11/25;3/15;12/15;14/25;15/23;25/37;7/12;3/8;5/8;5/12;1;0;2/8;0/0;0/0;6/8;2;3;4;4;4;4;35/60;25/60;18/37;6/23;17/23;19/37;4;1;1.64;1.74;37.17;27.08;Right-Handed;Right-Handed;https://wtatennis.com/tournament/1082/prague/2019/scores/LS004;;;;;;;;;;;;;;;;;;;;;;;;;;;;
20/42;15/38;23/38;22/42;38/50;42/74;20/32;7/12;5/12;12/32;4;1;6/13;3/4;1/4;7/13;2;10;10;9;9;10;68/124;56/124;40/74;22/50;28/50;34/74;9/24;6/19;13/19;15/24;19/25;24/46;15/22;4/6;2/6;7/22;2;1;3/7;1/1;0/1;4/7;1;9;5;4;4;5;39/71;32/71;24/46;10/25;15/25;22/46;11/18;9/19;10/19;7/18;19/25;18/28;5/10;3/6;3/6;5/10;2;0;3/6;2/3;1/3;3/6;1;1;5;5;5;5;29/53;24/53;16/28;12/25;13/25;12/28;1;0;1.80;1.85;26.83;26.33;Right-Handed;Right-Handed;https://wtatennis.com/tournament/1082/prague/2019/scores/LS007;;;;;;;;;;;;;;;;;;;;;;;;;;;;
36/75;22/59;37/59;39/75;59/80;75/96;12/21;10/21;11/21;9/21;0;0;8/15;3/5;2/5;7/15;0;2;14;13;13;14;96/176;80/176;48/96;32/80;48/80;48/96;8/12;4/14;10/14;4/12;14/22;12/18;4/6;4/8;4/8;2/6;0;0;3/4;0/2;2/2;1/4;0;0;3;3;3;3;26/40;14/40;12/18;8/22;14/22;6/18;10/34;8/26;18/26;24/34;26/35;34/45;6/11;4/9;5/9;5/11;0;0;1/3;1/1;0/1;2/3;0;1;6;6;6;6;39/80;41/80;16/45;12/35;23/35;29/45;1;1;1.76;1.72;28.5;31.42;Left-Handed;Right-Handed;https://wtatennis.com/tournament/1082/prague/2019/scores/LS006;18/29;10/19;9/19;11/29;19/23;29/33;2/4;2/4;2/4;2/4;0;0;4/8;2/2;0/2;4/8;0;1;5;4;4;5;31/56;25/56;20/33;12/23;11/23;13/33
10/38;16/29;13/29;28/38;29/47;38/55;6/17;9/18;9/18;11/17;0;1;0/4;4/7;3/7;4/4;0;1;8;7;7;8;38/102;64/102;16/55;25/47;22/47;39/55;9/29;7/17;10/17;20/29;17/30;29/42;6/13;6/13;7/13;7/13;0;1;0/4;1/3;2/3;4/4;0;1;5;4;4;5;32/72;40/72;15/42;13/30;17/30;27/42;1/9;9/12;3/12;8/9;12/17;9/13;0/4;3/5;2/5;4/4;0;0;0/0;3/4;1/4;0/0;0;0;3;3;3;3;6/30;24/30;1/13;12/17;5/17;12/13;0;1;1.64;1.70;37.17;25.92;Right-Handed;Left-Handed;https://wtatennis.com/tournament/1082/prague/2019/scores/LS002;;;;;;;;;;;;;;;;;;;;;;;;;;;;
13/42;26/49;23/49;29/42;49/65;42/68;13/26;6/16;10/16;13/26;0;1;2/10;5/8;3/8;8/10;1;1;10;10;10;10;59/133;74/133;26/68;32/65;33/65;42/68;3/12;12/15;3/15;9/12;15/21;12/22;5/10;1/6;5/6;5/10;0;0;1/2;3/3;0/3;1/2;0;1;4;4;4;4;16/43;27/43;8/22;13/21;8/21;14/22;10/30;14/34;20/34;20/30;34/44;30/46;8/16;5/10;5/10;8/16;0;1;1/8;2/5;3/5;7/8;1;0;6;6;6;6;43/90;47/90;18/46;19/44;25/44;28/46;1;2;1.76;1.80;28.5;26.83;Left-Handed;Right-Handed;https://wtatennis.com/tournament/1082/prague/2019/scores/LS003;;;;;;;;;;;;;;;;;;;;;;;;;;;;
30/76;31/78;47/78;46/76;78/101;76/111;20/35;11/23;12/23;15/35;0;6;6/13;6/10;4/10;7/13;1;1;16;15;15;16;109/212;103/212;50/111;42/101;59/101;61/111;12/28;15/38;23/38;16/28;38/47;28/45;8/17;4/9;5/9;9/17;0;1;2/6;2/3;1/3;4/6;0;1;6;6;6;6;48/92;44/92;20/45;19/47;28/47;25/45;10/28;8/21;13/21;18/28;21/28;28/36;5/8;5/7;2/7;3/8;0;3;1/4;2/4;2/4;3/4;1;0;5;4;4;5;30/64;34/64;15/36;13/28;15/28;21/36;1;1;1.70;1.80;25.92;26.83;Left-Handed;Right-Handed;https://wtatennis.com/tournament/1082/prague/2019/scores/LS001;8/20;8/19;11/19;12/20;19/26;20/30;7/10;2/7;5/7;3/10;0;2;3/3;2/3;1/3;0/3;0;0;5;5;5;5;31/56;25/56;15/30;10/26;16/26;15/30
