statut;duration;stage;url_match_stats;player_1_name;player_1_set_1;player_1_set_1_tiebreak;player_1_set_2;player_1_set_2_tiebreak;player_1_set_3;player_1_set_3_tiebreak;player_2_name;player_2_set_1;player_2_set_1_tiebreak;player_2_set_2;player_2_set_2_tiebreak;player_2_set_3;player_2_set_3_tiebreak;scores_link
Completed;1:12;Qualifying;https://wtatennis.com/tournament/1050/hobart/2019/scores/RS023;G.Da Silva Fick;4;;2;;-;;A.Blinkova;6;;6;;-;;https://www.wtatennis.com/tournament/1050/hobart/2019/scores
Completed;2:22;Qualifying;https://wtatennis.com/tournament/1050/hobart/2019/scores/RS026;S.Sorribes Tormo;3;;7;;3;;F.Ferro;6;;6;6;6;;https://www.wtatennis.com/tournament/1050/hobart/2019/scores
Completed;1:40;Qualifying;https://wtatennis.com/tournament/1050/hobart/2019/scores/RS022;L.Arruabarrena;1;;6;;3;;K.Mcphee;6;;3;;6;;https://www.wtatennis.com/tournament/1050/hobart/2019/scores
Completed;1:13;Qualifying;https://wtatennis.com/tournament/1050/hobart/2019/scores/RS020;M.Linette;6;;6;;-;;S.Mendez;0;;3;;-;;https://www.wtatennis.com/tournament/1050/hobart/2019/scores
Completed;2:08;Qualifying;https://wtatennis.com/tournament/1050/hobart/2019/scores/RS018;A.Panova;6;;6;5;4;;L.Siegemund;1;;7;;6;;https://www.wtatennis.com/tournament/1050/hobart/2019/scores
Completed;1:10;Qualifying;https://wtatennis.com/tournament/1050/hobart/2019/scores/RS019;B.Woolcock;1;;5;;-;;M.Brengle;6;;7;;-;;https://www.wtatennis.com/tournament/1050/hobart/2019/scores
Completed;1:45;Qualifying;https://wtatennis.com/tournament/1050/hobart/2019/scores/RS027;G.Minnen;6;;3;;6;;K.Boulter;3;;6;;1;;https://www.wtatennis.com/tournament/1050/hobart/2019/scores
Completed;0:54;Qualifying;https://wtatennis.com/tournament/1050/hobart/2019/scores/RS016;S.Santamaria;3;;0;;-;;I.Wallace;6;;6;;-;;https://www.wtatennis.com/tournament/1050/hobart/2019/scores
Completed;1:38;Qualifying;https://wtatennis.com/tournament/1050/hobart/2019/scores/RS021;I.Ramialison;6;3;3;;-;;K.Kozlova;7;;6;;-;;https://www.wtatennis.com/tournament/1050/hobart/2019/scores
Completed;1:30;Qualifying;https://wtatennis.com/tournament/1050/hobart/2019/scores/RS017;N.Bains;5;;3;;-;;H.Watson;7;;6;;-;;https://www.wtatennis.com/tournament/1050/hobart/2019/scores
Completed;1:58;Qualifying;https://wtatennis.com/tournament/1050/hobart/2019/scores/RS024;P.Hercog;7;;0;;3;;O.Rogowska;6;5;6;;6;;https://www.wtatennis.com/tournament/1050/hobart/2019/scores
Completed;1:01;Qualifying;https://wtatennis.com/tournament/1050/hobart/2019/scores/RS025;A.Bai;6;;6;;-;;A.Potapova;3;;2;;-;;https://www.wtatennis.com/tournament/1050/hobart/2019/scores
Completed;2:24;Qualifying;https://wtatennis.com/tournament/1050/hobart/2019/scores/RS011;K.Mcphee;6;4;6;;3;;A.Blinkova;7;;3;;6;;https://www.wtatennis.com/tournament/1050/hobart/2019/scores
Completed;1:12;Qualifying;https://wtatennis.com/tournament/1050/hobart/2019/scores/RS013;F.Ferro;4;;4;;-;;G.Minnen;6;;6;;-;;https://www.wtatennis.com/tournament/1050/hobart/2019/scores
Completed;3:24;Qualifying;https://wtatennis.com/tournament/1050/hobart/2019/scores/RS010;M.Linette;7;;6;5;6;;K.Kozlova;6;7;7;;4;;https://www.wtatennis.com/tournament/1050/hobart/2019/scores
Completed;2:06;Qualifying;https://wtatennis.com/tournament/1050/hobart/2019/scores/RS009;L.Siegemund;6;;6;5;6;;M.Brengle;4;;7;;1;;https://www.wtatennis.com/tournament/1050/hobart/2019/scores
Completed;1:29;Qualifying;https://wtatennis.com/tournament/1050/hobart/2019/scores/RS008;I.Wallace;4;;4;;-;;H.Watson;6;;6;;-;;https://www.wtatennis.com/tournament/1050/hobart/2019/scores
Completed;1:33;Qualifying;https://wtatennis.com/tournament/1050/hobart/2019/scores/RS012;O.Rogowska;4;;7;;1;;A.Bai;6;;6;5;6;;https://www.wtatennis.com/tournament/1050/hobart/2019/scores
Completed;1:50;Round of 32;https://wtatennis.com/tournament/1050/hobart/2019/scores/LS017;A.Bogdan;6;8;2;;-;;O.Jabeur;7;;6;;-;;https://www.wtatennis.com/tournament/1050/hobart/2019/scores
Completed;1:27;Round of 32;https://wtatennis.com/tournament/1050/hobart/2019/scores/LS026;H.Watson;1;;4;;-;;I.Begu;6;;6;;-;;https://www.wtatennis.com/tournament/1050/hobart/2019/scores
Completed;2:01;Round of 32;https://wtatennis.com/tournament/1050/hobart/2019/scores/LS028;A.Pavlyuchenkova;3;;6;;3;;V.Lapko;6;;3;;6;;https://www.wtatennis.com/tournament/1050/hobart/2019/scores
Completed;1:14;Round of 32;https://wtatennis.com/tournament/1050/hobart/2019/scores/LS029;L.Siegemund;3;;1;;-;;D.Yastremska;6;;6;;-;;https://www.wtatennis.com/tournament/1050/hobart/2019/scores
Completed;1:24;Round of 32;https://wtatennis.com/tournament/1050/hobart/2019/scores/LS021;G.Minnen;6;;6;;-;;K.Kozlova;4;;0;;-;;https://www.wtatennis.com/tournament/1050/hobart/2019/scores
Completed;2:12;Round of 32;https://wtatennis.com/tournament/1050/hobart/2019/scores/LS022;P.Parmentier;6;;5;;7;;E.Perez;2;;7;;5;;https://www.wtatennis.com/tournament/1050/hobart/2019/scores
Completed;2:32;Round of 32;https://wtatennis.com/tournament/1050/hobart/2019/scores/LS025;A.Schmiedlova;7;;6;5;6;;E.Rodina;5;;7;;3;;https://www.wtatennis.com/tournament/1050/hobart/2019/scores
Completed;1:59;Round of 32;https://wtatennis.com/tournament/1050/hobart/2019/scores/LS020;M.Sakkari;6;;2;;4;;M.Linette;3;;6;;6;;https://www.wtatennis.com/tournament/1050/hobart/2019/scores
Completed;1:13;Round of 32;https://wtatennis.com/tournament/1050/hobart/2019/scores/LS016;C.Garcia;3;;2;;-;;S.Kenin;6;;6;;-;;https://www.wtatennis.com/tournament/1050/hobart/2019/scores
Completed;2:02;Round of 32;https://wtatennis.com/tournament/1050/hobart/2019/scores/LS030;J.Larsson;6;1;6;2;-;;Z.Hives;7;;7;;-;;https://www.wtatennis.com/tournament/1050/hobart/2019/scores
Completed;2:03;Round of 32;https://wtatennis.com/tournament/1050/hobart/2019/scores/LS024;A.Van Uytvanck;7;;7;;-;;M.Brengle;6;5;5;;-;;https://www.wtatennis.com/tournament/1050/hobart/2019/scores
Completed;2:36;Round of 32;https://wtatennis.com/tournament/1050/hobart/2019/scores/LS031;B.Bencic;4;;6;;7;;M.Buzarnescu;6;;3;;5;;https://www.wtatennis.com/tournament/1050/hobart/2019/scores
Completed;1:34;Round of 32;https://wtatennis.com/tournament/1050/hobart/2019/scores/LS019;D.Jakupovic;4;;5;;-;;K.Flipkens;6;;7;;-;;https://www.wtatennis.com/tournament/1050/hobart/2019/scores
Completed;1:16;Round of 32;https://wtatennis.com/tournament/1050/hobart/2019/scores/LS023;A.Bai;4;;2;;-;;A.Cornet;6;;6;;-;;https://www.wtatennis.com/tournament/1050/hobart/2019/scores
Completed;1:13;Round of 32;https://wtatennis.com/tournament/1050/hobart/2019/scores/LS018;T.Babos;3;;3;;-;;V.Kuzmova;6;;6;;-;;https://www.wtatennis.com/tournament/1050/hobart/2019/scores
Completed;1:54;Round of 32;https://wtatennis.com/tournament/1050/hobart/2019/scores/LS027;A.Blinkova;6;;0;;6;;S.Zhang;2;;6;;2;;https://www.wtatennis.com/tournament/1050/hobart/2019/scores
Completed;1:05;Round of 16;https://wtatennis.com/tournament/1050/hobart/2019/scores/LS011;P.Parmentier;3;;0;;-;;A.Cornet;6;;6;;-;;https://www.wtatennis.com/tournament/1050/hobart/2019/scores
Completed;2:09;Round of 16;https://wtatennis.com/tournament/1050/hobart/2019/scores/LS010;M.Linette;1;;6;;6;3;G.Minnen;6;;4;;7;;https://www.wtatennis.com/tournament/1050/hobart/2019/scores
Completed;1:24;Round of 16;https://wtatennis.com/tournament/1050/hobart/2019/scores/LS008;S.Kenin;7;;6;;-;;O.Jabeur;6;6;3;;-;;https://www.wtatennis.com/tournament/1050/hobart/2019/scores
Completed;1:16;Round of 16;https://wtatennis.com/tournament/1050/hobart/2019/scores/LS015;Z.Hives;2;;4;;-;;B.Bencic;6;;6;;-;;https://www.wtatennis.com/tournament/1050/hobart/2019/scores
Completed;2:37;Round of 16;https://wtatennis.com/tournament/1050/hobart/2019/scores/LS013;I.Begu;4;;7;;6;;A.Blinkova;6;;6;2;2;;https://www.wtatennis.com/tournament/1050/hobart/2019/scores
Completed;0:59;Round of 16;https://wtatennis.com/tournament/1050/hobart/2019/scores/LS014;V.Lapko;1;;4;;-;;D.Yastremska;6;;6;;-;;https://www.wtatennis.com/tournament/1050/hobart/2019/scores
Completed;2:05;Round of 16;https://wtatennis.com/tournament/1050/hobart/2019/scores/LS009;V.Kuzmova;7;;4;;1;;K.Flipkens;6;3;6;;6;;https://www.wtatennis.com/tournament/1050/hobart/2019/scores
Completed;1:27;Round of 16;https://wtatennis.com/tournament/1050/hobart/2019/scores/LS012;A.Van Uytvanck;3;;2;;-;;A.Schmiedlova;6;;6;;-;;https://www.wtatennis.com/tournament/1050/hobart/2019/scores
Completed;1:47;Quarterfinal;https://wtatennis.com/tournament/1050/hobart/2019/scores/LS006;A.Schmiedlova;7;;7;;-;;I.Begu;5;;5;;-;;https://www.wtatennis.com/tournament/1050/hobart/2019/scores
Completed;1:20;Quarterfinal;https://wtatennis.com/tournament/1050/hobart/2019/scores/LS007;D.Yastremska;6;2;3;;-;;B.Bencic;7;;6;;-;;https://www.wtatennis.com/tournament/1050/hobart/2019/scores
Completed;1:17;Quarterfinal;https://wtatennis.com/tournament/1050/hobart/2019/scores/LS005;G.Minnen;1;;4;;-;;A.Cornet;6;;6;;-;;https://www.wtatennis.com/tournament/1050/hobart/2019/scores
Completed;1:41;Quarterfinal;https://wtatennis.com/tournament/1050/hobart/2019/scores/LS004;S.Kenin;7;;7;;-;;K.Flipkens;5;;5;;-;;https://www.wtatennis.com/tournament/1050/hobart/2019/scores
Completed;1:19;Semifinal;https://wtatennis.com/tournament/1050/hobart/2019/scores/LS002;S.Kenin;6;;6;;-;;A.Cornet;2;;4;;-;;https://www.wtatennis.com/tournament/1050/hobart/2019/scores
Completed;2:30;Semifinal;https://wtatennis.com/tournament/1050/hobart/2019/scores/LS003;A.Schmiedlova;7;;4;;6;;B.Bencic;6;2;6;;2;;https://www.wtatennis.com/tournament/1050/hobart/2019/scores
Completed;1:11;Final;https://wtatennis.com/tournament/1050/hobart/2019/scores/LS001;S.Kenin;6;;6;;-;;A.Schmiedlova;3;;0;;-;;https://www.wtatennis.com/tournament/1050/hobart/2019/scores
