statut;duration;stage;url_match_stats;player_1_name;player_1_set_1;player_1_set_1_tiebreak;player_1_set_2;player_1_set_2_tiebreak;player_1_set_3;player_1_set_3_tiebreak;player_2_name;player_2_set_1;player_2_set_1_tiebreak;player_2_set_2;player_2_set_2_tiebreak;player_2_set_3;player_2_set_3_tiebreak;scores_link
Completed;1:44;Qualifying;https://wtatennis.com/tournament/1080/nottingham/2018/scores/RS017;E.Taylor;4;;6;;6;;A.Myers;6;;1;;4;;https://www.wtatennis.com/tournament/1080/nottingham/2018/scores
Completed;1:34;Qualifying;https://wtatennis.com/tournament/1080/nottingham/2018/scores/RS016;S.Zheng;3;;6;;6;;A.Kudryavtseva;6;;2;;1;;https://www.wtatennis.com/tournament/1080/nottingham/2018/scores
Completed;0:50;Qualifying;https://wtatennis.com/tournament/1080/nottingham/2018/scores/RS020;L.Cabrera;6;;6;;-;;A.Naydenova;1;;1;;-;;https://www.wtatennis.com/tournament/1080/nottingham/2018/scores
Completed;1:05;Qualifying;https://wtatennis.com/tournament/1080/nottingham/2018/scores/RS024;M.Imanishi;2;;3;;-;;T.Moore;6;;6;;-;;https://www.wtatennis.com/tournament/1080/nottingham/2018/scores
Completed;1:42;Qualifying;https://wtatennis.com/tournament/1080/nottingham/2018/scores/RS025;E.Silva;6;8;4;;-;;E.Ruse;7;;6;;-;;https://www.wtatennis.com/tournament/1080/nottingham/2018/scores
Completed;1:36;Qualifying;https://wtatennis.com/tournament/1080/nottingham/2018/scores/RS021;J.Burrage;3;;6;6;-;;V.Savinykh;6;;7;;-;;https://www.wtatennis.com/tournament/1080/nottingham/2018/scores
Completed;1:13;Qualifying;https://wtatennis.com/tournament/1080/nottingham/2018/scores/RS027;A.Rodionova;3;;2;;-;;D.Lao;6;;6;;-;;https://www.wtatennis.com/tournament/1080/nottingham/2018/scores
Completed;1:14;Qualifying;https://wtatennis.com/tournament/1080/nottingham/2018/scores/RS022;P.Badosa Gibert;6;;6;;-;;I.Neel;2;;3;;-;;https://www.wtatennis.com/tournament/1080/nottingham/2018/scores
Completed;2:05;Qualifying;https://wtatennis.com/tournament/1080/nottingham/2018/scores/RS023;A.Tere-Apisah;6;;3;;4;;K.Swan;4;;6;;6;;https://www.wtatennis.com/tournament/1080/nottingham/2018/scores
Completed;1:07;Qualifying;https://wtatennis.com/tournament/1080/nottingham/2018/scores/RS019;N.Bains;6;;6;;-;;A.Raina;0;;4;;-;;https://www.wtatennis.com/tournament/1080/nottingham/2018/scores
Completed;1:45;Qualifying;https://wtatennis.com/tournament/1080/nottingham/2018/scores/RS026;J.Fourlis;3;;6;;6;;A.Spears;6;;3;;4;;https://www.wtatennis.com/tournament/1080/nottingham/2018/scores
Completed;1:07;Qualifying;https://wtatennis.com/tournament/1080/nottingham/2018/scores/RS018;I.Falconi;6;;6;;-;;F.Christie;2;;2;;-;;https://www.wtatennis.com/tournament/1080/nottingham/2018/scores
Completed;2:17;Qualifying;https://wtatennis.com/tournament/1080/nottingham/2018/scores/RS010;L.Cabrera;7;;5;;3;;V.Savinykh;6;3;7;;6;;https://www.wtatennis.com/tournament/1080/nottingham/2018/scores
Completed;1:57;Qualifying;https://wtatennis.com/tournament/1080/nottingham/2018/scores/RS012;T.Moore;2;;6;;4;;E.Ruse;6;;3;;6;;https://www.wtatennis.com/tournament/1080/nottingham/2018/scores
Completed;1:17;Qualifying;https://wtatennis.com/tournament/1080/nottingham/2018/scores/RS008;S.Zheng;6;;6;;-;;E.Taylor;3;;4;;-;;https://www.wtatennis.com/tournament/1080/nottingham/2018/scores
Completed;1:26;Qualifying;https://wtatennis.com/tournament/1080/nottingham/2018/scores/RS013;J.Fourlis;3;;2;;-;;D.Lao;6;;6;;-;;https://www.wtatennis.com/tournament/1080/nottingham/2018/scores
Completed;2:46;Qualifying;https://wtatennis.com/tournament/1080/nottingham/2018/scores/RS009;I.Falconi;7;;6;7;6;;N.Bains;6;0;7;;2;;https://www.wtatennis.com/tournament/1080/nottingham/2018/scores
Completed;1:36;Qualifying;https://wtatennis.com/tournament/1080/nottingham/2018/scores/RS011;P.Badosa Gibert;6;;2;;1;;K.Swan;2;;6;;6;;https://www.wtatennis.com/tournament/1080/nottingham/2018/scores
Completed;1:24;Round of 32;https://wtatennis.com/tournament/1080/nottingham/2018/scores/LS031;E.Ruse;0;;6;;1;;M.Rybarikova;6;;3;;6;;https://www.wtatennis.com/tournament/1080/nottingham/2018/scores
Completed;0:52;Round of 32;https://wtatennis.com/tournament/1080/nottingham/2018/scores/LS017;V.Savinykh;2;;2;;-;;Y.Duan;6;;6;;-;;https://www.wtatennis.com/tournament/1080/nottingham/2018/scores
Completed;1:18;Round of 32;https://wtatennis.com/tournament/1080/nottingham/2018/scores/LS022;I.Falconi;6;;6;;-;;A.Rodionova;4;;1;;-;;https://www.wtatennis.com/tournament/1080/nottingham/2018/scores
Completed;1:41;Round of 32;https://wtatennis.com/tournament/1080/nottingham/2018/scores/LS029;V.Lapko;7;;6;;-;;J.Fett;6;5;4;;-;;https://www.wtatennis.com/tournament/1080/nottingham/2018/scores
Completed;0:58;Round of 32;https://wtatennis.com/tournament/1080/nottingham/2018/scores/LS021;D.Allertova;6;;6;;-;;K.Ahn;3;;1;;-;;https://www.wtatennis.com/tournament/1080/nottingham/2018/scores
Completed;2:02;Round of 32;https://wtatennis.com/tournament/1080/nottingham/2018/scores/LS025;M.Frech;6;;3;;6;;S.Zheng;2;;6;;3;;https://www.wtatennis.com/tournament/1080/nottingham/2018/scores
Completed;1:09;Round of 32;https://wtatennis.com/tournament/1080/nottingham/2018/scores/LS024;C.Giorgi;6;4;2;;-;;D.Jakupovic;7;;6;;-;;https://www.wtatennis.com/tournament/1080/nottingham/2018/scores
Completed;1:52;Round of 32;https://wtatennis.com/tournament/1080/nottingham/2018/scores/LS020;N.Osaka;3;;6;;6;;S.Vickery;6;;1;;2;;https://www.wtatennis.com/tournament/1080/nottingham/2018/scores
Completed;1:03;Round of 32;https://wtatennis.com/tournament/1080/nottingham/2018/scores/LS027;K.Nara;2;;3;;-;;J.Konta;6;;6;;-;;https://www.wtatennis.com/tournament/1080/nottingham/2018/scores
Completed;1:21;Round of 32;https://wtatennis.com/tournament/1080/nottingham/2018/scores/LS018;Y.Wickmayer;4;;4;;-;;K.Boulter;6;;6;;-;;https://www.wtatennis.com/tournament/1080/nottingham/2018/scores
Completed;2:56;Round of 32;https://wtatennis.com/tournament/1080/nottingham/2018/scores/LS028;D.Vekic;7;;5;;7;;G.Taylor;5;;7;;6;3;https://www.wtatennis.com/tournament/1080/nottingham/2018/scores
Completed;1:07;Round of 32;https://wtatennis.com/tournament/1080/nottingham/2018/scores/LS016;A.Barty;6;;6;;-;;S.Voegele;3;;3;;-;;https://www.wtatennis.com/tournament/1080/nottingham/2018/scores
Completed;1:47;Round of 32;https://wtatennis.com/tournament/1080/nottingham/2018/scores/LS030;M.Barthel;7;;7;;-;;K.Swan;6;5;5;;-;;https://www.wtatennis.com/tournament/1080/nottingham/2018/scores
Completed;0:25;Round of 32;https://wtatennis.com/tournament/1080/nottingham/2018/scores/LS019;S.Stosur;2;;-;;-;;Z.Diyas;1;;-;;-;;https://www.wtatennis.com/tournament/1080/nottingham/2018/scores
Completed;2:06;Round of 32;https://wtatennis.com/tournament/1080/nottingham/2018/scores/LS023;V.Cepede Royg;2;;6;;6;5;M.Buzarnescu;6;;3;;7;;https://www.wtatennis.com/tournament/1080/nottingham/2018/scores
Completed;1:13;Round of 32;https://wtatennis.com/tournament/1080/nottingham/2018/scores/LS026;H.Watson;6;;6;;-;;D.Lao;1;;3;;-;;https://www.wtatennis.com/tournament/1080/nottingham/2018/scores
Completed;1:03;Round of 16;https://wtatennis.com/tournament/1080/nottingham/2018/scores/LS010;N.Osaka;6;;6;;-;;D.Allertova;3;;2;;-;;https://www.wtatennis.com/tournament/1080/nottingham/2018/scores
Completed;1:19;Round of 16;https://wtatennis.com/tournament/1080/nottingham/2018/scores/LS012;D.Jakupovic;6;;6;;-;;M.Frech;4;;3;;-;;https://www.wtatennis.com/tournament/1080/nottingham/2018/scores
Completed;2:12;Round of 16;https://wtatennis.com/tournament/1080/nottingham/2018/scores/LS015;M.Barthel;6;;1;;7;;M.Rybarikova;3;;6;;5;;https://www.wtatennis.com/tournament/1080/nottingham/2018/scores
Completed;2:06;Round of 16;https://wtatennis.com/tournament/1080/nottingham/2018/scores/LS011;I.Falconi;3;;7;;3;;M.Buzarnescu;6;;5;;6;;https://www.wtatennis.com/tournament/1080/nottingham/2018/scores
Completed;1:04;Round of 16;https://wtatennis.com/tournament/1080/nottingham/2018/scores/LS008;A.Barty;6;;6;;-;;Y.Duan;3;;2;;-;;https://www.wtatennis.com/tournament/1080/nottingham/2018/scores
Completed;1:39;Round of 16;https://wtatennis.com/tournament/1080/nottingham/2018/scores/LS013;H.Watson;4;;6;5;-;;J.Konta;6;;7;;-;;https://www.wtatennis.com/tournament/1080/nottingham/2018/scores
Completed;1:16;Round of 16;https://wtatennis.com/tournament/1080/nottingham/2018/scores/LS009;K.Boulter;7;;6;;-;;S.Stosur;6;6;1;;-;;https://www.wtatennis.com/tournament/1080/nottingham/2018/scores
Completed;1:49;Round of 16;https://wtatennis.com/tournament/1080/nottingham/2018/scores/LS014;D.Vekic;6;;7;;-;;V.Lapko;2;;6;6;-;;https://www.wtatennis.com/tournament/1080/nottingham/2018/scores
Completed;1:17;Quarterfinal;https://wtatennis.com/tournament/1080/nottingham/2018/scores/LS005;N.Osaka;6;;6;;-;;M.Buzarnescu;4;;1;;-;;https://www.wtatennis.com/tournament/1080/nottingham/2018/scores
Completed;1:16;Quarterfinal;https://wtatennis.com/tournament/1080/nottingham/2018/scores/LS006;D.Jakupovic;4;;2;;-;;J.Konta;6;;6;;-;;https://www.wtatennis.com/tournament/1080/nottingham/2018/scores
Completed;0:59;Quarterfinal;https://wtatennis.com/tournament/1080/nottingham/2018/scores/LS004;A.Barty;6;;6;;-;;K.Boulter;0;;2;;-;;https://www.wtatennis.com/tournament/1080/nottingham/2018/scores
Completed;1:17;Quarterfinal;https://wtatennis.com/tournament/1080/nottingham/2018/scores/LS007;D.Vekic;7;;6;;-;;M.Barthel;5;;1;;-;;https://www.wtatennis.com/tournament/1080/nottingham/2018/scores
Completed;1:15;Semifinal;https://wtatennis.com/tournament/1080/nottingham/2018/scores/LS003;J.Konta;6;;6;;-;;D.Vekic;2;;3;;-;;https://www.wtatennis.com/tournament/1080/nottingham/2018/scores
Completed;1:04;Semifinal;https://wtatennis.com/tournament/1080/nottingham/2018/scores/LS002;A.Barty;6;;6;;-;;N.Osaka;3;;4;;-;;https://www.wtatennis.com/tournament/1080/nottingham/2018/scores
Completed;2:04;Final;https://wtatennis.com/tournament/1080/nottingham/2018/scores/LS001;A.Barty;6;;3;;6;;J.Konta;3;;6;;4;;https://www.wtatennis.com/tournament/1080/nottingham/2018/scores
