match_1st Return Points Won_player_1;match_1st Return Points Won_player_2;match_1st Serve Points Won_player_1;match_1st Serve Points Won_player_2;match_1st Serve_player_1;match_1st Serve_player_2;match_2nd Return Points Won_player_1;match_2nd Return Points Won_player_2;match_2nd Serve Points Won_player_1;match_2nd Serve Points Won_player_2;match_Aces_player_1;match_Aces_player_2;match_Break Points Converted_player_1;match_Break Points Converted_player_2;match_Break Points Saved_player_1;match_Break Points Saved_player_2;match_Double Faults_player_1;match_Double Faults_player_2;match_Return Games Played_player_1;match_Return Games Played_player_2;match_Service Games Played_player_1;match_Service Games Played_player_2;match_Total Points Won_player_1;match_Total Points Won_player_2;match_Total Return Points Won_player_1;match_Total Return Points Won_player_2;match_Total Service Points Won_player_1;match_Total Service Points Won_player_2;set1_1st Return Points Won_player_1;set1_1st Return Points Won_player_2;set1_1st Serve Points Won_player_1;set1_1st Serve Points Won_player_2;set1_1st Serve_player_1;set1_1st Serve_player_2;set1_2nd Return Points Won_player_1;set1_2nd Return Points Won_player_2;set1_2nd Serve Points Won_player_1;set1_2nd Serve Points Won_player_2;set1_Aces_player_1;set1_Aces_player_2;set1_Break Points Converted_player_1;set1_Break Points Converted_player_2;set1_Break Points Saved_player_1;set1_Break Points Saved_player_2;set1_Double Faults_player_1;set1_Double Faults_player_2;set1_Return Games Played_player_1;set1_Return Games Played_player_2;set1_Service Games Played_player_1;set1_Service Games Played_player_2;set1_Total Points Won_player_1;set1_Total Points Won_player_2;set1_Total Return Points Won_player_1;set1_Total Return Points Won_player_2;set1_Total Service Points Won_player_1;set1_Total Service Points Won_player_2;set2_1st Return Points Won_player_1;set2_1st Return Points Won_player_2;set2_1st Serve Points Won_player_1;set2_1st Serve Points Won_player_2;set2_1st Serve_player_1;set2_1st Serve_player_2;set2_2nd Return Points Won_player_1;set2_2nd Return Points Won_player_2;set2_2nd Serve Points Won_player_1;set2_2nd Serve Points Won_player_2;set2_Aces_player_1;set2_Aces_player_2;set2_Break Points Converted_player_1;set2_Break Points Converted_player_2;set2_Break Points Saved_player_1;set2_Break Points Saved_player_2;set2_Double Faults_player_1;set2_Double Faults_player_2;set2_Return Games Played_player_1;set2_Return Games Played_player_2;set2_Service Games Played_player_1;set2_Service Games Played_player_2;set2_Total Points Won_player_1;set2_Total Points Won_player_2;set2_Total Return Points Won_player_1;set2_Total Return Points Won_player_2;set2_Total Service Points Won_player_1;set2_Total Service Points Won_player_2;h2h_wins_player_1;h2h_wins_player_2;Height_player_1;Height_player_2;Date of Birth_player_1;Date of Birth_player_2;Plays_player_1;Plays_player_2;url_match_stats;set3_1st Return Points Won_player_1;set3_1st Return Points Won_player_2;set3_1st Serve Points Won_player_1;set3_1st Serve Points Won_player_2;set3_1st Serve_player_1;set3_1st Serve_player_2;set3_2nd Return Points Won_player_1;set3_2nd Return Points Won_player_2;set3_2nd Serve Points Won_player_1;set3_2nd Serve Points Won_player_2;set3_Aces_player_1;set3_Aces_player_2;set3_Break Points Converted_player_1;set3_Break Points Converted_player_2;set3_Break Points Saved_player_1;set3_Break Points Saved_player_2;set3_Double Faults_player_1;set3_Double Faults_player_2;set3_Return Games Played_player_1;set3_Return Games Played_player_2;set3_Service Games Played_player_1;set3_Service Games Played_player_2;set3_Total Points Won_player_1;set3_Total Points Won_player_2;set3_Total Return Points Won_player_1;set3_Total Return Points Won_player_2;set3_Total Service Points Won_player_1;set3_Total Service Points Won_player_2
11/32;6/36;30/36;21/32;36/51;32/55;15/23;6/15;9/15;8/23;6;0;3/6;0/2;2/2;3/6;3;4;9;9;9;9;65/106;41/106;26/55;12/51;39/51;29/55;4/10;3/17;14/17;6/10;17/25;10/23;9/13;4/8;4/8;4/13;3;0;2/4;0/2;2/2;2/4;2;4;4;4;4;4;31/48;17/48;13/23;7/25;18/25;10/23;7/22;3/19;16/19;15/22;19/26;22/32;6/10;2/7;5/7;4/10;3;0;1/2;0/0;0/0;1/2;1;0;5;5;5;5;34/58;24/58;13/32;5/26;21/26;19/32;1;0;1.78;;24.75;31.75;Right-Handed;N/A;https://wtatennis.com/tournament/1074/hong-kong/2018/scores/RS026;;;;;;;;;;;;;;;;;;;;;;;;;;;;
13/25;2/19;17/19;12/25;19/44;25/46;16/21;12/25;13/25;5/21;8;0;6/11;1/3;2/3;5/11;0;5;7;7;7;7;59/90;31/90;29/46;14/44;30/44;17/46;5/10;1/8;7/8;5/10;8/17;10/22;10/12;3/9;6/9;2/12;4;0;3/5;0/0;0/0;2/5;0;4;3;3;3;3;28/39;11/39;15/22;4/17;13/17;7/22;8/15;1/11;10/11;7/15;11/27;15/24;6/9;9/16;7/16;3/9;4;0;3/6;1/3;2/3;3/6;0;1;4;4;4;4;31/51;20/51;14/24;10/27;17/27;10/24;1;0;1.72;;24.58;26.33;Right-Handed;N/A;https://wtatennis.com/tournament/1074/hong-kong/2018/scores/RS024;;;;;;;;;;;;;;;;;;;;;;;;;;;;
7/37;16/36;20/36;30/37;36/54;37/71;20/34;9/18;9/18;14/34;0;2;2/6;4/15;11/15;4/6;7;3;10;9;9;10;56/125;69/125;27/71;25/54;29/54;44/71;6/23;10/16;6/16;17/23;16/25;23/40;12/17;5/9;4/9;5/17;0;1;2/6;3/10;7/10;4/6;5;1;5;4;4;5;28/65;37/65;18/40;15/25;10/25;22/40;1/14;6/20;14/20;13/14;20/29;14/31;8/17;4/9;5/9;9/17;0;1;0/0;1/5;4/5;0/0;2;2;5;5;5;5;28/60;32/60;9/31;10/29;19/29;22/31;0;1;1.73;1.73;34.33;28.75;Right-Handed;Right-Handed;https://wtatennis.com/tournament/1074/hong-kong/2018/scores/RS017;;;;;;;;;;;;;;;;;;;;;;;;;;;;
28/76;24/76;52/76;48/76;76/109;76/99;15/23;16/33;17/33;8/23;3;1;6/15;2/9;7/9;9/15;4;2;15;15;15;15;112/208;96/208;43/99;40/109;69/109;56/99;7/12;2/13;11/13;5/12;13/19;12/18;5/6;3/6;3/6;1/6;1;1;3/4;0/1;1/1;1/4;2;1;3;3;3;3;26/37;11/37;12/18;5/19;14/19;6/18;4/27;13/36;23/36;23/27;36/54;27/34;6/7;10/18;8/18;1/7;0;0;1/1;1/7;6/7;0/1;1;1;6;6;6;6;41/88;47/88;10/34;23/54;31/54;24/34;1;0;1.72;1.70;31.58;23.0;Right-Handed;Right-Handed;https://wtatennis.com/tournament/1074/hong-kong/2018/scores/RS027;17/37;9/27;18/27;20/37;27/36;37/47;4/10;3/9;6/9;6/10;2;0;2/10;1/1;0/1;8/10;1;0;6;6;6;6;45/83;38/83;21/47;12/36;24/36;26/47
17/47;20/51;31/51;30/47;51/72;47/61;6/14;14/21;7/21;8/14;0;3;2/3;4/15;11/15;1/3;2;1;10;10;10;10;61/133;72/133;23/61;34/72;38/72;38/61;10/22;12/28;16/28;12/22;28/38;22/31;4/9;8/10;2/10;5/9;0;1;2/3;3/12;9/12;1/3;1;0;5;5;5;5;32/69;37/69;14/31;20/38;18/38;17/31;7/25;8/23;15/23;18/25;23/34;25/30;2/5;6/11;5/11;3/5;0;2;0/0;1/3;2/3;0/0;1;1;5;5;5;5;29/64;35/64;9/30;14/34;20/34;21/30;0;1;1.69;1.68;30.58;35.25;Right-Handed;Right-Handed;https://wtatennis.com/tournament/1074/hong-kong/2018/scores/RS025;;;;;;;;;;;;;;;;;;;;;;;;;;;;
27/58;29/65;36/65;31/58;65/83;58/68;6/10;7/18;11/18;4/10;0;1;6/8;3/9;6/9;2/8;2;2;12;11;11;12;80/151;71/151;33/68;36/83;47/83;35/68;11/18;8/19;11/19;7/18;19/24;18/22;3/4;1/5;4/5;1/4;0;0;3/4;1/1;0/1;1/4;0;0;4;4;4;4;29/46;17/46;14/22;9/24;15/24;8/22;4/18;13/24;11/24;14/18;24/34;18/21;1/3;5/10;5/10;2/3;0;0;0/0;2/4;2/4;0/0;2;1;4;4;4;4;21/55;34/55;5/21;18/34;16/34;16/21;1;0;1.68;1.73;28.0;32.58;Right-Handed;Right-Handed;https://wtatennis.com/tournament/1074/hong-kong/2018/scores/RS023;12/22;8/22;14/22;10/22;22/25;22/25;2/3;1/3;2/3;1/3;0;1;3/4;0/4;4/4;1/4;0;1;4;3;3;4;30/50;20/50;14/25;9/25;16/25;11/25
14/46;25/55;30/55;32/46;55/91;46/92;28/46;23/36;13/36;18/46;1;6;5/10;7/17;10/17;5/10;5;11;13;14;14;13;85/183;98/183;42/92;48/91;43/91;50/92;2/13;12/24;12/24;11/13;24/35;13/28;9/15;8/11;3/11;6/15;0;3;1/3;3/8;5/8;2/3;3;2;4;5;5;4;26/63;37/63;11/28;20/35;15/35;17/28;6/18;3/15;12/15;12/18;15/26;18/35;10/17;5/11;6/11;7/17;1;1;2/5;0/1;1/1;3/5;2;4;5;4;4;5;34/61;27/61;16/35;8/26;18/26;19/35;0;1;1.70;1.70;31.08;33.58;Right-Handed;Right-Handed;https://wtatennis.com/tournament/1074/hong-kong/2018/scores/RS016;6/15;10/16;6/16;9/15;16/30;15/29;9/14;10/14;4/14;5/14;0;2;2/2;4/8;4/8;0/2;0;5;4;5;5;4;25/59;34/59;15/29;20/30;10/30;14/29
10/35;17/30;13/30;25/35;30/46;35/46;8/11;11/16;5/16;3/11;0;1;1/4;6/6;0/6;3/4;2;3;7;8;8;7;36/92;56/92;18/46;28/46;18/46;28/46;4/16;9/15;6/15;12/16;15/20;16/20;3/4;3/5;2/5;1/4;0;0;0/2;3/3;0/3;2/2;1;1;3;4;4;3;15/40;25/40;7/20;12/20;8/20;13/20;6/19;8/15;7/15;13/19;15/26;19/26;5/7;8/11;3/11;2/7;0;1;1/2;3/3;0/3;1/2;1;2;4;4;4;4;21/52;31/52;11/26;16/26;10/26;15/26;0;1;;1.70;27.17;35.08;N/A;Right-Handed;https://wtatennis.com/tournament/1074/hong-kong/2018/scores/RS021;;;;;;;;;;;;;;;;;;;;;;;;;;;;
16/42;16/35;19/35;26/42;35/43;42/63;8/21;3/8;5/8;13/21;1;1;1/4;4/6;2/6;3/4;0;4;9;9;9;9;48/106;58/106;24/63;19/43;24/43;39/63;9/18;9/15;6/15;9/18;15/19;18/28;3/10;3/4;1/4;7/10;0;0;1/1;3/5;2/5;0/1;0;1;4;4;4;4;19/47;28/47;12/28;12/19;7/19;16/28;7/24;7/20;13/20;17/24;20/24;24/35;5/11;0/4;4/4;6/11;1;1;0/3;1/1;0/1;3/3;0;3;5;5;5;5;29/59;30/59;12/35;7/24;17/24;23/35;0;2;1.65;1.70;27.17;28.25;Right-Handed;Right-Handed;https://wtatennis.com/tournament/1074/hong-kong/2018/scores/RS019;;;;;;;;;;;;;;;;;;;;;;;;;;;;
15/27;7/31;24/31;12/27;31/43;27/52;14/25;6/12;6/12;11/25;5;0;5/7;1/2;1/2;2/7;2;6;8;8;8;8;59/95;36/95;29/52;13/43;30/43;23/52;8/17;4/15;11/15;9/17;15/21;17/35;11/18;3/6;3/6;7/18;1;0;3/3;1/2;1/2;0/3;0;5;5;4;4;5;33/56;23/56;19/35;7/21;14/21;16/35;7/10;3/16;13/16;3/10;16/22;10/17;3/7;3/6;3/6;4/7;4;0;2/4;0/0;0/0;2/4;2;1;3;4;4;3;26/39;13/39;10/17;6/22;16/22;7/17;1;0;1.71;;33.42;21.25;Right-Handed;N/A;https://wtatennis.com/tournament/1074/hong-kong/2018/scores/RS020;;;;;;;;;;;;;;;;;;;;;;;;;;;;
32/59;6/26;20/26;27/59;26/43;59/88;17/29;11/17;6/17;12/29;1;0;7/14;3/5;2/5;7/14;3;4;9;8;8;9;75/131;56/131;49/88;17/43;26/43;39/88;19/37;3/13;10/13;18/37;13/23;37/54;9/17;6/10;4/10;8/17;1;0;3/7;2/4;2/4;4/7;2;2;5;5;5;5;42/77;35/77;28/54;9/23;14/23;26/54;13/22;3/13;10/13;9/22;13/20;22/34;8/12;5/7;2/7;4/12;0;0;4/7;1/1;0/1;3/7;1;2;4;3;3;4;33/54;21/54;21/34;8/20;12/20;13/34;1;0;1.63;;28.5;25.17;Right-Handed;N/A;https://wtatennis.com/tournament/1074/hong-kong/2018/scores/RS022;;;;;;;;;;;;;;;;;;;;;;;;;;;;
17/43;8/29;21/29;26/43;29/60;43/65;13/22;14/31;17/31;9/22;5;0;4/8;2/8;6/8;4/8;2;1;10;10;10;10;68/125;57/125;30/65;22/60;38/60;35/65;8/21;1/9;8/9;13/21;9/22;21/32;7/11;5/13;8/13;4/11;1;0;2/5;1/1;0/1;3/5;1;0;5;5;5;5;31/54;23/54;15/32;6/22;16/22;17/32;9/22;7/20;13/20;13/22;20/38;22/33;6/11;9/18;9/18;5/11;4;0;2/3;1/7;6/7;1/3;1;1;5;5;5;5;37/71;34/71;15/33;16/38;22/38;18/33;1;0;1.67;1.68;28.75;25.5;Right-Handed;Right-Handed;https://wtatennis.com/tournament/1074/hong-kong/2018/scores/RS018;;;;;;;;;;;;;;;;;;;;;;;;;;;;
17/24;7/25;18/25;7/24;25/45;24/39;10/15;9/20;11/20;5/15;4;0;6/9;0/2;2/2;3/9;3;5;6;6;6;6;56/84;28/84;27/39;16/45;29/45;12/39;10/15;3/10;7/10;5/15;10/24;15/24;5/9;6/14;8/14;4/9;2;0;3/6;0/2;2/2;3/6;2;3;3;3;3;3;30/48;18/48;15/24;9/24;15/24;9/24;7/9;4/15;11/15;2/9;15/21;9/15;5/6;3/6;3/6;1/6;2;0;3/3;0/0;0/0;0/3;1;2;3;3;3;3;26/36;10/36;12/15;7/21;14/21;3/15;1;0;1.63;1.68;28.5;28.0;Right-Handed;Right-Handed;https://wtatennis.com/tournament/1074/hong-kong/2018/scores/RS011;;;;;;;;;;;;;;;;;;;;;;;;;;;;
29/83;21/67;46/67;54/83;67/111;83/114;16/31;28/44;16/44;15/31;7;0;4/14;4/14;10/14;10/14;10;4;16;15;15;16;107/225;118/225;45/114;49/111;62/111;69/114;7/31;5/28;23/28;24/31;28/45;31/44;7/13;14/17;3/17;6/13;5;0;1/5;1/7;6/7;4/5;9;1;6;6;6;6;40/89;49/89;14/44;19/45;26/45;30/44;16/35;4/18;14/18;19/35;18/30;35/44;2/9;5/12;7/12;7/9;1;0;1/6;0/0;0/0;5/6;0;0;5;5;5;5;39/74;35/74;18/44;9/30;21/30;26/44;1;1;1.78;1.72;24.75;31.58;Right-Handed;Right-Handed;https://wtatennis.com/tournament/1074/hong-kong/2018/scores/RS013;6/17;12/21;9/21;11/17;21/36;17/26;7/9;9/15;6/15;2/9;1;0;2/3;3/7;4/7;1/3;1;3;5;4;4;5;28/62;34/62;13/26;21/36;15/36;13/26
16/27;7/32;25/32;11/27;32/57;27/42;9/15;14/25;11/25;6/15;6;0;5/8;1/4;3/4;3/8;2;3;7;8;8;7;61/99;38/99;25/42;21/57;36/57;17/42;10/13;2/12;10/12;3/13;12/19;13/20;4/7;4/7;3/7;3/7;3;0;3/6;0/0;0/0;3/6;0;1;3;3;3;3;27/39;12/39;14/20;6/19;13/19;6/20;6/14;5/20;15/20;8/14;20/38;14/22;5/8;10/18;8/18;3/8;3;0;2/2;1/4;3/4;0/2;2;2;4;5;5;4;34/60;26/60;11/22;15/38;23/38;11/22;1;0;1.72;1.68;24.58;35.25;Right-Handed;Right-Handed;https://wtatennis.com/tournament/1074/hong-kong/2018/scores/RS012;;;;;;;;;;;;;;;;;;;;;;;;;;;;
17/48;17/35;18/35;31/48;35/58;48/79;15/31;11/23;12/23;16/31;1;0;2/13;4/6;2/6;11/13;5;7;10;10;10;10;62/137;75/137;32/79;28/58;30/58;47/79;10/29;9/16;7/16;19/29;16/27;29/43;8/14;4/11;7/11;6/14;0;0;1/7;2/3;1/3;6/7;0;3;5;5;5;5;32/70;38/70;18/43;13/27;14/27;25/43;7/19;8/19;11/19;12/19;19/31;19/36;7/17;7/12;5/12;10/17;1;0;1/6;2/3;1/3;5/6;5;4;5;5;5;5;30/67;37/67;14/36;15/31;16/31;22/36;0;2;1.71;1.70;33.42;35.08;Right-Handed;Right-Handed;https://wtatennis.com/tournament/1074/hong-kong/2018/scores/RS010;;;;;;;;;;;;;;;;;;;;;;;;;;;;
25/53;7/31;24/31;28/53;31/51;53/76;16/23;10/20;10/20;7/23;5;0;5/18;1/7;6/7;13/18;0;6;7;8;8;7;75/127;52/127;41/76;17/51;34/51;35/76;11/21;5/16;11/16;10/21;16/28;21/32;7/11;7/12;5/12;4/11;0;0;3/7;1/3;2/3;4/7;0;3;4;4;4;4;34/60;26/60;18/32;12/28;16/28;14/32;14/32;2/15;13/15;18/32;15/23;32/44;9/12;3/8;5/8;3/12;5;0;2/11;0/4;4/4;9/11;0;3;3;4;4;3;41/67;26/67;23/44;5/23;18/23;21/44;1;0;1.67;1.70;28.75;28.25;Right-Handed;Right-Handed;https://wtatennis.com/tournament/1074/hong-kong/2018/scores/RS009;;;;;;;;;;;;;;;;;;;;;;;;;;;;
13/39;19/28;9/28;26/39;28/42;39/56;9/17;8/14;6/14;8/17;0;2;2/5;6/7;1/7;3/5;1;4;8;8;8;8;37/98;61/98;22/56;27/42;15/42;34/56;5/20;4/9;5/9;15/20;9/17;20/30;5/10;5/8;3/8;5/10;0;1;0/1;2/3;1/3;1/1;1;2;4;3;3;4;18/47;29/47;10/30;9/17;8/17;20/30;8/19;15/19;4/19;11/19;19/25;19/26;4/7;3/6;3/6;3/7;0;1;2/4;4/4;0/4;2/4;0;2;4;5;5;4;19/51;32/51;12/26;18/25;7/25;14/26;0;2;1.63;1.70;30.25;29.33;Right-Handed;Right-Handed;https://wtatennis.com/tournament/1074/hong-kong/2018/scores/LS024;;;;;;;;;;;;;;;;;;;;;;;;;;;;
19/42;18/46;28/46;23/42;46/77;42/88;30/46;19/31;12/31;16/46;0;5;9/13;6/8;2/8;4/13;4;6;15;14;14;15;89/165;76/165;49/88;37/77;40/77;39/88;9/17;10/19;9/19;8/17;19/31;17/37;10/20;10/12;2/12;10/20;0;2;3/5;4/5;1/5;2/5;2;2;6;6;6;6;30/68;38/68;19/37;20/31;11/31;18/37;6/17;4/12;8/12;11/17;12/23;17/31;10/14;4/11;7/11;4/14;0;3;3/5;1/2;1/2;2/5;1;1;5;4;4;5;31/54;23/54;16/31;8/23;15/23;15/31;1;0;1.63;1.77;33.08;26.0;Right-Handed;Right-Handed;https://wtatennis.com/tournament/1074/hong-kong/2018/scores/LS027;4/8;4/15;11/15;4/8;15/23;8/20;10/12;5/8;3/8;2/12;0;0;3/3;1/1;0/1;0/3;1;3;4;4;4;4;28/43;15/43;14/20;9/23;14/23;6/20
6/25;14/26;12/26;19/25;26/39;25/39;3/14;9/13;4/13;11/14;0;1;1/4;5/6;1/6;3/4;1;0;8;7;7;8;25/78;53/78;9/39;23/39;16/39;30/39;4/13;9/15;6/15;9/13;15/19;13/17;0/4;4/4;0/4;4/4;0;1;1/1;3/4;1/4;0/1;0;0;4;3;3;4;10/36;26/36;4/17;13/19;6/19;13/17;2/12;5/11;6/11;10/12;11/20;12/22;3/10;5/9;4/9;7/10;0;0;0/3;2/2;0/2;3/3;1;0;4;4;4;4;15/42;27/42;5/22;10/20;10/20;17/22;0;1;1.71;1.73;33.42;33.42;Right-Handed;Right-Handed;https://wtatennis.com/tournament/1074/hong-kong/2018/scores/LS023;;;;;;;;;;;;;;;;;;;;;;;;;;;;
14/52;6/28;22/28;38/52;28/52;52/78;12/26;11/24;13/24;14/26;8;2;0/3;2/2;0/2;3/3;3;4;10;9;9;10;61/130;69/130;26/78;17/52;35/52;52/78;2/15;1/7;6/7;13/15;7/15;15/23;5/8;7/8;1/8;3/8;1;1;0/0;2/2;0/2;0/0;3;2;4;3;3;4;14/38;24/38;7/23;8/15;7/15;16/23;12/37;5/21;16/21;25/37;21/37;37/55;7/18;4/16;12/16;11/18;7;1;0/3;0/0;0/0;3/3;0;2;6;6;6;6;47/92;45/92;19/55;9/37;28/37;36/55;0;1;1.78;1.67;28.17;29.92;Right-Handed;Right-Handed;https://wtatennis.com/tournament/1074/hong-kong/2018/scores/LS022;;;;;;;;;;;;;;;;;;;;;;;;;;;;
8/33;11/34;23/34;25/33;34/54;33/81;30/48;8/20;12/20;18/48;5;6;4/11;2/2;0/2;7/11;6;7;10;10;10;10;73/135;62/135;38/81;19/54;35/54;43/81;7/19;7/22;15/22;12/19;22/28;19/43;12/24;3/6;3/6;12/24;3;3;2/6;1/1;0/1;4/6;1;1;5;5;5;5;37/71;34/71;19/43;10/28;18/28;24/43;1/14;4/12;8/12;13/14;12/26;14/38;18/24;5/14;9/14;6/24;2;3;2/5;1/1;0/1;3/5;5;6;5;5;5;5;36/64;28/64;19/38;9/26;17/26;19/38;1;0;1.75;1.72;23.08;24.58;Right-Handed;Right-Handed;https://wtatennis.com/tournament/1074/hong-kong/2018/scores/LS025;;;;;;;;;;;;;;;;;;;;;;;;;;;;
19/52;30/74;44/74;33/52;74/111;52/93;25/41;20/37;17/37;16/41;3;3;6/16;7/14;7/14;10/16;4;3;14;15;15;14;105/204;99/204;44/93;50/111;61/111;49/93;4/14;9/26;17/26;10/14;26/38;14/24;9/10;5/12;7/12;1/10;0;2;2/4;1/3;2/3;2/4;1;2;4;5;5;4;37/62;25/62;13/24;14/38;24/38;11/24;6/18;9/16;7/16;12/18;16/24;18/32;7/14;5/8;3/8;7/14;2;1;1/7;3/4;1/4;6/7;1;1;4;4;4;4;23/56;33/56;13/32;14/24;10/24;19/32;2;1;1.70;1.70;28.25;32.17;Right-Handed;Right-Handed;https://wtatennis.com/tournament/1074/hong-kong/2018/scores/LS026;9/20;12/32;20/32;11/20;32/49;20/37;9/17;10/17;7/17;8/17;1;0;3/5;3/7;4/7;2/5;2;0;6;6;6;6;45/86;41/86;18/37;22/49;27/49;19/37
12/26;12/36;24/36;14/26;36/53;26/55;18/29;8/17;9/17;11/29;3;4;5/6;2/2;0/2;1/6;1;2;8;9;9;8;63/108;45/108;30/55;20/53;33/53;25/55;7/12;5/16;11/16;5/12;16/22;12/27;9/15;3/6;3/6;6/15;2;1;3/3;1/1;0/1;0/3;0;1;4;4;4;4;30/49;19/49;16/27;8/22;14/22;11/27;5/14;7/20;13/20;9/14;20/31;14/28;9/14;5/11;6/11;5/14;1;3;2/3;1/1;0/1;1/3;1;1;4;5;5;4;33/59;26/59;14/28;12/31;19/31;14/28;1;0;1.74;1.74;28.75;25.08;Right-Handed;Right-Handed;https://wtatennis.com/tournament/1074/hong-kong/2018/scores/LS016;;;;;;;;;;;;;;;;;;;;;;;;;;;;
12/25;15/44;29/44;13/25;44/65;25/40;11/15;11/21;10/21;4/15;3;0;5/7;1/5;4/5;2/7;2;2;8;8;8;8;62/105;43/105;23/40;26/65;39/65;17/40;4/11;10/29;19/29;7/11;29/41;11/21;7/10;7/12;5/12;3/10;3;0;2/2;1/4;3/4;0/2;1;1;4;5;5;4;35/62;27/62;11/21;17/41;24/41;10/21;8/14;5/15;10/15;6/14;15/24;14/19;4/5;4/9;5/9;1/5;0;0;3/5;0/1;1/1;2/5;1;1;4;3;3;4;27/43;16/43;12/19;9/24;15/24;7/19;1;0;1.82;1.76;29.67;26.67;Right-Handed;Right-Handed;https://wtatennis.com/tournament/1074/hong-kong/2018/scores/LS020;;;;;;;;;;;;;;;;;;;;;;;;;;;;
20/65;26/67;41/67;45/65;67/102;65/113;24/48;16/35;19/35;24/48;4;7;4/12;6/11;5/11;8/12;6;2;17;16;16;17;104/215;111/215;44/113;42/102;60/102;69/113;9/26;8/25;17/25;17/26;25/41;26/45;11/19;6/16;10/16;8/19;2;1;2/6;2/4;2/4;4/6;2;1;6;6;6;6;47/86;39/86;20/45;14/41;27/41;25/45;5/16;5/14;9/14;11/16;14/22;16/29;3/13;3/8;5/8;10/13;0;3;0/0;1/1;0/1;0/0;0;0;5;4;4;5;22/51;29/51;8/29;8/22;14/22;21/29;1;2;1.78;1.71;24.75;30.5;Right-Handed;Right-Handed;https://wtatennis.com/tournament/1074/hong-kong/2018/scores/LS021;6/23;13/28;15/28;17/23;28/39;23/39;10/16;7/11;4/11;6/16;2;3;2/6;3/6;3/6;4/6;4;1;6;6;6;6;35/78;43/78;16/39;20/39;19/39;23/39
19/52;21/40;19/40;33/52;40/70;52/78;16/26;17/30;13/30;10/26;0;3;5/8;6/14;8/14;3/8;3;0;11;10;10;11;67/148;81/148;35/78;38/70;32/70;43/78;10/27;9/16;7/16;17/27;16/29;27/40;9/13;8/13;5/13;4/13;0;0;2/5;3/9;6/9;3/5;2;0;5;4;4;5;31/69;38/69;19/40;17/29;12/29;21/40;9/25;12/24;12/24;16/25;24/41;25/38;7/13;9/17;8/17;6/13;0;3;3/3;3/5;2/5;0/3;1;0;6;6;6;6;36/79;43/79;16/38;21/41;20/41;22/38;0;1;1.77;1.77;28.75;34.42;Right-Handed;Right-Handed;https://wtatennis.com/tournament/1074/hong-kong/2018/scores/LS031;;;;;;;;;;;;;;;;;;;;;;;;;;;;
10/37;18/36;18/36;27/37;36/57;37/50;8/13;14/21;7/21;5/13;2;1;1/2;5/14;9/14;1/2;3;2;8;8;8;8;43/107;64/107;18/50;32/57;25/57;32/50;9/26;13/27;14/27;17/26;27/41;26/35;6/9;7/14;7/14;3/9;2;0;1/2;2/8;6/8;1/2;3;1;5;5;5;5;36/76;40/76;15/35;20/41;21/41;20/35;1/11;5/9;4/9;10/11;9/16;11/15;2/4;7/7;0/7;2/4;0;1;0/0;3/6;3/6;0/0;0;1;3;3;3;3;7/31;24/31;3/15;12/16;4/16;12/15;1;2;1.70;1.72;35.08;31.58;Right-Handed;Right-Handed;https://wtatennis.com/tournament/1074/hong-kong/2018/scores/LS030;;;;;;;;;;;;;;;;;;;;;;;;;;;;
10/41;14/39;25/39;31/41;39/64;41/72;15/31;15/25;10/25;16/31;5;5;0/11;3/9;6/9;11/11;2;4;9;9;9;9;60/136;76/136;25/72;29/64;35/64;47/72;6/21;6/17;11/17;15/21;17/34;21/36;8/15;10/17;7/17;7/15;4;2;0/7;2/3;1/3;7/7;1;2;4;5;5;4;32/70;38/70;14/36;16/34;18/34;22/36;4/20;8/22;14/22;16/20;22/30;20/36;7/16;5/8;3/8;9/16;1;3;0/4;1/6;5/6;4/4;1;2;5;4;4;5;28/66;38/66;11/36;13/30;17/30;25/36;0;3;1.75;1.63;39.17;28.5;Right-Handed;Right-Handed;https://wtatennis.com/tournament/1074/hong-kong/2018/scores/LS017;;;;;;;;;;;;;;;;;;;;;;;;;;;;
11/39;15/23;8/23;28/39;23/38;39/53;7/14;8/15;7/15;7/14;0;2;0/3;5/6;1/6;3/3;3;1;7;7;7;7;33/91;58/91;18/53;23/38;15/38;35/53;5/20;8/8;0/8;15/20;8/15;20/29;6/9;4/7;3/7;3/9;0;1;0/3;3/3;0/3;3/3;2;1;3;3;3;3;14/44;30/44;11/29;12/15;3/15;18/29;6/19;7/15;8/15;13/19;15/23;19/24;1/5;4/8;4/8;4/5;0;1;0/0;2/3;1/3;0/0;1;0;4;4;4;4;19/47;28/47;7/24;11/23;12/23;17/24;3;5;;1.72;33.58;31.42;N/A;Right-Handed;https://wtatennis.com/tournament/1074/hong-kong/2018/scores/LS019;;;;;;;;;;;;;;;;;;;;;;;;;;;;
27/57;18/65;47/65;30/57;65/89;57/91;16/34;17/24;7/24;18/34;1;3;6/11;2/4;2/4;5/11;6;3;13;14;14;13;97/180;83/180;43/91;35/89;54/89;48/91;13/31;8/28;20/28;18/31;28/38;31/50;6/19;8/10;2/10;13/19;1;3;1/3;1/3;2/3;2/3;2;2;6;6;6;6;41/88;47/88;19/50;16/38;22/38;31/50;5/14;5/20;15/20;9/14;20/26;14/23;6/9;4/6;2/6;3/9;0;0;2/3;0/0;0/0;1/3;2;1;4;4;4;4;28/49;21/49;11/23;9/26;17/26;12/23;1;0;1.70;;31.08;27.17;Right-Handed;Right-Handed;https://wtatennis.com/tournament/1074/hong-kong/2018/scores/LS018;9/12;5/17;12/17;3/12;17/25;12/18;4/6;5/8;3/8;2/6;0;0;3/5;1/1;0/1;2/5;2;0;3;4;4;3;28/43;15/43;13/18;10/25;15/25;5/18
28/50;34/73;39/73;22/50;73/101;50/105;29/55;17/28;11/28;26/55;0;1;9/11;9/11;2/11;2/11;2;2;16;16;16;16;107/206;99/206;57/105;51/101;50/101;48/105;6/17;10/21;11/21;11/17;21/31;17/38;12/21;7/10;3/10;9/21;0;1;2/4;3/3;0/3;2/4;1;1;5;5;5;5;32/69;37/69;18/38;17/31;14/31;20/38;14/18;15/32;17/32;4/18;32/43;18/35;9/17;7/11;4/11;8/17;0;0;4/4;4/6;2/6;0/4;1;0;6;6;6;6;44/78;34/78;23/35;22/43;21/43;12/35;2;0;1.68;1.67;35.67;28.75;Right-Handed;Right-Handed;https://wtatennis.com/tournament/1074/hong-kong/2018/scores/LS029;8/15;9/20;11/20;7/15;20/27;15/32;8/17;3/7;4/7;9/17;0;0;3/3;2/2;0/2;0/3;0;1;5;5;5;5;31/59;28/59;16/32;12/27;15/27;16/32
17/53;20/64;44/64;36/53;64/94;53/85;20/32;18/30;12/30;12/32;3;3;5/9;3/7;4/7;4/9;5;6;14;14;14;14;93/179;86/179;37/85;38/94;56/94;48/85;3/19;6/18;12/18;16/19;18/24;19/27;4/8;3/6;3/6;4/8;0;2;0/0;1/1;0/1;0/0;0;1;5;4;4;5;22/51;29/51;7/27;9/24;15/24;20/27;4/18;9/30;21/30;14/18;30/44;18/35;11/17;9/14;5/14;6/17;1;1;2/3;1/4;3/4;1/3;4;3;6;6;6;6;41/79;38/79;15/35;18/44;26/44;20/35;2;1;1.66;1.72;29.25;29.67;Right-Handed;Right-Handed;https://wtatennis.com/tournament/1074/hong-kong/2018/scores/LS028;10/16;5/16;11/16;6/16;16/26;16/23;5/7;6/10;4/10;2/7;2;0;3/6;1/2;1/2;3/6;1;2;3;4;4;3;30/49;19/49;15/23;11/26;15/26;8/23
18/33;9/36;27/36;15/33;36/52;33/50;11/17;7/16;9/16;6/17;4;0;5/11;1/7;6/7;6/11;0;0;7;8;8;7;65/102;37/102;29/50;16/52;36/52;21/50;9/15;3/18;15/18;6/15;18/26;15/25;7/10;5/8;3/8;3/10;3;0;3/5;1/5;4/5;2/5;0;0;4;4;4;4;34/51;17/51;16/25;8/26;18/26;9/25;9/18;6/18;12/18;9/18;18/26;18/25;4/7;2/8;6/8;3/7;1;0;2/6;0/2;2/2;4/6;0;0;3;4;4;3;31/51;20/51;13/25;8/26;18/26;12/25;2;0;1.82;1.71;29.67;30.5;Right-Handed;Right-Handed;https://wtatennis.com/tournament/1074/hong-kong/2018/scores/LS010;;;;;;;;;;;;;;;;;;;;;;;;;;;;
9/29;19/27;8/27;20/29;27/36;29/46;7/17;7/9;2/9;10/17;1;2;0/8;6/9;3/9;8/8;0;3;6;7;7;6;26/82;56/82;16/46;26/36;10/36;30/46;6/15;12/16;4/16;9/15;16/20;15/22;2/7;2/4;2/4;5/7;0;0;0/5;3/5;2/5;5/5;0;1;3;4;4;3;14/42;28/42;8/22;14/20;6/20;14/22;3/14;7/11;4/11;11/14;11/16;14/24;5/10;5/5;0/5;5/10;1;2;0/3;3/4;1/4;3/3;0;2;3;3;3;3;12/40;28/40;8/24;12/16;4/16;16/24;2;1;1.70;1.63;28.25;33.08;Right-Handed;Right-Handed;https://wtatennis.com/tournament/1074/hong-kong/2018/scores/LS013;;;;;;;;;;;;;;;;;;;;;;;;;;;;
16/37;19/44;25/44;21/37;44/65;37/52;7/15;16/21;5/21;8/15;0;1;3/6;6/14;8/14;3/6;3;1;9;9;9;9;53/117;64/117;23/52;35/65;30/65;29/52;8/19;5/12;7/12;11/19;12/19;19/32;5/13;4/7;3/7;8/13;0;0;1/3;2/3;1/3;2/3;0;1;5;4;4;5;23/51;28/51;13/32;9/19;10/19;19/32;8/18;14/32;18/32;10/18;32/46;18/20;2/2;12/14;2/14;0/2;0;1;2/3;4/11;7/11;1/3;3;0;4;5;5;4;30/66;36/66;10/20;26/46;20/46;10/20;1;1;1.70;1.75;29.33;23.08;Right-Handed;Right-Handed;https://wtatennis.com/tournament/1074/hong-kong/2018/scores/LS012;;;;;;;;;;;;;;;;;;;;;;;;;;;;
29/72;28/69;41/69;43/72;69/108;72/105;16/33;19/39;20/39;17/33;1;1;6/11;6/13;7/13;5/11;1;3;16;16;16;16;106/213;107/213;45/105;47/108;61/108;60/105;10/14;10/16;6/16;4/14;16/28;14/27;6/13;6/12;6/12;7/13;0;0;4/9;3/4;1/4;5/9;0;2;5;5;5;5;28/55;27/55;16/27;16/28;12/28;11/27;4/21;7/20;13/20;17/21;20/32;21/29;4/8;5/12;7/12;4/8;1;0;0/0;1/3;2/3;0/0;1;0;5;5;5;5;28/61;33/61;8/29;12/32;20/32;21/29;1;0;1.67;1.73;29.92;33.42;Right-Handed;Right-Handed;https://wtatennis.com/tournament/1074/hong-kong/2018/scores/LS011;15/37;11/33;22/33;22/37;33/48;37/49;6/12;8/15;7/15;6/12;0;1;2/2;2/6;4/6;0/2;0;1;6;6;6;6;50/97;47/97;21/49;19/48;29/48;28/49
18/32;9/31;22/31;14/32;31/47;32/47;9/15;6/16;10/16;6/15;7;0;5/11;1/2;1/2;6/11;2;3;7;8;8;7;59/94;35/94;27/47;15/47;32/47;20/47;7/10;4/12;8/12;3/10;12/17;10/19;6/9;1/5;4/5;3/9;2;0;3/6;0/0;0/0;3/6;0;3;3;3;3;3;25/36;11/36;13/19;5/17;12/17;6/19;11/22;5/19;14/19;11/22;19/30;22/28;3/6;5/11;6/11;3/6;5;0;2/5;1/2;1/2;3/5;2;0;4;5;5;4;34/58;24/58;14/28;10/30;20/30;14/28;1;1;1.74;1.63;28.75;28.5;Right-Handed;Right-Handed;https://wtatennis.com/tournament/1074/hong-kong/2018/scores/LS008;;;;;;;;;;;;;;;;;;;;;;;;;;;;
17/44;21/42;21/42;27/44;42/62;44/59;8/15;15/20;5/20;7/15;2;5;3/3;6/9;3/9;0/3;4;1;10;9;9;10;51/121;70/121;25/59;36/62;26/62;34/59;9/22;12/25;13/25;13/22;25/32;22/31;5/9;6/7;1/7;4/9;1;0;2/2;3/3;0/3;0/2;2;1;6;6;6;6;28/63;35/63;14/31;18/32;14/32;17/31;8/22;9/17;8/17;14/22;17/30;22/28;3/6;9/13;4/13;3/6;1;5;1/1;3/6;3/6;0/1;2;0;4;3;3;4;23/58;35/58;11/28;18/30;12/30;17/28;0;1;1.70;1.72;31.08;31.42;Right-Handed;Right-Handed;https://wtatennis.com/tournament/1074/hong-kong/2018/scores/LS009;;;;;;;;;;;;;;;;;;;;;;;;;;;;
17/56;25/54;29/54;39/56;54/83;56/84;12/28;18/29;11/29;16/28;2;4;2/6;6/8;2/8;4/6;4;0;14;12;12;14;69/167;98/167;29/84;43/83;40/83;55/84;0/15;8/14;6/14;15/15;14/22;15/18;2/3;4/8;4/8;1/3;1;1;0/0;2/4;2/4;0/0;1;0;4;3;3;4;12/40;28/40;2/18;12/22;10/22;16/18;13/29;11/31;20/31;16/29;31/45;29/45;6/16;8/14;6/14;10/16;1;1;1/5;1/1;0/1;4/5;2;0;6;6;6;6;45/90;45/90;19/45;19/45;26/45;26/45;0;2;1.72;1.77;31.58;34.42;Right-Handed;Right-Handed;https://wtatennis.com/tournament/1074/hong-kong/2018/scores/LS015;4/12;6/9;3/9;8/12;9/16;12/21;4/9;6/7;1/7;5/9;0;2;1/1;3/3;0/3;0/1;1;0;4;3;3;4;12/37;25/37;8/21;12/16;4/16;13/21
50/92;41/88;47/88;42/92;88/110;92/109;11/17;14/22;8/22;6/17;3;0;9/18;9/21;12/21;9/18;4;1;15;16;16;15;116/219;103/219;61/109;55/110;55/110;48/109;9/20;7/26;19/26;11/20;26/33;20/25;4/5;5/7;2/7;1/5;3;0;2/3;1/6;5/6;1/3;1;1;4;5;5;4;34/58;24/58;13/25;12/33;21/33;12/25;21/39;15/27;12/27;18/39;27/35;39/46;5/7;6/8;2/8;2/7;0;0;3/9;4/6;2/6;6/9;2;0;5;5;5;5;40/81;41/81;26/46;21/35;14/35;20/46;1;0;1.66;1.68;29.25;35.67;Right-Handed;Right-Handed;https://wtatennis.com/tournament/1074/hong-kong/2018/scores/LS014;20/33;19/35;16/35;13/33;35/42;33/38;2/5;3/7;4/7;3/5;0;0;4/6;4/9;5/9;2/6;1;0;6;6;6;6;42/80;38/80;22/38;22/42;20/42;16/38
26/52;12/38;26/38;26/52;38/61;52/77;12/25;11/23;12/23;13/25;3;0;5/7;2/3;1/3;2/7;1;5;10;10;10;10;76/138;62/138;38/77;23/61;38/61;39/77;8/17;7/16;9/16;9/17;16/29;17/31;9/14;6/13;7/13;5/14;1;0;3/4;1/2;1/2;1/4;1;4;4;4;4;4;33/60;27/60;17/31;13/29;16/29;14/31;18/35;5/22;17/22;17/35;22/32;35/46;3/11;5/10;5/10;8/11;2;0;2/3;1/1;0/1;1/3;0;1;6;6;6;6;43/78;35/78;21/46;10/32;22/32;25/46;1;0;1.82;1.67;29.67;29.92;Right-Handed;Right-Handed;https://wtatennis.com/tournament/1074/hong-kong/2018/scores/LS005;;;;;;;;;;;;;;;;;;;;;;;;;;;;
11/31;15/29;14/29;20/31;29/43;31/45;6/14;12/14;2/14;8/14;0;5;2/3;6/7;1/7;1/3;2;0;8;8;8;8;33/88;55/88;17/45;27/43;16/43;28/45;4/17;5/11;6/11;13/17;11/16;17/25;3/8;4/5;1/5;5/8;0;4;0/1;2/2;0/2;1/1;1;0;4;3;3;4;14/41;27/41;7/25;9/16;7/16;18/25;7/14;10/18;8/18;7/14;18/27;14/20;3/6;8/9;1/9;3/6;0;1;2/2;4/5;1/5;0/2;1;0;4;5;5;4;19/47;28/47;10/20;18/27;9/27;10/20;2;3;1.66;1.77;29.25;34.42;Right-Handed;Right-Handed;https://wtatennis.com/tournament/1074/hong-kong/2018/scores/LS007;;;;;;;;;;;;;;;;;;;;;;;;;;;;
19/48;10/39;29/39;29/48;39/62;48/70;12/22;11/23;12/23;10/22;9;0;4/8;2/2;0/2;4/8;6;1;10;10;10;10;72/132;60/132;31/70;21/62;41/62;39/70;10/27;9/26;17/26;17/27;26/43;27/40;6/13;9/17;8/17;7/13;4;0;2/3;2/2;0/2;1/3;4;1;6;6;6;6;41/83;42/83;16/40;18/43;25/43;24/40;9/21;1/13;12/13;12/21;13/19;21/30;6/9;2/6;4/6;3/9;5;0;2/5;0/0;0/0;3/5;2;0;4;4;4;4;31/49;18/49;15/30;3/19;16/19;15/30;1;0;1.75;1.63;23.08;33.08;Right-Handed;Right-Handed;https://wtatennis.com/tournament/1074/hong-kong/2018/scores/LS006;;;;;;;;;;;;;;;;;;;;;;;;;;;;
35/82;29/85;56/85;47/82;85/117;82/115;16/33;17/32;15/32;17/33;11;3;7/13;5/15;10/15;6/13;4;2;17;17;17;17;122/232;110/232;51/115;46/117;71/117;64/115;12/33;14/35;21/35;21/33;35/48;33/44;6/11;6/13;7/13;5/11;5;3;2/4;2/5;3/5;2/4;1;0;6;6;6;6;46/92;46/92;18/44;20/48;28/48;26/44;12/22;10/27;17/27;10/22;27/36;22/32;5/10;6/9;3/9;5/10;2;0;3/6;2/5;3/5;3/6;2;1;5;5;5;5;37/68;31/68;17/32;16/36;20/36;15/32;2;1;1.72;1.82;31.42;29.67;Right-Handed;Right-Handed;https://wtatennis.com/tournament/1074/hong-kong/2018/scores/LS002;11/27;5/23;18/23;16/27;23/33;27/39;5/12;5/10;5/10;7/12;4;0;2/3;1/5;4/5;1/3;1;1;6;6;6;6;39/72;33/72;16/39;10/33;23/33;23/39
22/46;16/42;26/42;24/46;42/69;46/70;12/24;13/27;14/27;12/24;3;0;5/8;3/3;0/3;3/8;4;1;11;11;11;11;74/139;65/139;34/70;29/69;40/69;36/70;15/26;9/23;14/23;11/26;23/40;26/35;3/9;10/17;7/17;6/9;2;0;3/6;2/2;0/2;3/6;4;0;6;6;6;6;39/75;36/75;18/35;19/40;21/40;17/35;7/20;7/19;12/19;13/20;19/29;20/35;9/15;3/10;7/10;6/15;1;0;2/2;1/1;0/1;0/2;0;1;5;5;5;5;35/64;29/64;16/35;10/29;19/29;19/35;1;3;1.75;1.77;23.08;34.42;Right-Handed;Right-Handed;https://wtatennis.com/tournament/1074/hong-kong/2018/scores/LS003;;;;;;;;;;;;;;;;;;;;;;;;;;;;
13/36;19/36;17/36;23/36;36/54;36/53;7/17;11/18;7/18;10/17;0;1;2/4;5/7;2/7;2/4;1;1;9;9;9;9;44/107;63/107;20/53;30/54;24/54;33/53;6/20;8/13;5/13;14/20;13/19;20/27;5/7;5/6;1/6;2/7;0;0;1/3;3/3;0/3;2/3;1;1;4;4;4;4;17/46;29/46;11/27;13/19;6/19;16/27;7/16;11/23;12/23;9/16;23/35;16/26;2/10;6/12;6/12;8/10;0;1;1/1;2/4;2/4;0/1;0;0;5;5;5;5;27/61;34/61;9/26;17/35;18/35;17/26;3;1;1.74;1.72;28.75;31.42;Right-Handed;Right-Handed;https://wtatennis.com/tournament/1074/hong-kong/2018/scores/LS004;;;;;;;;;;;;;;;;;;;;;;;;;;;;
11/35;11/26;15/26;24/35;26/42;35/61;11/26;13/16;3/16;15/26;3;4;1/9;5/9;4/9;8/9;1;5;8;7;7;8;40/103;63/103;22/61;24/42;18/42;39/61;4/13;4/15;11/15;9/13;15/24;13/20;0/7;7/9;2/9;7/7;3;1;0/0;2/4;2/4;0/0;0;0;4;4;4;4;17/44;27/44;4/20;11/24;13/24;16/20;7/22;7/11;4/11;15/22;11/18;22/41;11/19;6/7;1/7;8/19;0;3;1/9;3/5;2/5;8/9;1;5;4;3;3;4;23/59;36/59;18/41;13/18;5/18;23/41;0;1;1.72;1.75;31.42;23.08;Right-Handed;Right-Handed;https://wtatennis.com/tournament/1074/hong-kong/2018/scores/LS001;;;;;;;;;;;;;;;;;;;;;;;;;;;;
