statut;duration;stage;url_match_stats;player_1_name;player_1_set_1;player_1_set_1_tiebreak;player_1_set_2;player_1_set_2_tiebreak;player_1_set_3;player_1_set_3_tiebreak;player_2_name;player_2_set_1;player_2_set_1_tiebreak;player_2_set_2;player_2_set_2_tiebreak;player_2_set_3;player_2_set_3_tiebreak;scores_link
Completed;1:31;Qualifying;https://wtatennis.com/tournament/1003/doha/2018/scores/RS028;E.Alexandrova;6;;7;;-;;A.Rodionova;4;;5;;-;;https://www.wtatennis.com/tournament/1003/doha/2018/scores
Completed;0:53;Qualifying;https://wtatennis.com/tournament/1003/doha/2018/scores/RS030;M.Niculescu;6;;6;;-;;R.Ozaki;1;;0;;-;;https://www.wtatennis.com/tournament/1003/doha/2018/scores
Completed;1:02;Qualifying;https://wtatennis.com/tournament/1003/doha/2018/scores/RS029;A.Blinkova;6;;6;;-;;J.Fett;1;;1;;-;;https://www.wtatennis.com/tournament/1003/doha/2018/scores
Completed;2:12;Qualifying;https://wtatennis.com/tournament/1003/doha/2018/scores/RS026;K.Bondarenko;6;;4;;6;;S.Karatantcheva;3;;6;;3;;https://www.wtatennis.com/tournament/1003/doha/2018/scores
Completed;0:57;Qualifying;https://wtatennis.com/tournament/1003/doha/2018/scores/RS031;X.Han;3;;1;;-;;A.Petkovic;6;;6;;-;;https://www.wtatennis.com/tournament/1003/doha/2018/scores
Completed;2:50;Qualifying;https://wtatennis.com/tournament/1003/doha/2018/scores/RS027;N.Broady;4;;7;;5;;S.Sorribes Tormo;6;;6;1;7;;https://www.wtatennis.com/tournament/1003/doha/2018/scores
Completed;0:57;Qualifying;https://wtatennis.com/tournament/1003/doha/2018/scores/RS025;T.Martincova;2;;4;;-;;B.Pera;6;;6;;-;;https://www.wtatennis.com/tournament/1003/doha/2018/scores
Completed;1:23;Qualifying;https://wtatennis.com/tournament/1003/doha/2018/scores/RS023;B.Krejcikova;6;3;4;;-;;Y.Duan;7;;6;;-;;https://www.wtatennis.com/tournament/1003/doha/2018/scores
Completed;0:55;Qualifying;https://wtatennis.com/tournament/1003/doha/2018/scores/RS024;C.Mchale;6;;6;;-;;A.Vasylyeva;3;;0;;-;;https://www.wtatennis.com/tournament/1003/doha/2018/scores
Completed;1:23;Qualifying;https://wtatennis.com/tournament/1003/doha/2018/scores/RS022;S.Hsieh;4;;4;;-;;V.Zvonareva;6;;6;;-;;https://www.wtatennis.com/tournament/1003/doha/2018/scores
Completed;1:16;Qualifying;https://wtatennis.com/tournament/1003/doha/2018/scores/RS017;S.Zhuk;6;;6;;-;;F.Schiavone;3;;2;;-;;https://www.wtatennis.com/tournament/1003/doha/2018/scores
Completed;0:38;Qualifying;https://wtatennis.com/tournament/1003/doha/2018/scores/RS016;C.Bellis;6;;6;;-;;M.Al-Naimi;0;;0;;-;;https://www.wtatennis.com/tournament/1003/doha/2018/scores
Completed;2:17;Qualifying;https://wtatennis.com/tournament/1003/doha/2018/scores/RS019;M.Honcova;4;;7;;1;;D.Kovinic;6;;5;;6;;https://www.wtatennis.com/tournament/1003/doha/2018/scores
Completed;1:13;Qualifying;https://wtatennis.com/tournament/1003/doha/2018/scores/RS021;K.Kucova;6;;6;;-;;O.Dodin;4;;1;;-;;https://www.wtatennis.com/tournament/1003/doha/2018/scores
Completed;1:14;Qualifying;https://wtatennis.com/tournament/1003/doha/2018/scores/RS018;N.Osaka;6;;6;;-;;J.Lu;3;;4;;-;;https://www.wtatennis.com/tournament/1003/doha/2018/scores
Completed;1:01;Qualifying;https://wtatennis.com/tournament/1003/doha/2018/scores/RS020;M.Vondrousova;6;;6;;-;;S.Lisicki;1;;3;;-;;https://www.wtatennis.com/tournament/1003/doha/2018/scores
Completed;1:09;Qualifying;https://wtatennis.com/tournament/1003/doha/2018/scores/RS014;E.Alexandrova;2;;2;;-;;A.Blinkova;6;;4;;-;;https://www.wtatennis.com/tournament/1003/doha/2018/scores
Completed;1:12;Qualifying;https://wtatennis.com/tournament/1003/doha/2018/scores/RS012;C.Mchale;3;;0;;-;;B.Pera;6;;6;;-;;https://www.wtatennis.com/tournament/1003/doha/2018/scores
Completed;1:37;Qualifying;https://wtatennis.com/tournament/1003/doha/2018/scores/RS013;K.Bondarenko;6;;6;;-;;S.Sorribes Tormo;4;;3;;-;;https://www.wtatennis.com/tournament/1003/doha/2018/scores
Completed;1:37;Qualifying;https://wtatennis.com/tournament/1003/doha/2018/scores/RS015;M.Niculescu;6;;6;;-;;A.Petkovic;4;;1;;-;;https://www.wtatennis.com/tournament/1003/doha/2018/scores
Completed;2:58;Qualifying;https://wtatennis.com/tournament/1003/doha/2018/scores/RS011;V.Zvonareva;6;7;7;;3;;Y.Duan;7;;6;5;6;;https://www.wtatennis.com/tournament/1003/doha/2018/scores
Completed;1:07;Qualifying;https://wtatennis.com/tournament/1003/doha/2018/scores/RS009;N.Osaka;6;;6;;-;;D.Kovinic;3;;1;;-;;https://www.wtatennis.com/tournament/1003/doha/2018/scores
Completed;1:00;Qualifying;https://wtatennis.com/tournament/1003/doha/2018/scores/RS010;M.Vondrousova;6;;6;;-;;K.Kucova;1;;2;;-;;https://www.wtatennis.com/tournament/1003/doha/2018/scores
Completed;0:55;Qualifying;https://wtatennis.com/tournament/1003/doha/2018/scores/RS008;C.Bellis;6;;6;;-;;S.Zhuk;1;;3;;-;;https://www.wtatennis.com/tournament/1003/doha/2018/scores
Completed;1:14;Round of 64;https://wtatennis.com/tournament/1003/doha/2018/scores/LS061;N.Osaka;6;;6;;-;;K.Siniakova;4;;0;;-;;https://www.wtatennis.com/tournament/1003/doha/2018/scores
Completed;2:24;Round of 64;https://wtatennis.com/tournament/1003/doha/2018/scores/LS042;M.Barthel;6;;3;;5;;A.Radwanska;3;;6;;7;;https://www.wtatennis.com/tournament/1003/doha/2018/scores
Completed;2:38;Round of 64;https://wtatennis.com/tournament/1003/doha/2018/scores/LS034;M.Niculescu;4;;6;;6;;M.Sharapova;6;;4;;3;;https://www.wtatennis.com/tournament/1003/doha/2018/scores
Completed;1:13;Round of 64;https://wtatennis.com/tournament/1003/doha/2018/scores/LS062;E.Makarova;7;;6;;-;;S.Zhang;5;;0;;-;;https://www.wtatennis.com/tournament/1003/doha/2018/scores
Completed;1:13;Round of 64;https://wtatennis.com/tournament/1003/doha/2018/scores/LS050;E.Vesnina;1;;3;;-;;A.Blinkova;6;;6;;-;;https://www.wtatennis.com/tournament/1003/doha/2018/scores
Completed;1:57;Round of 64;https://wtatennis.com/tournament/1003/doha/2018/scores/LS046;L.Tsurenko;5;;4;;-;;M.Buzarnescu;7;;6;;-;;https://www.wtatennis.com/tournament/1003/doha/2018/scores
Completed;1:03;Round of 64;https://wtatennis.com/tournament/1003/doha/2018/scores/LS054;O.Jabeur;2;;3;;-;;Y.Duan;6;;6;;-;;https://www.wtatennis.com/tournament/1003/doha/2018/scores
Completed;1:24;Round of 64;https://wtatennis.com/tournament/1003/doha/2018/scores/LS058;C.Bellis;7;;4;;-;;D.Kasatkina;5;;1;;-;;https://www.wtatennis.com/tournament/1003/doha/2018/scores
Completed;1:55;Round of 64;https://wtatennis.com/tournament/1003/doha/2018/scores/LS049;D.Cibulkova;7;;6;;-;;A.Pavlyuchenkova;6;8;4;;-;;https://www.wtatennis.com/tournament/1003/doha/2018/scores
Completed;1:51;Round of 64;https://wtatennis.com/tournament/1003/doha/2018/scores/LS037;C.Suarez Navarro;3;;6;;6;;K.Bondarenko;6;;3;;3;;https://www.wtatennis.com/tournament/1003/doha/2018/scores
Completed;1:01;Round of 64;https://wtatennis.com/tournament/1003/doha/2018/scores/LS033;T.Maria;3;;0;;-;;C.Witthoeft;6;;6;;-;;https://www.wtatennis.com/tournament/1003/doha/2018/scores
Completed;1:58;Round of 32;https://wtatennis.com/tournament/1003/doha/2018/scores/LS024;C.Garcia;6;;6;3;6;;D.Cibulkova;3;;7;;0;;https://www.wtatennis.com/tournament/1003/doha/2018/scores
Completed;1:27;Round of 64;https://wtatennis.com/tournament/1003/doha/2018/scores/LS060;A.Sevastova;6;;6;;-;;D.Vekic;3;;4;;-;;https://www.wtatennis.com/tournament/1003/doha/2018/scores
Completed;1:06;Round of 64;https://wtatennis.com/tournament/1003/doha/2018/scores/LS044;J.Goerges;6;;7;;-;;L.Safarova;1;;5;;-;;https://www.wtatennis.com/tournament/1003/doha/2018/scores
Completed;1:39;Round of 64;https://wtatennis.com/tournament/1003/doha/2018/scores/LS045;B.Strycova;6;;6;;-;;A.Krunic;4;;4;;-;;https://www.wtatennis.com/tournament/1003/doha/2018/scores
Completed;1:38;Round of 64;https://wtatennis.com/tournament/1003/doha/2018/scores/LS052;E.Mertens;2;;6;;6;;T.Babos;6;;1;;1;;https://www.wtatennis.com/tournament/1003/doha/2018/scores
Completed;1:05;Round of 64;https://wtatennis.com/tournament/1003/doha/2018/scores/LS035;F.Al Nabhani;3;;1;;-;;M.Rybarikova;6;;6;;-;;https://www.wtatennis.com/tournament/1003/doha/2018/scores
Completed;1:16;Round of 64;https://wtatennis.com/tournament/1003/doha/2018/scores/LS038;S.Stosur;6;;6;;-;;I.Begu;4;;2;;-;;https://www.wtatennis.com/tournament/1003/doha/2018/scores
Completed;1:12;Round of 64;https://wtatennis.com/tournament/1003/doha/2018/scores/LS053;M.Sakkari;2;;3;;-;;S.Cirstea;6;;6;;-;;https://www.wtatennis.com/tournament/1003/doha/2018/scores
Completed;1:27;Round of 32;https://wtatennis.com/tournament/1003/doha/2018/scores/LS027;Y.Duan;3;;4;;-;;G.Muguruza;6;;6;;-;;https://www.wtatennis.com/tournament/1003/doha/2018/scores
Completed;1:00;Round of 64;https://wtatennis.com/tournament/1003/doha/2018/scores/LS041;Y.Putintseva;3;;1;;-;;M.Vondrousova;6;;6;;-;;https://www.wtatennis.com/tournament/1003/doha/2018/scores
Completed;1:07;Round of 64;https://wtatennis.com/tournament/1003/doha/2018/scores/LS057;A.Kontaveit;2;;1;;-;;A.Cornet;6;;6;;-;;https://www.wtatennis.com/tournament/1003/doha/2018/scores
Completed;1:28;Round of 64;https://wtatennis.com/tournament/1003/doha/2018/scores/LS036;J.Konta;7;;6;;-;;B.Pera;6;5;1;;-;;https://www.wtatennis.com/tournament/1003/doha/2018/scores
Completed;0:56;Round of 64;https://wtatennis.com/tournament/1003/doha/2018/scores/LS043;C.Buyukakcay;0;;3;;-;;P.Kvitova;6;;6;;-;;https://www.wtatennis.com/tournament/1003/doha/2018/scores
Completed;1:17;Round of 64;https://wtatennis.com/tournament/1003/doha/2018/scores/LS051;S.Peng;2;;4;;-;;K.Mladenovic;6;;6;;-;;https://www.wtatennis.com/tournament/1003/doha/2018/scores
Completed;0:55;Round of 64;https://wtatennis.com/tournament/1003/doha/2018/scores/LS059;Q.Wang;1;;4;;-;;M.Keys;6;;6;;-;;https://www.wtatennis.com/tournament/1003/doha/2018/scores
Completed;1:05;Round of 32;https://wtatennis.com/tournament/1003/doha/2018/scores/LS023;M.Buzarnescu;6;;6;;-;;J.Ostapenko;1;;3;;-;;https://www.wtatennis.com/tournament/1003/doha/2018/scores
Completed;0:59;Round of 32;https://wtatennis.com/tournament/1003/doha/2018/scores/LS019;S.Stosur;4;;1;;-;;A.Kerber;6;;6;;-;;https://www.wtatennis.com/tournament/1003/doha/2018/scores
Completed;1:10;Round of 32;https://wtatennis.com/tournament/1003/doha/2018/scores/LS028;K.Pliskova;6;;6;;-;;A.Cornet;2;;3;;-;;https://www.wtatennis.com/tournament/1003/doha/2018/scores
Completed;2:13;Round of 32;https://wtatennis.com/tournament/1003/doha/2018/scores/LS017;M.Niculescu;6;6;6;;3;;M.Rybarikova;7;;2;;0;;https://www.wtatennis.com/tournament/1003/doha/2018/scores
Completed;0:57;Round of 32;https://wtatennis.com/tournament/1003/doha/2018/scores/LS016;C.Wozniacki;6;;6;;-;;C.Witthoeft;2;;0;;-;;https://www.wtatennis.com/tournament/1003/doha/2018/scores
Completed;1:21;Round of 32;https://wtatennis.com/tournament/1003/doha/2018/scores/LS018;J.Konta;6;;6;;-;;C.Suarez Navarro;2;;2;;-;;https://www.wtatennis.com/tournament/1003/doha/2018/scores
Completed;2:06;Round of 32;https://wtatennis.com/tournament/1003/doha/2018/scores/LS022;J.Goerges;6;;3;;6;;B.Strycova;2;;6;;1;;https://www.wtatennis.com/tournament/1003/doha/2018/scores
Completed;1:40;Round of 32;https://wtatennis.com/tournament/1003/doha/2018/scores/LS026;E.Mertens;5;;4;;-;;S.Cirstea;7;;6;;-;;https://www.wtatennis.com/tournament/1003/doha/2018/scores
Completed;1:11;Round of 32;https://wtatennis.com/tournament/1003/doha/2018/scores/LS031;E.Makarova;3;;0;;-;;S.Halep;6;;6;;-;;https://www.wtatennis.com/tournament/1003/doha/2018/scores
Completed;1:08;Round of 32;https://wtatennis.com/tournament/1003/doha/2018/scores/LS030;A.Sevastova;6;;6;;-;;N.Osaka;4;;1;;-;;https://www.wtatennis.com/tournament/1003/doha/2018/scores
Completed;1:25;Round of 32;https://wtatennis.com/tournament/1003/doha/2018/scores/LS029;C.Bellis;2;;6;;6;;M.Keys;6;;3;;0;;https://www.wtatennis.com/tournament/1003/doha/2018/scores
Completed;1:13;Round of 32;https://wtatennis.com/tournament/1003/doha/2018/scores/LS025;A.Blinkova;6;;6;;-;;K.Mladenovic;3;;3;;-;;https://www.wtatennis.com/tournament/1003/doha/2018/scores
Completed;2:35;Round of 32;https://wtatennis.com/tournament/1003/doha/2018/scores/LS021;A.Radwanska;7;;3;;4;;P.Kvitova;6;3;6;;6;;https://www.wtatennis.com/tournament/1003/doha/2018/scores
Completed;1:08;Round of 32;https://wtatennis.com/tournament/1003/doha/2018/scores/LS020;E.Svitolina;6;;6;;-;;M.Vondrousova;2;;4;;-;;https://www.wtatennis.com/tournament/1003/doha/2018/scores
Completed;1:51;Round of 16;https://wtatennis.com/tournament/1003/doha/2018/scores/LS009;J.Konta;6;;1;;3;;A.Kerber;1;;6;;6;;https://www.wtatennis.com/tournament/1003/doha/2018/scores
Completed;1:30;Round of 16;https://wtatennis.com/tournament/1003/doha/2018/scores/LS008;C.Wozniacki;7;;6;;-;;M.Niculescu;5;;1;;-;;https://www.wtatennis.com/tournament/1003/doha/2018/scores
Completed;1:29;Round of 16;https://wtatennis.com/tournament/1003/doha/2018/scores/LS010;E.Svitolina;4;;5;;-;;P.Kvitova;6;;7;;-;;https://www.wtatennis.com/tournament/1003/doha/2018/scores
Completed;1:04;Round of 16;https://wtatennis.com/tournament/1003/doha/2018/scores/LS011;J.Goerges;6;;6;;-;;M.Buzarnescu;2;;2;;-;;https://www.wtatennis.com/tournament/1003/doha/2018/scores
Completed;1:05;Round of 16;https://wtatennis.com/tournament/1003/doha/2018/scores/LS015;A.Sevastova;4;;3;;-;;S.Halep;6;;6;;-;;https://www.wtatennis.com/tournament/1003/doha/2018/scores
Completed;1:55;Round of 16;https://wtatennis.com/tournament/1003/doha/2018/scores/LS012;C.Garcia;7;;7;;-;;A.Blinkova;6;3;5;;-;;https://www.wtatennis.com/tournament/1003/doha/2018/scores
Completed;1:36;Round of 16;https://wtatennis.com/tournament/1003/doha/2018/scores/LS014;K.Pliskova;6;4;3;;-;;C.Bellis;7;;6;;-;;https://www.wtatennis.com/tournament/1003/doha/2018/scores
Completed;1:04;Round of 16;https://wtatennis.com/tournament/1003/doha/2018/scores/LS013;S.Cirstea;0;;4;;-;;G.Muguruza;6;;6;;-;;https://www.wtatennis.com/tournament/1003/doha/2018/scores
Completed;0:47;Quarterfinal;https://wtatennis.com/tournament/1003/doha/2018/scores/LS005;P.Kvitova;6;;2;;-;;J.Goerges;4;;1;;-;;https://www.wtatennis.com/tournament/1003/doha/2018/scores
Completed;2:20;Quarterfinal;https://wtatennis.com/tournament/1003/doha/2018/scores/LS004;C.Wozniacki;7;;1;;6;;A.Kerber;6;4;6;;3;;https://www.wtatennis.com/tournament/1003/doha/2018/scores
Completed;1:22;Quarterfinal;https://wtatennis.com/tournament/1003/doha/2018/scores/LS007;C.Bellis;0;;4;;-;;S.Halep;6;;6;;-;;https://www.wtatennis.com/tournament/1003/doha/2018/scores
Completed;1:54;Quarterfinal;https://wtatennis.com/tournament/1003/doha/2018/scores/LS006;C.Garcia;6;;1;;4;;G.Muguruza;3;;6;;6;;https://www.wtatennis.com/tournament/1003/doha/2018/scores
Completed;2:35;Semifinal;https://wtatennis.com/tournament/1003/doha/2018/scores/LS002;C.Wozniacki;6;;6;3;5;;P.Kvitova;3;;7;;7;;https://www.wtatennis.com/tournament/1003/doha/2018/scores
Completed;2:16;Final;https://wtatennis.com/tournament/1003/doha/2018/scores/LS001;P.Kvitova;3;;6;;6;;G.Muguruza;6;;3;;4;;https://www.wtatennis.com/tournament/1003/doha/2018/scores
