statut;duration;stage;url_match_stats;player_1_name;player_1_set_1;player_1_set_1_tiebreak;player_1_set_2;player_1_set_2_tiebreak;player_1_set_3;player_1_set_3_tiebreak;player_2_name;player_2_set_1;player_2_set_1_tiebreak;player_2_set_2;player_2_set_2_tiebreak;player_2_set_3;player_2_set_3_tiebreak;scores_link
Completed;1:56;Qualifying;https://wtatennis.com/tournament/1024/seoul/2018/scores/RS024;H.Dart;6;;1;;5;;N.Han;0;;6;;7;;https://www.wtatennis.com/tournament/1024/seoul/2018/scores
Completed;1:18;Qualifying;https://wtatennis.com/tournament/1024/seoul/2018/scores/RS016;M.Barthel;6;;6;;-;;H.Chang;1;;3;;-;;https://www.wtatennis.com/tournament/1024/seoul/2018/scores
Completed;1:06;Qualifying;https://wtatennis.com/tournament/1024/seoul/2018/scores/RS021;E.Perez;0;;4;;-;;B.Schoofs;6;;6;;-;;https://www.wtatennis.com/tournament/1024/seoul/2018/scores
Completed;2:51;Qualifying;https://wtatennis.com/tournament/1024/seoul/2018/scores/RS022;A.Rodionova;7;;0;;2;;M.Minokoshi;6;3;6;;6;;https://www.wtatennis.com/tournament/1024/seoul/2018/scores
Completed;0:55;Qualifying;https://wtatennis.com/tournament/1024/seoul/2018/scores/RS017;P.Plipuech;3;;0;;-;;S.Soler-Espinosa;6;;6;;-;;https://www.wtatennis.com/tournament/1024/seoul/2018/scores
Completed;1:03;Qualifying;https://wtatennis.com/tournament/1024/seoul/2018/scores/RS020;J.Teichmann;6;;6;;-;;A.Hesse;4;;0;;-;;https://www.wtatennis.com/tournament/1024/seoul/2018/scores
Completed;2:15;Qualifying;https://wtatennis.com/tournament/1024/seoul/2018/scores/RS023;S.Lee;6;;2;;1;;D.Radanovic;2;;6;;6;;https://www.wtatennis.com/tournament/1024/seoul/2018/scores
Completed;1:54;Qualifying;https://wtatennis.com/tournament/1024/seoul/2018/scores/RS019;S.Jeong;2;;6;;0;;V.Flink;6;;3;;6;;https://www.wtatennis.com/tournament/1024/seoul/2018/scores
Completed;1:36;Qualifying;https://wtatennis.com/tournament/1024/seoul/2018/scores/RS018;A.Rus;6;;7;;-;;D.Kim;2;;6;6;-;;https://www.wtatennis.com/tournament/1024/seoul/2018/scores
Completed;0:51;Qualifying;https://wtatennis.com/tournament/1024/seoul/2018/scores/RS025;B.Stefkova;6;;6;;-;;N.Stojanovic;1;;1;;-;;https://www.wtatennis.com/tournament/1024/seoul/2018/scores
Completed;1:45;Qualifying;https://wtatennis.com/tournament/1024/seoul/2018/scores/RS027;K.Dunne;2;;6;;6;;J.Fourlis;6;;2;;2;;https://www.wtatennis.com/tournament/1024/seoul/2018/scores
Completed;1:43;Qualifying;https://wtatennis.com/tournament/1024/seoul/2018/scores/RS026;P.Hon;6;;6;;-;;Y.Zhang;4;;4;;-;;https://www.wtatennis.com/tournament/1024/seoul/2018/scores
Completed;2:27;Qualifying;https://wtatennis.com/tournament/1024/seoul/2018/scores/RS010;J.Teichmann;6;;4;;7;;B.Schoofs;4;;6;;5;;https://www.wtatennis.com/tournament/1024/seoul/2018/scores
Completed;1:26;Qualifying;https://wtatennis.com/tournament/1024/seoul/2018/scores/RS013;P.Hon;7;;6;;-;;K.Dunne;6;5;2;;-;;https://www.wtatennis.com/tournament/1024/seoul/2018/scores
Completed;0:59;Qualifying;https://wtatennis.com/tournament/1024/seoul/2018/scores/RS008;M.Barthel;6;;6;;-;;S.Soler-Espinosa;3;;4;;-;;https://www.wtatennis.com/tournament/1024/seoul/2018/scores
Completed;1:24;Qualifying;https://wtatennis.com/tournament/1024/seoul/2018/scores/RS012;N.Han;7;;6;;-;;B.Stefkova;5;;3;;-;;https://www.wtatennis.com/tournament/1024/seoul/2018/scores
Completed;1:24;Qualifying;https://wtatennis.com/tournament/1024/seoul/2018/scores/RS011;M.Minokoshi;1;;4;;-;;D.Radanovic;6;;6;;-;;https://www.wtatennis.com/tournament/1024/seoul/2018/scores
Completed;2:37;Qualifying;https://wtatennis.com/tournament/1024/seoul/2018/scores/RS009;A.Rus;1;;6;;6;6;V.Flink;6;;3;;7;;https://www.wtatennis.com/tournament/1024/seoul/2018/scores
Completed;1:02;Round of 32;https://wtatennis.com/tournament/1024/seoul/2018/scores/LS027;A.Schmiedlova;0;;1;;-;;M.Sakkari;6;;6;;-;;https://www.wtatennis.com/tournament/1024/seoul/2018/scores
Completed;1:59;Round of 32;https://wtatennis.com/tournament/1024/seoul/2018/scores/LS018;J.Choi;3;;6;;4;;S.Voegele;6;;2;;6;;https://www.wtatennis.com/tournament/1024/seoul/2018/scores
Completed;1:13;Round of 32;https://wtatennis.com/tournament/1024/seoul/2018/scores/LS022;P.Hercog;1;;3;;-;;T.Zidansek;6;;6;;-;;https://www.wtatennis.com/tournament/1024/seoul/2018/scores
Completed;1:51;Round of 32;https://wtatennis.com/tournament/1024/seoul/2018/scores/LS030;D.Jakupovic;3;;6;;6;;N.Han;6;;4;;3;;https://www.wtatennis.com/tournament/1024/seoul/2018/scores
Completed;1:41;Round of 32;https://wtatennis.com/tournament/1024/seoul/2018/scores/LS024;I.Begu;7;;6;;-;;M.Barthel;5;;4;;-;;https://www.wtatennis.com/tournament/1024/seoul/2018/scores
Completed;1:10;Round of 32;https://wtatennis.com/tournament/1024/seoul/2018/scores/LS017;J.Larsson;1;;2;;-;;E.Alexandrova;6;;6;;-;;https://www.wtatennis.com/tournament/1024/seoul/2018/scores
Completed;1:07;Round of 32;https://wtatennis.com/tournament/1024/seoul/2018/scores/LS020;M.Rybarikova;3;;2;;-;;M.Minella;6;;3;;-;;https://www.wtatennis.com/tournament/1024/seoul/2018/scores
Completed;2:20;Round of 32;https://wtatennis.com/tournament/1024/seoul/2018/scores/LS021;P.Hon;3;;6;;6;;S.Jang;6;;2;;2;;https://www.wtatennis.com/tournament/1024/seoul/2018/scores
Completed;2:12;Round of 32;https://wtatennis.com/tournament/1024/seoul/2018/scores/LS019;J.Teichmann;6;;1;;6;0;S.Hsieh;2;;6;;7;;https://www.wtatennis.com/tournament/1024/seoul/2018/scores
Completed;2:19;Round of 32;https://wtatennis.com/tournament/1024/seoul/2018/scores/LS023;A.Tomljanovic;3;;7;;7;;A.Van Uytvanck;6;;5;;5;;https://www.wtatennis.com/tournament/1024/seoul/2018/scores
Completed;1:37;Round of 32;https://wtatennis.com/tournament/1024/seoul/2018/scores/LS025;B.Mattek-Sands;4;;5;;-;;A.Radwanska;6;;7;;-;;https://www.wtatennis.com/tournament/1024/seoul/2018/scores
Completed;1:02;Round of 32;https://wtatennis.com/tournament/1024/seoul/2018/scores/LS028;K.Flipkens;6;;6;;-;;S.Park;0;;2;;-;;https://www.wtatennis.com/tournament/1024/seoul/2018/scores
Completed;1:42;Round of 32;https://wtatennis.com/tournament/1024/seoul/2018/scores/LS026;V.Flink;5;;4;;-;;M.Gasparyan;7;;6;;-;;https://www.wtatennis.com/tournament/1024/seoul/2018/scores
Completed;1:11;Round of 32;https://wtatennis.com/tournament/1024/seoul/2018/scores/LS029;E.Rodina;6;;6;;-;;D.Radanovic;1;;1;;-;;https://www.wtatennis.com/tournament/1024/seoul/2018/scores
Completed;1:15;Round of 16;https://wtatennis.com/tournament/1024/seoul/2018/scores/LS009;S.Voegele;2;;1;;-;;S.Hsieh;6;;6;;-;;https://www.wtatennis.com/tournament/1024/seoul/2018/scores
Completed;1:13;Round of 32;https://wtatennis.com/tournament/1024/seoul/2018/scores/LS016;J.Ostapenko;6;;6;;-;;L.Arruabarrena;3;;3;;-;;https://www.wtatennis.com/tournament/1024/seoul/2018/scores
Completed;1:34;Round of 16;https://wtatennis.com/tournament/1024/seoul/2018/scores/LS011;T.Zidansek;6;;1;;3;;A.Tomljanovic;2;;6;;6;;https://www.wtatennis.com/tournament/1024/seoul/2018/scores
Completed;1:51;Round of 32;https://wtatennis.com/tournament/1024/seoul/2018/scores/LS031;L.Kumkhum;6;7;2;;-;;K.Bertens;7;;6;;-;;https://www.wtatennis.com/tournament/1024/seoul/2018/scores
Completed;1:17;Round of 16;https://wtatennis.com/tournament/1024/seoul/2018/scores/LS013;M.Gasparyan;2;;2;;-;;M.Sakkari;6;;6;;-;;https://www.wtatennis.com/tournament/1024/seoul/2018/scores
Completed;2:21;Round of 16;https://wtatennis.com/tournament/1024/seoul/2018/scores/LS014;K.Flipkens;4;;6;;5;;E.Rodina;6;;4;;7;;https://www.wtatennis.com/tournament/1024/seoul/2018/scores
Completed;1:57;Round of 16;https://wtatennis.com/tournament/1024/seoul/2018/scores/LS012;I.Begu;6;;6;;-;;A.Radwanska;4;;3;;-;;https://www.wtatennis.com/tournament/1024/seoul/2018/scores
Completed;1:49;Round of 16;https://wtatennis.com/tournament/1024/seoul/2018/scores/LS015;D.Jakupovic;4;;5;;-;;K.Bertens;6;;7;;-;;https://www.wtatennis.com/tournament/1024/seoul/2018/scores
Completed;1:29;Round of 16;https://wtatennis.com/tournament/1024/seoul/2018/scores/LS010;M.Minella;6;;6;;-;;P.Hon;4;;3;;-;;https://www.wtatennis.com/tournament/1024/seoul/2018/scores
Completed;0:49;Quarterfinal;https://wtatennis.com/tournament/1024/seoul/2018/scores/LS004;E.Alexandrova;0;;1;;-;;S.Hsieh;6;;6;;-;;https://www.wtatennis.com/tournament/1024/seoul/2018/scores
Completed;2:46;Quarterfinal;https://wtatennis.com/tournament/1024/seoul/2018/scores/LS006;I.Begu;3;;6;;4;;M.Sakkari;6;;4;;6;;https://www.wtatennis.com/tournament/1024/seoul/2018/scores
Completed;2:24;Quarterfinal;https://wtatennis.com/tournament/1024/seoul/2018/scores/LS005;M.Minella;2;;6;;5;;A.Tomljanovic;6;;4;;7;;https://www.wtatennis.com/tournament/1024/seoul/2018/scores
Completed;1:36;Quarterfinal;https://wtatennis.com/tournament/1024/seoul/2018/scores/LS007;E.Rodina;6;;3;;0;;K.Bertens;3;;6;;6;;https://www.wtatennis.com/tournament/1024/seoul/2018/scores
Completed;1:11;Round of 16;https://wtatennis.com/tournament/1024/seoul/2018/scores/LS008;J.Ostapenko;3;;2;;-;;E.Alexandrova;6;;6;;-;;https://www.wtatennis.com/tournament/1024/seoul/2018/scores
Completed;2:18;Semifinal;https://wtatennis.com/tournament/1024/seoul/2018/scores/LS002;S.Hsieh;4;;7;;4;;A.Tomljanovic;6;;5;;6;;https://www.wtatennis.com/tournament/1024/seoul/2018/scores
Completed;1:35;Semifinal;https://wtatennis.com/tournament/1024/seoul/2018/scores/LS003;M.Sakkari;4;;2;;-;;K.Bertens;6;;6;;-;;https://www.wtatennis.com/tournament/1024/seoul/2018/scores
Completed;2:22;Final;https://wtatennis.com/tournament/1024/seoul/2018/scores/LS001;A.Tomljanovic;6;2;6;;2;;K.Bertens;7;;4;;6;;https://www.wtatennis.com/tournament/1024/seoul/2018/scores
