statut;duration;stage;url_match_stats;player_1_name;player_1_set_1;player_1_set_1_tiebreak;player_1_set_2;player_1_set_2_tiebreak;player_1_set_3;player_1_set_3_tiebreak;player_2_name;player_2_set_1;player_2_set_1_tiebreak;player_2_set_2;player_2_set_2_tiebreak;player_2_set_3;player_2_set_3_tiebreak;scores_link
Completed;1:04;Qualifying;https://wtatennis.com/tournament/1020/beijing/2018/scores/RS022;M.Puig;3;;2;;-;;O.Jabeur;6;;6;;-;;https://www.wtatennis.com/tournament/1020/beijing/2018/scores
Completed;1:20;Qualifying;https://wtatennis.com/tournament/1020/beijing/2018/scores/RS020;K.Siniakova;6;;6;;-;;F.Xun;4;;3;;-;;https://www.wtatennis.com/tournament/1020/beijing/2018/scores
Completed;2:15;Qualifying;https://wtatennis.com/tournament/1020/beijing/2018/scores/RS026;S.Kenin;3;;6;;3;;H.Watson;6;;4;;6;;https://www.wtatennis.com/tournament/1020/beijing/2018/scores
Completed;1:02;Qualifying;https://wtatennis.com/tournament/1020/beijing/2018/scores/RS021;F.Liu;1;;4;;-;;B.Pera;6;;6;;-;;https://www.wtatennis.com/tournament/1020/beijing/2018/scores
Completed;1:17;Qualifying;https://wtatennis.com/tournament/1020/beijing/2018/scores/RS023;A.Anisimova;6;;2;;0;;T.Maria;2;;6;;6;;https://www.wtatennis.com/tournament/1020/beijing/2018/scores
Completed;1:18;Qualifying;https://wtatennis.com/tournament/1020/beijing/2018/scores/RS025;L.Cabrera;4;;2;;-;;P.Hercog;6;;6;;-;;https://www.wtatennis.com/tournament/1020/beijing/2018/scores
Completed;2:20;Qualifying;https://wtatennis.com/tournament/1020/beijing/2018/scores/RS027;Z.Diyas;7;;3;;6;;M.Niculescu;6;4;6;;4;;https://www.wtatennis.com/tournament/1020/beijing/2018/scores
Completed;1:14;Qualifying;https://wtatennis.com/tournament/1020/beijing/2018/scores/RS016;A.Tomljanovic;6;;6;;-;;M.Minella;2;;2;;-;;https://www.wtatennis.com/tournament/1020/beijing/2018/scores
Completed;1:22;Qualifying;https://wtatennis.com/tournament/1020/beijing/2018/scores/RS017;D.Yastremska;6;;6;;-;;A.Bogdan;2;;4;;-;;https://www.wtatennis.com/tournament/1020/beijing/2018/scores
Completed;2:29;Qualifying;https://wtatennis.com/tournament/1020/beijing/2018/scores/RS024;S.Cirstea;4;;6;;7;;V.Lepchenko;6;;4;;6;2;https://www.wtatennis.com/tournament/1020/beijing/2018/scores
Completed;2:07;Qualifying;https://wtatennis.com/tournament/1020/beijing/2018/scores/RS028;A.Riske;6;;3;;2;;K.Boulter;4;;6;;6;;https://www.wtatennis.com/tournament/1020/beijing/2018/scores
Completed;1:22;Qualifying;https://wtatennis.com/tournament/1020/beijing/2018/scores/RS030;A.Petkovic;6;;6;;-;;L.Zhu;1;;4;;-;;https://www.wtatennis.com/tournament/1020/beijing/2018/scores
Completed;2:41;Qualifying;https://wtatennis.com/tournament/1020/beijing/2018/scores/RS031;J.Brady;6;5;6;;1;;S.Sorribes Tormo;7;;2;;6;;https://www.wtatennis.com/tournament/1020/beijing/2018/scores
Completed;2:10;Qualifying;https://wtatennis.com/tournament/1020/beijing/2018/scores/RS029;C.Dolehide;6;;4;;4;;L.Arruabarrena;4;;6;;6;;https://www.wtatennis.com/tournament/1020/beijing/2018/scores
Completed;2:20;Qualifying;https://wtatennis.com/tournament/1020/beijing/2018/scores/RS009;Y.Putintseva;7;;6;;-;;C.Mchale;6;6;4;;-;;https://www.wtatennis.com/tournament/1020/beijing/2018/scores
Completed;1:08;Qualifying;https://wtatennis.com/tournament/1020/beijing/2018/scores/RS011;O.Jabeur;6;;6;;-;;T.Maria;4;;1;;-;;https://www.wtatennis.com/tournament/1020/beijing/2018/scores
Completed;1:00;Qualifying;https://wtatennis.com/tournament/1020/beijing/2018/scores/RS013;H.Watson;0;;3;;-;;Z.Diyas;6;;6;;-;;https://www.wtatennis.com/tournament/1020/beijing/2018/scores
Completed;1:15;Qualifying;https://wtatennis.com/tournament/1020/beijing/2018/scores/RS010;K.Siniakova;6;;6;;-;;B.Pera;2;;4;;-;;https://www.wtatennis.com/tournament/1020/beijing/2018/scores
Completed;1:47;Qualifying;https://wtatennis.com/tournament/1020/beijing/2018/scores/RS012;S.Cirstea;6;;1;;3;;P.Hercog;3;;6;;6;;https://www.wtatennis.com/tournament/1020/beijing/2018/scores
Completed;1:15;Qualifying;https://wtatennis.com/tournament/1020/beijing/2018/scores/RS014;K.Boulter;6;;6;;-;;L.Arruabarrena;3;;2;;-;;https://www.wtatennis.com/tournament/1020/beijing/2018/scores
Completed;1:39;Qualifying;https://wtatennis.com/tournament/1020/beijing/2018/scores/RS008;A.Tomljanovic;2;;6;;2;;D.Yastremska;6;;3;;6;;https://www.wtatennis.com/tournament/1020/beijing/2018/scores
Completed;2:08;Qualifying;https://wtatennis.com/tournament/1020/beijing/2018/scores/RS015;A.Petkovic;4;;6;;6;;S.Sorribes Tormo;6;;1;;4;;https://www.wtatennis.com/tournament/1020/beijing/2018/scores
Completed;2:08;Qualifying;https://wtatennis.com/tournament/1020/beijing/2018/scores/RS019;C.Mchale;7;;7;;-;;M.Linette;6;3;5;;-;;https://www.wtatennis.com/tournament/1020/beijing/2018/scores
Completed;1:15;Qualifying;https://wtatennis.com/tournament/1020/beijing/2018/scores/RS018;Y.Putintseva;6;;6;;-;;Y.Xu;4;;0;;-;;https://www.wtatennis.com/tournament/1020/beijing/2018/scores
Completed;2:12;Round of 64;https://wtatennis.com/tournament/1020/beijing/2018/scores/LS044;J.Goerges;6;;4;;6;;J.Konta;2;;6;;3;;https://www.wtatennis.com/tournament/1020/beijing/2018/scores
Completed;1:30;Round of 64;https://wtatennis.com/tournament/1020/beijing/2018/scores/LS051;M.Rybarikova;4;;6;3;-;;J.Ostapenko;6;;7;;-;;https://www.wtatennis.com/tournament/1020/beijing/2018/scores
Completed;2:05;Round of 64;https://wtatennis.com/tournament/1020/beijing/2018/scores/LS046;D.Collins;6;;3;;6;;T.Bacsinszky;2;;6;;3;;https://www.wtatennis.com/tournament/1020/beijing/2018/scores
Completed;2:03;Round of 64;https://wtatennis.com/tournament/1020/beijing/2018/scores/LS056;E.Svitolina;6;;4;;6;4;A.Krunic;0;;6;;7;;https://www.wtatennis.com/tournament/1020/beijing/2018/scores
Completed;1:14;Round of 64;https://wtatennis.com/tournament/1020/beijing/2018/scores/LS033;M.Sakkari;1;;4;;-;;D.Vekic;6;;6;;-;;https://www.wtatennis.com/tournament/1020/beijing/2018/scores
Completed;1:33;Round of 64;https://wtatennis.com/tournament/1020/beijing/2018/scores/LS039;D.Gavrilova;6;;6;;-;;P.Kvitova;2;;1;;-;;https://www.wtatennis.com/tournament/1020/beijing/2018/scores
Completed;0:56;Round of 64;https://wtatennis.com/tournament/1020/beijing/2018/scores/LS059;S.Cirstea;2;;0;;-;;K.Bertens;6;;6;;-;;https://www.wtatennis.com/tournament/1020/beijing/2018/scores
Completed;2:53;Round of 64;https://wtatennis.com/tournament/1020/beijing/2018/scores/LS036;S.Stephens;6;8;6;;6;;A.Pavlyuchenkova;7;;4;;4;;https://www.wtatennis.com/tournament/1020/beijing/2018/scores
Completed;2:31;Round of 64;https://wtatennis.com/tournament/1020/beijing/2018/scores/LS058;K.Flipkens;4;;6;;7;;K.Boulter;6;;2;;5;;https://www.wtatennis.com/tournament/1020/beijing/2018/scores
Completed;0:31;Round of 64;https://wtatennis.com/tournament/1020/beijing/2018/scores/LS032;S.Halep;1;;0;;-;;O.Jabeur;6;;0;;-;;https://www.wtatennis.com/tournament/1020/beijing/2018/scores
Completed;1:36;Round of 64;https://wtatennis.com/tournament/1020/beijing/2018/scores/LS034;A.Sevastova;6;;6;;-;;A.Cornet;4;;2;;-;;https://www.wtatennis.com/tournament/1020/beijing/2018/scores
Completed;1:04;Round of 64;https://wtatennis.com/tournament/1020/beijing/2018/scores/LS054;C.Vandeweghe;2;;1;;-;;P.Hercog;6;;6;;-;;https://www.wtatennis.com/tournament/1020/beijing/2018/scores
Completed;1:12;Round of 64;https://wtatennis.com/tournament/1020/beijing/2018/scores/LS038;Y.Duan;3;;2;;-;;D.Cibulkova;6;;6;;-;;https://www.wtatennis.com/tournament/1020/beijing/2018/scores
Completed;1:08;Round of 64;https://wtatennis.com/tournament/1020/beijing/2018/scores/LS035;B.Pera;3;;4;;-;;M.Keys;6;;6;;-;;https://www.wtatennis.com/tournament/1020/beijing/2018/scores
Completed;3:02;Round of 64;https://wtatennis.com/tournament/1020/beijing/2018/scores/LS055;Y.Wang;6;10;7;;3;;C.Garcia;7;;6;4;6;;https://www.wtatennis.com/tournament/1020/beijing/2018/scores
Completed;2:09;Round of 64;https://wtatennis.com/tournament/1020/beijing/2018/scores/LS045;A.Petkovic;2;;6;2;-;;L.Tsurenko;6;;7;;-;;https://www.wtatennis.com/tournament/1020/beijing/2018/scores
Completed;1:41;Round of 64;https://wtatennis.com/tournament/1020/beijing/2018/scores/LS037;S.Zheng;6;;6;;-;;D.Yastremska;4;;3;;-;;https://www.wtatennis.com/tournament/1020/beijing/2018/scores
Completed;1:09;Round of 64;https://wtatennis.com/tournament/1020/beijing/2018/scores/LS042;T.Babos;6;;6;;-;;S.Hsieh;2;;2;;-;;https://www.wtatennis.com/tournament/1020/beijing/2018/scores
Completed;1:17;Round of 64;https://wtatennis.com/tournament/1020/beijing/2018/scores/LS060;D.Kasatkina;3;;2;;-;;L.Siegemund;6;;4;;-;;https://www.wtatennis.com/tournament/1020/beijing/2018/scores
Completed;1:10;Round of 64;https://wtatennis.com/tournament/1020/beijing/2018/scores/LS040;A.Kerber;6;;6;;-;;K.Mladenovic;2;;2;;-;;https://www.wtatennis.com/tournament/1020/beijing/2018/scores
Completed;0:00;Round of 32;https://wtatennis.com/tournament/1020/beijing/2018/scores/LS017;A.Sevastova;0;;-;;-;;M.Keys;0;;-;;-;;https://www.wtatennis.com/tournament/1020/beijing/2018/scores
Completed;1:42;Round of 32;https://wtatennis.com/tournament/1020/beijing/2018/scores/LS016;O.Jabeur;6;5;4;;-;;D.Vekic;7;;6;;-;;https://www.wtatennis.com/tournament/1020/beijing/2018/scores
Completed;1:08;Round of 64;https://wtatennis.com/tournament/1020/beijing/2018/scores/LS047;Z.Diyas;4;;3;;-;;N.Osaka;6;;6;;-;;https://www.wtatennis.com/tournament/1020/beijing/2018/scores
Completed;1:21;Round of 64;https://wtatennis.com/tournament/1020/beijing/2018/scores/LS063;B.Bencic;2;;3;;-;;C.Wozniacki;6;;6;;-;;https://www.wtatennis.com/tournament/1020/beijing/2018/scores
Completed;2:25;Round of 32;https://wtatennis.com/tournament/1020/beijing/2018/scores/LS022;J.Goerges;6;;4;;2;;L.Tsurenko;4;;6;;2;;https://www.wtatennis.com/tournament/1020/beijing/2018/scores
Completed;1:47;Round of 64;https://wtatennis.com/tournament/1020/beijing/2018/scores/LS043;S.Zhang;6;;3;;6;;E.Mertens;1;;6;;3;;https://www.wtatennis.com/tournament/1020/beijing/2018/scores
Completed;1:21;Round of 64;https://wtatennis.com/tournament/1020/beijing/2018/scores/LS062;P.Martic;6;;6;;-;;B.Strycova;2;;3;;-;;https://www.wtatennis.com/tournament/1020/beijing/2018/scores
Completed;1:06;Round of 64;https://wtatennis.com/tournament/1020/beijing/2018/scores/LS049;A.Sasnovich;6;;6;;-;;M.Buzarnescu;3;;1;;-;;https://www.wtatennis.com/tournament/1020/beijing/2018/scores
Completed;1:26;Round of 64;https://wtatennis.com/tournament/1020/beijing/2018/scores/LS048;K.Pliskova;6;;6;;-;;S.Stosur;4;;4;;-;;https://www.wtatennis.com/tournament/1020/beijing/2018/scores
Completed;0:52;Round of 64;https://wtatennis.com/tournament/1020/beijing/2018/scores/LS041;Y.Putintseva;1;;0;;-;;C.Suarez Navarro;6;;6;;-;;https://www.wtatennis.com/tournament/1020/beijing/2018/scores
Completed;1:34;Round of 64;https://wtatennis.com/tournament/1020/beijing/2018/scores/LS057;A.Van Uytvanck;5;;4;;-;;K.Siniakova;7;;6;;-;;https://www.wtatennis.com/tournament/1020/beijing/2018/scores
Completed;1:15;Round of 64;https://wtatennis.com/tournament/1020/beijing/2018/scores/LS052;G.Muguruza;6;;6;;-;;E.Makarova;0;;4;;-;;https://www.wtatennis.com/tournament/1020/beijing/2018/scores
Completed;1:46;Round of 32;https://wtatennis.com/tournament/1020/beijing/2018/scores/LS026;G.Muguruza;5;;4;;-;;A.Sabalenka;7;;6;;-;;https://www.wtatennis.com/tournament/1020/beijing/2018/scores
Completed;1:41;Round of 32;https://wtatennis.com/tournament/1020/beijing/2018/scores/LS027;P.Hercog;6;2;3;;-;;C.Garcia;7;;6;;-;;https://www.wtatennis.com/tournament/1020/beijing/2018/scores
Completed;0:55;Round of 32;https://wtatennis.com/tournament/1020/beijing/2018/scores/LS025;Q.Wang;6;;6;;-;;J.Ostapenko;0;;0;;-;;https://www.wtatennis.com/tournament/1020/beijing/2018/scores
Completed;0:52;Round of 32;https://wtatennis.com/tournament/1020/beijing/2018/scores/LS023;D.Collins;1;;0;;-;;N.Osaka;6;;6;;-;;https://www.wtatennis.com/tournament/1020/beijing/2018/scores
Completed;1:21;Round of 32;https://wtatennis.com/tournament/1020/beijing/2018/scores/LS020;A.Kerber;7;;6;;-;;C.Suarez Navarro;6;4;1;;-;;https://www.wtatennis.com/tournament/1020/beijing/2018/scores
Completed;0:59;Round of 32;https://wtatennis.com/tournament/1020/beijing/2018/scores/LS029;K.Flipkens;1;;1;;-;;K.Bertens;6;;6;;-;;https://www.wtatennis.com/tournament/1020/beijing/2018/scores
Completed;1:31;Round of 32;https://wtatennis.com/tournament/1020/beijing/2018/scores/LS028;A.Krunic;6;2;2;;-;;K.Siniakova;7;;6;;-;;https://www.wtatennis.com/tournament/1020/beijing/2018/scores
Completed;1:24;Round of 32;https://wtatennis.com/tournament/1020/beijing/2018/scores/LS019;D.Cibulkova;6;;6;;-;;D.Gavrilova;3;;3;;-;;https://www.wtatennis.com/tournament/1020/beijing/2018/scores
Completed;1:22;Round of 32;https://wtatennis.com/tournament/1020/beijing/2018/scores/LS018;S.Stephens;6;;6;;-;;S.Zheng;1;;3;;-;;https://www.wtatennis.com/tournament/1020/beijing/2018/scores
Completed;1:56;Round of 32;https://wtatennis.com/tournament/1020/beijing/2018/scores/LS030;L.Siegemund;6;;3;;2;;A.Kontaveit;2;;6;;6;;https://www.wtatennis.com/tournament/1020/beijing/2018/scores
Completed;2:01;Round of 16;https://wtatennis.com/tournament/1020/beijing/2018/scores/LS009;S.Stephens;6;;2;;3;;D.Cibulkova;4;;6;;6;;https://www.wtatennis.com/tournament/1020/beijing/2018/scores
Completed;1:21;Round of 16;https://wtatennis.com/tournament/1020/beijing/2018/scores/LS008;D.Vekic;3;;2;;-;;A.Sevastova;6;;6;;-;;https://www.wtatennis.com/tournament/1020/beijing/2018/scores
Completed;1:47;Round of 32;https://wtatennis.com/tournament/1020/beijing/2018/scores/LS031;P.Martic;5;;3;;-;;C.Wozniacki;7;;6;;-;;https://www.wtatennis.com/tournament/1020/beijing/2018/scores
Completed;1:09;Round of 32;https://wtatennis.com/tournament/1020/beijing/2018/scores/LS021;T.Babos;1;;2;;-;;S.Zhang;6;;6;;-;;https://www.wtatennis.com/tournament/1020/beijing/2018/scores
Completed;1:25;Round of 32;https://wtatennis.com/tournament/1020/beijing/2018/scores/LS024;K.Pliskova;6;;6;;-;;A.Sasnovich;3;;4;;-;;https://www.wtatennis.com/tournament/1020/beijing/2018/scores
Completed;2:19;Round of 16;https://wtatennis.com/tournament/1020/beijing/2018/scores/LS013;A.Sabalenka;5;;7;;6;;C.Garcia;7;;6;3;0;;https://www.wtatennis.com/tournament/1020/beijing/2018/scores
Completed;1:37;Round of 16;https://wtatennis.com/tournament/1020/beijing/2018/scores/LS012;K.Pliskova;4;;4;;-;;Q.Wang;6;;6;;-;;https://www.wtatennis.com/tournament/1020/beijing/2018/scores
Completed;1:50;Round of 16;https://wtatennis.com/tournament/1020/beijing/2018/scores/LS015;A.Kontaveit;5;;4;;-;;C.Wozniacki;7;;6;;-;;https://www.wtatennis.com/tournament/1020/beijing/2018/scores
Completed;1:31;Round of 16;https://wtatennis.com/tournament/1020/beijing/2018/scores/LS014;K.Siniakova;6;;6;;-;;K.Bertens;4;;3;;-;;https://www.wtatennis.com/tournament/1020/beijing/2018/scores
Completed;1:27;Round of 16;https://wtatennis.com/tournament/1020/beijing/2018/scores/LS010;A.Kerber;1;;6;;0;;S.Zhang;6;;2;;6;;https://www.wtatennis.com/tournament/1020/beijing/2018/scores
Completed;1:06;Round of 16;https://wtatennis.com/tournament/1020/beijing/2018/scores/LS011;J.Goerges;1;;2;;-;;N.Osaka;6;;6;;-;;https://www.wtatennis.com/tournament/1020/beijing/2018/scores
Completed;1:45;Quarterfinal;https://wtatennis.com/tournament/1020/beijing/2018/scores/LS006;Q.Wang;7;;7;;-;;A.Sabalenka;5;;5;;-;;https://www.wtatennis.com/tournament/1020/beijing/2018/scores
Completed;1:08;Quarterfinal;https://wtatennis.com/tournament/1020/beijing/2018/scores/LS007;K.Siniakova;2;;2;;-;;C.Wozniacki;6;;6;;-;;https://www.wtatennis.com/tournament/1020/beijing/2018/scores
Completed;1:41;Quarterfinal;https://wtatennis.com/tournament/1020/beijing/2018/scores/LS004;A.Sevastova;6;;7;;-;;D.Cibulkova;3;;6;5;-;;https://www.wtatennis.com/tournament/1020/beijing/2018/scores
Completed;2:33;Quarterfinal;https://wtatennis.com/tournament/1020/beijing/2018/scores/LS005;S.Zhang;6;;4;;5;;N.Osaka;3;;6;;7;;https://www.wtatennis.com/tournament/1020/beijing/2018/scores
Completed;1:22;Semifinal;https://wtatennis.com/tournament/1020/beijing/2018/scores/LS003;Q.Wang;1;;3;;-;;C.Wozniacki;6;;6;;-;;https://www.wtatennis.com/tournament/1020/beijing/2018/scores
Completed;1:31;Semifinal;https://wtatennis.com/tournament/1020/beijing/2018/scores/LS002;A.Sevastova;6;;6;;-;;N.Osaka;4;;4;;-;;https://www.wtatennis.com/tournament/1020/beijing/2018/scores
Completed;1:27;Final;https://wtatennis.com/tournament/1020/beijing/2018/scores/LS001;A.Sevastova;3;;3;;-;;C.Wozniacki;6;;6;;-;;https://www.wtatennis.com/tournament/1020/beijing/2018/scores
