statut;duration;stage;url_match_stats;player_1_name;player_1_set_1;player_1_set_1_tiebreak;player_1_set_2;player_1_set_2_tiebreak;player_1_set_3;player_1_set_3_tiebreak;player_2_name;player_2_set_1;player_2_set_1_tiebreak;player_2_set_2;player_2_set_2_tiebreak;player_2_set_3;player_2_set_3_tiebreak;scores_link
Completed;0:50;Qualifying;https://wtatennis.com/tournament/1091/mallorca/2018/scores/RS027;V.Kudermetova;4;;0;;-;;Y.Bonaventure;6;;6;;-;;https://www.wtatennis.com/tournament/1091/mallorca/2018/scores
Completed;0:48;Qualifying;https://wtatennis.com/tournament/1091/mallorca/2018/scores/RS024;V.Kuzmova;6;;6;;-;;L.Rueffer;0;;4;;-;;https://www.wtatennis.com/tournament/1091/mallorca/2018/scores
Completed;1:06;Qualifying;https://wtatennis.com/tournament/1091/mallorca/2018/scores/RS019;V.Diatchenko;3;;2;;-;;M.Frech;6;;5;;-;;https://www.wtatennis.com/tournament/1091/mallorca/2018/scores
Completed;1:21;Qualifying;https://wtatennis.com/tournament/1091/mallorca/2018/scores/RS018;A.Riske;6;;6;;-;;P.Badosa Gibert;4;;1;;-;;https://www.wtatennis.com/tournament/1091/mallorca/2018/scores
Completed;1:57;Qualifying;https://wtatennis.com/tournament/1091/mallorca/2018/scores/RS020;A.Tomljanovic;3;;6;;6;;B.Stefkova;6;;3;;3;;https://www.wtatennis.com/tournament/1091/mallorca/2018/scores
Completed;1:29;Qualifying;https://wtatennis.com/tournament/1091/mallorca/2018/scores/RS026;A.Petkovic;2;;6;3;-;;A.Lottner;6;;7;;-;;https://www.wtatennis.com/tournament/1091/mallorca/2018/scores
Completed;1:06;Qualifying;https://wtatennis.com/tournament/1091/mallorca/2018/scores/RS021;C.Lister;3;;2;;-;;A.Blinkova;6;;6;;-;;https://www.wtatennis.com/tournament/1091/mallorca/2018/scores
Completed;2:12;Qualifying;https://wtatennis.com/tournament/1091/mallorca/2018/scores/RS023;M.Kato;3;;7;;3;;S.Voegele;6;;6;2;6;;https://www.wtatennis.com/tournament/1091/mallorca/2018/scores
Completed;0:53;Qualifying;https://wtatennis.com/tournament/1091/mallorca/2018/scores/RS025;R.Vicens Mas;2;;0;;-;;S.Kenin;6;;6;;-;;https://www.wtatennis.com/tournament/1091/mallorca/2018/scores
Completed;1:14;Qualifying;https://wtatennis.com/tournament/1091/mallorca/2018/scores/RS016;J.Larsson;6;;6;;-;;K.Von Deichmann;3;;4;;-;;https://www.wtatennis.com/tournament/1091/mallorca/2018/scores
Completed;1:44;Qualifying;https://wtatennis.com/tournament/1091/mallorca/2018/scores/RS017;M.Zanevska;4;;6;;6;;C.Zhao;6;;3;;2;;https://www.wtatennis.com/tournament/1091/mallorca/2018/scores
Completed;1:49;Qualifying;https://wtatennis.com/tournament/1091/mallorca/2018/scores/RS022;R.Peterson;6;;2;;6;;T.Martincova;3;;6;;2;;https://www.wtatennis.com/tournament/1091/mallorca/2018/scores
Completed;1:45;Qualifying;https://wtatennis.com/tournament/1091/mallorca/2018/scores/RS013;A.Lottner;3;;6;;6;;Y.Bonaventure;6;;3;;4;;https://www.wtatennis.com/tournament/1091/mallorca/2018/scores
Completed;1:04;Qualifying;https://wtatennis.com/tournament/1091/mallorca/2018/scores/RS012;V.Kuzmova;4;;4;;-;;S.Kenin;6;;6;;-;;https://www.wtatennis.com/tournament/1091/mallorca/2018/scores
Completed;2:02;Qualifying;https://wtatennis.com/tournament/1091/mallorca/2018/scores/RS009;A.Riske;6;;5;;6;;M.Frech;3;;7;;2;;https://www.wtatennis.com/tournament/1091/mallorca/2018/scores
Completed;2:29;Qualifying;https://wtatennis.com/tournament/1091/mallorca/2018/scores/RS008;J.Larsson;5;;7;;6;;M.Zanevska;7;;6;1;3;;https://www.wtatennis.com/tournament/1091/mallorca/2018/scores
Completed;1:59;Qualifying;https://wtatennis.com/tournament/1091/mallorca/2018/scores/RS011;R.Peterson;7;;2;;6;;S.Voegele;6;0;6;;0;;https://www.wtatennis.com/tournament/1091/mallorca/2018/scores
Completed;1:14;Qualifying;https://wtatennis.com/tournament/1091/mallorca/2018/scores/RS010;A.Tomljanovic;6;;6;;-;;A.Blinkova;4;;3;;-;;https://www.wtatennis.com/tournament/1091/mallorca/2018/scores
Completed;1:22;Round of 32;https://wtatennis.com/tournament/1091/mallorca/2018/scores/LS028;C.Suarez Navarro;4;;6;4;-;;L.Arruabarrena;6;;7;;-;;https://www.wtatennis.com/tournament/1091/mallorca/2018/scores
Completed;2:25;Round of 32;https://wtatennis.com/tournament/1091/mallorca/2018/scores/LS021;C.Witthoeft;6;;6;2;6;;F.Schiavone;1;;7;;3;;https://www.wtatennis.com/tournament/1091/mallorca/2018/scores
Completed;1:51;Round of 32;https://wtatennis.com/tournament/1091/mallorca/2018/scores/LS019;A.Van Uytvanck;3;;6;;6;;A.Sabalenka;6;;4;;2;;https://www.wtatennis.com/tournament/1091/mallorca/2018/scores
Completed;1:49;Round of 32;https://wtatennis.com/tournament/1091/mallorca/2018/scores/LS020;A.Kontaveit;6;;4;;3;;T.Maria;3;;6;;6;;https://www.wtatennis.com/tournament/1091/mallorca/2018/scores
Completed;1:38;Round of 32;https://wtatennis.com/tournament/1091/mallorca/2018/scores/LS029;S.Stosur;6;;7;;-;;M.Vondrousova;2;;5;;-;;https://www.wtatennis.com/tournament/1091/mallorca/2018/scores
Completed;2:20;Round of 32;https://wtatennis.com/tournament/1091/mallorca/2018/scores/LS022;S.Voegele;7;;3;;5;;V.Azarenka;6;4;6;;7;;https://www.wtatennis.com/tournament/1091/mallorca/2018/scores
Completed;1:25;Round of 32;https://wtatennis.com/tournament/1091/mallorca/2018/scores/LS027;S.Kuznetsova;3;;3;;-;;A.Sevastova;6;;6;;-;;https://www.wtatennis.com/tournament/1091/mallorca/2018/scores
Completed;1:16;Round of 32;https://wtatennis.com/tournament/1091/mallorca/2018/scores/LS030;P.Hercog;7;;6;;-;;V.Kuzmova;6;3;2;;-;;https://www.wtatennis.com/tournament/1091/mallorca/2018/scores
Completed;1:36;Round of 32;https://wtatennis.com/tournament/1091/mallorca/2018/scores/LS017;J.Larsson;2;;6;;6;;S.Cirstea;6;;3;;2;;https://www.wtatennis.com/tournament/1091/mallorca/2018/scores
Completed;1:32;Round of 32;https://wtatennis.com/tournament/1091/mallorca/2018/scores/LS025;A.Tomljanovic;6;;6;;-;;M.Linette;3;;4;;-;;https://www.wtatennis.com/tournament/1091/mallorca/2018/scores
Completed;2:11;Round of 32;https://wtatennis.com/tournament/1091/mallorca/2018/scores/LS016;C.Garcia;7;;1;;6;;S.Hsieh;6;4;6;;4;;https://www.wtatennis.com/tournament/1091/mallorca/2018/scores
Completed;1:24;Round of 32;https://wtatennis.com/tournament/1091/mallorca/2018/scores/LS024;D.Collins;3;;3;;-;;R.Peterson;6;;6;;-;;https://www.wtatennis.com/tournament/1091/mallorca/2018/scores
Completed;2:09;Round of 32;https://wtatennis.com/tournament/1091/mallorca/2018/scores/LS018;S.Kenin;6;;3;;6;;K.Kozlova;3;;6;;3;;https://www.wtatennis.com/tournament/1091/mallorca/2018/scores
Completed;0:59;Round of 32;https://wtatennis.com/tournament/1091/mallorca/2018/scores/LS026;A.Lottner;6;;6;;-;;A.Sasnovich;4;;0;;-;;https://www.wtatennis.com/tournament/1091/mallorca/2018/scores
Completed;1:37;Round of 32;https://wtatennis.com/tournament/1091/mallorca/2018/scores/LS023;M.Kostyuk;4;;5;;-;;L.Safarova;6;;7;;-;;https://www.wtatennis.com/tournament/1091/mallorca/2018/scores
Completed;1:13;Round of 16;https://wtatennis.com/tournament/1091/mallorca/2018/scores/LS008;C.Garcia;6;;6;;-;;J.Larsson;4;;3;;-;;https://www.wtatennis.com/tournament/1091/mallorca/2018/scores
Completed;1:24;Round of 16;https://wtatennis.com/tournament/1091/mallorca/2018/scores/LS014;L.Arruabarrena;3;;4;;-;;S.Stosur;6;;6;;-;;https://www.wtatennis.com/tournament/1091/mallorca/2018/scores
Completed;1:31;Round of 16;https://wtatennis.com/tournament/1091/mallorca/2018/scores/LS010;T.Maria;7;;6;;-;;C.Witthoeft;6;1;3;;-;;https://www.wtatennis.com/tournament/1091/mallorca/2018/scores
Completed;2:01;Round of 16;https://wtatennis.com/tournament/1091/mallorca/2018/scores/LS009;S.Kenin;2;;6;;6;;A.Van Uytvanck;6;;4;;4;;https://www.wtatennis.com/tournament/1091/mallorca/2018/scores
Completed;1:58;Round of 32;https://wtatennis.com/tournament/1091/mallorca/2018/scores/LS031;A.Riske;5;;6;;6;;A.Kerber;7;;2;;1;;https://www.wtatennis.com/tournament/1091/mallorca/2018/scores
Completed;1:20;Round of 16;https://wtatennis.com/tournament/1091/mallorca/2018/scores/LS011;V.Azarenka;3;;4;;-;;L.Safarova;6;;6;;-;;https://www.wtatennis.com/tournament/1091/mallorca/2018/scores
Completed;1:31;Round of 16;https://wtatennis.com/tournament/1091/mallorca/2018/scores/LS013;A.Lottner;6;;3;;1;;A.Sevastova;1;;6;;6;;https://www.wtatennis.com/tournament/1091/mallorca/2018/scores
Completed;1:12;Round of 16;https://wtatennis.com/tournament/1091/mallorca/2018/scores/LS012;R.Peterson;3;;3;;-;;A.Tomljanovic;6;;6;;-;;https://www.wtatennis.com/tournament/1091/mallorca/2018/scores
Completed;2:44;Round of 16;https://wtatennis.com/tournament/1091/mallorca/2018/scores/LS015;P.Hercog;6;;5;;3;;A.Riske;3;;7;;6;;https://www.wtatennis.com/tournament/1091/mallorca/2018/scores
Completed;1:12;Quarterfinal;https://wtatennis.com/tournament/1091/mallorca/2018/scores/LS007;S.Stosur;6;;6;;-;;A.Riske;4;;2;;-;;https://www.wtatennis.com/tournament/1091/mallorca/2018/scores
Completed;1:48;Quarterfinal;https://wtatennis.com/tournament/1091/mallorca/2018/scores/LS006;A.Tomljanovic;6;;3;;1;;A.Sevastova;3;;6;;6;;https://www.wtatennis.com/tournament/1091/mallorca/2018/scores
Completed;2:34;Quarterfinal;https://wtatennis.com/tournament/1091/mallorca/2018/scores/LS005;T.Maria;7;;4;;6;;L.Safarova;6;3;6;;4;;https://www.wtatennis.com/tournament/1091/mallorca/2018/scores
Completed;1:21;Quarterfinal;https://wtatennis.com/tournament/1091/mallorca/2018/scores/LS004;C.Garcia;3;;3;;-;;S.Kenin;6;;6;;-;;https://www.wtatennis.com/tournament/1091/mallorca/2018/scores
Completed;1:16;Semifinal;https://wtatennis.com/tournament/1091/mallorca/2018/scores/LS003;A.Sevastova;7;;6;;-;;S.Stosur;6;1;1;;-;;https://www.wtatennis.com/tournament/1091/mallorca/2018/scores
Completed;1:56;Semifinal;https://wtatennis.com/tournament/1091/mallorca/2018/scores/LS002;S.Kenin;2;;6;;4;;T.Maria;6;;2;;6;;https://www.wtatennis.com/tournament/1091/mallorca/2018/scores
Completed;1:35;Final;https://wtatennis.com/tournament/1091/mallorca/2018/scores/LS001;T.Maria;6;;7;;-;;A.Sevastova;4;;5;;-;;https://www.wtatennis.com/tournament/1091/mallorca/2018/scores
