match_1st Return Points Won_player_1;match_1st Return Points Won_player_2;match_1st Serve Points Won_player_1;match_1st Serve Points Won_player_2;match_1st Serve_player_1;match_1st Serve_player_2;match_2nd Return Points Won_player_1;match_2nd Return Points Won_player_2;match_2nd Serve Points Won_player_1;match_2nd Serve Points Won_player_2;match_Aces_player_1;match_Aces_player_2;match_Break Points Converted_player_1;match_Break Points Converted_player_2;match_Break Points Saved_player_1;match_Break Points Saved_player_2;match_Double Faults_player_1;match_Double Faults_player_2;match_Return Games Played_player_1;match_Return Games Played_player_2;match_Service Games Played_player_1;match_Service Games Played_player_2;match_Total Points Won_player_1;match_Total Points Won_player_2;match_Total Return Points Won_player_1;match_Total Return Points Won_player_2;match_Total Service Points Won_player_1;match_Total Service Points Won_player_2;set1_1st Return Points Won_player_1;set1_1st Return Points Won_player_2;set1_1st Serve Points Won_player_1;set1_1st Serve Points Won_player_2;set1_1st Serve_player_1;set1_1st Serve_player_2;set1_2nd Return Points Won_player_1;set1_2nd Return Points Won_player_2;set1_2nd Serve Points Won_player_1;set1_2nd Serve Points Won_player_2;set1_Aces_player_1;set1_Aces_player_2;set1_Break Points Converted_player_1;set1_Break Points Converted_player_2;set1_Break Points Saved_player_1;set1_Break Points Saved_player_2;set1_Double Faults_player_1;set1_Double Faults_player_2;set1_Return Games Played_player_1;set1_Return Games Played_player_2;set1_Service Games Played_player_1;set1_Service Games Played_player_2;set1_Total Points Won_player_1;set1_Total Points Won_player_2;set1_Total Return Points Won_player_1;set1_Total Return Points Won_player_2;set1_Total Service Points Won_player_1;set1_Total Service Points Won_player_2;set2_1st Return Points Won_player_1;set2_1st Return Points Won_player_2;set2_1st Serve Points Won_player_1;set2_1st Serve Points Won_player_2;set2_1st Serve_player_1;set2_1st Serve_player_2;set2_2nd Return Points Won_player_1;set2_2nd Return Points Won_player_2;set2_2nd Serve Points Won_player_1;set2_2nd Serve Points Won_player_2;set2_Aces_player_1;set2_Aces_player_2;set2_Break Points Converted_player_1;set2_Break Points Converted_player_2;set2_Break Points Saved_player_1;set2_Break Points Saved_player_2;set2_Double Faults_player_1;set2_Double Faults_player_2;set2_Return Games Played_player_1;set2_Return Games Played_player_2;set2_Service Games Played_player_1;set2_Service Games Played_player_2;set2_Total Points Won_player_1;set2_Total Points Won_player_2;set2_Total Return Points Won_player_1;set2_Total Return Points Won_player_2;set2_Total Service Points Won_player_1;set2_Total Service Points Won_player_2;h2h_wins_player_1;h2h_wins_player_2;Height_player_1;Height_player_2;Date of Birth_player_1;Date of Birth_player_2;Plays_player_1;Plays_player_2;url_match_stats;set3_1st Return Points Won_player_1;set3_1st Return Points Won_player_2;set3_1st Serve Points Won_player_1;set3_1st Serve Points Won_player_2;set3_1st Serve_player_1;set3_1st Serve_player_2;set3_2nd Return Points Won_player_1;set3_2nd Return Points Won_player_2;set3_2nd Serve Points Won_player_1;set3_2nd Serve Points Won_player_2;set3_Aces_player_1;set3_Aces_player_2;set3_Break Points Converted_player_1;set3_Break Points Converted_player_2;set3_Break Points Saved_player_1;set3_Break Points Saved_player_2;set3_Double Faults_player_1;set3_Double Faults_player_2;set3_Return Games Played_player_1;set3_Return Games Played_player_2;set3_Service Games Played_player_1;set3_Service Games Played_player_2;set3_Total Points Won_player_1;set3_Total Points Won_player_2;set3_Total Return Points Won_player_1;set3_Total Return Points Won_player_2;set3_Total Service Points Won_player_1;set3_Total Service Points Won_player_2
7/22;10/21;11/21;15/22;21/42;22/37;6/15;17/21;4/21;9/15;1;0;2/4;5/8;3/8;2/4;7;1;7;8;8;7;28/79;51/79;13/37;27/42;15/42;24/37;2/14;3/10;7/10;12/14;10/21;14/23;3/9;8/11;3/11;6/9;0;0;0/1;2/3;1/3;1/1;5;1;4;4;4;4;15/44;29/44;5/23;11/21;10/21;18/23;5/8;7/11;4/11;3/8;11/21;8/14;3/6;9/10;1/10;3/6;1;0;2/3;3/5;2/5;1/3;2;0;3;4;4;3;13/35;22/35;8/14;16/21;5/21;6/14;0;1;;1.64;28.25;30.42;N/A;Right-Handed;https://wtatennis.com/tournament/1094/lausanne/2018/scores/RS025;;;;;;;;;;;;;;;;;;;;;;;;;;;;
6/18;5/29;24/29;12/18;29/38;18/46;23/28;6/9;3/9;5/28;2;1;6/9;0/3;3/3;3/9;1;6;7;6;6;7;56/84;28/84;29/46;11/38;27/38;17/46;0/6;3/16;13/16;6/6;16/22;6/26;16/20;4/6;2/6;4/20;1;1;3/5;0/3;3/3;2/5;1;5;4;3;3;4;31/48;17/48;16/26;7/22;15/22;10/26;6/12;2/13;11/13;6/12;13/16;12/20;7/8;2/3;1/3;1/8;1;0;3/4;0/0;0/0;1/4;0;1;3;3;3;3;25/36;11/36;13/20;4/16;12/16;7/20;2;0;;;29.92;31.25;N/A;N/A;https://wtatennis.com/tournament/1094/lausanne/2018/scores/RS022;;;;;;;;;;;;;;;;;;;;;;;;;;;;
11/26;16/37;21/37;15/26;37/61;26/44;4/18;16/24;8/24;14/18;2;3;1/3;5/10;5/10;2/3;3;0;8;8;8;8;44/105;61/105;15/44;32/61;29/61;29/44;2/9;7/18;11/18;7/9;18/28;9/21;3/12;7/10;3/10;9/12;0;0;0/0;2/2;0/2;0/0;2;0;4;4;4;4;19/49;30/49;5/21;14/28;14/28;16/21;9/17;9/19;10/19;8/17;19/33;17/23;1/6;9/14;5/14;5/6;2;3;1/3;3/8;5/8;2/3;1;0;4;4;4;4;25/56;31/56;10/23;18/33;15/33;13/23;0;1;1.80;1.70;44.17;27.92;Right-Handed;Right-Handed;https://wtatennis.com/tournament/1094/lausanne/2018/scores/RS023;;;;;;;;;;;;;;;;;;;;;;;;;;;;
13/29;20/45;25/45;16/29;45/61;29/58;20/29;7/16;9/16;9/29;1;1;6/9;3/10;7/10;3/9;1;8;10;9;9;10;67/119;52/119;33/58;27/61;34/61;25/58;3/8;13/28;15/28;5/8;28/35;8/25;12/17;3/7;4/7;5/17;0;0;3/4;2/6;4/6;1/4;1;4;5;5;5;5;34/60;26/60;15/25;16/35;19/35;10/25;10/21;7/17;10/17;11/21;17/26;21/33;8/12;4/9;5/9;4/12;1;1;3/5;1/4;3/4;2/5;0;4;5;4;4;5;33/59;26/59;18/33;11/26;15/26;15/33;1;1;1.76;;29.08;30.83;Right-Handed;Right-Handed;https://wtatennis.com/tournament/1094/lausanne/2018/scores/RS020;;;;;;;;;;;;;;;;;;;;;;;;;;;;
22/36;15/40;25/40;14/36;40/79;36/56;11/20;24/39;15/39;9/20;2;1;7/8;5/10;5/10;1/8;2;2;10;11;11;10;73/135;62/135;33/56;39/79;40/79;23/56;13/25;12/26;14/26;12/25;26/51;25/35;6/10;15/25;10/25;4/10;2;1;4/5;3/7;4/7;1/5;2;1;6;6;6;6;43/86;43/86;19/35;27/51;24/51;16/35;9/11;3/14;11/14;2/11;14/28;11/21;5/10;9/14;5/14;5/10;0;0;3/3;2/3;1/3;0/3;0;1;4;5;5;4;30/49;19/49;14/21;12/28;16/28;7/21;1;0;;;20.83;28.58;N/A;N/A;https://wtatennis.com/tournament/1094/lausanne/2018/scores/RS021;;;;;;;;;;;;;;;;;;;;;;;;;;;;
26/62;22/61;39/61;36/62;61/98;62/107;24/45;19/37;18/37;21/45;4;1;6/10;5/9;4/9;4/10;4;9;16;15;15;16;107/205;98/205;50/107;41/98;57/98;57/107;7/20;4/15;11/15;13/20;15/23;20/32;6/12;4/8;4/8;6/12;2;0;1/3;2/3;1/3;2/3;1;1;5;5;5;5;28/55;27/55;13/32;8/23;15/23;19/32;8/25;9/25;16/25;17/25;25/44;25/48;13/23;10/19;9/19;10/23;1;1;2/3;2/3;1/3;1/3;2;6;6;6;6;6;46/92;46/92;21/48;19/44;25/44;27/48;4;0;1.60;1.73;29.58;32.33;Left-Handed;Right-Handed;https://wtatennis.com/tournament/1094/lausanne/2018/scores/RS024;11/17;9/21;12/21;6/17;21/31;17/27;5/10;5/10;5/10;5/10;1;0;3/4;1/3;2/3;1/4;1;2;5;4;4;5;33/58;25/58;16/27;14/31;17/31;11/27
13/36;19/55;36/55;23/36;55/88;36/75;21/39;13/33;20/33;18/39;0;5;5/8;2/9;7/9;3/8;4;2;12;13;13;12;90/163;73/163;34/75;32/88;56/88;41/75;6/18;10/21;11/21;12/18;21/36;18/31;6/13;6/15;9/15;7/13;0;4;1/1;2/7;5/7;0/1;1;0;5;5;5;5;32/67;35/67;12/31;16/36;20/36;19/31;2/8;8/23;15/23;6/8;23/37;8/24;7/16;5/14;9/14;9/16;0;1;1/2;0/2;2/2;1/2;1;1;4;5;5;4;33/61;28/61;9/24;13/37;24/37;15/24;5;0;1.69;1.79;35.58;28.92;Right-Handed;Right-Handed;https://wtatennis.com/tournament/1094/lausanne/2018/scores/RS026;5/10;1/11;10/11;5/10;11/15;10/20;8/10;2/4;2/4;2/10;0;0;3/5;0/0;0/0;2/5;2;1;3;3;3;3;25/35;10/35;13/20;3/15;12/15;7/20
24/53;20/50;30/50;29/53;50/106;53/83;12/30;33/56;23/56;18/30;1;0;5/11;7/14;7/14;6/11;15;8;14;14;14;14;89/189;100/189;36/83;53/106;53/106;47/83;9/14;7/21;14/21;5/14;21/46;14/26;5/12;14/25;11/25;7/12;1;0;3/5;2/6;4/6;2/5;6;3;5;5;5;5;39/72;33/72;14/26;21/46;25/46;12/26;9/23;4/12;8/12;14/23;12/27;23/32;4/9;10/15;5/15;5/9;0;0;1/3;2/4;2/4;2/3;5;3;5;4;4;5;26/59;33/59;13/32;14/27;13/27;19/32;0;1;1.75;1.65;30.75;27.25;Left-Handed;Right-Handed;https://wtatennis.com/tournament/1094/lausanne/2018/scores/RS027;6/16;9/17;8/17;10/16;17/33;16/25;3/9;9/16;7/16;6/9;0;0;1/3;3/4;1/4;2/3;4;2;4;5;5;4;24/58;34/58;9/25;18/33;15/33;16/25
7/22;11/15;4/15;15/22;15/37;22/35;3/13;17/22;5/22;10/13;0;0;1/3;7/7;0/7;2/3;8;2;6;7;7;6;19/72;53/72;10/35;28/37;9/37;25/35;4/12;5/5;0/5;8/12;5/15;12/19;1/7;7/10;3/10;6/7;0;0;0/1;3/3;0/3;1/1;6;0;3;3;3;3;8/34;26/34;5/19;12/15;3/15;14/19;3/10;6/10;4/10;7/10;10/22;10/16;2/6;10/12;2/12;4/6;0;0;1/2;4/4;0/4;1/2;2;2;3;4;4;3;11/38;27/38;5/16;16/22;6/22;11/16;0;1;;;22.83;26.08;N/A;Right-Handed;https://wtatennis.com/tournament/1094/lausanne/2018/scores/RS017;;;;;;;;;;;;;;;;;;;;;;;;;;;;
9/30;8/35;27/35;21/30;35/54;30/63;16/33;8/19;11/19;17/33;2;0;3/6;1/3;2/3;3/6;3;3;10;10;10;10;63/117;54/117;25/63;16/54;38/54;38/63;5/15;2/15;13/15;10/15;15/29;15/33;7/18;5/14;9/14;11/18;0;0;1/3;0/2;2/2;2/3;3;1;5;5;5;5;34/62;28/62;12/33;7/29;22/29;21/33;4/15;6/20;14/20;11/15;20/25;15/30;9/15;3/5;2/5;6/15;2;0;2/3;1/1;0/1;1/3;0;2;5;5;5;5;29/55;26/55;13/30;9/25;16/25;17/30;2;0;1.74;1.73;32.42;28.58;Right-Handed;Right-Handed;https://wtatennis.com/tournament/1094/lausanne/2018/scores/RS018;;;;;;;;;;;;;;;;;;;;;;;;;;;;
8/22;4/26;22/26;14/22;26/47;22/47;18/25;11/21;10/21;7/25;3;1;5/5;1/4;3/4;0/5;1;5;8;8;8;8;58/94;36/94;26/47;15/47;32/47;21/47;3/11;2/15;13/15;8/11;15/27;11/24;9/13;6/12;6/12;4/13;3;1;2/2;0/2;2/2;0/2;1;1;4;4;4;4;31/51;20/51;12/24;8/27;19/27;12/24;5/11;2/11;9/11;6/11;11/20;11/23;9/12;5/9;4/9;3/12;0;0;3/3;1/2;1/2;0/3;0;4;4;4;4;4;27/43;16/43;14/23;7/20;13/20;9/23;1;1;1.75;;26.08;31.42;Right-Handed;Left-Handed;https://wtatennis.com/tournament/1094/lausanne/2018/scores/RS016;;;;;;;;;;;;;;;;;;;;;;;;;;;;
20/49;16/52;36/52;29/49;52/80;49/81;19/32;11/28;17/28;13/32;0;7;6/9;2/7;5/7;3/9;0;7;12;12;12;12;92/161;69/161;39/81;27/80;53/80;42/81;4/17;10/27;17/27;13/17;27/41;17/25;1/8;6/14;8/14;7/8;0;4;0/0;1/4;3/4;0/0;0;0;5;5;5;5;30/66;36/66;5/25;16/41;25/41;20/25;5/10;5/17;12/17;5/10;17/24;10/19;8/9;3/7;4/7;1/9;0;2;3/3;1/3;2/3;0/3;0;4;3;4;4;3;29/43;14/43;13/19;8/24;16/24;6/19;1;0;1.70;1.70;32.58;26.92;Right-Handed;Right-Handed;https://wtatennis.com/tournament/1094/lausanne/2018/scores/RS019;11/22;1/8;7/8;11/22;8/15;22/37;10/15;2/7;5/7;5/15;0;1;3/6;0/0;0/0;3/6;0;3;4;3;3;4;33/52;19/52;21/37;3/15;12/15;16/37
20/35;12/39;27/39;15/35;39/54;35/53;12/18;9/15;6/15;6/18;1;0;6/7;1/6;5/6;1/7;3;3;8;7;7;8;65/107;42/107;32/53;21/54;33/54;21/53;10/16;5/14;9/14;6/16;14/22;16/27;9/11;5/8;3/8;2/11;1;0;4/5;1/3;2/3;1/5;3;3;4;3;3;4;31/49;18/49;19/27;10/22;12/22;8/27;10/19;7/25;18/25;9/19;25/32;19/26;3/7;4/7;3/7;4/7;0;0;2/2;0/3;3/3;0/2;0;0;4;4;4;4;34/58;24/58;13/26;11/32;21/32;13/26;2;0;;1.70;29.92;27.92;N/A;Right-Handed;https://wtatennis.com/tournament/1094/lausanne/2018/scores/RS011;;;;;;;;;;;;;;;;;;;;;;;;;;;;
10/30;12/37;25/37;20/30;37/57;30/51;13/21;9/20;11/20;8/21;1;5;4/5;2/3;1/3;1/5;2;6;9;10;10;9;59/108;49/108;23/51;21/57;36/57;28/51;4/17;4/16;12/16;13/17;16/27;17/25;5/8;3/11;8/11;3/8;1;4;1/2;0/0;0/0;1/2;1;1;4;5;5;4;29/52;23/52;9/25;7/27;20/27;16/25;6/13;8/21;13/21;7/13;21/30;13/26;8/13;6/9;3/9;5/13;0;1;3/3;2/3;1/3;0/3;1;5;5;5;5;5;30/56;26/56;14/26;14/30;16/30;12/26;2;0;1.60;1.64;29.58;30.42;Left-Handed;Right-Handed;https://wtatennis.com/tournament/1094/lausanne/2018/scores/RS012;;;;;;;;;;;;;;;;;;;;;;;;;;;;
20/27;10/28;18/28;7/27;28/44;27/35;7/8;7/16;9/16;1/8;1;0;6/9;1/2;1/2;3/9;2;3;7;7;7;7;54/79;25/79;27/35;17/44;27/44;8/35;13/15;4/8;4/8;2/15;8/16;15/20;4/5;3/8;5/8;1/5;0;0;4/6;1/1;0/1;2/6;1;3;4;3;3;4;26/36;10/36;17/20;7/16;9/16;3/20;7/12;6/20;14/20;5/12;20/28;12/15;3/3;4/8;4/8;0/3;1;0;2/3;0/1;1/1;1/3;1;0;3;4;4;3;28/43;15/43;10/15;10/28;18/28;5/15;1;0;1.69;1.65;35.58;27.25;Right-Handed;Right-Handed;https://wtatennis.com/tournament/1094/lausanne/2018/scores/RS013;;;;;;;;;;;;;;;;;;;;;;;;;;;;
10/28;7/34;27/34;18/28;34/39;28/53;21/25;2/5;3/5;4/25;0;1;5/8;0/4;4/4;3/8;1;2;7;7;7;7;61/92;31/92;31/53;9/39;30/39;22/53;6/18;4/15;11/15;12/18;15/17;18/33;13/15;0/2;2/2;2/15;0;1;3/5;0/3;3/3;2/5;0;2;4;3;3;4;32/50;18/50;19/33;4/17;13/17;14/33;4/10;3/19;16/19;6/10;19/22;10/20;8/10;2/3;1/3;2/10;0;0;2/3;0/1;1/1;1/3;1;0;3;4;4;3;29/42;13/42;12/20;5/22;17/22;8/20;1;0;1.76;;29.08;20.83;Right-Handed;N/A;https://wtatennis.com/tournament/1094/lausanne/2018/scores/RS010;;;;;;;;;;;;;;;;;;;;;;;;;;;;
27/61;14/52;38/52;34/61;52/94;61/84;14/23;22/42;20/42;9/23;9;0;7/13;3/4;1/4;6/13;2;1;13;14;14;13;99/178;79/178;41/84;36/94;58/94;43/84;12/34;8/21;13/21;22/34;21/43;34/47;7/13;11/22;11/22;6/13;5;0;2/3;2/2;0/2;1/3;0;0;6;6;6;6;43/90;47/90;19/47;19/43;24/43;28/47;6/11;3/15;12/15;5/11;15/26;11/17;4/6;5/11;6/11;2/6;3;0;2/3;0/0;0/0;1/3;0;0;3;4;4;3;28/43;15/43;10/17;8/26;18/26;7/17;2;0;1.75;;26.08;26.08;Right-Handed;Right-Handed;https://wtatennis.com/tournament/1094/lausanne/2018/scores/RS008;9/16;3/16;13/16;7/16;16/25;16/20;3/4;6/9;3/9;1/4;1;0;3/7;1/2;1/2;4/7;2;1;4;4;4;4;28/45;17/45;12/20;9/25;16/25;8/20
16/31;7/26;19/26;15/31;26/44;31/51;9/20;4/18;14/18;11/20;5;1;4/4;0/2;2/2;0/4;1;3;8;8;8;8;58/95;37/95;25/51;11/44;33/44;26/51;8/19;4/13;9/13;11/19;13/26;19/29;3/10;2/13;11/13;7/10;2;1;1/1;0/0;0/0;0/1;1;1;5;5;5;5;31/55;24/55;11/29;6/26;20/26;18/29;8/12;3/13;10/13;4/12;13/18;12/22;6/10;2/5;3/5;4/10;3;0;3/3;0/2;2/2;0/3;0;2;3;3;3;3;27/40;13/40;14/22;5/18;13/18;8/22;1;0;1.74;1.74;32.42;32.58;Right-Handed;Right-Handed;https://wtatennis.com/tournament/1094/lausanne/2018/scores/RS009;;;;;;;;;;;;;;;;;;;;;;;;;;;;
9/32;19/32;13/32;23/32;32/54;32/54;11/22;8/22;14/22;11/22;0;0;2/6;5/7;2/7;4/6;3;5;9;9;9;9;47/108;61/108;20/54;27/54;27/54;34/54;2/9;12/20;8/20;7/9;20/34;9/21;5/12;5/14;9/14;7/12;0;0;1/3;3/5;2/5;2/3;1;3;4;5;5;4;24/55;31/55;7/21;17/34;17/34;14/21;7/23;7/12;5/12;16/23;12/20;23/33;6/10;3/8;5/8;4/10;0;0;1/3;2/2;0/2;2/3;2;2;5;4;4;5;23/53;30/53;13/33;10/20;10/20;20/33;0;2;1.64;1.72;31.25;23.92;Right-Handed;Left-Handed;https://wtatennis.com/tournament/1094/lausanne/2018/scores/LS024;;;;;;;;;;;;;;;;;;;;;;;;;;;;
9/41;20/55;35/55;32/41;55/79;41/73;19/32;12/24;12/24;13/32;5;3;3/10;4/9;5/9;7/10;3;4;12;13;13;12;75/152;77/152;28/73;32/79;47/79;45/73;3/15;12/25;13/25;12/15;25/34;15/29;7/14;4/9;5/9;7/14;1;3;1/2;2/4;2/4;1/2;1;1;5;5;5;5;28/63;35/63;10/29;16/34;18/34;19/29;5/10;3/14;11/14;5/10;14/20;10/21;7/11;1/6;5/6;4/11;2;0;2/6;0/0;0/0;4/6;1;1;3;4;4;3;28/41;13/41;12/21;4/20;16/20;9/21;0;3;1.70;1.75;25.92;26.08;Left-Handed;Right-Handed;https://wtatennis.com/tournament/1094/lausanne/2018/scores/LS021;1/16;5/16;11/16;15/16;16/25;16/23;5/7;7/9;2/9;2/7;2;0;0/2;2/5;3/5;2/2;1;2;4;4;4;4;19/48;29/48;6/23;12/25;13/25;17/23
10/39;22/65;43/65;29/39;65/104;39/71;15/32;25/39;14/39;17/32;3;7;3/5;5/12;7/12;2/5;10;5;13;14;14;13;82/175;93/175;25/71;47/104;57/104;46/71;5/16;8/21;13/21;11/16;21/30;16/31;6/15;5/9;4/9;9/15;1;2;1/2;2/4;2/4;1/2;2;2;5;5;5;5;28/61;33/61;11/31;13/30;17/30;20/31;5/13;7/23;16/23;8/13;23/40;13/20;5/7;11/17;6/17;2/7;0;2;2/3;1/3;2/3;1/3;4;1;4;5;5;4;32/60;28/60;10/20;18/40;22/40;10/20;0;1;1.85;1.85;26.33;32.92;Right-Handed;Right-Handed;https://wtatennis.com/tournament/1094/lausanne/2018/scores/LS026;0/10;7/21;14/21;10/10;21/34;10/20;4/10;9/13;4/13;6/10;2;3;0/0;2/5;3/5;0/0;4;2;4;4;4;4;22/54;32/54;4/20;16/34;18/34;16/20
31/84;29/72;43/72;53/84;72/117;84/123;26/39;21/45;24/45;13/39;1;4;6/13;6/13;7/13;7/13;6;5;16;16;16;16;124/240;116/240;57/123;50/117;67/117;66/123;5/20;11/25;14/25;15/20;25/41;20/30;5/10;9/16;7/16;5/10;0;1;1/1;2/5;3/5;0/1;4;1;5;5;5;5;31/71;40/71;10/30;20/41;21/41;20/30;14/33;8/23;15/23;19/33;23/38;33/49;13/16;7/15;8/15;3/16;1;2;3/5;3/5;2/5;2/5;1;3;6;6;6;6;50/87;37/87;27/49;15/38;23/38;22/49;1;2;1.78;1.70;29.25;34.0;Right-Handed;Right-Handed;https://wtatennis.com/tournament/1094/lausanne/2018/scores/LS022;12/31;10/24;14/24;19/31;24/38;31/44;8/13;5/14;9/14;5/13;0;1;2/7;1/3;2/3;5/7;1;1;5;5;5;5;43/82;39/82;20/44;15/38;23/38;24/44
18/51;15/28;13/28;33/51;28/51;51/70;13/19;14/23;9/23;6/19;1;0;3/10;6/10;4/10;7/10;3;6;9;8;8;9;53/121;68/121;31/70;29/51;22/51;39/70;11/31;8/15;7/15;20/31;15/24;31/41;8/10;6/9;3/9;2/10;1;0;2/7;3/3;0/3;5/7;1;4;5;4;4;5;29/65;36/65;19/41;14/24;10/24;22/41;7/20;7/13;6/13;13/20;13/27;20/29;5/9;8/14;6/14;4/9;0;0;1/3;3/7;4/7;2/3;2;2;4;4;4;4;24/56;32/56;12/29;15/27;12/27;17/29;2;2;1.85;1.69;26.83;30.67;Right-Handed;Right-Handed;https://wtatennis.com/tournament/1094/lausanne/2018/scores/LS023;;;;;;;;;;;;;;;;;;;;;;;;;;;;
31/68;32/80;48/80;37/68;80/104;68/107;17/39;17/24;7/24;22/39;1;2;4/22;7/18;11/18;18/22;5;3;14;15;15;14;103/211;108/211;48/107;49/104;55/104;59/107;5/14;9/24;15/24;9/14;24/34;14/21;2/7;10/10;0/10;5/7;0;1;0/3;3/10;7/10;3/3;2;0;3;4;4;3;22/55;33/55;7/21;19/34;15/34;14/21;13/27;7/23;16/23;14/27;23/28;27/34;3/7;3/5;2/5;4/7;0;1;2/7;1/3;2/3;5/7;2;1;5;5;5;5;34/62;28/62;16/34;10/28;18/28;18/34;0;1;1.70;1.74;29.33;32.42;Right-Handed;Right-Handed;https://wtatennis.com/tournament/1094/lausanne/2018/scores/LS017;13/27;16/33;17/33;14/27;33/42;27/52;12/25;4/9;5/9;13/25;1;0;2/12;3/5;2/5;10/12;1;2;6;6;6;6;47/94;47/94;25/52;20/42;22/42;27/52
7/35;11/30;19/30;28/35;30/61;35/59;14/24;18/31;13/31;10/24;1;5;0/2;4/10;6/10;2/2;6;4;8;9;9;8;53/120;67/120;21/59;29/61;32/61;38/59;6/18;4/10;6/10;12/18;10/24;18/32;6/14;6/14;8/14;8/14;1;1;0/1;2/3;1/3;1/1;2;1;4;5;5;4;26/56;30/56;12/32;10/24;14/24;20/32;1/17;7/20;13/20;16/17;20/37;17/27;8/10;12/17;5/17;2/10;0;4;0/1;2/7;5/7;1/1;4;3;4;4;4;4;27/64;37/64;9/27;19/37;18/37;18/27;4;10;1.66;1.75;42.92;39.17;Right-Handed;Right-Handed;https://wtatennis.com/tournament/1094/lausanne/2018/scores/LS019;;;;;;;;;;;;;;;;;;;;;;;;;;;;
15/60;28/64;36/64;45/60;64/85;60/81;12/21;10/21;11/21;9/21;4;1;2/4;4/9;5/9;2/4;1;3;14;13;13;14;74/166;92/166;27/81;38/85;47/85;54/81;7/18;12/31;19/31;11/18;31/39;18/28;5/10;4/8;4/8;5/10;2;0;2/2;1/3;2/3;0/2;0;0;5;5;5;5;35/67;32/67;12/28;16/39;23/39;16/28;2/16;9/15;6/15;14/16;15/22;16/24;5/8;3/7;4/7;3/8;0;0;0/1;2/3;1/3;1/1;1;2;4;4;4;4;17/46;29/46;7/24;12/22;10/22;17/24;0;2;1.76;1.68;29.08;44.5;Right-Handed;Left-Handed;https://wtatennis.com/tournament/1094/lausanne/2018/scores/LS018;6/26;7/18;11/18;20/26;18/24;26/29;2/3;3/6;3/6;1/3;2;1;0/1;1/3;2/3;1/1;0;1;5;4;4;5;22/53;31/53;8/29;10/24;14/24;21/29
22/31;7/25;18/25;9/31;25/44;31/48;11/17;12/19;7/19;6/17;2;0;7/12;3/7;4/7;5/12;6;2;8;8;8;8;58/92;34/92;33/48;19/44;25/44;15/48;11/17;4/14;10/14;6/17;14/24;17/28;6/11;6/10;4/10;5/11;1;0;3/8;1/3;2/3;5/8;3;1;4;4;4;4;31/52;21/52;17/28;10/24;14/24;11/28;11/14;3/11;8/11;3/14;11/20;14/20;5/6;6/9;3/9;1/6;1;0;4/4;2/4;2/4;0/4;3;1;4;4;4;4;27/40;13/40;16/20;9/20;11/20;4/20;4;0;1.73;1.69;33.42;35.58;Right-Handed;Right-Handed;https://wtatennis.com/tournament/1094/lausanne/2018/scores/LS016;;;;;;;;;;;;;;;;;;;;;;;;;;;;
21/45;14/39;25/39;24/45;39/63;45/67;14/22;11/24;13/24;8/22;6;2;6/13;3/4;1/4;7/13;5;6;10;10;10;10;73/130;57/130;35/67;25/63;38/63;32/67;5/17;3/16;13/16;12/17;16/22;17/27;8/10;2/6;4/6;2/10;5;2;2/4;0/0;0/0;2/4;0;3;4;4;4;4;30/49;19/49;13/27;5/22;17/22;14/27;16/28;11/23;12/23;12/28;23/41;28/40;6/12;9/18;9/18;6/12;1;0;4/9;3/4;1/4;5/9;5;3;6;6;6;6;43/81;38/81;22/40;20/41;21/41;18/40;1;0;1.80;1.60;25.08;29.58;Right-Handed;Left-Handed;https://wtatennis.com/tournament/1094/lausanne/2018/scores/LS020;;;;;;;;;;;;;;;;;;;;;;;;;;;;
26/78;27/86;59/86;52/78;86/143;78/119;24/41;36/57;21/57;17/41;7;7;7/13;6/21;15/21;6/13;10;10;17;17;17;17;130/262;132/262;50/119;63/143;80/143;69/119;3/23;10/32;22/32;20/23;32/51;23/34;5/11;11/19;8/19;6/11;4;3;1/2;1/6;5/6;1/2;2;3;6;6;6;6;38/85;47/85;8/34;21/51;30/51;26/34;14/25;11/24;13/24;11/25;24/43;25/33;6/8;11/19;8/19;2/8;2;1;4/5;3/9;6/9;1/5;2;2;5;5;5;5;41/76;35/76;20/33;22/43;21/43;13/33;2;3;1.70;1.76;34.33;28.33;Right-Handed;Right-Handed;https://wtatennis.com/tournament/1094/lausanne/2018/scores/LS027;9/30;6/30;24/30;21/30;30/49;30/52;13/22;14/19;5/19;9/22;1;3;2/6;2/6;4/6;4/6;6;5;6;6;6;6;51/101;50/101;22/52;20/49;29/49;30/52
20/51;28/60;32/60;31/51;60/89;51/73;12/22;12/29;17/29;10/22;4;6;4/4;4/17;13/17;0/4;1;3;12;12;12;12;81/162;81/162;32/73;40/89;49/89;41/73;11/24;13/30;17/30;13/24;30/40;24/35;5/11;3/10;7/10;6/11;3;2;2/2;1/8;7/8;0/2;0;2;5;5;5;5;40/75;35/75;16/35;16/40;24/40;19/35;3/13;7/9;2/9;10/13;9/16;13/17;2/4;5/7;2/7;2/4;1;2;0/0;3/3;0/3;0/0;0;0;3;3;3;3;9/33;24/33;5/17;12/16;4/16;12/17;1;1;;1.75;33.17;24.5;Right-Handed;Right-Handed;https://wtatennis.com/tournament/1094/lausanne/2018/scores/LS025;6/14;8/21;13/21;8/14;21/33;14/21;5/7;4/12;8/12;2/7;0;2;2/2;0/6;6/6;0/2;1;1;4;4;4;4;32/54;22/54;11/21;12/33;21/33;10/21
10/25;14/27;13/27;15/25;27/56;25/43;7/18;22/29;7/29;11/18;1;3;2/3;7/13;6/13;1/3;1;3;7;7;7;7;37/99;62/99;17/43;36/56;20/56;26/43;7/14;11/19;8/19;7/14;19/34;14/25;5/11;10/15;5/15;6/11;1;2;2/2;4/7;3/7;0/2;0;1;4;4;4;4;25/59;34/59;12/25;21/34;13/34;13/25;3/11;3/8;5/8;8/11;8/22;11/18;2/7;12/14;2/14;5/7;0;1;0/1;3/6;3/6;1/1;1;2;3;3;3;3;12/40;28/40;5/18;15/22;7/22;13/18;3;2;1.70;1.70;33.25;28.08;Right-Handed;Right-Handed;https://wtatennis.com/tournament/1094/lausanne/2018/scores/LS028;;;;;;;;;;;;;;;;;;;;;;;;;;;;
4/29;13/31;18/31;25/29;31/52;29/54;12/25;14/21;7/21;13/25;5;1;1/3;4/9;5/9;2/3;5;4;9;8;8;9;41/106;65/106;16/54;27/52;25/52;38/54;4/18;8/20;12/20;14/18;20/36;18/35;9/17;10/16;6/16;8/17;2;0;1/3;2/7;5/7;2/3;4;1;5;5;5;5;31/71;40/71;13/35;18/36;18/36;22/35;0/11;5/11;6/11;11/11;11/16;11/19;3/8;4/5;1/5;5/8;3;1;0/0;2/2;0/2;0/0;1;3;4;3;3;4;10/35;25/35;3/19;9/16;7/16;16/19;0;1;1.76;1.74;22.67;34.83;Right-Handed;Right-Handed;https://wtatennis.com/tournament/1094/lausanne/2018/scores/LS031;;;;;;;;;;;;;;;;;;;;;;;;;;;;
30/65;15/52;37/52;35/65;52/92;65/108;17/43;21/40;19/40;26/43;10;1;5/16;5/6;1/6;11/16;10;7;15;15;15;15;103/200;97/200;47/108;36/92;56/92;61/108;13/25;8/20;12/20;12/25;20/32;25/40;4/15;6/12;6/12;11/15;3;0;1/6;2/2;0/2;5/6;2;2;5;5;5;5;35/72;37/72;17/40;14/32;18/32;23/40;8/17;2/12;10/12;9/17;12/22;17/28;6/11;3/10;7/10;5/11;2;1;2/5;0/0;0/0;3/5;1;1;4;4;4;4;31/50;19/50;14/28;5/22;17/22;14/28;3;1;1.85;1.70;32.92;34.33;Right-Handed;Right-Handed;https://wtatennis.com/tournament/1094/lausanne/2018/scores/LS013;9/23;5/20;15/20;14/23;20/38;23/40;7/17;12/18;6/18;10/17;5;0;2/5;3/4;1/4;3/5;7;4;6;6;6;6;37/78;41/78;16/40;17/38;21/38;24/40
15/46;2/25;23/25;31/46;25/47;46/72;16/26;8/22;14/22;10/26;2;2;3/8;1/1;0/1;5/8;2;3;10;10;10;10;68/119;51/119;31/72;10/47;37/47;41/72;3/19;1/11;10/11;16/19;11/22;19/29;7/10;1/11;10/11;3/10;2;1;1/2;0/0;0/0;1/2;0;1;5;5;5;5;30/51;21/51;10/29;2/22;20/22;19/29;12/27;1/14;13/14;15/27;14/25;27/43;9/16;7/11;4/11;7/16;0;1;2/6;1/1;0/1;4/6;2;2;5;5;5;5;38/68;30/68;21/43;8/25;17/25;22/43;1;0;1.72;;23.92;33.17;Left-Handed;Right-Handed;https://wtatennis.com/tournament/1094/lausanne/2018/scores/LS012;;;;;;;;;;;;;;;;;;;;;;;;;;;;
25/41;17/41;24/41;16/41;41/65;41/57;9/16;15/24;9/24;7/16;0;0;6/8;4/8;4/8;2/8;7;3;9;10;10;9;67/122;55/122;34/57;32/65;33/65;23/57;17/31;10/24;14/24;14/31;24/41;31/40;5/9;12/17;5/17;4/9;0;0;3/4;3/7;4/7;1/4;7;3;6;6;6;6;41/81;40/81;22/40;22/41;19/41;18/40;8/10;7/17;10/17;2/10;17/24;10/17;4/7;3/7;4/7;3/7;0;0;3/4;1/1;0/1;1/4;0;0;3;4;4;3;26/41;15/41;12/17;10/24;14/24;5/17;1;0;1.76;;26.67;29.92;Right-Handed;N/A;https://wtatennis.com/tournament/1094/lausanne/2018/scores/LS029;;;;;;;;;;;;;;;;;;;;;;;;;;;;
28/64;15/39;24/39;36/64;39/63;64/86;12/22;8/24;16/24;10/22;1;1;4/13;2/6;4/6;9/13;2;1;11;10;10;11;80/149;69/149;40/86;23/63;40/63;46/86;16/34;5/13;8/13;18/34;13/22;34/46;8/12;2/9;7/9;4/12;0;0;3/9;1/3;2/3;6/9;1;1;5;4;4;5;39/68;29/68;24/46;7/22;15/22;22/46;12/30;10/26;16/26;18/30;26/41;30/40;4/10;6/15;9/15;6/10;1;1;1/4;1/3;2/3;3/4;1;0;6;6;6;6;41/81;40/81;16/40;16/41;25/41;24/40;3;0;1.80;1.77;37.58;28.58;Right-Handed;Right-Handed;https://wtatennis.com/tournament/1094/lausanne/2018/scores/LS030;;;;;;;;;;;;;;;;;;;;;;;;;;;;
7/30;12/28;16/28;23/30;28/51;30/51;9/21;14/23;9/23;12/21;2;3;1/4;4/6;2/6;3/4;2;4;9;8;8;9;41/102;61/102;16/51;26/51;25/51;35/51;5/16;8/21;13/21;11/16;21/37;16/28;4/12;9/16;7/16;8/12;2;2;1/4;2/4;2/4;3/4;2;3;5;5;5;5;29/65;36/65;9/28;17/37;20/37;19/28;2/14;4/7;3/7;12/14;7/14;14/23;5/9;5/7;2/7;4/9;0;1;0/0;2/2;0/2;0/0;0;1;4;3;3;4;12/37;25/37;7/23;9/14;5/14;16/23;2;3;1.68;1.75;44.5;39.17;Left-Handed;Right-Handed;https://wtatennis.com/tournament/1094/lausanne/2018/scores/LS009;;;;;;;;;;;;;;;;;;;;;;;;;;;;
15/30;9/38;29/38;15/30;38/56;30/46;6/16;9/18;9/18;10/16;1;1;4/4;1/3;2/3;0/4;2;1;9;9;9;9;59/102;43/102;21/46;18/56;38/56;25/46;5/13;4/20;16/20;8/13;20/31;13/23;3/10;5/11;6/11;7/10;1;1;1/1;0/1;1/1;0/1;1;0;4;5;5;4;30/54;24/54;8/23;9/31;22/31;15/23;10/17;5/18;13/18;7/17;18/25;17/23;3/6;4/7;3/7;3/6;0;0;3/3;1/2;1/2;0/3;1;1;5;4;4;5;29/48;19/48;13/23;9/25;16/25;10/23;2;0;1.73;1.74;33.42;32.42;Right-Handed;Right-Handed;https://wtatennis.com/tournament/1094/lausanne/2018/scores/LS008;;;;;;;;;;;;;;;;;;;;;;;;;;;;
14/35;20/37;17/37;21/35;37/57;35/55;10/20;13/20;7/20;10/20;0;0;2/6;6/14;8/14;4/6;2;6;8;8;8;8;48/112;64/112;24/55;33/57;24/57;31/55;8/14;10/17;7/17;6/14;17/28;14/23;4/9;9/11;2/11;5/9;0;0;2/3;4/7;3/7;1/3;2;3;4;4;4;4;21/51;30/51;12/23;19/28;9/28;11/23;6/21;10/20;10/20;15/21;20/29;21/32;6/11;4/9;5/9;5/11;0;0;0/3;2/7;5/7;3/3;0;3;4;4;4;4;27/61;34/61;12/32;14/29;15/29;20/32;0;4;1.70;1.76;28.08;26.67;Right-Handed;Right-Handed;https://wtatennis.com/tournament/1094/lausanne/2018/scores/LS014;;;;;;;;;;;;;;;;;;;;;;;;;;;;
26/66;22/64;42/64;40/66;64/101;66/96;17/30;20/37;17/37;13/30;3;1;4/8;4/17;13/17;4/8;7;7;12;12;12;12;102/197;95/197;43/96;42/101;59/101;53/96;15/38;13/34;21/34;23/38;34/51;38/54;10/16;7/17;10/17;6/16;1;0;2/6;2/8;6/8;4/6;1;6;6;6;6;6;56/105;49/105;25/54;20/51;31/51;29/54;11/28;9/30;21/30;17/28;30/50;28/42;7/14;13/20;7/20;7/14;2;1;2/2;2/9;7/9;0/2;6;1;6;6;6;6;46/92;46/92;18/42;22/50;28/50;24/42;2;0;1.78;1.69;29.25;30.67;Right-Handed;Right-Handed;https://wtatennis.com/tournament/1094/lausanne/2018/scores/LS011;;;;;;;;;;;;;;;;;;;;;;;;;;;;
6/48;12/49;37/49;42/48;49/90;48/90;26/42;24/41;17/41;16/42;11;11;2/8;2/6;4/6;6/8;11;8;12;12;12;12;86/180;94/180;32/90;36/90;54/90;58/90;3/22;6/25;19/25;19/22;25/39;22/41;11/19;9/14;5/14;8/19;6;7;1/5;1/2;1/2;4/5;5;4;6;6;6;6;38/80;42/80;14/41;15/39;24/39;27/41;3/26;6/24;18/24;23/26;24/51;26/49;15/23;15/27;12/27;8/23;5;4;1/3;1/4;3/4;2/3;6;4;6;6;6;6;48/100;52/100;18/49;21/51;30/51;31/49;0;3;1.80;1.75;25.08;26.08;Right-Handed;Right-Handed;https://wtatennis.com/tournament/1094/lausanne/2018/scores/LS010;;;;;;;;;;;;;;;;;;;;;;;;;;;;
11/34;11/44;33/44;23/34;44/64;34/49;7/15;8/20;12/20;8/15;2;6;2/2;0/3;3/3;0/2;2;1;9;10;10;9;63/113;50/113;18/49;19/64;45/64;31/49;7/19;8/26;18/26;12/19;26/36;19/24;3/5;4/10;6/10;2/5;1;2;1/1;0/1;1/1;0/1;0;1;4;5;5;4;34/60;26/60;10/24;12/36;24/36;14/24;4/15;3/18;15/18;11/15;18/28;15/25;4/10;4/10;6/10;6/10;1;4;1/1;0/2;2/2;0/1;2;0;5;5;5;5;29/53;24/53;8/25;7/28;21/28;17/25;2;4;1.80;1.74;37.58;34.83;Right-Handed;Right-Handed;https://wtatennis.com/tournament/1094/lausanne/2018/scores/LS015;;;;;;;;;;;;;;;;;;;;;;;;;;;;
18/45;14/47;33/47;27/45;47/66;45/75;13/30;10/19;9/19;17/30;3;2;3/11;2/2;0/2;8/11;2;3;11;11;11;11;73/141;68/141;31/75;24/66;42/66;44/75;4/16;6/20;14/20;12/16;20/30;16/26;6/10;6/10;4/10;4/10;1;2;2/4;1/1;0/1;2/4;2;2;5;5;5;5;28/56;28/56;10/26;12/30;18/30;16/26;14/29;8/27;19/27;15/29;27/36;29/49;7/20;4/9;5/9;13/20;2;0;1/7;1/1;0/1;6/7;0;1;6;6;6;6;45/85;40/85;21/49;12/36;24/36;28/49;3;5;1.73;1.75;33.42;39.17;Right-Handed;Right-Handed;https://wtatennis.com/tournament/1094/lausanne/2018/scores/LS004;;;;;;;;;;;;;;;;;;;;;;;;;;;;
8/28;10/25;15/25;20/28;25/62;28/51;10/23;26/37;11/37;13/23;1;5;2/3;6/10;4/10;1/3;2;1;9;9;9;9;44/113;69/113;18/51;36/62;26/62;33/51;8/24;4/15;11/15;16/24;15/42;24/39;10/15;18/27;9/27;5/15;1;4;2/3;3/6;3/6;1/3;2;1;6;6;6;6;38/81;43/81;18/39;22/42;20/42;21/39;0/4;6/10;4/10;4/4;10/20;4/12;0/8;8/10;2/10;8/8;0;1;0/0;3/4;1/4;0/0;0;0;3;3;3;3;6/32;26/32;0/12;14/20;6/20;12/12;0;2;1.75;1.78;26.08;29.25;Right-Handed;Right-Handed;https://wtatennis.com/tournament/1094/lausanne/2018/scores/LS005;;;;;;;;;;;;;;;;;;;;;;;;;;;;
18/43;17/25;8/25;25/43;25/46;43/64;10/21;16/21;5/21;11/21;0;2;3/9;7/12;5/12;6/9;5;1;8;7;7;8;41/110;69/110;28/64;33/46;13/46;36/64;12/29;5/8;3/8;17/29;8/21;29/38;4/9;10/13;3/13;5/9;0;1;1/6;3/6;3/6;5/6;4;1;4;3;3;4;22/59;37/59;16/38;15/21;6/21;22/38;6/14;12/17;5/17;8/14;17/25;14/26;6/12;6/8;2/8;6/12;0;1;2/3;4/6;2/6;1/3;1;0;4;4;4;4;19/51;32/51;12/26;18/25;7/25;14/26;2;1;1.76;1.80;26.67;37.58;Right-Handed;Right-Handed;https://wtatennis.com/tournament/1094/lausanne/2018/scores/LS007;;;;;;;;;;;;;;;;;;;;;;;;;;;;
15/28;9/34;25/34;13/28;34/57;28/45;13/17;12/23;11/23;4/17;2;0;5/5;2/5;3/5;0/5;1;3;8;9;9;8;64/102;38/102;28/45;21/57;36/57;17/45;6/11;4/18;14/18;5/11;18/30;11/23;9/12;9/12;3/12;3/12;2;0;3/3;1/4;3/4;0/3;0;3;4;4;4;4;32/53;21/53;15/23;13/30;17/30;8/23;9/17;5/16;11/16;8/17;16/27;17/22;4/5;3/11;8/11;1/5;0;0;2/2;1/1;0/1;0/2;1;0;4;5;5;4;32/49;17/49;13/22;8/27;19/27;9/22;2;0;1.72;1.70;23.92;34.33;Left-Handed;Right-Handed;https://wtatennis.com/tournament/1094/lausanne/2018/scores/LS006;;;;;;;;;;;;;;;;;;;;;;;;;;;;
10/25;16/38;22/38;15/25;38/52;25/52;11/27;5/14;9/14;16/27;2;4;2/6;1/5;4/5;4/6;1;4;7;6;6;7;52/104;52/104;21/52;21/52;31/52;31/52;8/23;16/38;22/38;15/23;38/52;23/47;9/24;5/14;9/14;15/24;2;4;1/4;1/5;4/5;3/4;1;3;6;6;6;6;48/99;51/99;17/47;21/52;31/52;30/47;2/2;0/0;0/0;0/2;0/0;2/5;2/3;0/0;0/0;1/3;0;0;1/2;0/0;0/0;1/2;0;1;1;0;0;1;4/5;1/5;4/5;0/0;0/0;1/5;3;3;1.73;1.78;33.42;29.25;Right-Handed;Right-Handed;https://wtatennis.com/tournament/1094/lausanne/2018/scores/LS002;;;;;;;;;;;;;;;;;;;;;;;;;;;;
15/55;19/47;28/47;40/55;47/75;55/85;14/30;10/28;18/28;16/30;4;1;1/4;4/5;1/5;3/4;2;1;13;13;13;13;75/160;85/160;29/85;29/75;46/75;56/85;9/26;4/13;9/13;17/26;13/25;26/38;7/12;1/12;11/12;5/12;2;1;1/4;0/0;0/0;3/4;1;0;5;5;5;5;36/63;27/63;16/38;5/25;20/25;22/38;5/17;8/17;9/17;12/17;17/24;17/25;3/8;3/7;4/7;5/8;1;0;0/0;2/2;0/2;0/0;0;0;4;4;4;4;21/49;28/49;8/25;11/24;13/24;17/25;0;1;1.72;1.80;23.92;37.58;Left-Handed;Right-Handed;https://wtatennis.com/tournament/1094/lausanne/2018/scores/LS003;1/12;7/17;10/17;11/12;17/26;12/22;4/10;6/9;3/9;6/10;1;0;0/0;2/3;1/3;0/0;1;1;4;4;4;4;18/48;30/48;5/22;13/26;13/26;17/22
35/71;19/52;33/52;36/71;52/73;71/104;15/33;12/21;9/21;18/33;0;2;5/20;4/8;4/8;15/20;3;2;11;11;11;11;92/177;85/177;50/104;31/73;42/73;54/104;19/35;9/24;15/24;16/35;24/33;35/52;7/17;6/9;3/9;10/17;0;1;3/14;2/5;3/5;11/14;1;1;5;5;5;5;44/85;41/85;26/52;15/33;18/33;26/52;16/36;10/28;18/28;20/36;28/40;36/52;8/16;6/12;6/12;8/16;0;1;2/6;2/3;1/3;4/6;2;1;6;6;6;6;48/92;44/92;24/52;16/40;24/40;28/52;3;0;1.73;1.80;33.42;37.58;Right-Handed;Right-Handed;https://wtatennis.com/tournament/1094/lausanne/2018/scores/LS001;;;;;;;;;;;;;;;;;;;;;;;;;;;;
