statut;duration;stage;url_match_stats;player_1_name;player_1_set_1;player_1_set_1_tiebreak;player_1_set_2;player_1_set_2_tiebreak;player_1_set_3;player_1_set_3_tiebreak;player_2_name;player_2_set_1;player_2_set_1_tiebreak;player_2_set_2;player_2_set_2_tiebreak;player_2_set_3;player_2_set_3_tiebreak;scores_link
Completed;2:00;Qualifying;https://wtatennis.com/tournament/2002/guadalajara/2019/scores/RS015;A.Gamiz;6;;4;;7;;J.Cako;2;;6;;5;;https://www.wtatennis.com/tournament/2002/guadalajara/2019/scores
Completed;1:13;Qualifying;https://wtatennis.com/tournament/2002/guadalajara/2019/scores/RS014;V.Lepchenko;6;;6;;-;;A.Danilina;2;;3;;-;;https://www.wtatennis.com/tournament/2002/guadalajara/2019/scores
Completed;2:41;Qualifying;https://wtatennis.com/tournament/2002/guadalajara/2019/scores/RS012;L.Pigossi;7;;6;5;7;;C.Lister;5;;7;;5;;https://www.wtatennis.com/tournament/2002/guadalajara/2019/scores
Completed;1:07;Qualifying;https://wtatennis.com/tournament/2002/guadalajara/2019/scores/RS010;P.Badosa Gibert;6;;6;;-;;R.Jani;4;;2;;-;;https://www.wtatennis.com/tournament/2002/guadalajara/2019/scores
Completed;0:00;Qualifying;https://wtatennis.com/tournament/2002/guadalajara/2019/scores/RS013;F.Abanda;0;;-;;-;;C.Perrin;0;;-;;-;;https://www.wtatennis.com/tournament/2002/guadalajara/2019/scores
Completed;2:06;Qualifying;https://wtatennis.com/tournament/2002/guadalajara/2019/scores/RS011;X.Wang;6;;5;;6;;A.Guarachi;4;;7;;4;;https://www.wtatennis.com/tournament/2002/guadalajara/2019/scores
Completed;1:01;Qualifying;https://wtatennis.com/tournament/2002/guadalajara/2019/scores/RS008;O.Kalashnikova;4;;1;;-;;N.Kostic;6;;6;;-;;https://www.wtatennis.com/tournament/2002/guadalajara/2019/scores
Completed;1:31;Qualifying;https://wtatennis.com/tournament/2002/guadalajara/2019/scores/RS009;S.Xu;4;;4;;-;;K.Zavatska;6;;6;;-;;https://www.wtatennis.com/tournament/2002/guadalajara/2019/scores
Completed;0:59;Qualifying;https://wtatennis.com/tournament/2002/guadalajara/2019/scores/RS007;V.Lepchenko;6;;6;;-;;A.Gamiz;2;;2;;-;;https://www.wtatennis.com/tournament/2002/guadalajara/2019/scores
Completed;1:44;Qualifying;https://wtatennis.com/tournament/2002/guadalajara/2019/scores/RS006;L.Pigossi;6;;1;;2;;C.Perrin;3;;6;;6;;https://www.wtatennis.com/tournament/2002/guadalajara/2019/scores
Completed;1:10;Qualifying;https://wtatennis.com/tournament/2002/guadalajara/2019/scores/RS005;P.Badosa Gibert;2;;2;;-;;X.Wang;6;;6;;-;;https://www.wtatennis.com/tournament/2002/guadalajara/2019/scores
Completed;1:33;Qualifying;https://wtatennis.com/tournament/2002/guadalajara/2019/scores/RS004;N.Kostic;6;;6;;-;;K.Zavatska;4;;3;;-;;https://www.wtatennis.com/tournament/2002/guadalajara/2019/scores
Completed;0:59;Round of 32;https://wtatennis.com/tournament/2002/guadalajara/2019/scores/LS029;V.Lepchenko;3;;2;;-;;C.Perrin;6;;6;;-;;https://www.wtatennis.com/tournament/2002/guadalajara/2019/scores
Completed;1:11;Round of 32;https://wtatennis.com/tournament/2002/guadalajara/2019/scores/LS030;F.Ferro;7;;6;;-;;G.Olmos;5;;1;;-;;https://www.wtatennis.com/tournament/2002/guadalajara/2019/scores
Completed;1:00;Round of 32;https://wtatennis.com/tournament/2002/guadalajara/2019/scores/LS016;A.Cornet;3;;0;;-;;S.Zhuk;6;;6;;-;;https://www.wtatennis.com/tournament/2002/guadalajara/2019/scores
Completed;1:14;Round of 32;https://wtatennis.com/tournament/2002/guadalajara/2019/scores/LS019;X.Wang;4;;4;;-;;K.Pliskova;6;;6;;-;;https://www.wtatennis.com/tournament/2002/guadalajara/2019/scores
Completed;1:17;Round of 32;https://wtatennis.com/tournament/2002/guadalajara/2019/scores/LS022;P.Badosa Gibert;4;;5;;-;;O.Danilovic;6;;7;;-;;https://www.wtatennis.com/tournament/2002/guadalajara/2019/scores
Completed;1:19;Round of 32;https://wtatennis.com/tournament/2002/guadalajara/2019/scores/LS031;M.Minella;3;;3;;-;;A.Schmiedlova;6;;6;;-;;https://www.wtatennis.com/tournament/2002/guadalajara/2019/scores
Completed;1:00;Round of 32;https://wtatennis.com/tournament/2002/guadalajara/2019/scores/LS018;A.Bogdan;1;;3;;-;;Y.Wickmayer;6;;6;;-;;https://www.wtatennis.com/tournament/2002/guadalajara/2019/scores
Completed;1:04;Round of 32;https://wtatennis.com/tournament/2002/guadalajara/2019/scores/LS026;F.Stollar;1;;4;;-;;R.Zarazua;6;;6;;-;;https://www.wtatennis.com/tournament/2002/guadalajara/2019/scores
Completed;1:37;Round of 32;https://wtatennis.com/tournament/2002/guadalajara/2019/scores/LS027;S.Errani;6;;7;;-;;I.Begu;3;;6;6;-;;https://www.wtatennis.com/tournament/2002/guadalajara/2019/scores
Completed;1:16;Round of 32;https://wtatennis.com/tournament/2002/guadalajara/2019/scores/LS020;T.Maria;6;;4;;-;;Z.Diyas;2;;4;;-;;https://www.wtatennis.com/tournament/2002/guadalajara/2019/scores
Completed;1:00;Round of 32;https://wtatennis.com/tournament/2002/guadalajara/2019/scores/LS028;M.Linette;6;;6;;-;;N.Kostic;1;;3;;-;;https://www.wtatennis.com/tournament/2002/guadalajara/2019/scores
Completed;2:08;Round of 32;https://wtatennis.com/tournament/2002/guadalajara/2019/scores/LS017;V.Kudermetova;4;;7;;6;;K.Zavatska;6;;5;;4;;https://www.wtatennis.com/tournament/2002/guadalajara/2019/scores
Completed;1:06;Round of 32;https://wtatennis.com/tournament/2002/guadalajara/2019/scores/LS023;A.Blinkova;6;;6;;-;;E.Rodina;2;;4;;-;;https://www.wtatennis.com/tournament/2002/guadalajara/2019/scores
Completed;1:30;Round of 32;https://wtatennis.com/tournament/2002/guadalajara/2019/scores/LS024;L.Arruabarrena;4;;4;;-;;M.Bouzkova;6;;6;;-;;https://www.wtatennis.com/tournament/2002/guadalajara/2019/scores
Completed;1:30;Round of 32;https://wtatennis.com/tournament/2002/guadalajara/2019/scores/LS025;V.Diatchenko;6;;2;;6;;A.Kalinina;1;;6;;0;;https://www.wtatennis.com/tournament/2002/guadalajara/2019/scores
Completed;1:13;Round of 32;https://wtatennis.com/tournament/2002/guadalajara/2019/scores/LS021;H.Watson;4;;1;;-;;N.Hibino;6;;6;;-;;https://www.wtatennis.com/tournament/2002/guadalajara/2019/scores
Completed;1:49;Round of 16;https://wtatennis.com/tournament/2002/guadalajara/2019/scores/LS009;Y.Wickmayer;6;;4;;6;2;K.Pliskova;4;;6;;7;;https://www.wtatennis.com/tournament/2002/guadalajara/2019/scores
Completed;1:17;Round of 16;https://wtatennis.com/tournament/2002/guadalajara/2019/scores/LS015;F.Ferro;6;;6;;-;;A.Schmiedlova;4;;1;;-;;https://www.wtatennis.com/tournament/2002/guadalajara/2019/scores
Completed;1:30;Round of 16;https://wtatennis.com/tournament/2002/guadalajara/2019/scores/LS013;R.Zarazua;6;;6;;-;;S.Errani;1;;4;;-;;https://www.wtatennis.com/tournament/2002/guadalajara/2019/scores
Completed;2:07;Round of 16;https://wtatennis.com/tournament/2002/guadalajara/2019/scores/LS014;M.Linette;6;;5;;6;;C.Perrin;3;;7;;1;;https://www.wtatennis.com/tournament/2002/guadalajara/2019/scores
Completed;1:35;Round of 16;https://wtatennis.com/tournament/2002/guadalajara/2019/scores/LS008;S.Zhuk;4;;6;;1;;V.Kudermetova;6;;0;;6;;https://www.wtatennis.com/tournament/2002/guadalajara/2019/scores
Completed;1:24;Round of 16;https://wtatennis.com/tournament/2002/guadalajara/2019/scores/LS010;T.Maria;6;;6;;-;;N.Hibino;4;;3;;-;;https://www.wtatennis.com/tournament/2002/guadalajara/2019/scores
Completed;1:24;Round of 16;https://wtatennis.com/tournament/2002/guadalajara/2019/scores/LS012;M.Bouzkova;6;;6;;-;;V.Diatchenko;3;;3;;-;;https://www.wtatennis.com/tournament/2002/guadalajara/2019/scores
Completed;1:24;Round of 16;https://wtatennis.com/tournament/2002/guadalajara/2019/scores/LS011;O.Danilovic;6;;3;;6;;A.Blinkova;1;;6;;1;;https://www.wtatennis.com/tournament/2002/guadalajara/2019/scores
Completed;2:00;Quarterfinal;https://wtatennis.com/tournament/2002/guadalajara/2019/scores/LS007;M.Linette;6;;2;;4;;F.Ferro;4;;6;;6;;https://www.wtatennis.com/tournament/2002/guadalajara/2019/scores
Completed;1:41;Quarterfinal;https://wtatennis.com/tournament/2002/guadalajara/2019/scores/LS006;M.Bouzkova;7;;6;;-;;R.Zarazua;6;8;2;;-;;https://www.wtatennis.com/tournament/2002/guadalajara/2019/scores
Completed;2:05;Quarterfinal;https://wtatennis.com/tournament/2002/guadalajara/2019/scores/LS004;V.Kudermetova;3;;7;;6;;K.Pliskova;6;;6;4;2;;https://www.wtatennis.com/tournament/2002/guadalajara/2019/scores
Completed;2:13;Quarterfinal;https://wtatennis.com/tournament/2002/guadalajara/2019/scores/LS005;T.Maria;3;;7;;6;;O.Danilovic;6;;6;3;3;;https://www.wtatennis.com/tournament/2002/guadalajara/2019/scores
Completed;2:13;Semifinal;https://wtatennis.com/tournament/2002/guadalajara/2019/scores/LS003;M.Bouzkova;6;;6;4;6;;F.Ferro;3;;7;;0;;https://www.wtatennis.com/tournament/2002/guadalajara/2019/scores
Completed;1:07;Semifinal;https://wtatennis.com/tournament/2002/guadalajara/2019/scores/LS002;V.Kudermetova;6;;6;;-;;T.Maria;2;;2;;-;;https://www.wtatennis.com/tournament/2002/guadalajara/2019/scores
Completed;1:01;Final;https://wtatennis.com/tournament/2002/guadalajara/2019/scores/LS001;V.Kudermetova;6;;6;;-;;M.Bouzkova;2;;0;;-;;https://www.wtatennis.com/tournament/2002/guadalajara/2019/scores
