match_1st Return Points Won_player_1;match_1st Return Points Won_player_2;match_1st Serve Points Won_player_1;match_1st Serve Points Won_player_2;match_1st Serve_player_1;match_1st Serve_player_2;match_2nd Return Points Won_player_1;match_2nd Return Points Won_player_2;match_2nd Serve Points Won_player_1;match_2nd Serve Points Won_player_2;match_Aces_player_1;match_Aces_player_2;match_Break Points Converted_player_1;match_Break Points Converted_player_2;match_Break Points Saved_player_1;match_Break Points Saved_player_2;match_Double Faults_player_1;match_Double Faults_player_2;match_Return Games Played_player_1;match_Return Games Played_player_2;match_Service Games Played_player_1;match_Service Games Played_player_2;match_Total Points Won_player_1;match_Total Points Won_player_2;match_Total Return Points Won_player_1;match_Total Return Points Won_player_2;match_Total Service Points Won_player_1;match_Total Service Points Won_player_2;set1_1st Return Points Won_player_1;set1_1st Return Points Won_player_2;set1_1st Serve Points Won_player_1;set1_1st Serve Points Won_player_2;set1_1st Serve_player_1;set1_1st Serve_player_2;set1_2nd Return Points Won_player_1;set1_2nd Return Points Won_player_2;set1_2nd Serve Points Won_player_1;set1_2nd Serve Points Won_player_2;set1_Aces_player_1;set1_Aces_player_2;set1_Break Points Converted_player_1;set1_Break Points Converted_player_2;set1_Break Points Saved_player_1;set1_Break Points Saved_player_2;set1_Double Faults_player_1;set1_Double Faults_player_2;set1_Return Games Played_player_1;set1_Return Games Played_player_2;set1_Service Games Played_player_1;set1_Service Games Played_player_2;set1_Total Points Won_player_1;set1_Total Points Won_player_2;set1_Total Return Points Won_player_1;set1_Total Return Points Won_player_2;set1_Total Service Points Won_player_1;set1_Total Service Points Won_player_2;set2_1st Return Points Won_player_1;set2_1st Return Points Won_player_2;set2_1st Serve Points Won_player_1;set2_1st Serve Points Won_player_2;set2_1st Serve_player_1;set2_1st Serve_player_2;set2_2nd Return Points Won_player_1;set2_2nd Return Points Won_player_2;set2_2nd Serve Points Won_player_1;set2_2nd Serve Points Won_player_2;set2_Aces_player_1;set2_Aces_player_2;set2_Break Points Converted_player_1;set2_Break Points Converted_player_2;set2_Break Points Saved_player_1;set2_Break Points Saved_player_2;set2_Double Faults_player_1;set2_Double Faults_player_2;set2_Return Games Played_player_1;set2_Return Games Played_player_2;set2_Service Games Played_player_1;set2_Service Games Played_player_2;set2_Total Points Won_player_1;set2_Total Points Won_player_2;set2_Total Return Points Won_player_1;set2_Total Return Points Won_player_2;set2_Total Service Points Won_player_1;set2_Total Service Points Won_player_2;h2h_wins_player_1;h2h_wins_player_2;Height_player_1;Height_player_2;Date of Birth_player_1;Date of Birth_player_2;Plays_player_1;Plays_player_2;url_match_stats;set3_1st Return Points Won_player_1;set3_1st Return Points Won_player_2;set3_1st Serve Points Won_player_1;set3_1st Serve Points Won_player_2;set3_1st Serve_player_1;set3_1st Serve_player_2;set3_2nd Return Points Won_player_1;set3_2nd Return Points Won_player_2;set3_2nd Serve Points Won_player_1;set3_2nd Serve Points Won_player_2;set3_Aces_player_1;set3_Aces_player_2;set3_Break Points Converted_player_1;set3_Break Points Converted_player_2;set3_Break Points Saved_player_1;set3_Break Points Saved_player_2;set3_Double Faults_player_1;set3_Double Faults_player_2;set3_Return Games Played_player_1;set3_Return Games Played_player_2;set3_Service Games Played_player_1;set3_Service Games Played_player_2;set3_Total Points Won_player_1;set3_Total Points Won_player_2;set3_Total Return Points Won_player_1;set3_Total Return Points Won_player_2;set3_Total Service Points Won_player_1;set3_Total Service Points Won_player_2
4/26;14/37;23/37;22/26;37/56;26/46;8/20;13/19;6/19;12/20;3;6;0/0;4/10;6/10;0/0;3;2;8;9;9;8;41/102;61/102;12/46;27/56;29/56;34/46;3/19;5/21;16/21;16/19;21/30;19/30;5/11;6/9;3/9;6/11;2;5;0/0;1/4;3/4;0/0;1;1;5;5;5;5;27/60;33/60;8/30;11/30;19/30;22/30;1/7;9/16;7/16;6/7;16/26;7/16;3/9;7/10;3/10;6/9;1;1;0/0;3/6;3/6;0/0;2;1;3;4;4;3;14/42;28/42;4/16;16/26;10/26;12/16;0;1;;;25.33;28.42;Right-Handed;N/A;https://wtatennis.com/tournament/1023/guangzhou/2019/scores/RS016;;;;;;;;;;;;;;;;;;;;;;;;;;;;
4/15;14/26;12/26;11/15;26/45;15/37;7/22;14/19;5/19;15/22;1;1;1/3;6/8;2/8;2/3;3;3;7;7;7;7;28/82;54/82;11/37;28/45;17/45;26/37;2/8;7/16;9/16;6/8;16/26;8/18;3/10;8/10;2/10;7/10;0;0;0/2;3/3;0/3;2/2;2;2;3;4;4;3;16/44;28/44;5/18;15/26;11/26;13/18;2/7;7/10;3/10;5/7;10/19;7/19;4/12;6/9;3/9;8/12;1;1;1/1;3/5;2/5;0/1;1;1;4;3;3;4;12/38;26/38;6/19;13/19;6/19;13/19;1;1;;1.68;25.42;33.5;N/A;Right-Handed;https://wtatennis.com/tournament/1023/guangzhou/2019/scores/RS017;;;;;;;;;;;;;;;;;;;;;;;;;;;;
15/37;22/45;23/45;22/37;45/64;37/54;6/17;12/19;7/19;11/17;2;3;3/5;5/8;3/8;2/5;6;3;10;9;9;10;51/118;67/118;21/54;34/64;30/64;33/54;7/16;10/23;13/23;9/16;23/35;16/24;3/8;9/12;3/12;5/8;0;0;2/2;3/5;2/5;0/2;5;2;5;5;5;5;26/59;33/59;10/24;19/35;16/35;14/24;8/21;12/22;10/22;13/21;22/29;21/30;3/9;3/7;4/7;6/9;2;3;1/3;2/3;1/3;2/3;1;1;5;4;4;5;25/59;34/59;11/30;15/29;14/29;19/30;0;1;1.68;1.72;23.75;31.58;Right-Handed;Right-Handed;https://wtatennis.com/tournament/1023/guangzhou/2019/scores/RS025;;;;;;;;;;;;;;;;;;;;;;;;;;;;
16/46;25/54;29/54;30/46;54/98;46/92;29/46;21/44;23/44;17/46;0;1;8/11;7/12;5/12;3/11;5;4;16;16;16;16;97/190;93/190;45/92;46/98;52/98;47/92;5/12;7/16;9/16;7/12;16/33;12/27;10/15;8/17;9/17;5/15;0;0;3/4;2/2;0/2;1/4;0;2;5;5;5;5;33/60;27/60;15/27;15/33;18/33;12/27;7/23;7/14;7/14;16/23;14/31;23/40;10/17;8/17;9/17;7/17;0;0;2/4;3/3;0/3;2/4;4;2;6;6;6;6;33/71;38/71;17/40;15/31;16/31;23/40;1;0;1.63;;27.42;22.67;Right-Handed;Right-Handed;https://wtatennis.com/tournament/1023/guangzhou/2019/scores/RS020;4/11;11/24;13/24;7/11;24/34;11/25;9/14;5/10;5/10;5/14;0;1;3/3;2/7;5/7;0/3;1;0;5;5;5;5;31/59;28/59;13/25;16/34;18/34;12/25
15/34;13/42;29/42;19/34;42/65;34/60;15/26;11/23;12/23;11/26;7;0;4/11;1/7;6/7;7/11;2;4;8;9;9;8;71/125;54/125;30/60;24/65;41/65;30/60;5/12;9/24;15/24;7/12;24/29;12/21;5/9;2/5;3/5;4/9;3;0;2/2;1/3;2/3;0/2;0;1;4;5;5;4;28/50;22/50;10/21;11/29;18/29;11/21;10/22;4/18;14/18;12/22;18/36;22/39;10/17;9/18;9/18;7/17;4;0;2/9;0/4;4/4;7/9;2;3;4;4;4;4;43/75;32/75;20/39;13/36;23/36;19/39;1;0;1.70;1.70;33.58;35.08;Right-Handed;Right-Handed;https://wtatennis.com/tournament/1023/guangzhou/2019/scores/RS023;;;;;;;;;;;;;;;;;;;;;;;;;;;;
10/34;10/24;14/24;24/34;24/59;34/49;8/15;24/35;11/35;7/15;2;2;2/5;6/9;3/9;3/5;5;4;8;9;9;8;43/108;65/108;18/49;34/59;25/59;31/49;1/14;4/10;6/10;13/14;10/25;14/22;3/8;9/15;6/15;5/8;0;2;0/1;2/3;1/3;1/1;2;1;4;4;4;4;16/47;31/47;4/22;13/25;12/25;18/22;9/20;6/14;8/14;11/20;14/34;20/27;5/7;15/20;5/20;2/7;2;0;2/4;4/6;2/6;2/4;3;3;4;5;5;4;27/61;34/61;14/27;21/34;13/34;13/27;0;1;;1.82;19.5;22.17;N/A;Left-Handed;https://wtatennis.com/tournament/1023/guangzhou/2019/scores/RS027;;;;;;;;;;;;;;;;;;;;;;;;;;;;
15/57;13/54;41/54;42/57;54/99;57/107;23/50;21/45;24/45;27/50;11;3;2/3;2/5;3/5;1/3;3;10;16;16;16;16;103/206;103/206;38/107;34/99;65/99;69/107;8/20;4/19;15/19;12/20;19/35;20/35;5/15;7/16;9/16;10/15;7;3;1/2;0/1;1/1;1/2;1;3;5;5;5;5;37/70;33/70;13/35;11/35;24/35;22/35;1/15;3/14;11/14;14/15;14/26;15/31;8/16;7/12;5/12;8/16;3;0;0/0;1/1;0/1;0/0;2;3;5;5;5;5;25/57;32/57;9/31;10/26;16/26;22/31;0;1;1.87;;31.08;23.92;Right-Handed;N/A;https://wtatennis.com/tournament/1023/guangzhou/2019/scores/RS024;6/22;6/21;15/21;16/22;21/38;22/41;10/19;7/17;10/17;9/19;1;0;1/1;1/3;2/3;0/1;0;4;6;6;6;6;41/79;38/79;16/41;13/38;25/38;25/41
20/52;10/38;28/38;32/52;38/71;52/69;10/17;16/33;17/33;7/17;3;4;4/7;2/4;2/4;3/7;6;4;11;11;11;11;75/140;65/140;30/69;26/71;45/71;39/69;7/18;4/18;14/18;11/18;18/32;18/25;3/7;8/14;6/14;4/7;2;0;2/4;1/1;0/1;2/4;4;2;5;5;5;5;30/57;27/57;10/25;12/32;20/32;15/25;13/34;6/20;14/20;21/34;20/39;34/44;7/10;8/19;11/19;3/10;1;4;2/3;1/3;2/3;1/3;2;2;6;6;6;6;45/83;38/83;20/44;14/39;25/39;24/44;1;0;1.77;1.68;28.67;25.5;Right-Handed;Right-Handed;https://wtatennis.com/tournament/1023/guangzhou/2019/scores/RS022;;;;;;;;;;;;;;;;;;;;;;;;;;;;
34/65;26/60;34/60;31/65;60/97;65/102;23/37;22/37;15/37;14/37;0;0;9/15;7/17;10/17;6/15;5;3;13;14;14;13;106/199;93/199;57/102;48/97;49/97;45/102;15/27;12/20;8/20;12/27;20/35;27/39;8/12;12/15;3/15;4/12;0;0;4/8;5/9;4/9;4/8;5;2;5;5;5;5;34/74;40/74;23/39;24/35;11/35;16/39;11/17;6/18;12/18;6/17;18/30;17/27;6/10;6/12;6/12;4/10;0;0;3/4;1/6;5/6;1/4;0;1;3;4;4;3;35/57;22/57;17/27;12/30;18/30;10/27;1;2;1.63;1.70;27.42;32.25;Right-Handed;Right-Handed;https://wtatennis.com/tournament/1023/guangzhou/2019/scores/RS010;8/21;8/22;14/22;13/21;22/32;21/36;9/15;4/10;6/10;6/15;0;0;2/3;1/2;1/2;1/3;0;0;5;5;5;5;37/68;31/68;17/36;12/32;20/32;19/36
30/69;26/75;49/75;39/69;75/119;69/120;30/51;27/44;17/44;21/51;9;3;7/19;6/15;9/15;12/19;11;20;15;15;15;15;126/239;113/239;60/120;53/119;66/119;60/120;9/17;4/15;11/15;8/17;15/23;17/29;8/12;4/8;4/8;4/12;1;0;3/5;1/1;0/1;2/5;1;7;4;4;4;4;32/52;20/52;17/29;8/23;15/23;12/29;5/17;10/27;17/27;12/17;27/47;17/34;8/17;12/20;8/20;9/17;3;1;1/5;2/6;4/6;4/5;6;4;5;5;5;5;38/81;43/81;13/34;22/47;25/47;21/34;1;0;;1.68;28.42;33.5;N/A;Right-Handed;https://wtatennis.com/tournament/1023/guangzhou/2019/scores/RS008;16/35;12/33;21/33;19/35;33/49;35/57;14/22;11/16;5/16;8/22;5;2;3/9;3/8;5/8;6/9;4;9;6;6;6;6;56/106;50/106;30/57;23/49;26/49;27/57
18/30;4/24;20/24;12/30;24/43;30/54;13/24;8/19;11/19;11/24;3;0;5/5;0/0;0/0;0/5;1;3;7;7;7;7;62/97;35/97;31/54;12/43;31/43;23/54;4/9;1/13;12/13;5/9;13/25;9/19;7/10;6/12;6/12;3/10;1;0;2/2;0/0;0/0;0/2;1;2;3;4;4;3;29/44;15/44;11/19;7/25;18/25;8/19;14/21;3/11;8/11;7/21;11/18;21/35;6/14;2/7;5/7;8/14;2;0;3/3;0/0;0/0;0/3;0;1;4;3;3;4;33/53;20/53;20/35;5/18;13/18;15/35;2;1;1.71;1.63;25.5;30.42;Right-Handed;Right-Handed;https://wtatennis.com/tournament/1023/guangzhou/2019/scores/RS009;;;;;;;;;;;;;;;;;;;;;;;;;;;;
27/64;25/68;43/68;37/64;68/115;64/104;24/40;26/47;21/47;16/40;1;0;7/21;4/7;3/7;14/21;11;7;14;15;15;14;115/219;104/219;51/104;51/115;64/115;53/104;9/28;9/30;21/30;19/28;30/57;28/42;9/14;19/27;8/27;5/14;0;0;2/4;2/4;2/4;2/4;7;3;6;6;6;6;47/99;52/99;18/42;28/57;29/57;24/42;8/14;8/19;11/19;6/14;19/32;14/28;9/14;6/13;7/13;5/14;1;0;3/13;1/1;0/1;10/13;3;2;3;4;4;3;35/60;25/60;17/28;14/32;18/32;11/28;1;0;1.73;1.82;23.33;22.17;Right-Handed;Left-Handed;https://wtatennis.com/tournament/1023/guangzhou/2019/scores/RS013;10/22;8/19;11/19;12/22;19/26;22/34;6/12;1/7;6/7;6/12;0;0;2/4;1/2;1/2;2/4;1;2;5;5;5;5;33/60;27/60;16/34;9/26;17/26;18/34
8/20;6/30;24/30;12/20;30/43;20/42;13/22;2/13;11/13;9/22;4;2;4/9;0/2;2/2;5/9;1;3;7;8;8;7;56/85;29/85;21/42;8/43;35/43;21/42;4/12;2/12;10/12;8/12;12/18;12/27;9/15;0/6;6/6;6/15;2;1;2/6;0/0;0/0;4/6;0;2;4;4;4;4;29/45;16/45;13/27;2/18;16/18;14/27;4/8;4/18;14/18;4/8;18/25;8/15;4/7;2/7;5/7;3/7;2;1;2/3;0/2;2/2;1/3;1;1;3;4;4;3;27/40;13/40;8/15;6/25;19/25;7/15;1;0;1.77;1.77;28.67;33.58;Right-Handed;Right-Handed;https://wtatennis.com/tournament/1023/guangzhou/2019/scores/RS011;;;;;;;;;;;;;;;;;;;;;;;;;;;;
5/32;11/22;11/22;27/32;22/44;32/54;13/22;12/22;10/22;9/22;3;7;1/3;4/4;0/4;2/3;1;4;9;9;9;9;39/98;59/98;18/54;23/44;21/44;36/54;2/15;5/10;5/10;13/15;10/19;15/24;5/9;6/9;3/9;4/9;2;2;0/0;2/2;0/2;0/0;0;1;4;4;4;4;15/43;28/43;7/24;11/19;8/19;17/24;3/17;6/12;6/12;14/17;12/25;17/30;8/13;6/13;7/13;5/13;1;5;1/3;2/2;0/2;2/3;1;3;5;5;5;5;24/55;31/55;11/30;12/25;13/25;19/30;1;1;;1.72;23.92;31.58;N/A;Right-Handed;https://wtatennis.com/tournament/1023/guangzhou/2019/scores/RS012;;;;;;;;;;;;;;;;;;;;;;;;;;;;
17/34;4/35;31/35;17/34;35/57;34/54;11/20;18/22;4/22;9/20;5;1;5/9;2/3;1/3;4/9;3;2;9;9;9;9;63/111;48/111;28/54;22/57;35/57;26/54;5/12;0/13;13/13;7/12;13/20;12/21;6/9;4/7;3/7;3/9;3;1;2/3;0/0;0/0;1/3;1;1;4;4;4;4;27/41;14/41;11/21;4/20;16/20;10/21;12/22;4/22;18/22;10/22;22/37;22/33;5/11;14/15;1/15;6/11;2;0;3/6;2/3;1/3;3/6;2;1;5;5;5;5;36/70;34/70;17/33;18/37;19/37;16/33;1;1;1.75;1.77;39.17;28.67;Right-Handed;Right-Handed;https://wtatennis.com/tournament/1023/guangzhou/2019/scores/LS029;;;;;;;;;;;;;;;;;;;;;;;;;;;;
18/69;24/54;30/54;51/69;54/92;69/109;28/40;15/38;23/38;12/40;4;8;4/10;4/8;4/8;6/10;1;5;15;14;14;15;99/201;102/201;46/109;39/92;53/92;63/109;10/25;6/15;9/15;15/25;15/29;25/39;11/14;6/14;8/14;3/14;1;2;3/7;1/1;0/1;4/7;0;1;5;4;4;5;38/68;30/68;21/39;12/29;17/29;18/39;4/16;11/17;6/17;12/16;17/25;16/28;7/12;6/8;2/8;5/12;1;2;1/2;3/7;4/7;1/2;1;1;4;4;4;4;19/53;34/53;11/28;17/25;8/25;17/28;1;0;1.80;;24.92;28.42;Right-Handed;N/A;https://wtatennis.com/tournament/1023/guangzhou/2019/scores/LS017;4/28;7/22;15/22;24/28;22/38;28/42;10/14;3/16;13/16;4/14;2;4;0/1;0/0;0/0;1/1;0;3;6;6;6;6;42/80;38/80;14/42;10/38;28/38;28/42
17/32;15/34;19/34;15/32;34/58;32/51;13/19;10/24;14/24;6/19;0;2;6/7;3/9;6/9;1/7;3;6;9;9;9;9;63/109;46/109;30/51;25/58;33/58;21/51;9/21;6/16;10/16;12/21;16/27;21/30;5/9;2/11;9/11;4/9;0;2;2/3;0/3;3/3;1/3;1;2;5;4;4;5;33/57;24/57;14/30;8/27;19/27;16/30;8/11;9/18;9/18;3/11;18/31;11/21;8/10;8/13;5/13;2/10;0;0;4/4;3/6;3/6;0/4;2;4;4;5;5;4;30/52;22/52;16/21;17/31;14/31;5/21;1;0;1.69;1.82;30.67;22.17;Right-Handed;Left-Handed;https://wtatennis.com/tournament/1023/guangzhou/2019/scores/LS025;;;;;;;;;;;;;;;;;;;;;;;;;;;;
8/28;19/39;20/39;20/28;39/65;28/57;15/29;14/26;12/26;14/29;4;2;2/4;5/8;3/8;2/4;2;7;9;10;10;9;55/122;67/122;23/57;33/65;32/65;34/57;3/17;8/19;11/19;14/17;19/31;17/36;11/19;6/12;6/12;8/19;4;2;1/3;2/4;2/4;2/3;0;4;5;5;5;5;31/67;36/67;14/36;14/31;17/31;22/36;5/11;11/20;9/20;6/11;20/34;11/21;4/10;8/14;6/14;6/10;0;0;1/1;3/4;1/4;0/1;2;3;4;5;5;4;24/55;31/55;9/21;19/34;15/34;12/21;2;1;1.67;1.76;28.75;28.5;Right-Handed;Left-Handed;https://wtatennis.com/tournament/1023/guangzhou/2019/scores/LS028;;;;;;;;;;;;;;;;;;;;;;;;;;;;
11/33;6/30;24/30;22/33;30/55;33/53;14/20;13/25;12/25;6/20;3;3;4/7;1/2;1/2;3/7;5;6;9;9;9;9;61/108;47/108;25/53;19/55;36/55;28/53;7/19;3/14;11/14;12/19;14/29;19/28;5/9;8/15;7/15;4/9;0;3;2/3;1/1;0/1;1/3;2;2;5;5;5;5;30/57;27/57;12/28;11/29;18/29;16/28;4/14;3/16;13/16;10/14;16/26;14/25;9/11;5/10;5/10;2/11;3;0;2/4;0/1;1/1;2/4;3;4;4;4;4;4;31/51;20/51;13/25;8/26;18/26;12/25;2;2;1.63;1.74;30.25;29.25;Right-Handed;Right-Handed;https://wtatennis.com/tournament/1023/guangzhou/2019/scores/LS019;;;;;;;;;;;;;;;;;;;;;;;;;;;;
6/25;13/34;21/34;19/25;34/61;25/56;17/31;16/27;11/27;14/31;0;3;2/4;5/10;5/10;2/4;3;2;9;9;9;9;55/117;62/117;23/56;29/61;32/61;33/56;2/7;8/18;10/18;5/7;18/31;7/20;6/13;9/13;4/13;7/13;0;1;1/1;3/6;3/6;0/1;2;0;4;4;4;4;22/51;29/51;8/20;17/31;14/31;12/20;4/18;5/16;11/16;14/18;16/30;18/36;11/18;7/14;7/14;7/18;0;2;1/3;2/4;2/4;2/3;1;2;5;5;5;5;33/66;33/66;15/36;12/30;18/30;21/36;2;3;1.75;1.77;29.33;34.42;Right-Handed;Right-Handed;https://wtatennis.com/tournament/1023/guangzhou/2019/scores/LS027;;;;;;;;;;;;;;;;;;;;;;;;;;;;
14/43;19/52;33/52;29/43;52/90;43/82;17/39;22/38;16/38;22/39;2;3;3/9;4/12;8/12;6/9;6;5;12;12;12;12;80/172;92/172;31/82;41/90;49/90;51/82;3/17;8/22;14/22;14/17;22/39;17/32;8/15;10/17;7/17;7/15;2;1;1/1;2/5;3/5;0/1;2;2;6;6;6;6;32/71;39/71;11/32;18/39;21/39;21/32;11/26;11/30;19/30;15/26;30/51;26/50;9/24;12/21;9/21;15/24;0;2;2/8;2/7;5/7;6/8;4;3;6;6;6;6;48/101;53/101;20/50;23/51;28/51;30/50;0;1;1.71;1.76;25.5;26.83;Right-Handed;Right-Handed;https://wtatennis.com/tournament/1023/guangzhou/2019/scores/LS030;;;;;;;;;;;;;;;;;;;;;;;;;;;;
16/42;14/43;29/43;26/42;43/59;42/61;13/19;7/16;9/16;6/19;2;3;4/8;1/3;2/3;4/8;3;7;9;9;9;9;67/120;53/120;29/61;21/59;38/59;32/61;8/22;9/24;15/24;14/22;24/28;22/34;7/12;1/4;3/4;5/12;1;1;2/5;1/1;0/1;3/5;1;5;5;5;5;5;33/62;29/62;15/34;10/28;18/28;19/34;8/20;5/19;14/19;12/20;19/31;20/27;6/7;6/12;6/12;1/7;1;2;2/3;0/2;2/2;1/3;2;2;4;4;4;4;34/58;24/58;14/27;11/31;20/31;13/27;2;0;1.70;1.68;24.58;35.25;Right-Handed;Right-Handed;https://wtatennis.com/tournament/1023/guangzhou/2019/scores/LS020;;;;;;;;;;;;;;;;;;;;;;;;;;;;
6/16;10/28;18/28;10/16;28/48;16/36;16/20;11/20;9/20;4/20;3;1;5/10;1/10;9/10;5/10;2;1;6;5;5;6;49/84;35/84;22/36;21/48;27/48;14/36;4/11;6/16;10/16;7/11;16/26;11/24;10/13;4/10;6/10;3/13;1;0;3/5;0/6;6/6;2/5;1;1;4;3;3;4;30/50;20/50;14/24;10/26;16/26;10/24;2/5;4/12;8/12;3/5;12/22;5/12;6/7;7/10;3/10;1/7;2;1;2/5;1/4;3/4;3/5;1;0;2;2;2;2;19/34;15/34;8/12;11/22;11/22;4/12;3;4;1.74;1.84;27.08;24.0;Right-Handed;Right-Handed;https://wtatennis.com/tournament/1023/guangzhou/2019/scores/LS024;;;;;;;;;;;;;;;;;;;;;;;;;;;;
24/41;10/28;18/28;17/41;28/59;41/60;12/19;20/31;11/31;7/19;1;0;7/10;5/6;1/6;3/10;8;5;10;10;10;10;65/119;54/119;36/60;30/59;29/59;24/60;6/17;7/12;5/12;11/17;12/24;17/28;5/11;8/12;4/12;6/11;1;0;1/2;3/4;1/4;1/2;4;3;4;4;4;4;20/52;32/52;11/28;15/24;9/24;17/28;10/13;1/6;5/6;3/13;6/18;13/20;6/7;6/12;6/12;1/7;0;0;4/5;1/1;0/1;1/5;4;1;4;3;3;4;27/38;11/38;16/20;7/18;11/18;4/20;1;1;1.79;1.76;24.75;26.67;Right-Handed;Right-Handed;https://wtatennis.com/tournament/1023/guangzhou/2019/scores/LS018;8/11;2/10;8/10;3/11;10/17;11/12;1/1;6/7;1/7;0/1;0;0;2/3;1/1;0/1;1/3;0;1;2;3;3;2;18/29;11/29;9/12;8/17;9/17;3/12
22/75;30/75;45/75;53/75;75/119;75/133;37/58;21/44;23/44;21/58;1;2;6/18;6/10;4/10;12/18;4;5;17;17;17;17;127/252;125/252;59/133;51/119;68/119;74/133;6/28;7/21;14/21;22/28;21/40;28/45;9/17;8/19;11/19;8/17;0;1;0/5;1/2;1/2;5/5;1;0;6;6;6;6;40/85;45/85;15/45;15/40;25/40;30/45;7/26;11/25;14/25;19/26;25/41;26/52;17/26;7/16;9/16;9/26;1;0;3/8;3/5;2/5;5/8;1;2;6;6;6;6;47/93;46/93;24/52;18/41;23/41;28/52;1;0;1.73;1.70;23.33;26.25;Right-Handed;Right-Handed;https://wtatennis.com/tournament/1023/guangzhou/2019/scores/LS021;9/21;12/29;17/29;12/21;29/38;21/36;11/15;6/9;3/9;4/15;0;1;3/5;2/3;1/3;2/5;2;3;5;5;5;5;40/74;34/74;20/36;18/38;20/38;16/36
;;;;;;;;;;;;;;;;;;;;;;;;;;;;;;;;;;;;;;;;;;;;;;;;;;;;;;;;;;;;;;;;;;;;;;;;;;;;;;;;;;;;1;6;1.86;1.70;33.92;29.33;Right-Handed;Right-Handed;https://wtatennis.com/tournament/1023/guangzhou/2019/scores/LS023;;;;;;;;;;;;;;;;;;;;;;;;;;;;
24/49;19/48;29/48;25/49;48/65;49/70;14/21;9/17;8/17;7/21;1;0;6/13;3/9;6/9;7/13;7;1;10;10;10;10;75/135;60/135;38/70;28/65;37/65;32/70;10/18;7/20;13/20;8/18;20/27;18/31;7/13;5/7;2/7;6/13;0;0;3/6;1/2;1/2;3/6;4;0;4;4;4;4;32/58;26/58;17/31;12/27;15/27;14/31;14/31;12/28;16/28;17/31;28/38;31/39;7/8;4/10;6/10;1/8;1;0;3/7;2/7;5/7;4/7;3;1;6;6;6;6;43/77;34/77;21/39;16/38;22/38;18/39;2;0;1.79;1.63;24.75;30.25;Right-Handed;Right-Handed;https://wtatennis.com/tournament/1023/guangzhou/2019/scores/LS009;;;;;;;;;;;;;;;;;;;;;;;;;;;;
6/31;9/28;19/28;25/31;28/70;31/45;5/14;22/42;20/42;9/14;2;2;1/3;2/7;5/7;2/3;7;0;9;9;9;9;50/115;65/115;11/45;31/70;39/70;34/45;3/18;6/19;13/19;15/18;19/49;18/24;1/6;15/30;15/30;5/6;1;0;0/0;1/4;3/4;0/0;4;0;5;5;5;5;32/73;41/73;4/24;21/49;28/49;20/24;3/13;3/9;6/9;10/13;9/21;13/21;4/8;7/12;5/12;4/8;1;2;1/3;1/3;2/3;2/3;3;0;4;4;4;4;18/42;24/42;7/21;10/21;11/21;14/21;2;1;1.74;1.80;28.75;24.92;Right-Handed;Right-Handed;https://wtatennis.com/tournament/1023/guangzhou/2019/scores/LS008;;;;;;;;;;;;;;;;;;;;;;;;;;;;
13/41;16/44;28/44;28/41;44/80;41/70;16/29;21/36;15/36;13/29;4;2;3/5;5/10;5/10;2/5;6;3;11;11;11;11;72/150;78/150;29/70;37/80;43/80;41/70;5/20;7/21;14/21;15/20;21/37;20/36;11/16;10/16;6/16;5/16;3;1;2/3;3/5;2/5;1/3;2;3;6;6;6;6;36/73;37/73;16/36;17/37;20/37;20/36;8/21;9/23;14/23;13/21;23/43;21/34;5/13;11/20;9/20;8/13;1;1;1/2;2/5;3/5;1/2;4;0;5;5;5;5;36/77;41/77;13/34;20/43;23/43;21/34;4;1;1.80;1.77;35.75;34.42;Right-Handed;Right-Handed;https://wtatennis.com/tournament/1023/guangzhou/2019/scores/LS013;;;;;;;;;;;;;;;;;;;;;;;;;;;;
;;;;;;;;;;;;;;;;;;;;;;;;;;;;;;;;;;;;;;;;;;;;;;;;;;;;;;;;;;;;;;;;;;;;;;;;;;;;;;;;;;;;1;1;1.76;1.77;26.83;37.42;Right-Handed;Right-Handed;https://wtatennis.com/tournament/1023/guangzhou/2019/scores/LS015;;;;;;;;;;;;;;;;;;;;;;;;;;;;
22/57;19/50;31/50;35/57;50/86;57/89;14/32;24/36;12/36;18/32;4;0;4/6;7/9;2/9;2/6;5;3;14;14;14;14;79/175;96/175;36/89;43/86;43/86;53/89;12/25;4/13;9/13;13/25;13/32;25/37;8/12;10/19;9/19;4/12;0;0;3/5;2/2;0/2;2/5;1;1;5;5;5;5;38/69;31/69;20/37;14/32;18/32;17/37;7/20;8/29;21/29;13/20;29/41;20/32;3/12;9/12;3/12;9/12;3;0;1/1;2/4;2/4;0/1;1;0;6;6;6;6;34/73;39/73;10/32;17/41;24/41;22/32;0;2;1.74;1.69;27.08;30.67;Right-Handed;Right-Handed;https://wtatennis.com/tournament/1023/guangzhou/2019/scores/LS012;3/12;7/8;1/8;9/12;8/13;12/20;3/8;5/5;0/5;5/8;1;0;0/0;3/3;0/3;0/0;3;2;3;3;3;3;7/33;26/33;6/20;12/13;1/13;14/20
36/80;22/65;43/65;44/80;65/99;80/117;19/37;20/34;14/34;18/37;0;2;6/15;6/11;5/11;9/15;5;0;16;17;17;16;112/216;104/216;55/117;42/99;57/99;62/117;14/29;7/18;11/18;15/29;18/30;29/37;6/8;4/12;8/12;2/8;0;0;3/5;2/2;0/2;2/5;2;0;6;6;6;6;39/67;28/67;20/37;11/30;19/30;17/37;9/23;7/20;13/20;14/23;20/35;23/33;5/10;12/15;3/15;5/10;0;1;1/4;3/7;4/7;3/4;3;0;4;5;5;4;30/68;38/68;14/33;19/35;16/35;19/33;2;0;1.63;1.70;27.42;29.33;Right-Handed;Right-Handed;https://wtatennis.com/tournament/1023/guangzhou/2019/scores/LS011;13/28;8/27;19/27;15/28;27/34;28/47;8/19;4/7;3/7;11/19;0;1;2/6;1/2;1/2;4/6;0;0;6;6;6;6;43/81;38/81;21/47;12/34;22/34;26/47
14/48;26/70;44/70;34/48;70/126;48/88;23/40;29/56;27/56;17/40;7;3;6/11;5/16;11/16;5/11;8;9;14;15;15;14;108/214;106/214;37/88;55/126;71/126;51/88;1/14;9/22;13/22;13/14;22/41;14/24;8/10;12/19;7/19;2/10;2;2;2/4;3/7;4/7;2/4;3;3;5;5;5;5;29/65;36/65;9/24;21/41;20/41;15/24;6/12;7/16;9/16;6/12;16/31;12/22;8/10;6/15;9/15;2/10;3;0;3/3;1/4;3/4;0/3;1;6;3;4;4;3;32/53;21/53;14/22;13/31;18/31;8/22;0;1;1.76;1.75;28.5;39.17;Left-Handed;Right-Handed;https://wtatennis.com/tournament/1023/guangzhou/2019/scores/LS014;7/22;10/32;22/32;15/22;32/54;22/42;7/20;11/22;11/22;13/20;2;1;1/4;1/5;4/5;3/4;4;0;6;6;6;6;47/96;49/96;14/42;21/54;33/54;28/42
17/38;9/31;22/31;21/38;31/49;38/56;12/18;9/18;9/18;6/18;2;2;5/7;2/3;1/3;2/7;3;2;9;9;9;9;60/105;45/105;29/56;18/49;31/49;27/56;10/24;3/13;10/13;14/24;13/24;24/34;5/10;5/11;6/11;5/10;1;2;2/4;1/1;0/1;2/4;2;2;5;5;5;5;31/58;27/58;15/34;8/24;16/24;19/34;7/14;6/18;12/18;7/14;18/25;14/22;7/8;4/7;3/7;1/8;1;0;3/3;1/2;1/2;0/3;1;0;4;4;4;4;29/47;18/47;14/22;10/25;15/25;8/22;1;0;1.70;1.73;24.58;23.33;Right-Handed;Right-Handed;https://wtatennis.com/tournament/1023/guangzhou/2019/scores/LS010;;;;;;;;;;;;;;;;;;;;;;;;;;;;
17/41;7/40;33/40;24/41;40/61;41/68;17/27;14/21;7/21;10/27;6;1;5/11;1/5;4/5;6/11;6;4;10;9;9;10;74/129;55/129;34/68;21/61;40/61;34/68;9/29;5/27;22/27;20/29;27/46;29/44;10/15;13/19;6/19;5/15;1;1;2/6;1/5;4/5;4/6;6;2;6;6;6;6;47/90;43/90;19/44;18/46;28/46;25/44;8/12;2/13;11/13;4/12;13/15;12/24;7/12;1/2;1/2;5/12;5;0;3/5;0/0;0/0;2/5;0;2;4;3;3;4;27/39;12/39;15/24;3/15;12/15;9/24;2;0;1.70;1.63;24.58;27.42;Right-Handed;Right-Handed;https://wtatennis.com/tournament/1023/guangzhou/2019/scores/LS005;;;;;;;;;;;;;;;;;;;;;;;;;;;;
28/54;32/71;39/71;26/54;71/102;54/96;26/42;22/31;9/31;16/42;0;2;9/18;8/18;10/18;9/18;6;5;14;14;14;14;102/198;96/198;54/96;54/102;48/102;42/96;10/18;7/19;12/19;8/18;19/26;18/41;14/23;6/7;1/7;9/23;0;1;4/8;2/2;0/2;4/8;0;4;5;4;4;5;37/67;30/67;24/41;13/26;13/26;17/41;5/17;11/23;12/23;12/17;23/33;17/27;6/10;7/10;3/10;4/10;0;1;1/6;3/6;3/6;5/6;4;1;4;5;5;4;26/60;34/60;11/27;18/33;15/33;16/27;2;2;1.69;1.77;30.67;34.42;Right-Handed;Right-Handed;https://wtatennis.com/tournament/1023/guangzhou/2019/scores/LS006;13/19;14/29;15/29;6/19;29/43;19/28;6/9;9/14;5/14;3/9;0;0;4/4;3/10;7/10;0/4;2;0;5;5;5;5;39/71;32/71;19/28;23/43;20/43;9/28
15/34;10/40;30/40;19/34;40/73;34/67;17/33;17/33;16/33;16/33;3;3;4/8;2/12;10/12;4/8;4;5;10;10;10;10;78/140;62/140;32/67;27/73;46/73;35/67;8/18;2/13;11/13;10/18;13/22;18/30;7/12;3/9;6/9;5/12;1;2;2/5;0/2;2/2;3/5;0;3;4;4;4;4;32/52;20/52;15/30;5/22;17/22;15/30;7/16;8/27;19/27;9/16;27/51;16/37;10/21;14/24;10/24;11/21;2;1;2/3;2/10;8/10;1/3;4;2;6;6;6;6;46/88;42/88;17/37;22/51;29/51;20/37;1;1;1.75;1.76;39.17;26.83;Right-Handed;Right-Handed;https://wtatennis.com/tournament/1023/guangzhou/2019/scores/LS007;;;;;;;;;;;;;;;;;;;;;;;;;;;;
16/58;23/57;34/57;42/58;57/91;58/97;23/39;23/34;11/34;16/39;4;3;5/8;6/12;6/12;3/8;10;9;15;14;14;15;84/188;104/188;39/97;46/91;45/91;58/97;7/28;9/29;20/29;21/28;29/40;28/43;6/15;7/11;4/11;9/15;3;2;1/3;1/3;2/3;2/3;2;3;6;6;6;6;37/83;46/83;13/43;16/40;24/40;30/43;7/18;5/15;10/15;11/18;15/31;18/27;7/9;11/16;5/16;2/9;1;0;3/4;2/4;2/4;1/4;5;4;5;5;5;5;29/58;29/58;14/27;16/31;15/31;13/27;1;1;1.79;1.70;24.75;24.58;Right-Handed;Right-Handed;https://wtatennis.com/tournament/1023/guangzhou/2019/scores/LS002;2/12;9/13;4/13;10/12;13/20;12/27;10/15;5/7;2/7;5/15;0;1;1/1;3/5;2/5;0/1;3;2;4;3;3;4;18/47;29/47;12/27;14/20;6/20;15/27
17/52;41/83;42/83;35/52;83/109;52/91;23/39;11/26;15/26;16/39;0;7;4/7;5/17;12/17;3/7;5;10;13;14;14;13;97/200;103/200;40/91;52/109;57/109;51/91;3/13;11/28;17/28;10/13;28/31;13/23;8/10;0/3;3/3;2/10;0;2;2/4;0/3;3/3;2/4;0;3;4;4;4;4;31/54;23/54;11/23;11/31;20/31;12/23;9/29;14/33;19/33;20/29;33/46;29/49;12/20;6/13;7/13;8/20;0;5;1/2;1/5;4/5;1/2;2;5;6;6;6;6;47/95;48/95;21/49;20/46;26/46;28/49;1;1;1.69;1.75;30.67;39.17;Right-Handed;Right-Handed;https://wtatennis.com/tournament/1023/guangzhou/2019/scores/LS003;5/10;16/22;6/22;5/10;22/32;10/19;3/9;5/10;5/10;6/9;0;0;1/1;4/9;5/9;0/1;3;2;3;4;4;3;19/51;32/51;8/19;21/32;11/32;11/19
16/55;15/58;43/58;39/55;58/104;55/95;23/40;23/46;23/46;17/40;4;9;5/10;2/7;5/7;5/10;5;4;15;15;15;15;105/199;94/199;39/95;38/104;66/104;56/95;5/23;6/23;17/23;18/23;23/45;23/43;11/20;12/22;10/22;9/20;2;2;1/2;1/4;3/4;1/2;2;1;6;6;6;6;43/88;45/88;16/43;18/45;27/45;27/43;5/17;6/19;13/19;12/17;19/35;17/26;5/9;8/16;8/16;4/9;0;4;2/4;1/2;1/2;2/4;2;0;5;5;5;5;31/61;30/61;10/26;14/35;21/35;16/26;1;2;1.70;1.75;24.58;39.17;Right-Handed;Right-Handed;https://wtatennis.com/tournament/1023/guangzhou/2019/scores/LS001;6/15;3/16;13/16;9/15;16/24;15/26;7/11;3/8;5/8;4/11;2;3;2/4;0/1;1/1;2/4;1;3;4;4;4;4;31/50;19/50;13/26;6/24;18/24;13/26
