match_1st Return Points Won_player_1;match_1st Return Points Won_player_2;match_1st Serve Points Won_player_1;match_1st Serve Points Won_player_2;match_1st Serve_player_1;match_1st Serve_player_2;match_2nd Return Points Won_player_1;match_2nd Return Points Won_player_2;match_2nd Serve Points Won_player_1;match_2nd Serve Points Won_player_2;match_Aces_player_1;match_Aces_player_2;match_Break Points Converted_player_1;match_Break Points Converted_player_2;match_Break Points Saved_player_1;match_Break Points Saved_player_2;match_Double Faults_player_1;match_Double Faults_player_2;match_Return Games Played_player_1;match_Return Games Played_player_2;match_Service Games Played_player_1;match_Service Games Played_player_2;match_Total Points Won_player_1;match_Total Points Won_player_2;match_Total Return Points Won_player_1;match_Total Return Points Won_player_2;match_Total Service Points Won_player_1;match_Total Service Points Won_player_2;set1_1st Return Points Won_player_1;set1_1st Return Points Won_player_2;set1_1st Serve Points Won_player_1;set1_1st Serve Points Won_player_2;set1_1st Serve_player_1;set1_1st Serve_player_2;set1_2nd Return Points Won_player_1;set1_2nd Return Points Won_player_2;set1_2nd Serve Points Won_player_1;set1_2nd Serve Points Won_player_2;set1_Aces_player_1;set1_Aces_player_2;set1_Break Points Converted_player_1;set1_Break Points Converted_player_2;set1_Break Points Saved_player_1;set1_Break Points Saved_player_2;set1_Double Faults_player_1;set1_Double Faults_player_2;set1_Return Games Played_player_1;set1_Return Games Played_player_2;set1_Service Games Played_player_1;set1_Service Games Played_player_2;set1_Total Points Won_player_1;set1_Total Points Won_player_2;set1_Total Return Points Won_player_1;set1_Total Return Points Won_player_2;set1_Total Service Points Won_player_1;set1_Total Service Points Won_player_2;set2_1st Return Points Won_player_1;set2_1st Return Points Won_player_2;set2_1st Serve Points Won_player_1;set2_1st Serve Points Won_player_2;set2_1st Serve_player_1;set2_1st Serve_player_2;set2_2nd Return Points Won_player_1;set2_2nd Return Points Won_player_2;set2_2nd Serve Points Won_player_1;set2_2nd Serve Points Won_player_2;set2_Aces_player_1;set2_Aces_player_2;set2_Break Points Converted_player_1;set2_Break Points Converted_player_2;set2_Break Points Saved_player_1;set2_Break Points Saved_player_2;set2_Double Faults_player_1;set2_Double Faults_player_2;set2_Return Games Played_player_1;set2_Return Games Played_player_2;set2_Service Games Played_player_1;set2_Service Games Played_player_2;set2_Total Points Won_player_1;set2_Total Points Won_player_2;set2_Total Return Points Won_player_1;set2_Total Return Points Won_player_2;set2_Total Service Points Won_player_1;set2_Total Service Points Won_player_2;h2h_wins_player_1;h2h_wins_player_2;Height_player_1;Height_player_2;Date of Birth_player_1;Date of Birth_player_2;Plays_player_1;Plays_player_2;url_match_stats;set3_1st Return Points Won_player_1;set3_1st Return Points Won_player_2;set3_1st Serve Points Won_player_1;set3_1st Serve Points Won_player_2;set3_1st Serve_player_1;set3_1st Serve_player_2;set3_2nd Return Points Won_player_1;set3_2nd Return Points Won_player_2;set3_2nd Serve Points Won_player_1;set3_2nd Serve Points Won_player_2;set3_Aces_player_1;set3_Aces_player_2;set3_Break Points Converted_player_1;set3_Break Points Converted_player_2;set3_Break Points Saved_player_1;set3_Break Points Saved_player_2;set3_Double Faults_player_1;set3_Double Faults_player_2;set3_Return Games Played_player_1;set3_Return Games Played_player_2;set3_Service Games Played_player_1;set3_Service Games Played_player_2;set3_Total Points Won_player_1;set3_Total Points Won_player_2;set3_Total Return Points Won_player_1;set3_Total Return Points Won_player_2;set3_Total Service Points Won_player_1;set3_Total Service Points Won_player_2
12/45;20/45;25/45;33/45;45/74;45/75;12/30;10/29;19/29;18/30;4;6;0/9;2/11;9/11;9/9;1;3;10;9;9;10;68/149;81/149;24/75;30/74;44/74;51/75;5/19;10/20;10/20;14/19;20/35;19/34;5/15;5/15;10/15;10/15;1;3;0/3;1/8;7/8;3/3;1;1;5;4;4;5;30/69;39/69;10/34;15/35;20/35;24/34;7/26;10/25;15/25;19/26;25/39;26/41;7/15;5/14;9/14;8/15;3;3;0/6;1/3;2/3;6/6;0;2;5;5;5;5;38/80;42/80;14/41;15/39;24/39;27/41;0;2;;1.80;31.75;24.83;N/A;Right-Handed;https://wtatennis.com/tournament/1039/monterrey/2018/scores/RS031;;;;;;;;;;;;;;;;;;;;;;;;;;;;
15/31;10/33;23/33;16/31;33/43;31/51;16/20;6/10;4/10;4/20;3;0;6/12;2/2;0/2;6/12;0;5;8;8;8;8;58/94;36/94;31/51;16/43;27/43;20/51;7/14;1/12;11/12;7/14;12/15;14/28;11/14;2/3;1/3;3/14;3;0;3/7;0/0;0/0;4/7;0;3;4;3;3;4;30/43;13/43;18/28;3/15;12/15;10/28;8/17;9/21;12/21;9/17;21/28;17/23;5/6;4/7;3/7;1/6;0;0;3/5;2/2;0/2;2/5;0;2;4;5;5;4;28/51;23/51;13/23;13/28;15/28;10/23;1;0;1.72;;25.58;31.17;Right-Handed;N/A;https://wtatennis.com/tournament/1039/monterrey/2018/scores/RS030;;;;;;;;;;;;;;;;;;;;;;;;;;;;
6/30;22/37;15/37;24/30;37/50;30/39;4/9;7/13;6/13;5/9;1;3;0/0;5/10;5/10;0/0;1;2;7;7;7;7;31/89;58/89;10/39;29/50;21/50;29/39;4/12;9/14;5/14;8/12;14/21;12/18;2/6;5/7;2/7;4/6;0;1;0/0;3/5;2/5;0/0;1;1;3;3;3;3;13/39;26/39;6/18;14/21;7/21;12/18;2/18;13/23;10/23;16/18;23/29;18/21;2/3;2/6;4/6;1/3;1;2;0/0;2/5;3/5;0/0;0;1;4;4;4;4;18/50;32/50;4/21;15/29;14/29;17/21;0;1;1.70;;30.25;28.58;Right-Handed;N/A;https://wtatennis.com/tournament/1039/monterrey/2018/scores/RS029;;;;;;;;;;;;;;;;;;;;;;;;;;;;
18/46;16/49;33/49;28/46;49/83;46/79;16/33;16/34;18/34;17/33;4;2;6/10;3/6;3/6;4/10;0;4;15;14;14;15;85/162;77/162;34/79;32/83;51/83;45/79;7/18;12/24;12/24;11/18;24/39;18/31;5/13;9/15;6/15;8/13;2;1;2/5;3/5;2/5;3/5;0;1;6;6;6;6;30/70;40/70;12/31;21/39;18/39;19/31;3/14;3/13;10/13;11/14;13/23;14/26;8/12;3/10;7/10;4/12;0;0;2/2;0/1;1/1;0/2;0;2;5;4;4;5;28/49;21/49;11/26;6/23;17/23;15/26;1;0;1.83;1.67;29.0;32.33;Right-Handed;Right-Handed;https://wtatennis.com/tournament/1039/monterrey/2018/scores/RS022;8/14;1/12;11/12;6/14;12/21;14/22;3/8;4/9;5/9;5/8;2;1;2/3;0/0;0/0;1/3;0;1;4;4;4;4;27/43;16/43;11/22;5/21;16/21;11/22
12/25;9/32;23/32;13/25;32/50;25/45;11/20;7/18;11/18;9/20;2;1;4/4;1/3;2/3;0/4;3;2;8;9;9;8;57/95;38/95;23/45;16/50;34/50;22/45;5/13;4/16;12/16;8/13;16/23;13/22;6/9;3/7;4/7;3/9;2;0;2/2;0/0;0/0;0/2;1;1;4;4;4;4;27/45;18/45;11/22;7/23;16/23;11/22;7/12;5/16;11/16;5/12;16/27;12/23;5/11;4/11;7/11;6/11;0;1;2/2;1/3;2/3;0/2;2;1;4;5;5;4;30/50;20/50;12/23;9/27;18/27;11/23;1;0;1.56;;28.5;29.17;Right-Handed;N/A;https://wtatennis.com/tournament/1039/monterrey/2018/scores/RS020;;;;;;;;;;;;;;;;;;;;;;;;;;;;
24/60;17/52;35/52;36/60;52/83;60/106;25/46;20/31;11/31;21/46;0;0;6/17;6/10;4/10;11/17;12;7;15;15;15;15;95/189;94/189;49/106;37/83;46/83;57/106;6/15;7/17;10/17;9/15;17/30;15/30;8/15;8/13;5/13;7/15;0;0;2/3;3/6;3/6;1/3;4;3;5;5;5;5;29/60;31/60;14/30;15/30;15/30;16/30;6/16;3/15;12/15;10/16;15/20;16/27;7/11;1/5;4/5;4/11;0;0;2/3;0/0;0/0;1/3;0;2;4;4;4;4;29/47;18/47;13/27;4/20;16/20;14/27;0;1;1.70;1.57;26.33;30.25;Right-Handed;Right-Handed;https://wtatennis.com/tournament/1039/monterrey/2018/scores/RS021;12/29;7/20;13/20;17/29;20/33;29/49;10/20;11/13;2/13;10/20;0;0;2/11;3/4;1/4;9/11;8;2;6;6;6;6;37/82;45/82;22/49;18/33;15/33;27/49
10/27;9/29;20/29;17/27;29/54;27/56;18/29;9/25;16/25;11/29;4;0;4/7;1/6;5/6;3/7;3;9;8;9;9;8;64/110;46/110;28/56;18/54;36/54;28/56;6/17;5/16;11/16;11/17;16/29;17/32;10/15;6/13;7/13;5/15;2;0;2/3;1/5;4/5;1/3;3;5;4;5;5;4;34/61;27/61;16/32;11/29;18/29;16/32;4/10;4/13;9/13;6/10;13/25;10/24;8/14;3/12;9/12;6/14;2;0;2/4;0/1;1/1;2/4;0;4;4;4;4;4;30/49;19/49;12/24;7/25;18/25;12/24;2;1;1.68;;28.25;32.0;Right-Handed;Right-Handed;https://wtatennis.com/tournament/1039/monterrey/2018/scores/RS028;;;;;;;;;;;;;;;;;;;;;;;;;;;;
9/30;15/32;17/32;21/30;32/58;30/51;7/21;17/26;9/26;14/21;2;2;2/3;5/11;6/11;1/3;6;3;9;8;8;9;42/109;67/109;16/51;32/58;26/58;35/51;3/12;4/11;7/11;9/12;11/23;12/19;0/7;8/12;4/12;7/7;1;1;0/0;2/3;1/3;0/0;2;0;4;4;4;4;14/42;28/42;3/19;12/23;11/23;16/19;6/18;11/21;10/21;12/18;21/35;18/32;7/14;9/14;5/14;7/14;1;1;2/3;3/8;5/8;1/3;4;3;5;4;4;5;28/67;39/67;13/32;20/35;15/35;19/32;2;1;1.7;1.70;28.08;32.17;Left-Handed;Right-Handed;https://wtatennis.com/tournament/1039/monterrey/2018/scores/RS023;;;;;;;;;;;;;;;;;;;;;;;;;;;;
23/45;20/48;28/48;22/45;48/82;45/63;15/18;20/34;14/34;3/18;0;1;8/10;6/9;3/9;2/10;3;4;11;12;12;11;80/145;65/145;38/63;40/82;42/82;25/63;11/17;9/16;7/16;6/17;16/23;17/25;7/8;2/7;5/7;1/8;0;0;4/4;2/2;0/2;0/4;0;2;4;4;4;4;30/48;18/48;18/25;11/23;12/23;7/25;5/17;6/15;9/15;12/17;15/27;17/22;3/5;9/12;3/12;2/5;0;0;1/1;3/4;1/4;0/1;3;1;4;4;4;4;20/49;29/49;8/22;15/27;12/27;14/22;2;0;1.63;1.60;27.42;29.17;Right-Handed;Right-Handed;https://wtatennis.com/tournament/1039/monterrey/2018/scores/RS024;7/11;5/17;12/17;4/11;17/32;11/16;5/5;9/15;6/15;0/5;0;1;3/5;1/3;2/3;2/5;0;1;3;4;4;3;30/48;18/48;12/16;14/32;18/32;4/16
24/63;10/41;31/41;39/63;41/86;63/93;17/30;23/45;22/45;13/30;2;2;5/10;4/10;6/10;5/10;3;7;14;14;14;14;94/179;85/179;41/93;33/86;53/86;52/93;10/21;2/9;7/9;11/21;9/26;21/33;7/12;6/17;11/17;5/12;1;1;2/6;1/1;0/1;4/6;1;3;4;5;5;4;35/59;24/59;17/33;8/26;18/26;16/33;6/20;3/15;12/15;14/20;15/28;20/28;4/8;11/13;2/13;4/8;1;0;1/1;2/7;5/7;0/1;2;1;5;4;4;5;24/56;32/56;10/28;14/28;14/28;18/28;1;0;1.80;;29.67;28.17;Right-Handed;N/A;https://wtatennis.com/tournament/1039/monterrey/2018/scores/RS026;8/22;5/17;12/17;14/22;17/32;22/32;6/10;6/15;9/15;4/10;0;1;2/3;1/2;1/2;1/3;0;3;5;5;5;5;35/64;29/64;14/32;11/32;21/32;18/32
39/87;46/99;53/99;48/87;99/137;87/124;22/37;23/38;15/38;15/37;1;0;8/17;8/18;10/18;9/17;6;8;16;16;16;16;129/261;132/261;61/124;69/137;68/137;63/124;13/36;15/36;21/36;23/36;36/54;36/48;10/12;13/18;5/18;2/12;0;0;3/4;3/5;2/5;1/4;4;5;6;6;6;6;49/102;53/102;23/48;28/54;26/54;25/48;12/23;13/27;14/27;11/23;27/37;23/36;7/13;5/10;5/10;6/13;0;0;3/6;2/3;1/3;3/6;2;2;5;5;5;5;38/73;35/73;19/36;18/37;19/37;17/36;0;1;;1.62;31.08;30.58;N/A;Right-Handed;https://wtatennis.com/tournament/1039/monterrey/2018/scores/RS025;14/28;18/36;18/36;14/28;36/46;28/40;5/12;5/10;5/10;7/12;1;0;2/7;3/10;7/10;5/7;0;1;5;5;5;5;42/86;44/86;19/40;23/46;23/46;21/40
26/55;12/32;20/32;29/55;32/50;55/75;15/20;7/18;11/18;5/20;0;3;6/18;3/6;3/6;12/18;2;6;10;9;9;10;72/125;53/125;41/75;19/50;31/50;34/75;9/25;4/15;11/15;16/25;15/21;25/35;7/10;1/6;5/6;3/10;0;2;2/7;0/0;0/0;5/7;0;2;5;4;4;5;32/56;24/56;16/35;5/21;16/21;19/35;17/30;8/17;9/17;13/30;17/29;30/40;8/10;6/12;6/12;2/10;0;1;4/11;3/6;3/6;7/11;2;4;5;5;5;5;40/69;29/69;25/40;14/29;15/29;15/40;1;1;1.65;1.68;24.58;25.5;Right-Handed;Right-Handed;https://wtatennis.com/tournament/1039/monterrey/2018/scores/RS027;;;;;;;;;;;;;;;;;;;;;;;;;;;;
8/39;24/58;34/58;31/39;58/88;39/61;11/22;15/30;15/30;11/22;5;4;2/2;5/14;9/14;0/2;5;5;12;13;13;12;68/149;81/149;19/61;39/88;49/88;42/61;3/12;5/16;11/16;9/12;16/27;12/20;7/8;4/11;7/11;1/8;3;0;2/2;1/1;0/1;0/2;0;3;4;5;5;4;28/47;19/47;10/20;9/27;18/27;10/20;1/11;6/13;7/13;10/11;13/21;11/19;2/8;5/8;3/8;6/8;1;1;0/0;2/6;4/6;0/0;2;2;4;3;3;4;13/40;27/40;3/19;11/21;10/21;16/19;0;1;1.73;1.73;24.33;28.58;Left-Handed;Right-Handed;https://wtatennis.com/tournament/1039/monterrey/2018/scores/RS018;4/16;13/29;16/29;12/16;29/40;16/22;2/6;6/11;5/11;4/6;1;3;0/0;2/7;5/7;0/0;3;0;4;5;5;4;27/62;35/62;6/22;19/40;21/40;16/22
23/73;21/50;29/50;50/73;50/93;73/122;30/49;22/43;21/43;19/49;3;9;4/9;6/9;3/9;5/9;8;5;16;15;15;16;103/215;112/215;53/122;43/93;50/93;69/122;10/30;11/22;11/22;20/30;22/39;30/54;16/24;7/17;10/17;8/24;0;2;2/4;2/3;1/3;2/4;3;4;6;6;6;6;47/93;46/93;26/54;18/39;21/39;28/54;7/25;6/21;15/21;18/25;21/38;25/41;11/16;9/17;8/17;5/16;3;2;2/4;2/3;1/3;2/4;3;1;6;6;6;6;41/79;38/79;18/41;15/38;23/38;23/41;1;1;1.78;1.78;28.75;25.08;Left-Handed;Right-Handed;https://wtatennis.com/tournament/1039/monterrey/2018/scores/RS016;6/18;4/7;3/7;12/18;7/16;18/27;3/9;6/9;3/9;6/9;0;5;0/1;2/3;1/3;1/1;2;0;4;3;3;4;15/43;28/43;9/27;10/16;6/16;18/27
2/23;17/43;26/43;21/23;43/66;23/44;6/21;13/23;10/23;15/21;1;7;0/0;3/7;4/7;0/0;6;2;9;9;9;9;44/110;66/110;8/44;30/66;36/66;36/44;1/10;9/21;12/21;9/10;21/37;10/19;2/9;9/16;7/16;7/9;1;3;0/0;2/5;3/5;0/0;3;1;4;5;5;4;22/56;34/56;3/19;18/37;19/37;16/19;1/13;8/22;14/22;12/13;22/29;13/25;4/12;4/7;3/7;8/12;0;4;0/0;1/2;1/2;0/0;3;1;5;4;4;5;22/54;32/54;5/25;12/29;17/29;20/25;0;2;;1.74;30.17;32.42;Right-Handed;Right-Handed;https://wtatennis.com/tournament/1039/monterrey/2018/scores/RS019;;;;;;;;;;;;;;;;;;;;;;;;;;;;
10/32;19/36;17/36;22/32;36/50;32/45;5/13;10/14;4/14;8/13;1;0;1/3;5/12;7/12;2/3;3;1;8;7;7;8;36/95;59/95;15/45;29/50;21/50;30/45;7/16;7/11;4/11;9/16;11/17;16/23;2/7;6/6;0/6;5/7;1;0;1/3;3/5;2/5;2/3;2;0;4;3;3;4;13/40;27/40;9/23;13/17;4/17;14/23;3/16;12/25;13/25;13/16;25/33;16/22;3/6;4/8;4/8;3/6;0;0;0/0;2/7;5/7;0/0;1;1;4;4;4;4;23/55;32/55;6/22;16/33;17/33;16/22;0;2;1.72;1.80;25.58;24.83;Right-Handed;Right-Handed;https://wtatennis.com/tournament/1039/monterrey/2018/scores/RS015;;;;;;;;;;;;;;;;;;;;;;;;;;;;
12/44;19/52;33/52;32/44;52/71;44/79;17/35;7/19;12/19;18/35;4;4;2/3;3/4;1/4;1/3;2;3;11;11;11;11;74/150;76/150;29/79;26/71;45/71;50/79;7/24;10/24;14/24;17/24;24/31;24/32;6/8;3/7;4/7;2/8;2;2;1/2;2/2;0/2;1/2;1;1;5;5;5;5;31/63;32/63;13/32;13/31;18/31;19/32;5/20;9/28;19/28;15/20;28/40;20/47;11/27;4/12;8/12;16/27;2;2;1/1;1/2;1/2;0/1;1;2;6;6;6;6;43/87;44/87;16/47;13/40;27/40;31/47;0;2;1.83;1.70;29.0;32.17;Right-Handed;Right-Handed;https://wtatennis.com/tournament/1039/monterrey/2018/scores/RS011;;;;;;;;;;;;;;;;;;;;;;;;;;;;
8/34;20/40;20/40;26/34;40/67;34/51;7/17;15/27;12/27;10/17;1;2;1/2;5/10;5/10;1/2;8;2;9;9;9;9;47/118;71/118;15/51;35/67;32/67;36/51;6/22;10/29;19/29;16/22;29/47;22/35;5/13;11/18;7/18;8/13;1;2;1/2;2/4;2/4;1/2;6;2;6;6;6;6;37/82;45/82;11/35;21/47;26/47;24/35;2/12;10/11;1/11;10/12;11/20;12/16;2/4;4/9;5/9;2/4;0;0;0/0;3/6;3/6;0/0;2;0;3;3;3;3;10/36;26/36;4/16;14/20;6/20;12/16;0;2;1.73;1.74;28.58;32.42;Right-Handed;Right-Handed;https://wtatennis.com/tournament/1039/monterrey/2018/scores/RS009;;;;;;;;;;;;;;;;;;;;;;;;;;;;
19/53;14/32;18/32;34/53;32/61;53/80;13/27;17/29;12/29;14/27;2;1;1/9;5/9;4/9;8/9;2;7;9;10;10;9;62/141;79/141;32/80;31/61;30/61;48/80;11/37;6/17;11/17;26/37;17/32;37/56;12/19;8/15;7/15;7/19;1;1;1/8;2/3;1/3;7/8;2;6;6;6;6;6;41/88;47/88;23/56;14/32;18/32;33/56;8/16;8/15;7/15;8/16;15/29;16/24;1/8;9/14;5/14;7/8;1;0;0/1;3/6;3/6;1/1;0;1;3;4;4;3;21/53;32/53;9/24;17/29;12/29;15/24;0;1;1.80;1.65;29.67;24.58;Right-Handed;Right-Handed;https://wtatennis.com/tournament/1039/monterrey/2018/scores/RS013;;;;;;;;;;;;;;;;;;;;;;;;;;;;
16/22;3/16;13/16;6/22;16/32;22/31;8/9;4/16;12/16;1/9;5;0;6/7;0/1;1/1;1/7;1;2;6;6;6;6;49/63;14/63;24/31;7/32;25/32;7/31;7/11;3/9;6/9;4/11;9/18;11/17;5/6;2/9;7/9;1/6;1;0;3/4;0/1;1/1;1/4;0;1;3;3;3;3;25/35;10/35;12/17;5/18;13/18;5/17;9/11;0/7;7/7;2/11;7/14;11/14;3/3;2/7;5/7;0/3;4;0;3/3;0/0;0/0;0/3;1;1;3;3;3;3;24/28;4/28;12/14;2/14;12/14;2/14;1;0;1.63;1.62;27.42;30.58;Right-Handed;Right-Handed;https://wtatennis.com/tournament/1039/monterrey/2018/scores/RS012;;;;;;;;;;;;;;;;;;;;;;;;;;;;
13/37;15/41;26/41;24/37;41/72;37/86;22/49;18/31;13/31;27/49;3;3;3/11;4/9;5/9;8/11;3;6;11;10;10;11;74/158;84/158;35/86;33/72;39/72;51/86;11/24;10/27;17/27;13/24;27/45;24/48;10/24;10/18;8/18;14/24;2;1;2/7;2/5;3/5;5/7;2;3;6;6;6;6;46/93;47/93;21/48;20/45;25/45;27/48;2/13;5/14;9/14;11/13;14/27;13/38;12/25;8/13;5/13;13/25;1;2;1/4;2/4;2/4;3/4;1;3;5;4;4;5;28/65;37/65;14/38;13/27;14/27;24/38;2;1;1.64;1.64;25.08;26.33;Right-Handed;Right-Handed;https://wtatennis.com/tournament/1039/monterrey/2018/scores/RS008;;;;;;;;;;;;;;;;;;;;;;;;;;;;
26/64;31/78;47/78;38/64;78/105;64/101;14/37;15/27;12/27;23/37;1;4;4/8;6/11;5/11;4/8;1;1;16;16;16;16;99/206;107/206;40/101;46/105;59/105;61/101;8/16;10/18;8/18;8/16;18/23;16/27;2/11;3/5;2/5;9/11;0;1;1/1;3/4;1/4;0/1;0;0;4;4;4;4;20/50;30/50;10/27;13/23;10/23;17/27;12/27;14/37;23/37;15/27;37/49;27/39;7/12;6/12;6/12;5/12;0;1;2/6;1/5;4/5;4/6;1;1;6;6;6;6;48/88;40/88;19/39;20/49;29/49;20/39;0;1;;1.80;28.58;24.83;N/A;Right-Handed;https://wtatennis.com/tournament/1039/monterrey/2018/scores/RS007;6/21;7/23;16/23;15/21;23/33;21/35;5/14;6/10;4/10;9/14;1;2;1/1;2/2;0/2;0/1;0;0;6;6;6;6;31/68;37/68;11/35;13/33;20/33;24/35
9/35;23/48;25/48;26/35;48/73;35/55;8/20;14/25;11/25;12/20;0;0;2/4;5/13;8/13;2/4;3;2;10;10;10;10;53/128;75/128;17/55;37/73;36/73;38/55;3/12;11/19;8/19;9/12;19/26;12/21;3/9;5/7;2/7;6/9;0;0;1/3;3/5;2/5;2/3;2;1;4;4;4;4;16/47;31/47;6/21;16/26;10/26;15/21;6/23;12/29;17/29;17/23;29/47;23/34;5/11;9/18;9/18;6/11;0;0;1/1;2/8;6/8;0/1;1;1;6;6;6;6;37/81;44/81;11/34;21/47;26/47;23/34;0;1;1.57;1.70;30.25;32.17;Right-Handed;Right-Handed;https://wtatennis.com/tournament/1039/monterrey/2018/scores/RS005;;;;;;;;;;;;;;;;;;;;;;;;;;;;
14/27;10/34;24/34;13/27;34/51;27/45;9/18;6/17;11/17;9/18;1;2;4/6;0/0;0/0;2/6;2;3;8;8;8;8;58/96;38/96;23/45;16/51;35/51;22/45;8/14;7/17;10/17;6/14;17/27;14/24;5/10;2/10;8/10;5/10;1;1;2/3;0/0;0/0;1/3;0;2;4;4;4;4;31/51;20/51;13/24;9/27;18/27;11/24;6/13;3/17;14/17;7/13;17/24;13/21;4/8;4/7;3/7;4/8;0;1;2/3;0/0;0/0;1/3;2;1;4;4;4;4;27/45;18/45;10/21;7/24;17/24;11/21;3;2;1.64;1.74;26.33;32.42;Right-Handed;Right-Handed;https://wtatennis.com/tournament/1039/monterrey/2018/scores/RS004;;;;;;;;;;;;;;;;;;;;;;;;;;;;
21/52;25/49;24/49;31/52;49/85;52/78;13/26;25/36;11/36;13/26;0;1;5/10;9/15;6/15;5/10;4;3;13;13;13;13;69/163;94/163;34/78;50/85;35/85;44/78;2/10;7/13;6/13;8/10;13/25;10/18;4/8;9/12;3/12;4/8;0;1;0/0;3/3;0/3;0/0;2;1;3;4;4;3;15/43;28/43;6/18;16/25;9/25;12/18;12/25;9/21;12/21;13/25;21/39;25/35;6/10;11/18;7/18;4/10;0;0;4/5;3/7;4/7;1/5;2;2;6;6;6;6;37/74;37/74;18/35;20/39;19/39;17/35;1;1;1.63;1.65;27.42;24.58;Right-Handed;Right-Handed;https://wtatennis.com/tournament/1039/monterrey/2018/scores/RS006;7/17;9/15;6/15;10/17;15/21;17/25;3/8;5/6;1/6;5/8;0;0;1/5;3/5;2/5;4/5;0;0;4;3;3;4;17/46;29/46;10/25;14/21;7/21;15/25
6/29;24/53;29/53;23/29;53/78;29/52;12/23;15/25;10/25;11/23;1;5;2/3;5/7;2/7;1/3;5;4;9;10;10;9;57/130;73/130;18/52;39/78;39/78;34/52;2/12;10/24;14/24;10/12;24/35;12/26;6/14;6/11;5/11;8/14;0;4;1/2;2/4;2/4;1/2;1;1;5;5;5;5;27/61;34/61;8/26;16/35;19/35;18/26;4/17;14/29;15/29;13/17;29/43;17/26;6/9;9/14;5/14;3/9;1;1;1/1;3/3;0/3;0/1;4;3;4;5;5;4;30/69;39/69;10/26;23/43;20/43;16/26;0;1;1.63;1.80;29.17;34.67;Right-Handed;Right-Handed;https://wtatennis.com/tournament/1039/monterrey/2018/scores/LS031;;;;;;;;;;;;;;;;;;;;;;;;;;;;
34/80;28/76;48/76;46/80;76/106;80/115;21/35;19/30;11/30;14/35;6;3;7/17;5/9;4/9;10/17;11;5;16;16;16;16;114/221;107/221;55/115;47/106;59/106;60/115;18/31;15/25;10/25;13/31;25/38;31/39;4/8;8/13;5/13;4/8;1;3;4/6;4/4;0/4;2/6;5;0;6;6;6;6;37/77;40/77;22/39;23/38;15/38;17/39;7/24;8/26;18/26;17/24;26/37;24/36;9/12;7/11;4/11;3/12;3;0;2/5;1/4;3/4;3/5;5;4;5;5;5;5;38/73;35/73;16/36;15/37;22/37;20/36;1;1;1.74;1.63;34.0;28.5;Right-Handed;Right-Handed;https://wtatennis.com/tournament/1039/monterrey/2018/scores/LS020;9/25;5/25;20/25;16/25;25/31;25/40;8/15;4/6;2/6;7/15;2;0;1/6;0/1;1/1;5/6;1;1;5;5;5;5;39/71;32/71;17/40;9/31;22/31;23/40
15/51;34/76;42/76;36/51;76/106;51/85;16/34;15/30;15/30;18/34;1;10;3/5;5/10;5/10;2/5;4;3;14;15;15;14;88/191;103/191;31/85;49/106;57/106;54/85;7/14;7/21;14/21;7/14;21/35;14/26;4/12;7/14;7/14;8/12;1;1;2/2;1/4;3/4;0/2;1;1;5;5;5;5;32/61;29/61;11/26;14/35;21/35;15/26;3/14;9/17;8/17;11/14;17/24;14/17;1/3;6/7;1/7;2/3;0;3;0/0;3/3;0/3;0/0;2;1;3;4;4;3;13/41;28/41;4/17;15/24;9/24;13/17;0;4;1.76;1.80;28.75;30.08;Right-Handed;Right-Handed;https://wtatennis.com/tournament/1039/monterrey/2018/scores/LS019;5/23;18/38;20/38;18/23;38/47;23/42;11/19;2/9;7/9;8/19;0;6;1/3;1/3;2/3;2/3;1;1;6;6;6;6;43/89;46/89;16/42;20/47;27/47;26/42
11/28;12/37;25/37;17/28;37/71;28/55;16/27;14/34;20/34;11/27;0;0;4/10;1/7;6/7;6/10;7;2;8;9;9;8;72/126;54/126;27/55;26/71;45/71;28/55;8/14;4/16;12/16;6/14;16/30;14/20;5/6;8/14;6/14;1/6;0;0;3/4;1/6;5/6;1/4;3;2;3;4;4;3;31/50;19/50;13/20;12/30;18/30;7/20;3/14;8/21;13/21;11/14;21/41;14/35;11/21;6/20;14/20;10/21;0;0;1/6;0/1;1/1;5/6;4;0;5;5;5;5;41/76;35/76;14/35;14/41;27/41;21/35;1;0;1.63;1.63;28.08;33.08;Right-Handed;Right-Handed;https://wtatennis.com/tournament/1039/monterrey/2018/scores/LS028;;;;;;;;;;;;;;;;;;;;;;;;;;;;
12/39;22/44;22/44;27/39;44/61;39/62;15/23;11/17;6/17;8/23;2;4;3/8;6/10;4/10;5/8;4;2;9;9;9;9;55/123;68/123;27/62;33/61;28/61;35/62;3/14;7/13;6/13;11/14;13/18;14/19;2/5;5/5;0/5;3/5;0;2;0/0;3/4;1/4;0/0;1;0;3;3;3;3;11/37;26/37;5/19;12/18;6/18;14/19;9/25;15/31;16/31;16/25;31/43;25/43;13/18;6/12;6/12;5/18;2;2;3/8;3/6;3/6;5/8;3;2;6;6;6;6;44/86;42/86;22/43;21/43;22/43;21/43;0;2;1.70;1.75;34.33;32.92;Right-Handed;Right-Handed;https://wtatennis.com/tournament/1039/monterrey/2018/scores/LS017;;;;;;;;;;;;;;;;;;;;;;;;;;;;
22/59;35/81;46/81;37/59;81/108;59/104;22/45;14/27;13/27;23/45;6;8;6/12;6/18;12/18;6/12;4;2;16;16;16;16;103/212;109/212;44/104;49/108;59/108;60/104;7/18;8/21;13/21;11/18;21/29;18/25;6/7;4/8;4/8;1/7;2;2;3/3;2/4;2/4;0/3;1;1;5;5;5;5;30/54;24/54;13/25;12/29;17/29;12/25;5/19;9/20;11/20;14/19;20/26;19/30;6/11;3/6;3/6;5/11;0;3;1/1;2/3;1/3;0/1;1;1;5;5;5;5;25/56;31/56;11/30;12/26;14/26;19/30;0;3;;1.71;28.08;30.5;N/A;Right-Handed;https://wtatennis.com/tournament/1039/monterrey/2018/scores/LS023;10/22;18/40;22/40;12/22;40/53;22/49;10/27;7/13;6/13;17/27;4;3;2/8;2/11;9/11;6/8;2;0;6;6;6;6;48/102;54/102;20/49;25/53;28/53;29/49
20/30;5/28;23/28;10/30;28/35;30/38;7/8;4/7;3/7;1/8;4;1;6/8;1/3;2/3;2/8;0;1;7;7;7;7;53/73;20/73;27/38;9/35;26/35;11/38;11/14;2/11;9/11;3/14;11/15;14/19;5/5;3/4;1/4;0/5;1;0;4/4;1/3;2/3;0/4;0;0;4;3;3;4;26/34;8/34;16/19;5/15;10/15;3/19;9/16;3/17;14/17;7/16;17/20;16/19;2/3;1/3;2/3;1/3;3;1;2/4;0/0;0/0;2/4;0;1;3;4;4;3;27/39;12/39;11/19;4/20;16/20;8/19;1;0;1.82;1.60;29.67;25.67;Right-Handed;Right-Handed;https://wtatennis.com/tournament/1039/monterrey/2018/scores/LS016;;;;;;;;;;;;;;;;;;;;;;;;;;;;
7/23;16/23;7/23;16/23;23/48;23/45;11/22;14/25;11/25;11/22;0;0;2/3;6/10;4/10;1/3;7;5;8;8;8;8;36/93;57/93;18/45;30/48;18/48;27/45;5/13;7/10;3/10;8/13;10/18;13/25;6/12;6/8;2/8;6/12;0;0;1/2;3/5;2/5;1/2;2;2;4;3;3;4;16/43;27/43;11/25;13/18;5/18;14/25;2/10;9/13;4/13;8/10;13/30;10/20;5/10;8/17;9/17;5/10;0;0;1/1;3/5;2/5;0/1;5;3;4;5;5;4;20/50;30/50;7/20;17/30;13/30;13/20;0;1;1.69;1.78;33.83;29.5;Right-Handed;Right-Handed;https://wtatennis.com/tournament/1039/monterrey/2018/scores/LS021;;;;;;;;;;;;;;;;;;;;;;;;;;;;
8/41;16/40;24/40;33/41;40/63;41/60;10/19;12/23;11/23;9/19;1;6;1/3;3/11;8/11;2/3;0;2;10;9;9;10;53/123;70/123;18/60;28/63;35/63;42/60;1/16;9/20;11/20;15/16;20/32;16/23;2/7;5/12;7/12;5/7;1;4;0/0;1/6;5/6;0/0;0;0;5;4;4;5;21/55;34/55;3/23;14/32;18/32;20/23;7/25;7/20;13/20;18/25;20/31;25/37;8/12;7/11;4/11;4/12;0;2;1/3;2/5;3/5;2/3;0;2;5;5;5;5;32/68;36/68;15/37;14/31;17/31;22/37;1;1;1.80;1.79;24.83;30.08;Right-Handed;Right-Handed;https://wtatennis.com/tournament/1039/monterrey/2018/scores/LS027;;;;;;;;;;;;;;;;;;;;;;;;;;;;
9/23;1/27;26/27;14/23;27/50;23/52;14/29;9/23;14/23;15/29;5;0;3/3;0/5;5/5;0/3;2;4;9;9;9;9;63/102;39/102;23/52;10/50;40/50;29/52;2/9;1/16;15/16;7/9;16/28;9/26;9/17;5/12;7/12;8/17;4;0;1/1;0/2;2/2;0/1;1;3;4;5;5;4;33/54;21/54;11/26;6/28;22/28;15/26;7/14;0/11;11/11;7/14;11/22;14/26;5/12;4/11;7/11;7/12;1;0;2/2;0/3;3/3;0/2;1;1;5;4;4;5;30/48;18/48;12/26;4/22;18/22;14/26;4;0;1.70;1.68;29.67;30.25;Right-Handed;Right-Handed;https://wtatennis.com/tournament/1039/monterrey/2018/scores/LS024;;;;;;;;;;;;;;;;;;;;;;;;;;;;
19/40;9/27;18/27;21/40;27/50;40/65;13/25;9/23;14/23;12/25;0;2;6/9;2/6;4/6;3/9;7;3;10;9;9;10;64/115;51/115;32/65;18/50;32/50;33/65;10/16;0/7;7/7;6/16;7/13;16/31;7/15;1/6;5/6;8/15;0;0;3/4;0/0;0/0;1/4;1;2;4;3;3;4;29/44;15/44;17/31;1/13;12/13;14/31;9/24;9/20;11/20;15/24;20/37;24/34;6/10;8/17;9/17;4/10;0;2;3/5;2/6;4/6;2/5;6;1;6;6;6;6;35/71;36/71;15/34;17/37;20/37;19/34;1;0;1.76;1.77;26.67;28.58;Right-Handed;Right-Handed;https://wtatennis.com/tournament/1039/monterrey/2018/scores/LS022;;;;;;;;;;;;;;;;;;;;;;;;;;;;
37/81;28/68;40/68;44/81;68/99;81/115;15/34;19/31;12/31;19/34;1;2;5/16;6/15;9/15;11/16;3;3;15;14;14;15;104/214;110/214;52/115;47/99;52/99;63/115;13/25;10/21;11/21;12/25;21/32;25/38;6/13;8/11;3/11;7/13;0;0;2/6;3/8;5/8;4/6;1;2;5;4;4;5;33/70;37/70;19/38;18/32;14/32;19/38;11/26;9/25;16/25;15/26;25/34;26/36;6/10;4/9;5/9;4/10;1;2;2/2;1/2;1/2;0/2;2;1;5;5;5;5;38/70;32/70;17/36;13/34;21/34;19/36;1;1;1.65;;24.58;29.17;Right-Handed;Left-Handed;https://wtatennis.com/tournament/1039/monterrey/2018/scores/LS029;13/30;9/22;13/22;17/30;22/33;30/41;3/11;7/11;4/11;8/11;0;0;1/8;2/5;3/5;7/8;0;0;5;5;5;5;33/74;41/74;16/41;16/33;17/33;25/41
10/26;10/37;27/37;16/26;37/59;26/49;10/23;8/22;14/22;13/23;1;1;3/7;1/4;3/4;4/7;1;1;9;10;10;9;61/108;47/108;20/49;18/59;41/59;29/49;5/12;3/17;14/17;7/12;17/28;12/24;5/12;4/11;7/11;7/12;1;1;1/4;0/2;2/2;3/4;1;1;4;5;5;4;31/52;21/52;10/24;7/28;21/28;14/24;5/14;7/20;13/20;9/14;20/31;14/25;5/11;4/11;7/11;6/11;0;0;2/3;1/2;1/2;1/3;0;0;5;5;5;5;30/56;26/56;10/25;11/31;20/31;15/25;3;0;1.70;1.70;33.25;32.17;Right-Handed;Right-Handed;https://wtatennis.com/tournament/1039/monterrey/2018/scores/LS025;;;;;;;;;;;;;;;;;;;;;;;;;;;;
5/20;17/29;12/29;15/20;29/46;20/39;8/19;12/17;5/17;11/19;0;0;1/1;6/9;3/9;0/1;6;3;7;7;7;7;30/85;55/85;13/39;29/46;17/46;26/39;2/10;9/16;7/16;8/10;16/26;10/15;1/5;7/10;3/10;4/5;0;0;0/0;3/6;3/6;0/0;3;0;3;3;3;3;13/41;28/41;3/15;16/26;10/26;12/15;3/10;8/13;5/13;7/10;13/20;10/24;7/14;5/7;2/7;7/14;0;0;1/1;3/3;0/3;0/1;3;3;4;4;4;4;17/44;27/44;10/24;13/20;7/20;14/24;0;2;1.64;1.68;26.33;26.58;Right-Handed;Right-Handed;https://wtatennis.com/tournament/1039/monterrey/2018/scores/LS030;;;;;;;;;;;;;;;;;;;;;;;;;;;;
21/57;11/54;43/54;36/57;54/93;57/98;21/41;15/39;24/39;20/41;21;1;4/10;1/6;5/6;6/10;6;6;14;15;15;14;109/191;82/191;42/98;26/93;67/93;56/98;5/15;1/12;11/12;10/15;12/23;15/27;7/12;2/11;9/11;5/12;6;0;1/3;0/0;0/0;2/3;0;2;4;5;5;4;32/50;18/50;12/27;3/23;20/23;15/27;10/27;8/30;22/30;17/27;30/49;27/47;7/20;10/19;9/19;13/20;9;1;1/5;1/6;5/6;4/5;4;1;6;6;6;6;48/96;48/96;17/47;18/49;31/49;30/47;1;0;1.89;1.68;33.25;28.0;Right-Handed;Right-Handed;https://wtatennis.com/tournament/1039/monterrey/2018/scores/LS026;6/15;2/12;10/12;9/15;12/21;15/24;7/9;3/9;6/9;2/9;6;0;2/2;0/0;0/0;0/2;2;3;4;4;4;4;29/45;16/45;13/24;5/21;16/21;11/24
23/64;31/69;38/69;41/64;69/124;64/103;23/39;26/55;29/55;16/39;9;4;7/14;7/12;5/12;7/14;6;5;17;17;17;17;113/227;114/227;46/103;57/124;67/124;57/103;10/22;11/23;12/23;12/22;23/38;22/41;11/19;7/15;8/15;8/19;3;1;3/5;3/4;1/4;2/5;3;3;6;6;6;6;41/79;38/79;21/41;18/38;20/38;20/41;8/28;13/27;14/27;20/28;27/49;28/35;6/7;12/22;10/22;1/7;5;2;2/6;3/5;2/5;4/6;1;2;6;6;6;6;38/84;46/84;14/35;25/49;24/49;21/35;1;0;1.79;1.73;24.75;27.83;Right-Handed;Right-Handed;https://wtatennis.com/tournament/1039/monterrey/2018/scores/LS018;5/14;7/19;12/19;9/14;19/37;14/27;6/13;7/18;11/18;7/13;1;1;2/3;1/3;2/3;1/3;2;0;5;5;5;5;34/64;30/64;11/27;14/37;23/37;16/27
6/28;10/46;36/46;22/28;46/75;28/47;8/19;14/29;15/29;11/19;5;4;2/3;0/3;3/3;1/3;2;2;9;10;10;9;65/122;57/122;14/47;24/75;51/75;33/47;2/12;6/25;19/25;10/12;25/40;12/24;4/12;7/15;8/15;8/12;4;4;1/2;0/1;1/1;1/2;0;1;5;5;5;5;33/64;31/64;6/24;13/40;27/40;18/24;4/16;4/21;17/21;12/16;21/35;16/23;4/7;7/14;7/14;3/7;1;0;1/1;0/2;2/2;0/1;2;1;4;5;5;4;32/58;26/58;8/23;11/35;24/35;15/23;5;2;1.70;1.70;29.67;33.25;Right-Handed;Right-Handed;https://wtatennis.com/tournament/1039/monterrey/2018/scores/LS012;;;;;;;;;;;;;;;;;;;;;;;;;;;;
21/40;14/47;33/47;19/40;47/62;40/62;10/22;7/15;8/15;12/22;6;1;4/9;1/5;4/5;5/9;1;5;8;9;9;8;72/124;52/124;31/62;21/62;41/62;31/62;12/22;8/27;19/27;10/22;27/35;22/34;5/12;4/8;4/8;7/12;4;1;2/4;0/4;4/4;2/4;1;3;4;4;4;4;40/69;29/69;17/34;12/35;23/35;17/34;9/18;6/20;14/20;9/18;20/27;18/28;5/10;3/7;4/7;5/10;2;0;2/5;1/1;0/1;3/5;0;2;4;5;5;4;32/55;23/55;14/28;9/27;18/27;14/28;2;3;1.82;1.75;29.67;32.92;Right-Handed;Right-Handed;https://wtatennis.com/tournament/1039/monterrey/2018/scores/LS008;;;;;;;;;;;;;;;;;;;;;;;;;;;;
10/71;12/58;46/58;61/71;58/96;71/113;23/42;19/38;19/38;19/42;20;7;0/4;2/4;2/4;4/4;4;9;17;16;16;17;98/209;111/209;33/113;31/96;65/96;80/113;1/20;4/11;7/11;19/20;11/23;20/30;7/10;5/12;7/12;3/10;2;2;0/2;1/2;1/2;2/2;1;3;5;4;4;5;22/53;31/53;8/30;9/23;14/23;22/30;6/25;5/28;23/28;19/25;28/41;25/47;10/22;7/13;6/13;12/22;10;2;0/1;0/0;0/0;1/1;1;4;6;6;6;6;45/88;43/88;16/47;12/41;29/41;31/47;1;5;1.89;1.79;33.25;30.08;Right-Handed;Right-Handed;https://wtatennis.com/tournament/1039/monterrey/2018/scores/LS013;3/26;3/19;16/19;23/26;19/32;26/36;6/10;7/13;6/13;4/10;8;3;0/1;1/2;1/2;1/1;2;2;6;6;6;6;31/68;37/68;9/36;10/32;22/32;27/36
20/48;23/57;34/57;28/48;57/93;48/96;20/48;21/36;15/36;28/48;7;3;4/11;7/15;8/15;7/11;7;5;14;14;14;14;89/189;100/189;40/96;44/93;49/93;56/96;5/15;9/17;8/17;10/15;17/31;15/34;9/19;8/14;6/14;10/19;3;3;1/4;3/7;4/7;3/4;3;1;4;4;4;4;28/65;37/65;14/34;17/31;14/31;20/34;10/18;9/27;18/27;8/18;27/36;18/34;6/16;6/9;3/9;10/16;4;0;3/6;2/5;3/5;3/6;2;2;6;6;6;6;37/70;33/70;16/34;15/36;21/36;18/34;0;2;1.79;1.80;24.75;30.08;Right-Handed;Right-Handed;https://wtatennis.com/tournament/1039/monterrey/2018/scores/LS009;5/15;5/13;8/13;10/15;13/26;15/28;5/13;7/13;6/13;8/13;0;0;0/1;2/3;1/3;1/1;2;2;4;4;4;4;24/54;30/54;10/28;12/26;14/26;18/28
26/42;17/34;17/34;16/42;34/56;42/58;9/16;10/22;12/22;7/16;0;0;7/11;4/9;5/9;4/11;2;1;9;9;9;9;64/114;50/114;35/58;27/56;29/56;23/58;9/15;8/19;11/19;6/15;19/31;15/23;5/8;6/12;6/12;3/8;0;0;3/4;2/7;5/7;1/4;0;1;4;5;5;4;31/54;23/54;14/23;14/31;17/31;9/23;17/27;9/15;6/15;10/27;15/25;27/35;4/8;4/10;6/10;4/8;0;0;4/7;2/2;0/2;3/7;2;0;5;4;4;5;33/60;27/60;21/35;13/25;12/25;14/35;1;1;1.63;;28.08;29.17;Right-Handed;Left-Handed;https://wtatennis.com/tournament/1039/monterrey/2018/scores/LS014;;;;;;;;;;;;;;;;;;;;;;;;;;;;
12/39;11/35;24/35;27/39;35/78;39/64;7/25;22/43;21/43;18/25;2;3;0/5;3/13;10/13;5/5;6;1;10;10;10;10;64/142;78/142;19/64;33/78;45/78;45/64;10/28;2/16;14/16;18/28;16/39;28/42;4/14;12/23;11/23;10/14;2;3;0/3;1/4;3/4;3/3;3;0;6;6;6;6;39/81;42/81;14/42;14/39;25/39;28/42;2/11;9/19;10/19;9/11;19/39;11/22;3/11;10/20;10/20;8/11;0;0;0/2;2/9;7/9;2/2;3;1;4;4;4;4;25/61;36/61;5/22;19/39;20/39;17/22;0;1;1.68;1.80;26.58;34.67;Right-Handed;Right-Handed;https://wtatennis.com/tournament/1039/monterrey/2018/scores/LS015;;;;;;;;;;;;;;;;;;;;;;;;;;;;
0/0;0/0;0/0;0/0;0/0;0/0;0/0;0/0;0/0;0/0;0;0;0/0;0/0;0/0;0/0;0;0;0;0;0;0;0/0;0/0;0/0;0/0;0/0;0/0;0/0;0/0;0/0;0/0;0/0;0/0;0/0;0/0;0/0;0/0;0;0;0/0;0/0;0/0;0/0;0;0;0;0;0;0;0/0;0/0;0/0;0/0;0/0;0/0;;;;;;;;;;;;;;;;;;;;;;;;;;;;;1;0;1.74;1.78;34.0;29.5;Right-Handed;Right-Handed;https://wtatennis.com/tournament/1039/monterrey/2018/scores/LS010;;;;;;;;;;;;;;;;;;;;;;;;;;;;
12/30;12/31;19/31;18/30;31/56;30/52;8/22;20/25;5/25;14/22;0;1;2/3;6/11;5/11;1/3;12;1;8;9;9;8;44/108;64/108;20/52;32/56;24/56;32/52;3/13;5/15;10/15;10/13;15/25;13/22;2/9;7/10;3/10;7/9;0;0;0/0;2/3;1/3;0/0;3;1;4;4;4;4;18/47;29/47;5/22;12/25;13/25;17/22;9/17;7/16;9/16;8/17;16/31;17/30;6/13;13/15;2/15;7/13;0;1;2/3;4/8;4/8;1/3;9;0;4;5;5;4;26/61;35/61;15/30;20/31;11/31;15/30;4;1;1.76;1.71;26.67;30.5;Right-Handed;Right-Handed;https://wtatennis.com/tournament/1039/monterrey/2018/scores/LS011;;;;;;;;;;;;;;;;;;;;;;;;;;;;
10/20;7/30;23/30;10/20;30/43;20/43;17/23;8/13;5/13;6/23;5;0;5/6;1/1;0/1;1/6;1;6;7;8;8;7;55/86;31/86;27/43;15/43;28/43;16/43;6/16;5/20;15/20;10/16;20/27;16/30;9/14;6/7;1/7;5/14;5;0;2/3;1/1;0/1;1/3;1;5;4;5;5;4;31/57;26/57;15/30;11/27;16/27;15/30;4/4;2/10;8/10;0/4;10/16;4/13;8/9;2/6;4/6;1/9;0;0;3/3;0/0;0/0;0/3;0;1;3;3;3;3;24/29;5/29;12/13;4/16;12/16;1/13;4;2;1.82;1.80;29.67;30.08;Right-Handed;Right-Handed;https://wtatennis.com/tournament/1039/monterrey/2018/scores/LS004;;;;;;;;;;;;;;;;;;;;;;;;;;;;
8/39;9/30;21/30;31/39;30/54;39/58;9/19;13/24;11/24;10/19;8;12;0/4;3/4;1/4;4/4;2;0;9;9;9;9;49/112;63/112;17/58;22/54;32/54;41/58;2/14;5/11;6/11;12/14;11/26;14/22;4/8;9/15;6/15;4/8;1;2;0/0;2/2;0/2;0/0;1;0;4;4;4;4;18/48;30/48;6/22;14/26;12/26;16/22;6/25;4/19;15/19;19/25;19/28;25/36;5/11;4/9;5/9;6/11;7;10;0/4;1/2;1/2;4/4;1;0;5;5;5;5;31/64;33/64;11/36;8/28;20/28;25/36;1;1;1.78;1.71;29.5;30.5;Right-Handed;Right-Handed;https://wtatennis.com/tournament/1039/monterrey/2018/scores/LS005;;;;;;;;;;;;;;;;;;;;;;;;;;;;
2/24;7/24;17/24;22/24;24/47;24/45;6/21;11/23;12/23;15/21;5;8;0/0;3/6;3/6;0/0;3;2;9;9;9;9;37/92;55/92;8/45;18/47;29/47;37/45;1/14;5/11;6/11;13/14;11/27;14/27;5/13;5/16;11/16;8/13;5;4;0/0;1/2;1/2;0/0;3;2;5;5;5;5;23/54;31/54;6/27;10/27;17/27;21/27;1/10;2/13;11/13;9/10;13/20;10/18;1/8;6/7;1/7;7/8;0;4;0/0;2/4;2/4;0/0;0;0;4;4;4;4;14/38;24/38;2/18;8/20;12/20;16/18;1;1;1.70;1.79;29.67;30.08;Right-Handed;Right-Handed;https://wtatennis.com/tournament/1039/monterrey/2018/scores/LS006;;;;;;;;;;;;;;;;;;;;;;;;;;;;
11/30;10/38;28/38;19/30;38/59;30/52;16/22;9/21;12/21;6/22;1;3;4/10;0/4;4/4;6/10;0;2;7;8;8;7;67/111;44/111;27/52;19/59;40/59;25/52;6/13;3/14;11/14;7/13;14/22;13/21;8/8;4/8;4/8;0/8;0;1;3/7;0/3;3/3;4/7;0;2;3;3;3;3;29/43;14/43;14/21;7/22;15/22;7/21;5/17;7/24;17/24;12/17;24/37;17/31;8/14;5/13;8/13;6/14;1;2;1/3;0/1;1/1;2/3;0;0;4;5;5;4;38/68;30/68;13/31;12/37;25/37;18/31;1;1;1.63;1.80;28.08;34.67;Right-Handed;Right-Handed;https://wtatennis.com/tournament/1039/monterrey/2018/scores/LS007;;;;;;;;;;;;;;;;;;;;;;;;;;;;
15/37;9/32;23/32;22/37;32/54;37/61;16/24;8/22;14/22;8/24;3;4;5/9;1/7;6/7;4/9;3;5;9;9;9;9;68/115;47/115;31/61;17/54;37/54;30/61;5/9;4/10;6/10;4/9;10/18;9/23;10/14;1/8;7/8;4/14;2;4;3/5;0/2;2/2;2/5;1;4;3;3;3;3;28/41;13/41;15/23;5/18;13/18;8/23;10/28;5/22;17/22;18/28;22/36;28/38;6/10;7/14;7/14;4/10;1;0;2/4;1/5;4/5;2/4;2;1;6;6;6;6;40/74;34/74;16/38;12/36;24/36;22/38;2;0;1.82;1.71;29.67;30.5;Right-Handed;Right-Handed;https://wtatennis.com/tournament/1039/monterrey/2018/scores/LS002;;;;;;;;;;;;;;;;;;;;;;;;;;;;
21/51;13/47;34/47;30/51;47/72;51/87;18/36;12/25;13/25;18/36;7;2;4/9;2/5;3/5;5/9;7;5;12;11;11;12;86/159;73/159;39/87;25/72;47/72;48/87;3/16;6/13;7/13;13/16;13/19;16/27;5/11;5/6;1/6;6/11;1;0;0/2;2/5;3/5;2/2;3;2;4;3;3;4;16/46;30/46;8/27;11/19;8/19;19/27;8/17;6/19;13/19;9/17;19/30;17/30;7/13;3/11;8/11;6/13;2;2;2/3;0/0;0/0;1/3;3;2;4;4;4;4;36/60;24/60;15/30;9/30;21/30;15/30;4;0;1.79;1.63;30.08;28.08;Right-Handed;Right-Handed;https://wtatennis.com/tournament/1039/monterrey/2018/scores/LS003;10/18;1/15;14/15;8/18;15/23;18/30;6/12;4/8;4/8;6/12;4;0;2/4;0/0;0/0;2/4;1;1;4;4;4;4;34/53;19/53;16/30;5/23;18/23;14/30
17/52;22/67;45/67;35/52;67/105;52/93;18/41;18/38;20/38;23/41;3;9;3/11;2/5;3/5;8/11;6;7;14;14;14;14;100/198;98/198;35/93;40/105;65/105;58/93;7/21;4/16;12/16;14/21;16/31;21/36;5/15;8/15;7/15;10/15;0;1;0/4;1/3;2/3;4/4;3;0;5;4;4;5;31/67;36/67;12/36;12/31;19/31;24/36;9/21;10/26;16/26;12/21;26/40;21/36;7/15;7/14;7/14;8/15;1;4;2/5;1/2;1/2;3/5;3;3;5;5;5;5;39/76;37/76;16/36;17/40;23/40;20/36;5;0;1.82;1.79;29.67;30.08;Right-Handed;Right-Handed;https://wtatennis.com/tournament/1039/monterrey/2018/scores/LS001;1/10;8/25;17/25;9/10;25/34;10/21;6/11;3/9;6/9;5/11;2;4;1/2;0/0;0/0;1/2;0;4;4;5;5;4;30/55;25/55;7/21;11/34;23/34;14/21
