statut;duration;stage;url_match_stats;player_1_name;player_1_set_1;player_1_set_1_tiebreak;player_1_set_2;player_1_set_2_tiebreak;player_1_set_3;player_1_set_3_tiebreak;player_2_name;player_2_set_1;player_2_set_1_tiebreak;player_2_set_2;player_2_set_2_tiebreak;player_2_set_3;player_2_set_3_tiebreak;scores_link
Completed;1:10;Round of 32;https://wtatennis.com/tournament/1090/makarska-125/2018/scores/LS016;K.Kozlova;3;;1;;-;;C.Zhao;6;;6;;-;;https://www.wtatennis.com/tournament/1090/makarska-125/2018/scores
Completed;2:12;Round of 32;https://wtatennis.com/tournament/1090/makarska-125/2018/scores/LS026;M.Barthel;6;;2;;5;;V.Tomova;4;;6;;7;;https://www.wtatennis.com/tournament/1090/makarska-125/2018/scores
Completed;1:37;Round of 32;https://wtatennis.com/tournament/1090/makarska-125/2018/scores/LS022;J.Paolini;5;;3;;-;;S.Soler-Espinosa;7;;6;;-;;https://www.wtatennis.com/tournament/1090/makarska-125/2018/scores
Completed;2:18;Round of 32;https://wtatennis.com/tournament/1090/makarska-125/2018/scores/LS029;M.Honcova;4;;6;;6;;E.Ruse;6;;4;;3;;https://www.wtatennis.com/tournament/1090/makarska-125/2018/scores
Completed;1:13;Round of 32;https://wtatennis.com/tournament/1090/makarska-125/2018/scores/LS027;N.Bains;3;;0;;-;;S.Errani;6;;6;;-;;https://www.wtatennis.com/tournament/1090/makarska-125/2018/scores
Completed;1:29;Round of 32;https://wtatennis.com/tournament/1090/makarska-125/2018/scores/LS023;M.Kostyuk;5;;2;;-;;A.Schmiedlova;7;;6;;-;;https://www.wtatennis.com/tournament/1090/makarska-125/2018/scores
Completed;1:12;Round of 32;https://wtatennis.com/tournament/1090/makarska-125/2018/scores/LS030;D.Kovinic;6;;6;;-;;L.Boskovic;3;;2;;-;;https://www.wtatennis.com/tournament/1090/makarska-125/2018/scores
Completed;1:41;Round of 32;https://wtatennis.com/tournament/1090/makarska-125/2018/scores/LS028;V.Golubic;6;;7;;-;;B.Stefkova;4;;6;0.0;-;;https://www.wtatennis.com/tournament/1090/makarska-125/2018/scores
Completed;0:52;Round of 32;https://wtatennis.com/tournament/1090/makarska-125/2018/scores/LS017;T.Lukas;6;;6;;-;;E.Cabeza Candela;1;;0;;-;;https://www.wtatennis.com/tournament/1090/makarska-125/2018/scores
Completed;1:44;Round of 32;https://wtatennis.com/tournament/1090/makarska-125/2018/scores/LS031;A.Kalinina;4;;6;0.0;-;;M.Linette;6;;7;;-;;https://www.wtatennis.com/tournament/1090/makarska-125/2018/scores
Completed;1:01;Round of 32;https://wtatennis.com/tournament/1090/makarska-125/2018/scores/LS025;S.Zhuk;6;;6;;-;;K.Kucova;2;;3;;-;;https://www.wtatennis.com/tournament/1090/makarska-125/2018/scores
Completed;1:12;Round of 32;https://wtatennis.com/tournament/1090/makarska-125/2018/scores/LS021;Y.Bonaventure;2;;0;;-;;A.Cadantu;6;;6;;-;;https://www.wtatennis.com/tournament/1090/makarska-125/2018/scores
Completed;1:06;Round of 32;https://wtatennis.com/tournament/1090/makarska-125/2018/scores/LS020;A.Tomljanovic;3;;1;;-;;T.Zidansek;6;;6;;-;;https://www.wtatennis.com/tournament/1090/makarska-125/2018/scores
Completed;1:43;Round of 32;https://wtatennis.com/tournament/1090/makarska-125/2018/scores/LS018;S.Zheng;5;;3;;-;;M.Minella;7;;6;;-;;https://www.wtatennis.com/tournament/1090/makarska-125/2018/scores
Completed;3:13;Round of 32;https://wtatennis.com/tournament/1090/makarska-125/2018/scores/LS024;Y.Wang;6;;4;;6;5.0;S.Sorribes Tormo;3;;6;;7;;https://www.wtatennis.com/tournament/1090/makarska-125/2018/scores
Completed;2:05;Round of 32;https://wtatennis.com/tournament/1090/makarska-125/2018/scores/LS019;T.Martincova;6;;3;;2;;M.Duque-Marino;2;;6;;6;;https://www.wtatennis.com/tournament/1090/makarska-125/2018/scores
Completed;1:57;Round of 16;https://wtatennis.com/tournament/1090/makarska-125/2018/scores/LS008;C.Zhao;0;;6;;5;;T.Lukas;6;;2;;7;;https://www.wtatennis.com/tournament/1090/makarska-125/2018/scores
Completed;2:02;Round of 16;https://wtatennis.com/tournament/1090/makarska-125/2018/scores/LS013;V.Tomova;1;;6;;2;;S.Errani;6;;4;;6;;https://www.wtatennis.com/tournament/1090/makarska-125/2018/scores
Completed;2:40;Round of 16;https://wtatennis.com/tournament/1090/makarska-125/2018/scores/LS015;D.Kovinic;4;;6;;1;;M.Linette;6;;2;;6;;https://www.wtatennis.com/tournament/1090/makarska-125/2018/scores
Completed;2:36;Round of 16;https://wtatennis.com/tournament/1090/makarska-125/2018/scores/LS010;T.Zidansek;6;2.0;6;;6;;A.Cadantu;7;;3;;3;;https://www.wtatennis.com/tournament/1090/makarska-125/2018/scores
Completed;1:01;Round of 16;https://wtatennis.com/tournament/1090/makarska-125/2018/scores/LS009;M.Minella;3;;1;;-;;M.Duque-Marino;6;;6;;-;;https://www.wtatennis.com/tournament/1090/makarska-125/2018/scores
Completed;1:16;Round of 16;https://wtatennis.com/tournament/1090/makarska-125/2018/scores/LS011;S.Soler-Espinosa;2;;1;;-;;A.Schmiedlova;6;;6;;-;;https://www.wtatennis.com/tournament/1090/makarska-125/2018/scores
Completed;1:29;Round of 16;https://wtatennis.com/tournament/1090/makarska-125/2018/scores/LS012;S.Sorribes Tormo;6;;6;;-;;S.Zhuk;4;;0;;-;;https://www.wtatennis.com/tournament/1090/makarska-125/2018/scores
Completed;1:55;Round of 16;https://wtatennis.com/tournament/1090/makarska-125/2018/scores/LS014;V.Golubic;6;;0;;6;;M.Honcova;3;;6;;3;;https://www.wtatennis.com/tournament/1090/makarska-125/2018/scores
Completed;0:00;Semifinal;https://wtatennis.com/tournament/1090/makarska-125/2018/scores/LS003;S.Errani;0;;-;;-;;M.Linette;0;;-;;-;;https://www.wtatennis.com/tournament/1090/makarska-125/2018/scores
Completed;2:00;Quarterfinal;https://wtatennis.com/tournament/1090/makarska-125/2018/scores/LS007;V.Golubic;5;;4;;-;;M.Linette;7;;6;;-;;https://www.wtatennis.com/tournament/1090/makarska-125/2018/scores
Completed;2:00;Quarterfinal;https://wtatennis.com/tournament/1090/makarska-125/2018/scores/LS004;T.Lukas;6;;4;;6;;M.Duque-Marino;4;;6;;1;;https://www.wtatennis.com/tournament/1090/makarska-125/2018/scores
Completed;1:25;Quarterfinal;https://wtatennis.com/tournament/1090/makarska-125/2018/scores/LS006;S.Sorribes Tormo;1;;4;;-;;S.Errani;6;;6;;-;;https://www.wtatennis.com/tournament/1090/makarska-125/2018/scores
Completed;1:40;Quarterfinal;https://wtatennis.com/tournament/1090/makarska-125/2018/scores/LS005;T.Zidansek;6;;6;;-;;A.Schmiedlova;4;;4;;-;;https://www.wtatennis.com/tournament/1090/makarska-125/2018/scores
Completed;1:13;Semifinal;https://wtatennis.com/tournament/1090/makarska-125/2018/scores/LS002;T.Lukas;4;;3;;-;;T.Zidansek;6;;6;;-;;https://www.wtatennis.com/tournament/1090/makarska-125/2018/scores
Completed;1:31;Final;https://wtatennis.com/tournament/1090/makarska-125/2018/scores/LS001;T.Zidansek;6;;6;;-;;M.Linette;1;;3;;-;;https://www.wtatennis.com/tournament/1090/makarska-125/2018/scores
