statut;duration;stage;url_match_stats;player_1_name;player_1_set_1;player_1_set_1_tiebreak;player_1_set_2;player_1_set_2_tiebreak;player_1_set_3;player_1_set_3_tiebreak;player_2_name;player_2_set_1;player_2_set_1_tiebreak;player_2_set_2;player_2_set_2_tiebreak;player_2_set_3;player_2_set_3_tiebreak;scores_link
Completed;1:27;Qualifying;https://wtatennis.com/tournament/1049/auckland/2019/scores/RS030;A.Muhammad;6;;1;;6;;L.Kerkhove;2;;6;;2;;https://www.wtatennis.com/tournament/1049/auckland/2019/scores
Completed;2:19;Qualifying;https://wtatennis.com/tournament/1049/auckland/2019/scores/RS031;A.Sharma;3;;6;;6;7;D.Lao;6;;3;;7;;https://www.wtatennis.com/tournament/1049/auckland/2019/scores
Completed;1:13;Qualifying;https://wtatennis.com/tournament/1049/auckland/2019/scores/RS028;J.Teichmann;4;;3;;-;;S.Soler-Espinosa;6;;6;;-;;https://www.wtatennis.com/tournament/1049/auckland/2019/scores
Completed;1:43;Qualifying;https://wtatennis.com/tournament/1049/auckland/2019/scores/RS025;B.Haddad Maia;3;;6;;6;;K.Juvan;6;;4;;2;;https://www.wtatennis.com/tournament/1049/auckland/2019/scores
Completed;1:10;Qualifying;https://wtatennis.com/tournament/1049/auckland/2019/scores/RS029;A.Panova;6;;6;;-;;E.Routliffe;2;;3;;-;;https://www.wtatennis.com/tournament/1049/auckland/2019/scores
Completed;0:59;Qualifying;https://wtatennis.com/tournament/1049/auckland/2019/scores/RS023;J.Cepelova;6;;6;;-;;X.Han;2;;3;;-;;https://www.wtatennis.com/tournament/1049/auckland/2019/scores
Completed;1:52;Qualifying;https://wtatennis.com/tournament/1049/auckland/2019/scores/RS024;Y.Bonaventure;6;;4;;6;;K.Sebov;4;;6;;3;;https://www.wtatennis.com/tournament/1049/auckland/2019/scores
Completed;1:09;Qualifying;https://wtatennis.com/tournament/1049/auckland/2019/scores/RS022;J.Loeb;6;;6;;-;;A.Spears;4;;1;;-;;https://www.wtatennis.com/tournament/1049/auckland/2019/scores
Completed;1:11;Qualifying;https://wtatennis.com/tournament/1049/auckland/2019/scores/RS027;B.Schoofs;6;;6;;-;;A.Rodionova;3;;3;;-;;https://www.wtatennis.com/tournament/1049/auckland/2019/scores
Completed;2:02;Qualifying;https://wtatennis.com/tournament/1049/auckland/2019/scores/RS026;V.Ivanov;4;;6;;6;;P.Hourigan;6;;3;;3;;https://www.wtatennis.com/tournament/1049/auckland/2019/scores
Completed;0:55;Qualifying;https://wtatennis.com/tournament/1049/auckland/2019/scores/RS019;K.Kucova;2;;0;;-;;B.Andreescu;6;;6;;-;;https://www.wtatennis.com/tournament/1049/auckland/2019/scores
Completed;1:51;Qualifying;https://wtatennis.com/tournament/1049/auckland/2019/scores/RS018;V.Flink;6;3;3;;-;;J.Fourlis;7;;6;;-;;https://www.wtatennis.com/tournament/1049/auckland/2019/scores
Completed;1:19;Qualifying;https://wtatennis.com/tournament/1049/auckland/2019/scores/RS016;L.Siegemund;6;;6;;-;;S.Santamaria;3;;4;;-;;https://www.wtatennis.com/tournament/1049/auckland/2019/scores
Completed;0:55;Qualifying;https://wtatennis.com/tournament/1049/auckland/2019/scores/RS021;E.Ventura;2;;2;;-;;I.Swiatek;6;;6;;-;;https://www.wtatennis.com/tournament/1049/auckland/2019/scores
Completed;0:58;Qualifying;https://wtatennis.com/tournament/1049/auckland/2019/scores/RS017;E.Perez;6;;6;;-;;A.Guarachi;2;;4;;-;;https://www.wtatennis.com/tournament/1049/auckland/2019/scores
Completed;1:22;Qualifying;https://wtatennis.com/tournament/1049/auckland/2019/scores/RS020;C.Liu;6;;6;;-;;A.Zaja;2;;2;;-;;https://www.wtatennis.com/tournament/1049/auckland/2019/scores
Completed;2:41;Qualifying;https://wtatennis.com/tournament/1049/auckland/2019/scores/RS015;A.Muhammad;7;;1;;6;1;D.Lao;5;;6;;7;;https://www.wtatennis.com/tournament/1049/auckland/2019/scores
Completed;2:02;Qualifying;https://wtatennis.com/tournament/1049/auckland/2019/scores/RS014;S.Soler-Espinosa;2;;6;;7;;A.Panova;6;;4;;5;;https://www.wtatennis.com/tournament/1049/auckland/2019/scores
Completed;1:33;Qualifying;https://wtatennis.com/tournament/1049/auckland/2019/scores/RS011;J.Loeb;3;;5;;-;;J.Cepelova;6;;7;;-;;https://www.wtatennis.com/tournament/1049/auckland/2019/scores
Completed;2:33;Qualifying;https://wtatennis.com/tournament/1049/auckland/2019/scores/RS012;Y.Bonaventure;5;;6;;6;5;B.Haddad Maia;7;;4;;7;;https://www.wtatennis.com/tournament/1049/auckland/2019/scores
Completed;1:08;Qualifying;https://wtatennis.com/tournament/1049/auckland/2019/scores/RS013;V.Ivanov;4;;0;;-;;B.Schoofs;6;;6;;-;;https://www.wtatennis.com/tournament/1049/auckland/2019/scores
Completed;1:16;Qualifying;https://wtatennis.com/tournament/1049/auckland/2019/scores/RS009;J.Fourlis;5;;1;;-;;B.Andreescu;7;;6;;-;;https://www.wtatennis.com/tournament/1049/auckland/2019/scores
Completed;1:34;Qualifying;https://wtatennis.com/tournament/1049/auckland/2019/scores/RS008;L.Siegemund;4;;6;;6;;E.Perez;6;;4;;0;;https://www.wtatennis.com/tournament/1049/auckland/2019/scores
Completed;2:13;Qualifying;https://wtatennis.com/tournament/1049/auckland/2019/scores/RS010;C.Liu;6;;5;;2;;I.Swiatek;3;;7;;6;;https://www.wtatennis.com/tournament/1049/auckland/2019/scores
Completed;2:01;Qualifying;https://wtatennis.com/tournament/1049/auckland/2019/scores/RS007;S.Soler-Espinosa;3;;7;;6;;D.Lao;6;;5;;3;;https://www.wtatennis.com/tournament/1049/auckland/2019/scores
Completed;1:37;Qualifying;https://wtatennis.com/tournament/1049/auckland/2019/scores/RS006;B.Haddad Maia;6;6;2;;-;;B.Schoofs;7;;6;;-;;https://www.wtatennis.com/tournament/1049/auckland/2019/scores
Completed;2:15;Qualifying;https://wtatennis.com/tournament/1049/auckland/2019/scores/RS004;L.Siegemund;6;;3;;3;;B.Andreescu;3;;6;;6;;https://www.wtatennis.com/tournament/1049/auckland/2019/scores
Completed;1:57;Qualifying;https://wtatennis.com/tournament/1049/auckland/2019/scores/RS005;I.Swiatek;2;;6;;4;;J.Cepelova;6;;4;;6;;https://www.wtatennis.com/tournament/1049/auckland/2019/scores
Completed;1:47;Round of 32;https://wtatennis.com/tournament/1049/auckland/2019/scores/LS022;S.Sorribes Tormo;7;;6;;-;;S.Voegele;5;;3;;-;;https://www.wtatennis.com/tournament/1049/auckland/2019/scores
Completed;1:11;Round of 32;https://wtatennis.com/tournament/1049/auckland/2019/scores/LS029;E.Bouchard;6;;6;;-;;M.Brengle;3;;3;;-;;https://www.wtatennis.com/tournament/1049/auckland/2019/scores
Completed;1:25;Round of 32;https://wtatennis.com/tournament/1049/auckland/2019/scores/LS026;V.Kuzmova;6;;7;;-;;T.Zidansek;2;;6;3;-;;https://www.wtatennis.com/tournament/1049/auckland/2019/scores
Completed;1:22;Round of 32;https://wtatennis.com/tournament/1049/auckland/2019/scores/LS018;L.Davis;6;;6;;-;;L.Arruabarrena;2;;2;;-;;https://www.wtatennis.com/tournament/1049/auckland/2019/scores
Completed;1:14;Round of 32;https://wtatennis.com/tournament/1049/auckland/2019/scores/LS021;M.Puig;6;;6;;-;;B.Mattek-Sands;3;;2;;-;;https://www.wtatennis.com/tournament/1049/auckland/2019/scores
Completed;1:46;Round of 32;https://wtatennis.com/tournament/1049/auckland/2019/scores/LS017;T.Babos;4;;6;6;-;;B.Andreescu;6;;7;;-;;https://www.wtatennis.com/tournament/1049/auckland/2019/scores
Completed;2:11;Round of 32;https://wtatennis.com/tournament/1049/auckland/2019/scores/LS019;V.Azarenka;3;;6;;3;;V.Williams;6;;1;;6;;https://www.wtatennis.com/tournament/1049/auckland/2019/scores
Completed;0:39;Round of 32;https://wtatennis.com/tournament/1049/auckland/2019/scores/LS025;A.Anisimova;6;;3;;-;;J.Cepelova;2;;0;;-;;https://www.wtatennis.com/tournament/1049/auckland/2019/scores
Completed;0:57;Round of 32;https://wtatennis.com/tournament/1049/auckland/2019/scores/LS031;J.Larsson;0;;4;;-;;J.Goerges;6;;6;;-;;https://www.wtatennis.com/tournament/1049/auckland/2019/scores
Completed;1:25;Round of 32;https://wtatennis.com/tournament/1049/auckland/2019/scores/LS030;M.Barthel;6;;7;;-;;S.Soler-Espinosa;2;;6;1;-;;https://www.wtatennis.com/tournament/1049/auckland/2019/scores
Completed;1:03;Round of 32;https://wtatennis.com/tournament/1049/auckland/2019/scores/LS020;S.Hsieh;6;;6;;-;;P.Hercog;2;;3;;-;;https://www.wtatennis.com/tournament/1049/auckland/2019/scores
Completed;0:36;Round of 32;https://wtatennis.com/tournament/1049/auckland/2019/scores/LS028;A.Van Uytvanck;4;;-;;-;;B.Schoofs;3;;-;;-;;https://www.wtatennis.com/tournament/1049/auckland/2019/scores
Completed;2:19;Round of 32;https://wtatennis.com/tournament/1049/auckland/2019/scores/LS024;B.Strycova;6;;6;5;6;;T.Townsend;2;;7;;3;;https://www.wtatennis.com/tournament/1049/auckland/2019/scores
Completed;1:03;Round of 32;https://wtatennis.com/tournament/1049/auckland/2019/scores/LS023;S.Vickery;2;;2;;-;;K.Flipkens;6;;6;;-;;https://www.wtatennis.com/tournament/1049/auckland/2019/scores
Completed;2:04;Round of 32;https://wtatennis.com/tournament/1049/auckland/2019/scores/LS027;S.Kenin;7;;2;;6;;P.Martic;5;;6;;2;;https://www.wtatennis.com/tournament/1049/auckland/2019/scores
Completed;1:23;Round of 16;https://wtatennis.com/tournament/1049/auckland/2019/scores/LS015;M.Barthel;4;;4;;-;;J.Goerges;6;;6;;-;;https://www.wtatennis.com/tournament/1049/auckland/2019/scores
Completed;2:36;Round of 16;https://wtatennis.com/tournament/1049/auckland/2019/scores/LS014;B.Schoofs;7;;4;;4;;E.Bouchard;6;5;6;;6;;https://www.wtatennis.com/tournament/1049/auckland/2019/scores
Completed;1:24;Round of 16;https://wtatennis.com/tournament/1049/auckland/2019/scores/LS010;S.Hsieh;6;;7;;-;;M.Puig;1;;6;3;-;;https://www.wtatennis.com/tournament/1049/auckland/2019/scores
Completed;1:21;Round of 32;https://wtatennis.com/tournament/1049/auckland/2019/scores/LS016;C.Wozniacki;6;;6;;-;;L.Siegemund;3;;2;;-;;https://www.wtatennis.com/tournament/1049/auckland/2019/scores
Completed;2:02;Round of 16;https://wtatennis.com/tournament/1049/auckland/2019/scores/LS011;S.Sorribes Tormo;6;;1;;6;;K.Flipkens;4;;6;;1;;https://www.wtatennis.com/tournament/1049/auckland/2019/scores
Completed;2:12;Round of 16;https://wtatennis.com/tournament/1049/auckland/2019/scores/LS008;C.Wozniacki;4;;4;;-;;B.Andreescu;6;;6;;-;;https://www.wtatennis.com/tournament/1049/auckland/2019/scores
Completed;1:34;Round of 16;https://wtatennis.com/tournament/1049/auckland/2019/scores/LS009;L.Davis;4;;3;;-;;V.Williams;6;;6;;-;;https://www.wtatennis.com/tournament/1049/auckland/2019/scores
Completed;1:22;Round of 16;https://wtatennis.com/tournament/1049/auckland/2019/scores/LS012;B.Strycova;3;;3;;-;;A.Anisimova;6;;6;;-;;https://www.wtatennis.com/tournament/1049/auckland/2019/scores
Completed;2:17;Round of 16;https://wtatennis.com/tournament/1049/auckland/2019/scores/LS013;V.Kuzmova;7;;5;;6;;S.Kenin;5;;7;;3;;https://www.wtatennis.com/tournament/1049/auckland/2019/scores
Completed;1:17;Quarterfinal;https://wtatennis.com/tournament/1049/auckland/2019/scores/LS005;S.Hsieh;6;;6;;-;;S.Sorribes Tormo;3;;2;;-;;https://www.wtatennis.com/tournament/1049/auckland/2019/scores
Completed;2:24;Quarterfinal;https://wtatennis.com/tournament/1049/auckland/2019/scores/LS004;B.Andreescu;6;1;6;;6;;V.Williams;7;;1;;3;;https://www.wtatennis.com/tournament/1049/auckland/2019/scores
Completed;2:28;Quarterfinal;https://wtatennis.com/tournament/1049/auckland/2019/scores/LS007;E.Bouchard;6;;3;;6;6;J.Goerges;3;;6;;7;;https://www.wtatennis.com/tournament/1049/auckland/2019/scores
Completed;1:59;Quarterfinal;https://wtatennis.com/tournament/1049/auckland/2019/scores/LS006;A.Anisimova;3;;6;;4;;V.Kuzmova;6;;2;;6;;https://www.wtatennis.com/tournament/1049/auckland/2019/scores
Completed;1:21;Semifinal;https://wtatennis.com/tournament/1049/auckland/2019/scores/LS002;B.Andreescu;6;;6;;-;;S.Hsieh;3;;3;;-;;https://www.wtatennis.com/tournament/1049/auckland/2019/scores
Completed;1:27;Semifinal;https://wtatennis.com/tournament/1049/auckland/2019/scores/LS003;V.Kuzmova;1;;6;6;-;;J.Goerges;6;;7;;-;;https://www.wtatennis.com/tournament/1049/auckland/2019/scores
Completed;1:45;Final;https://wtatennis.com/tournament/1049/auckland/2019/scores/LS001;B.Andreescu;6;;5;;1;;J.Goerges;2;;7;;6;;https://www.wtatennis.com/tournament/1049/auckland/2019/scores
