statut;duration;stage;url_match_stats;player_1_name;player_1_set_1;player_1_set_1_tiebreak;player_1_set_2;player_1_set_2_tiebreak;player_1_set_3;player_1_set_3_tiebreak;player_2_name;player_2_set_1;player_2_set_1_tiebreak;player_2_set_2;player_2_set_2_tiebreak;player_2_set_3;player_2_set_3_tiebreak;scores_link
Completed;1:00;Qualifying;https://wtatennis.com/tournament/1077/nanchang/2018/scores/RS017;X.Jiang;4;;1;;-;;P.Plipuech;6;;6;;-;;https://www.wtatennis.com/tournament/1077/nanchang/2018/scores
Completed;1:27;Qualifying;https://wtatennis.com/tournament/1077/nanchang/2018/scores/RS016;J.Namigata;7;;6;;-;;X.Sun;5;;1;;-;;https://www.wtatennis.com/tournament/1077/nanchang/2018/scores
Completed;0:51;Qualifying;https://wtatennis.com/tournament/1077/nanchang/2018/scores/RS023;J.Kang;0;;2;;-;;S.Xu;6;;6;;-;;https://www.wtatennis.com/tournament/1077/nanchang/2018/scores
Completed;1:28;Qualifying;https://wtatennis.com/tournament/1077/nanchang/2018/scores/RS027;C.Skamlova;4;;0;;-;;H.Kuwata;6;;6;;-;;https://www.wtatennis.com/tournament/1077/nanchang/2018/scores
Completed;2:24;Qualifying;https://wtatennis.com/tournament/1077/nanchang/2018/scores/RS026;M.Minokoshi;4;;6;;6;;Y.Yuan;6;;3;;2;;https://www.wtatennis.com/tournament/1077/nanchang/2018/scores
Completed;1:27;Qualifying;https://wtatennis.com/tournament/1077/nanchang/2018/scores/RS025;A.Gai;0;;5;;-;;M.Inoue;6;;7;;-;;https://www.wtatennis.com/tournament/1077/nanchang/2018/scores
Completed;2:01;Qualifying;https://wtatennis.com/tournament/1077/nanchang/2018/scores/RS020;Q.Ye;7;;2;;3;;N.Bains;5;;6;;6;;https://www.wtatennis.com/tournament/1077/nanchang/2018/scores
Completed;2:08;Qualifying;https://wtatennis.com/tournament/1077/nanchang/2018/scores/RS024;F.Xun;7;;1;;6;;S.Ma;6;6;6;;4;;https://www.wtatennis.com/tournament/1077/nanchang/2018/scores
Completed;1:32;Qualifying;https://wtatennis.com/tournament/1077/nanchang/2018/scores/RS022;M.Kobori;6;;6;;-;;Q.Tang;4;;2;;-;;https://www.wtatennis.com/tournament/1077/nanchang/2018/scores
Completed;1:11;Qualifying;https://wtatennis.com/tournament/1077/nanchang/2018/scores/RS018;K.Thandi;6;;6;;-;;N.Kukharchuk;3;;1;;-;;https://www.wtatennis.com/tournament/1077/nanchang/2018/scores
Completed;1:43;Qualifying;https://wtatennis.com/tournament/1077/nanchang/2018/scores/RS019;Y.Liu;6;2;3;;-;;V.Savinykh;7;;6;;-;;https://www.wtatennis.com/tournament/1077/nanchang/2018/scores
Completed;2:09;Qualifying;https://wtatennis.com/tournament/1077/nanchang/2018/scores/RS021;E.Liang;4;;6;;7;;X.You;6;;3;;5;;https://www.wtatennis.com/tournament/1077/nanchang/2018/scores
Completed;1:04;Qualifying;https://wtatennis.com/tournament/1077/nanchang/2018/scores/RS008;J.Namigata;2;;1;;-;;P.Plipuech;6;;6;;-;;https://www.wtatennis.com/tournament/1077/nanchang/2018/scores
Completed;2:28;Qualifying;https://wtatennis.com/tournament/1077/nanchang/2018/scores/RS011;M.Kobori;6;;2;;4;;S.Xu;4;;6;;6;;https://www.wtatennis.com/tournament/1077/nanchang/2018/scores
Completed;1:23;Qualifying;https://wtatennis.com/tournament/1077/nanchang/2018/scores/RS013;M.Minokoshi;2;;1;;-;;H.Kuwata;6;;6;;-;;https://www.wtatennis.com/tournament/1077/nanchang/2018/scores
Completed;1:08;Qualifying;https://wtatennis.com/tournament/1077/nanchang/2018/scores/RS009;K.Thandi;6;;6;;-;;V.Savinykh;2;;3;;-;;https://www.wtatennis.com/tournament/1077/nanchang/2018/scores
Completed;2:09;Qualifying;https://wtatennis.com/tournament/1077/nanchang/2018/scores/RS010;N.Bains;6;;4;;4;;E.Liang;3;;6;;6;;https://www.wtatennis.com/tournament/1077/nanchang/2018/scores
Completed;1:38;Qualifying;https://wtatennis.com/tournament/1077/nanchang/2018/scores/RS012;F.Xun;7;;6;;-;;M.Inoue;5;;4;;-;;https://www.wtatennis.com/tournament/1077/nanchang/2018/scores
Completed;2:06;Round of 32;https://wtatennis.com/tournament/1077/nanchang/2018/scores/LS020;K.Nara;6;;2;;4;;J.Lu;3;;6;;6;;https://www.wtatennis.com/tournament/1077/nanchang/2018/scores
Completed;1:39;Round of 32;https://wtatennis.com/tournament/1077/nanchang/2018/scores/LS026;J.Cako;6;;1;;2;;E.Hozumi;3;;6;;6;;https://www.wtatennis.com/tournament/1077/nanchang/2018/scores
Completed;1:21;Round of 32;https://wtatennis.com/tournament/1077/nanchang/2018/scores/LS031;A.Raina;2;;1;;-;;Q.Wang;6;;6;;-;;https://www.wtatennis.com/tournament/1077/nanchang/2018/scores
Completed;1:39;Round of 32;https://wtatennis.com/tournament/1077/nanchang/2018/scores/LS028;X.Han;6;;6;;-;;J.Namigata;4;;0;;-;;https://www.wtatennis.com/tournament/1077/nanchang/2018/scores
Completed;1:14;Round of 32;https://wtatennis.com/tournament/1077/nanchang/2018/scores/LS019;L.Zhu;6;;6;;-;;Y.Duan;2;;3;;-;;https://www.wtatennis.com/tournament/1077/nanchang/2018/scores
Completed;1:23;Round of 32;https://wtatennis.com/tournament/1077/nanchang/2018/scores/LS021;M.Kobori;6;3;0;;-;;F.Xun;7;;6;;-;;https://www.wtatennis.com/tournament/1077/nanchang/2018/scores
Completed;1:22;Round of 32;https://wtatennis.com/tournament/1077/nanchang/2018/scores/LS017;M.Gasparyan;6;;6;;-;;S.Xu;1;;4;;-;;https://www.wtatennis.com/tournament/1077/nanchang/2018/scores
Completed;1:12;Round of 32;https://wtatennis.com/tournament/1077/nanchang/2018/scores/LS025;W.Zheng;3;;3;;-;;E.Liang;6;;6;;-;;https://www.wtatennis.com/tournament/1077/nanchang/2018/scores
Completed;1:27;Round of 32;https://wtatennis.com/tournament/1077/nanchang/2018/scores/LS027;S.Jang;4;;0;;-;;M.Linette;6;;6;;-;;https://www.wtatennis.com/tournament/1077/nanchang/2018/scores
Completed;0:56;Round of 32;https://wtatennis.com/tournament/1077/nanchang/2018/scores/LS030;A.Shimizu;2;;0;;-;;S.Sharipova;6;;6;;-;;https://www.wtatennis.com/tournament/1077/nanchang/2018/scores
Completed;1:00;Round of 32;https://wtatennis.com/tournament/1077/nanchang/2018/scores/LS023;M.Kato;3;;0;;-;;S.Zheng;6;;6;;-;;https://www.wtatennis.com/tournament/1077/nanchang/2018/scores
Completed;1:44;Round of 32;https://wtatennis.com/tournament/1077/nanchang/2018/scores/LS016;S.Zhang;7;;6;;-;;S.Lisicki;6;0;3;;-;;https://www.wtatennis.com/tournament/1077/nanchang/2018/scores
Completed;1:49;Round of 32;https://wtatennis.com/tournament/1077/nanchang/2018/scores/LS029;H.Kuwata;5;;3;;-;;F.Liu;7;;6;;-;;https://www.wtatennis.com/tournament/1077/nanchang/2018/scores
Completed;2:37;Round of 32;https://wtatennis.com/tournament/1077/nanchang/2018/scores/LS022;K.Thandi;6;;3;;7;;J.Lu;3;;6;;5;;https://www.wtatennis.com/tournament/1077/nanchang/2018/scores
Completed;1:39;Round of 32;https://wtatennis.com/tournament/1077/nanchang/2018/scores/LS018;Y.Zhang;3;;4;;-;;T.Martincova;6;;6;;-;;https://www.wtatennis.com/tournament/1077/nanchang/2018/scores
Completed;2:01;Round of 32;https://wtatennis.com/tournament/1077/nanchang/2018/scores/LS024;V.Diatchenko;6;;4;;1;;P.Plipuech;4;;6;;3;;https://www.wtatennis.com/tournament/1077/nanchang/2018/scores
Completed;1:28;Round of 16;https://wtatennis.com/tournament/1077/nanchang/2018/scores/LS008;S.Zhang;6;;6;;-;;M.Gasparyan;4;;1;;-;;https://www.wtatennis.com/tournament/1077/nanchang/2018/scores
Completed;1:27;Round of 16;https://wtatennis.com/tournament/1077/nanchang/2018/scores/LS009;T.Martincova;2;;3;;-;;L.Zhu;6;;6;;-;;https://www.wtatennis.com/tournament/1077/nanchang/2018/scores
Completed;1:51;Round of 16;https://wtatennis.com/tournament/1077/nanchang/2018/scores/LS015;S.Sharipova;4;;6;;2;;Q.Wang;6;;3;;6;;https://www.wtatennis.com/tournament/1077/nanchang/2018/scores
Completed;0:50;Round of 16;https://wtatennis.com/tournament/1077/nanchang/2018/scores/LS012;P.Plipuech;1;;2;;-;;E.Liang;6;;6;;-;;https://www.wtatennis.com/tournament/1077/nanchang/2018/scores
Completed;1:37;Round of 16;https://wtatennis.com/tournament/1077/nanchang/2018/scores/LS011;K.Thandi;4;;0;;-;;S.Zheng;6;;6;;-;;https://www.wtatennis.com/tournament/1077/nanchang/2018/scores
Completed;1:19;Round of 16;https://wtatennis.com/tournament/1077/nanchang/2018/scores/LS014;X.Han;3;;3;;-;;F.Liu;6;;6;;-;;https://www.wtatennis.com/tournament/1077/nanchang/2018/scores
Completed;1:39;Round of 16;https://wtatennis.com/tournament/1077/nanchang/2018/scores/LS010;J.Lu;4;;5;;-;;F.Xun;6;;7;;-;;https://www.wtatennis.com/tournament/1077/nanchang/2018/scores
Completed;1:28;Round of 16;https://wtatennis.com/tournament/1077/nanchang/2018/scores/LS013;E.Hozumi;3;;5;;-;;M.Linette;6;;7;;-;;https://www.wtatennis.com/tournament/1077/nanchang/2018/scores
Completed;1:23;Quarterfinal;https://wtatennis.com/tournament/1077/nanchang/2018/scores/LS005;F.Xun;3;;4;;-;;S.Zheng;6;;6;;-;;https://www.wtatennis.com/tournament/1077/nanchang/2018/scores
Completed;2:33;Quarterfinal;https://wtatennis.com/tournament/1077/nanchang/2018/scores/LS004;S.Zhang;6;3;6;;1;;L.Zhu;7;;4;;6;;https://www.wtatennis.com/tournament/1077/nanchang/2018/scores
Completed;1:01;Quarterfinal;https://wtatennis.com/tournament/1077/nanchang/2018/scores/LS007;F.Liu;3;;0;;-;;Q.Wang;6;;6;;-;;https://www.wtatennis.com/tournament/1077/nanchang/2018/scores
Completed;1:55;Quarterfinal;https://wtatennis.com/tournament/1077/nanchang/2018/scores/LS006;E.Liang;3;;6;;2;;M.Linette;6;;4;;6;;https://www.wtatennis.com/tournament/1077/nanchang/2018/scores
Completed;2:24;Semifinal;https://wtatennis.com/tournament/1077/nanchang/2018/scores/LS002;L.Zhu;3;;6;;2;;S.Zheng;6;;1;;6;;https://www.wtatennis.com/tournament/1077/nanchang/2018/scores
Completed;1:38;Semifinal;https://wtatennis.com/tournament/1077/nanchang/2018/scores/LS003;M.Linette;5;;2;;-;;Q.Wang;7;;6;;-;;https://www.wtatennis.com/tournament/1077/nanchang/2018/scores
Completed;1:21;Final;https://wtatennis.com/tournament/1077/nanchang/2018/scores/LS001;S.Zheng;5;;0;;-;;Q.Wang;7;;4;;-;;https://www.wtatennis.com/tournament/1077/nanchang/2018/scores
