match_1st Return Points Won_player_1;match_1st Return Points Won_player_2;match_1st Serve Points Won_player_1;match_1st Serve Points Won_player_2;match_1st Serve_player_1;match_1st Serve_player_2;match_2nd Return Points Won_player_1;match_2nd Return Points Won_player_2;match_2nd Serve Points Won_player_1;match_2nd Serve Points Won_player_2;match_Aces_player_1;match_Aces_player_2;match_Break Points Converted_player_1;match_Break Points Converted_player_2;match_Break Points Saved_player_1;match_Break Points Saved_player_2;match_Double Faults_player_1;match_Double Faults_player_2;match_Return Games Played_player_1;match_Return Games Played_player_2;match_Service Games Played_player_1;match_Service Games Played_player_2;match_Total Points Won_player_1;match_Total Points Won_player_2;match_Total Return Points Won_player_1;match_Total Return Points Won_player_2;match_Total Service Points Won_player_1;match_Total Service Points Won_player_2;set1_1st Return Points Won_player_1;set1_1st Return Points Won_player_2;set1_1st Serve Points Won_player_1;set1_1st Serve Points Won_player_2;set1_1st Serve_player_1;set1_1st Serve_player_2;set1_2nd Return Points Won_player_1;set1_2nd Return Points Won_player_2;set1_2nd Serve Points Won_player_1;set1_2nd Serve Points Won_player_2;set1_Aces_player_1;set1_Aces_player_2;set1_Break Points Converted_player_1;set1_Break Points Converted_player_2;set1_Break Points Saved_player_1;set1_Break Points Saved_player_2;set1_Double Faults_player_1;set1_Double Faults_player_2;set1_Return Games Played_player_1;set1_Return Games Played_player_2;set1_Service Games Played_player_1;set1_Service Games Played_player_2;set1_Total Points Won_player_1;set1_Total Points Won_player_2;set1_Total Return Points Won_player_1;set1_Total Return Points Won_player_2;set1_Total Service Points Won_player_1;set1_Total Service Points Won_player_2;set2_1st Return Points Won_player_1;set2_1st Return Points Won_player_2;set2_1st Serve Points Won_player_1;set2_1st Serve Points Won_player_2;set2_1st Serve_player_1;set2_1st Serve_player_2;set2_2nd Return Points Won_player_1;set2_2nd Return Points Won_player_2;set2_2nd Serve Points Won_player_1;set2_2nd Serve Points Won_player_2;set2_Aces_player_1;set2_Aces_player_2;set2_Break Points Converted_player_1;set2_Break Points Converted_player_2;set2_Break Points Saved_player_1;set2_Break Points Saved_player_2;set2_Double Faults_player_1;set2_Double Faults_player_2;set2_Return Games Played_player_1;set2_Return Games Played_player_2;set2_Service Games Played_player_1;set2_Service Games Played_player_2;set2_Total Points Won_player_1;set2_Total Points Won_player_2;set2_Total Return Points Won_player_1;set2_Total Return Points Won_player_2;set2_Total Service Points Won_player_1;set2_Total Service Points Won_player_2;h2h_wins_player_1;h2h_wins_player_2;Height_player_1;Height_player_2;Date of Birth_player_1;Date of Birth_player_2;Plays_player_1;Plays_player_2;url_match_stats;set3_1st Return Points Won_player_1;set3_1st Return Points Won_player_2;set3_1st Serve Points Won_player_1;set3_1st Serve Points Won_player_2;set3_1st Serve_player_1;set3_1st Serve_player_2;set3_2nd Return Points Won_player_1;set3_2nd Return Points Won_player_2;set3_2nd Serve Points Won_player_1;set3_2nd Serve Points Won_player_2;set3_Aces_player_1;set3_Aces_player_2;set3_Break Points Converted_player_1;set3_Break Points Converted_player_2;set3_Break Points Saved_player_1;set3_Break Points Saved_player_2;set3_Double Faults_player_1;set3_Double Faults_player_2;set3_Return Games Played_player_1;set3_Return Games Played_player_2;set3_Service Games Played_player_1;set3_Service Games Played_player_2;set3_Total Points Won_player_1;set3_Total Points Won_player_2;set3_Total Return Points Won_player_1;set3_Total Return Points Won_player_2;set3_Total Service Points Won_player_1;set3_Total Service Points Won_player_2
12/38;20/33;13/33;26/38;33/50;38/50;7/12;9/17;8/17;5/12;0;1;2/4;6/7;1/7;2/4;1;0;8;9;9;8;40/100;60/100;19/50;29/50;21/50;31/50;9/25;10/17;7/17;16/25;17/28;25/34;6/9;6/11;5/11;3/9;0;0;2/4;3/4;1/4;2/4;1;0;5;5;5;5;27/62;35/62;15/34;16/28;12/28;19/34;3/13;10/16;6/16;10/13;16/22;13/16;1/3;3/6;3/6;2/3;0;1;0/0;3/3;0/3;0/0;0;0;3;4;4;3;13/38;25/38;4/16;13/22;9/22;12/16;1;2;;1.69;24.25;30.58;N/A;Right-Handed;https://wtatennis.com/tournament/1077/nanchang/2018/scores/RS017;;;;;;;;;;;;;;;;;;;;;;;;;;;;
21/38;12/36;24/36;17/38;36/61;38/55;10/17;10/25;15/25;7/17;1;2;5/8;2/5;3/5;3/8;6;1;9;10;10;9;70/116;46/116;31/55;22/61;39/61;24/55;11/22;10/24;14/24;11/22;24/41;22/37;9/15;8/17;9/17;6/15;1;2;3/6;2/5;3/5;3/6;4;1;6;6;6;6;43/78;35/78;20/37;18/41;23/41;17/37;10/16;2/12;10/12;6/16;12/20;16/18;1/2;2/8;6/8;1/2;0;0;2/2;0/0;0/0;0/2;2;0;3;4;4;3;27/38;11/38;11/18;4/20;16/20;7/18;3;0;;;40.92;29.25;N/A;N/A;https://wtatennis.com/tournament/1077/nanchang/2018/scores/RS016;;;;;;;;;;;;;;;;;;;;;;;;;;;;
4/26;14/24;10/24;22/26;24/43;26/35;3/9;12/19;7/19;6/9;3;2;0/0;5/6;1/6;0/0;3;3;7;7;7;7;24/78;54/78;7/35;26/43;17/43;28/35;3/13;7/11;4/11;10/13;11/17;13/16;1/3;5/6;1/6;2/3;2;2;0/0;3/4;1/4;0/0;1;1;3;3;3;3;9/33;24/33;4/16;12/17;5/17;12/16;1/13;7/13;6/13;12/13;13/26;13/19;2/6;7/13;6/13;4/6;1;0;0/0;2/2;0/2;0/0;2;2;4;4;4;4;15/45;30/45;3/19;14/26;12/26;16/19;0;2;;;25.92;25.42;N/A;N/A;https://wtatennis.com/tournament/1077/nanchang/2018/scores/RS023;;;;;;;;;;;;;;;;;;;;;;;;;;;;
14/41;20/41;21/41;27/41;41/54;41/61;10/20;9/13;4/13;10/20;0;0;1/8;5/13;8/13;7/8;2;3;8;8;8;8;49/115;66/115;24/61;29/54;25/54;37/61;7/20;11/25;14/25;13/20;25/33;20/33;7/13;4/8;4/8;6/13;0;0;1/5;2/5;3/5;4/5;1;3;5;5;5;5;32/66;34/66;14/33;15/33;18/33;19/33;7/21;9/16;7/16;14/21;16/21;21/28;3/7;5/5;0/5;4/7;0;0;0/3;3/8;5/8;3/3;1;0;3;3;3;3;17/49;32/49;10/28;14/21;7/21;18/28;0;1;1.69;;29.75;32.5;Right-Handed;Right-Handed;https://wtatennis.com/tournament/1077/nanchang/2018/scores/RS027;;;;;;;;;;;;;;;;;;;;;;;;;;;;
23/59;26/64;38/64;36/59;64/92;59/122;41/63;15/28;13/28;22/63;0;4;8/18;5/8;3/8;10/18;3;9;14;13;13;14;115/214;99/214;64/122;41/92;51/92;58/122;6/22;11/19;8/19;16/22;19/29;22/47;17/25;4/10;6/10;8/25;0;3;2/6;3/4;1/4;4/6;1;6;5;5;5;5;37/76;39/76;23/47;15/29;14/29;24/47;7/24;4/21;17/21;17/24;21/29;24/50;16/26;5/8;3/8;10/26;0;1;2/6;0/1;1/1;4/6;2;3;5;4;4;5;43/79;36/79;23/50;9/29;20/29;27/50;1;1;;1.78;31.17;24.67;N/A;Right-Handed;https://wtatennis.com/tournament/1077/nanchang/2018/scores/RS026;10/13;11/24;13/24;3/13;24/34;13/25;8/12;6/10;4/10;4/12;0;0;4/6;2/3;1/3;2/6;0;0;4;4;4;4;35/59;24/59;18/25;17/34;17/34;7/25
17/35;12/27;15/27;18/35;27/52;35/62;11/27;21/25;4/25;16/27;1;0;3/13;7/13;6/13;10/13;12;3;9;9;9;9;47/114;67/114;28/62;33/52;19/52;34/62;6/12;4/7;3/7;6/12;7/18;12/24;2/12;9/11;2/11;10/12;0;0;0/6;3/5;2/5;6/6;6;1;3;3;3;3;13/42;29/42;8/24;13/18;5/18;16/24;11/23;8/20;12/20;12/23;20/34;23/38;9/15;12/14;2/14;6/15;1;0;3/7;4/8;4/8;4/7;6;2;6;6;6;6;34/72;38/72;20/38;20/34;14/34;18/38;0;2;;;28.42;31.58;N/A;N/A;https://wtatennis.com/tournament/1077/nanchang/2018/scores/RS025;;;;;;;;;;;;;;;;;;;;;;;;;;;;
21/52;24/51;27/51;31/52;51/96;52/79;15/27;30/45;15/45;12/27;0;3;7/10;10/17;7/17;3/10;7;3;14;15;15;14;78/175;97/175;36/79;54/96;42/96;43/79;11/22;3/10;7/10;11/22;10/29;22/33;6/11;11/19;8/19;5/11;0;1;4/5;3/3;0/3;1/5;3;1;6;6;6;6;32/62;30/62;17/33;14/29;15/29;16/33;4/16;11/24;13/24;12/16;24/38;16/22;4/6;10/14;4/14;2/6;0;1;1/1;3/8;5/8;0/1;2;2;4;4;4;4;25/60;35/60;8/22;21/38;17/38;14/22;0;1;;;25.5;25.5;N/A;Right-Handed;https://wtatennis.com/tournament/1077/nanchang/2018/scores/RS020;6/14;10/17;7/17;8/14;17/29;14/24;5/10;9/12;3/12;5/10;0;1;2/4;4/6;2/6;2/4;2;0;4;5;5;4;21/53;32/53;11/24;19/29;10/29;13/24
20/60;19/64;45/64;40/60;64/99;60/107;23/47;21/35;14/35;24/47;11;7;3/13;5/10;5/10;10/13;2;4;14;15;15;14;102/206;104/206;43/107;40/99;59/99;64/107;12/34;7/28;21/28;22/34;28/45;34/53;10/19;9/17;8/17;9/19;6;2;1/6;1/4;3/4;5/6;0;1;6;6;6;6;51/98;47/98;22/53;16/45;29/45;31/53;2/12;8/16;8/16;10/12;16/27;12/20;4/8;8/11;3/11;4/8;3;3;0/3;3/5;2/5;3/3;2;1;3;4;4;3;17/47;30/47;6/20;16/27;11/27;14/20;3;0;;;28.42;23.92;N/A;N/A;https://wtatennis.com/tournament/1077/nanchang/2018/scores/RS024;6/14;4/20;16/20;8/14;20/27;14/34;9/20;4/7;3/7;11/20;2;2;2/4;1/1;0/1;2/4;0;2;5;5;5;5;34/61;27/61;15/34;8/27;19/27;19/34
14/31;11/30;19/30;17/31;30/45;31/71;22/40;4/15;11/15;18/40;1;3;5/11;2/2;0/2;6/11;1;7;9;9;9;9;66/116;50/116;36/71;15/45;30/45;35/71;9/20;7/16;9/16;11/20;16/24;20/34;9/14;3/8;5/8;5/14;0;2;3/6;2/2;0/2;3/6;1;1;5;5;5;5;32/58;26/58;18/34;10/24;14/24;16/34;5/11;4/14;10/14;6/11;14/21;11/37;13/26;1/7;6/7;13/26;1;1;2/5;0/0;0/0;3/5;0;6;4;4;4;4;34/58;24/58;18/37;5/21;16/21;19/37;1;0;;;24.83;22.75;N/A;N/A;https://wtatennis.com/tournament/1077/nanchang/2018/scores/RS022;;;;;;;;;;;;;;;;;;;;;;;;;;;;
12/25;7/30;23/30;13/25;30/51;25/44;9/19;8/21;13/21;10/19;7;0;4/6;0/2;2/2;2/6;5;2;8;8;8;8;57/95;38/95;21/44;15/51;36/51;23/44;6/15;3/16;13/16;9/15;16/27;15/25;3/10;3/11;8/11;7/10;4;0;1/1;0/0;0/0;0/1;2;1;4;5;5;4;30/52;22/52;9/25;6/27;21/27;16/25;6/10;4/14;10/14;4/10;14/24;10/19;6/9;5/10;5/10;3/9;3;0;3/5;0/2;2/2;2/5;3;1;4;3;3;4;27/43;16/43;12/19;9/24;15/24;7/19;2;0;;;25.0;36.33;N/A;N/A;https://wtatennis.com/tournament/1077/nanchang/2018/scores/RS018;;;;;;;;;;;;;;;;;;;;;;;;;;;;
14/52;17/38;21/38;38/52;38/66;52/74;16/22;16/28;12/28;6/22;1;1;4/10;5/8;3/8;6/10;3;2;11;10;10;11;63/140;77/140;30/74;33/66;33/66;44/74;11/32;11/25;14/25;21/32;25/42;32/40;6/8;11/17;6/17;2/8;1;0;3/7;3/5;2/5;4/7;2;1;6;6;6;6;37/82;45/82;17/40;22/42;20/42;23/40;3/20;6/13;7/13;17/20;13/24;20/34;10/14;5/11;6/11;4/14;0;1;1/3;2/3;1/3;2/3;1;1;5;4;4;5;26/58;32/58;13/34;11/24;13/24;21/34;0;1;;1.67;24.0;32.33;N/A;Right-Handed;https://wtatennis.com/tournament/1077/nanchang/2018/scores/RS019;;;;;;;;;;;;;;;;;;;;;;;;;;;;
32/65;23/53;30/53;33/65;53/98;65/97;17/32;22/45;23/45;15/32;1;1;8/14;6/14;8/14;6/14;9;2;16;15;15;16;102/195;93/195;49/97;45/98;53/98;48/97;11/27;6/15;9/15;16/27;15/24;27/39;5/12;3/9;6/9;7/12;0;1;1/5;2/2;0/2;4/5;0;2;5;5;5;5;31/63;32/63;16/39;9/24;15/24;23/39;8/15;9/16;7/16;7/15;16/28;15/26;9/11;5/12;7/12;2/11;1;0;4/4;2/4;2/4;0/4;1;0;5;4;4;5;31/54;23/54;17/26;14/28;14/28;9/26;3;0;;;22.67;27.08;Right-Handed;Right-Handed;https://wtatennis.com/tournament/1077/nanchang/2018/scores/RS021;13/23;8/22;14/22;10/23;22/46;23/32;3/9;14/24;10/24;6/9;0;0;3/5;2/8;6/8;2/5;8;0;6;6;6;6;40/78;38/78;16/32;22/46;24/46;16/32
7/26;21/37;16/37;19/26;37/54;26/39;6/13;11/17;6/17;7/13;1;6;1/3;6/14;8/14;2/3;4;1;7;8;8;7;35/93;58/93;13/39;32/54;22/54;26/39;3/12;11/19;8/19;9/12;19/29;12/20;4/8;6/10;4/10;4/8;1;4;1/2;3/7;4/7;1/2;3;0;4;4;4;4;19/49;30/49;7/20;17/29;12/29;13/20;4/14;10/18;8/18;10/14;18/25;14/19;2/5;5/7;2/7;3/5;0;2;0/1;3/7;4/7;1/1;1;1;3;4;4;3;16/44;28/44;6/19;15/25;10/25;13/19;3;3;;1.69;40.92;30.58;N/A;Right-Handed;https://wtatennis.com/tournament/1077/nanchang/2018/scores/RS008;;;;;;;;;;;;;;;;;;;;;;;;;;;;
21/56;35/76;41/76;35/56;76/112;56/87;15/31;21/36;15/36;16/31;0;2;5/7;7/14;7/14;2/7;2;6;14;14;14;14;92/199;107/199;36/87;56/112;56/112;51/87;9/21;17/32;15/32;12/21;32/49;21/34;8/13;7/17;10/17;5/13;0;1;3/5;2/6;4/6;2/5;0;3;5;5;5;5;42/83;41/83;17/34;24/49;25/49;17/34;5/14;8/18;10/18;9/14;18/29;14/22;3/8;9/11;2/11;5/8;0;0;1/1;3/6;3/6;0/1;2;1;4;4;4;4;20/51;31/51;8/22;17/29;12/29;14/22;0;2;;;24.83;25.42;N/A;N/A;https://wtatennis.com/tournament/1077/nanchang/2018/scores/RS011;7/21;10/26;16/26;14/21;26/34;21/31;4/10;5/8;3/8;6/10;0;1;1/1;2/2;0/2;0/1;0;2;5;5;5;5;30/65;35/65;11/31;15/34;19/34;20/31
5/18;21/39;18/39;13/18;39/59;18/38;7/20;14/20;6/20;13/20;0;1;1/1;6/10;4/10;0/1;3;0;7;8;8;7;36/97;61/97;12/38;35/59;24/59;26/38;5/12;10/17;7/17;7/12;17/23;12/23;4/11;5/6;1/6;7/11;0;1;1/1;3/3;0/3;0/1;0;0;4;4;4;4;17/46;29/46;9/23;15/23;8/23;14/23;0/6;11/22;11/22;6/6;22/36;6/15;3/9;9/14;5/14;6/9;0;0;0/0;3/7;4/7;0/0;3;0;3;4;4;3;19/51;32/51;3/15;20/36;16/36;12/15;0;6;;;31.17;32.5;N/A;Right-Handed;https://wtatennis.com/tournament/1077/nanchang/2018/scores/RS013;;;;;;;;;;;;;;;;;;;;;;;;;;;;
16/38;2/22;20/22;22/38;22/44;38/64;13/26;6/22;16/22;13/26;4;1;3/6;0/0;0/0;3/6;2;2;8;9;9;8;65/108;43/108;29/64;8/44;36/44;35/64;8/19;1/10;9/10;11/19;10/17;19/37;10/18;0/7;7/7;8/18;1;0;2/4;0/0;0/0;2/4;0;2;4;4;4;4;34/54;20/54;18/37;1/17;16/17;19/37;8/19;1/12;11/12;11/19;12/27;19/27;3/8;6/15;9/15;5/8;3;1;1/2;0/0;0/0;1/2;2;0;4;5;5;4;31/54;23/54;11/27;7/27;20/27;16/27;1;0;;1.67;25.0;32.33;N/A;Right-Handed;https://wtatennis.com/tournament/1077/nanchang/2018/scores/RS009;;;;;;;;;;;;;;;;;;;;;;;;;;;;
26/65;21/68;47/68;39/65;68/105;65/111;22/46;22/37;15/37;24/46;5;4;4/13;4/13;9/13;9/13;3;6;15;14;14;15;110/216;106/216;48/111;43/105;62/105;63/111;7/15;5/23;18/23;8/15;23/33;15/26;5/11;6/10;4/10;6/11;2;2;2/3;0/4;4/4;1/3;0;1;5;4;4;5;34/59;25/59;12/26;11/33;22/33;14/26;8/24;6/21;15/21;16/24;21/35;24/37;7/13;9/14;5/14;6/13;2;2;1/3;2/6;4/6;2/3;2;2;5;5;5;5;35/72;37/72;15/37;15/35;20/35;22/37;0;1;;;25.5;22.67;Right-Handed;Right-Handed;https://wtatennis.com/tournament/1077/nanchang/2018/scores/RS010;11/26;10/24;14/24;15/26;24/37;26/48;10/22;7/13;6/13;12/22;1;0;1/7;2/3;1/3;6/7;1;3;5;5;5;5;41/85;44/85;21/48;17/37;20/37;27/48
17/38;13/43;30/43;21/38;43/61;38/78;20/40;9/18;9/18;20/40;5;0;5/13;3/5;2/5;8/13;2;3;11;11;11;11;76/139;63/139;37/78;22/61;39/61;41/78;8/20;9/25;16/25;12/20;25/36;20/36;9/16;5/11;6/11;7/16;1;0;3/6;2/4;2/4;3/6;1;2;6;6;6;6;39/72;33/72;17/36;14/36;22/36;19/36;9/18;4/18;14/18;9/18;18/25;18/42;11/24;4/7;3/7;13/24;4;0;2/7;1/1;0/1;5/7;1;1;5;5;5;5;37/67;30/67;20/42;8/25;17/25;22/42;2;0;;;28.42;31.58;N/A;N/A;https://wtatennis.com/tournament/1077/nanchang/2018/scores/RS012;;;;;;;;;;;;;;;;;;;;;;;;;;;;
22/51;13/39;26/39;29/51;39/80;51/81;13/30;22/41;19/41;17/30;0;0;4/9;6/12;6/12;5/9;4;3;13;14;14;13;80/161;81/161;35/81;35/80;45/80;46/81;9/17;6/19;13/19;8/17;19/31;17/26;5/9;5/12;7/12;4/9;0;0;2/4;1/4;3/4;2/4;0;1;4;5;5;4;34/57;23/57;14/26;11/31;20/31;12/26;6/20;2/7;5/7;14/20;7/21;20/28;2/8;8/14;6/14;6/8;0;0;0/3;2/3;1/3;3/3;3;1;4;4;4;4;19/49;30/49;8/28;10/21;11/21;20/28;1;1;1.55;;31.42;34.08;Right-Handed;N/A;https://wtatennis.com/tournament/1077/nanchang/2018/scores/LS020;7/14;5/13;8/13;7/14;13/28;14/27;6/13;9/15;6/15;7/13;0;0;2/2;3/5;2/5;0/2;1;1;5;5;5;5;27/55;28/55;13/27;14/28;14/28;14/27
10/42;14/42;28/42;32/42;42/69;42/68;13/26;17/27;10/27;13/26;6;2;2/3;5/9;4/9;1/3;0;2;12;12;12;12;61/137;76/137;23/68;31/69;38/69;45/68;3/15;3/20;17/20;12/15;20/30;15/23;5/8;5/10;5/10;3/8;4;1;1/1;0/2;2/2;0/1;0;1;4;5;5;4;30/53;23/53;8/23;8/30;22/30;15/23;4/14;3/9;6/9;10/14;9/20;14/24;4/10;8/11;3/11;6/10;2;1;0/0;2/3;1/3;0/0;0;0;4;3;3;4;17/44;27/44;8/24;11/20;9/20;16/24;0;1;;1.68;31.75;29.33;N/A;Right-Handed;https://wtatennis.com/tournament/1077/nanchang/2018/scores/LS026;3/13;8/13;5/13;10/13;13/19;13/21;4/8;4/6;2/6;4/8;0;0;1/2;3/4;1/4;1/2;0;1;4;4;4;4;14/40;26/40;7/21;12/19;7/19;14/21
4/26;23/47;24/47;22/26;47/69;26/45;9/19;15/22;7/22;10/19;0;4;0/3;5/13;8/13;3/3;3;1;7;8;8;7;44/114;70/114;13/45;38/69;31/69;32/45;3/13;15/28;13/28;10/13;28/39;13/26;5/13;5/11;6/11;8/13;0;1;0/0;2/8;6/8;0/0;1;1;4;4;4;4;27/65;38/65;8/26;20/39;19/39;18/26;1/13;8/19;11/19;12/13;19/30;13/19;4/6;10/11;1/11;2/6;0;3;0/3;3/5;2/5;3/3;2;0;3;4;4;3;17/49;32/49;5/19;18/30;12/30;14/19;0;2;1.63;1.72;30.42;31.42;Right-Handed;Right-Handed;https://wtatennis.com/tournament/1077/nanchang/2018/scores/LS031;;;;;;;;;;;;;;;;;;;;;;;;;;;;
23/37;17/42;25/42;14/37;42/65;37/55;11/18;13/23;10/23;7/18;2;0;7/15;3/9;6/9;8/15;6;3;8;8;8;8;69/120;51/120;34/55;30/65;35/65;21/55;13/23;11/24;13/24;10/23;24/39;23/36;8/13;10/15;5/15;5/13;1;0;4/10;3/8;5/8;6/10;4;3;5;5;5;5;39/75;36/75;21/36;21/39;18/39;15/36;10/14;6/18;12/18;4/14;18/26;14/19;3/5;3/8;5/8;2/5;1;0;3/5;0/1;1/1;2/5;2;0;3;3;3;3;30/45;15/45;13/19;9/26;17/26;6/19;2;2;1.72;;33.0;40.92;Left-Handed;N/A;https://wtatennis.com/tournament/1077/nanchang/2018/scores/LS028;;;;;;;;;;;;;;;;;;;;;;;;;;;;
20/42;5/29;24/29;22/42;29/48;42/61;13/19;12/19;7/19;6/19;4;5;6/12;2/4;2/4;6/12;3;9;9;8;8;9;64/109;45/109;33/61;17/48;31/48;28/61;6/16;1/12;11/12;10/16;12/18;16/27;7/11;1/6;5/6;4/11;2;3;2/7;0/0;0/0;5/7;1;5;4;4;4;4;29/45;16/45;13/27;2/18;16/18;14/27;14/26;4/17;13/17;12/26;17/30;26/34;6/8;11/13;2/13;2/8;2;2;4/5;2/4;2/4;1/5;2;4;5;4;4;5;35/64;29/64;20/34;15/30;15/30;14/34;2;3;1.73;1.86;29.33;33.92;Right-Handed;Right-Handed;https://wtatennis.com/tournament/1077/nanchang/2018/scores/LS019;;;;;;;;;;;;;;;;;;;;;;;;;;;;
10/43;30/64;34/64;33/43;64/85;43/57;5/14;11/21;10/21;9/14;0;5;1/2;4/10;6/10;1/2;2;1;9;9;9;9;59/142;83/142;15/57;41/85;44/85;42/57;8/32;18/45;27/45;24/32;45/61;32/42;4/10;8/16;8/16;6/10;0;4;1/2;1/5;4/5;1/2;2;1;6;6;6;6;47/103;56/103;12/42;26/61;35/61;30/42;2/11;12/19;7/19;9/11;19/24;11/15;1/4;3/5;2/5;3/4;0;1;0/0;3/5;2/5;0/0;0;0;3;3;3;3;12/39;27/39;3/15;15/24;9/24;12/15;0;1;;;24.83;28.42;N/A;N/A;https://wtatennis.com/tournament/1077/nanchang/2018/scores/LS021;;;;;;;;;;;;;;;;;;;;;;;;;;;;
11/27;15/34;19/34;16/27;34/54;27/61;13/34;14/20;6/20;21/34;1;3;2/4;5/7;2/7;2/4;3;4;9;9;9;9;49/115;66/115;24/61;29/54;25/54;37/61;5/15;5/13;8/13;10/15;13/21;15/37;10/22;5/8;3/8;12/22;0;1;1/2;2/2;0/2;1/2;0;3;5;4;4;5;26/58;32/58;15/37;10/21;11/21;22/37;6/12;10/21;11/21;6/12;21/33;12/24;3/12;9/12;3/12;9/12;1;2;1/2;3/5;2/5;1/2;3;1;4;5;5;4;23/57;34/57;9/24;19/33;14/33;15/24;0;2;;;24.5;22.67;N/A;Right-Handed;https://wtatennis.com/tournament/1077/nanchang/2018/scores/LS025;;;;;;;;;;;;;;;;;;;;;;;;;;;;
9/29;13/27;14/27;20/29;27/52;29/52;9/23;16/25;9/25;14/23;0;0;1/4;5/9;4/9;3/4;3;1;8;8;8;8;41/104;63/104;18/52;29/52;23/52;34/52;6/17;7/19;12/19;11/17;19/32;17/28;4/11;7/13;6/13;7/11;0;0;1/2;2/5;3/5;1/2;1;0;5;5;5;5;28/60;32/60;10/28;14/32;18/32;18/28;3/12;6/8;2/8;9/12;8/20;12/24;5/12;9/12;3/12;7/12;0;0;0/2;3/4;1/4;2/2;2;1;3;3;3;3;13/44;31/44;8/24;15/20;5/20;16/24;0;1;;1.71;28.25;31.33;Right-Handed;Right-Handed;https://wtatennis.com/tournament/1077/nanchang/2018/scores/LS027;;;;;;;;;;;;;;;;;;;;;;;;;;;;
4/21;16/29;13/29;17/21;29/43;21/43;8/22;9/14;5/14;14/22;0;0;0/2;5/9;4/9;2/2;1;3;7;7;7;7;30/86;56/86;12/43;25/43;18/43;31/43;2/11;8/18;10/18;9/11;18/27;11/21;3/10;5/9;4/9;7/10;0;0;0/0;2/4;2/4;0/0;1;1;4;4;4;4;19/48;29/48;5/21;13/27;14/27;16/21;2/10;8/11;3/11;8/10;11/16;10/22;5/12;4/5;1/5;7/12;0;0;0/2;3/5;2/5;2/2;0;2;3;3;3;3;11/38;27/38;7/22;12/16;4/16;15/22;1;1;;;25.17;28.75;N/A;Right-Handed;https://wtatennis.com/tournament/1077/nanchang/2018/scores/LS030;;;;;;;;;;;;;;;;;;;;;;;;;;;;
5/22;15/27;12/27;17/22;27/42;22/39;8/17;11/15;4/15;9/17;0;2;1/1;6/10;4/10;0/1;3;0;7;8;8;7;29/81;52/81;13/39;26/42;16/42;26/39;5/14;7/16;9/16;9/14;16/25;14/24;5/10;7/9;2/9;5/10;0;1;1/1;3/6;3/6;0/1;2;0;4;5;5;4;21/49;28/49;10/24;14/25;11/25;14/24;0/8;8/11;3/11;8/8;11/17;8/15;3/7;4/6;2/6;4/7;0;1;0/0;3/4;1/4;0/0;1;0;3;3;3;3;8/32;24/32;3/15;12/17;5/17;12/15;1;1;1.56;1.70;28.58;29.33;Right-Handed;Right-Handed;https://wtatennis.com/tournament/1077/nanchang/2018/scores/LS023;;;;;;;;;;;;;;;;;;;;;;;;;;;;
15/38;13/46;33/46;23/38;46/79;38/72;19/34;16/33;17/33;15/34;2;4;4/9;2/11;9/11;5/9;2;7;11;10;10;11;84/151;67/151;34/72;29/79;50/79;38/72;7/22;5/25;20/25;15/22;25/40;22/38;8/16;7/15;8/15;8/16;1;4;1/2;1/6;5/6;1/2;0;5;6;6;6;6;43/78;35/78;15/38;12/40;28/40;23/38;8/16;8/21;13/21;8/16;21/39;16/34;11/18;9/18;9/18;7/18;1;0;3/7;1/5;4/5;4/7;2;2;5;4;4;5;41/73;32/73;19/34;17/39;22/39;15/34;2;0;1.77;1.78;34.42;33.75;Right-Handed;Right-Handed;https://wtatennis.com/tournament/1077/nanchang/2018/scores/LS016;;;;;;;;;;;;;;;;;;;;;;;;;;;;
20/53;21/43;22/43;33/53;43/75;53/74;10/21;15/32;17/32;11/21;2;6;3/7;5/11;6/11;4/7;2;1;11;10;10;11;69/149;80/149;30/74;36/75;39/75;44/74;8/26;10/22;12/22;18/26;22/44;26/36;6/10;11/22;11/22;4/10;1;3;2/5;3/6;3/6;3/5;2;1;6;6;6;6;37/80;43/80;14/36;21/44;23/44;22/36;12/27;11/21;10/21;15/27;21/31;27/38;4/11;4/10;6/10;7/11;1;3;1/2;2/5;3/5;1/2;0;0;5;4;4;5;32/69;37/69;16/38;15/31;16/31;22/38;1;7;;;32.5;27.5;Right-Handed;Right-Handed;https://wtatennis.com/tournament/1077/nanchang/2018/scores/LS029;;;;;;;;;;;;;;;;;;;;;;;;;;;;
16/52;14/53;39/53;36/52;53/108;52/99;27/47;31/55;24/55;20/47;5;3;5/8;4/16;12/16;3/8;11;11;15;15;15;15;106/207;101/207;43/99;45/108;63/108;56/99;5/22;5/18;13/18;17/22;18/37;22/37;12/15;8/19;11/19;3/15;2;1;1/4;0/6;6/6;3/4;5;6;4;5;5;4;41/74;33/74;17/37;13/37;24/37;20/37;1/10;5/18;13/18;9/10;18/36;10/26;7/16;13/18;5/18;9/16;0;2;1/1;2/6;4/6;0/1;4;2;5;4;4;5;26/62;36/62;8/26;18/36;18/36;18/26;3;0;;;25.0;33.58;N/A;Right-Handed;https://wtatennis.com/tournament/1077/nanchang/2018/scores/LS022;10/20;4/17;13/17;10/20;17/35;20/36;8/16;10/18;8/18;8/16;3;0;3/3;2/4;2/4;0/3;2;3;6;6;6;6;39/71;32/71;18/36;14/35;21/35;18/36
19/55;14/41;27/41;36/55;41/54;55/74;7/19;9/13;4/13;12/19;2;1;1/3;3/5;2/5;2/3;1;1;10;9;9;10;57/128;71/128;26/74;23/54;31/54;48/74;3/18;6/20;14/20;15/18;20/27;18/25;2/7;5/7;2/7;5/7;0;1;0/0;1/2;1/2;0/0;0;1;5;4;4;5;21/52;31/52;5/25;11/27;16/27;20/25;16/37;8/21;13/21;21/37;21/27;37/49;5/12;4/6;2/6;7/12;2;0;1/3;2/3;1/3;2/3;1;0;5;5;5;5;36/76;40/76;21/49;12/27;15/27;28/49;0;1;1.79;1.77;28.83;28.58;Right-Handed;Right-Handed;https://wtatennis.com/tournament/1077/nanchang/2018/scores/LS018;;;;;;;;;;;;;;;;;;;;;;;;;;;;
17/55;19/46;27/46;38/55;46/75;55/76;15/21;18/29;11/29;6/21;3;2;4/9;5/9;4/9;5/9;11;2;12;13;13;12;70/151;81/151;32/76;37/75;38/75;44/76;10/23;8/20;12/20;13/23;20/30;23/36;9/13;5/10;5/10;4/13;1;1;3/6;2/4;2/4;3/6;3;2;5;5;5;5;36/66;30/66;19/36;13/30;17/30;17/36;4/20;7/17;10/17;16/20;17/31;20/24;3/4;8/14;6/14;1/4;2;1;1/1;2/4;2/4;0/1;5;0;5;5;5;5;23/55;32/55;7/24;15/31;16/31;17/24;0;1;1.80;1.69;32.83;30.58;Right-Handed;Right-Handed;https://wtatennis.com/tournament/1077/nanchang/2018/scores/LS024;3/12;4/9;5/9;9/12;9/14;12/16;3/4;5/5;0/5;1/4;0;0;0/2;1/1;0/1;2/2;3;0;2;3;3;2;11/30;19/30;6/16;9/14;5/14;10/16
19/39;11/30;19/30;20/39;30/54;39/60;17/21;12/24;12/24;4/21;2;0;6/11;3/6;3/6;5/11;4;4;8;9;9;8;67/114;47/114;36/60;23/54;31/54;24/60;13/27;7/16;9/16;14/27;16/26;27/44;13/17;6/10;4/10;4/17;2;0;4/9;3/6;3/6;5/9;2;3;5;5;5;5;39/70;31/70;26/44;13/26;13/26;18/44;6/12;4/14;10/14;6/12;14/28;12/16;4/4;6/14;8/14;0/4;0;0;2/2;0/0;0/0;0/2;2;1;3;4;4;3;28/44;16/44;10/16;10/28;18/28;6/16;1;0;1.77;1.83;34.42;28.75;Right-Handed;Right-Handed;https://wtatennis.com/tournament/1077/nanchang/2018/scores/LS008;;;;;;;;;;;;;;;;;;;;;;;;;;;;
8/34;19/46;27/46;26/34;46/68;34/52;10/18;17/22;5/22;8/18;0;1;1/3;5/8;3/8;2/3;5;2;8;9;9;8;50/120;70/120;18/52;36/68;32/68;34/52;7/21;12/25;13/25;14/21;25/38;21/30;5/9;9/13;4/13;4/9;0;1;1/3;3/5;2/5;2/3;2;0;4;4;4;4;29/68;39/68;12/30;21/38;17/38;18/30;1/13;7/21;14/21;12/13;21/30;13/22;5/9;8/9;1/9;4/9;0;0;0/0;2/3;1/3;0/0;3;2;4;5;5;4;21/52;31/52;6/22;15/30;15/30;16/22;0;2;1.77;1.73;28.58;29.33;Right-Handed;Right-Handed;https://wtatennis.com/tournament/1077/nanchang/2018/scores/LS009;;;;;;;;;;;;;;;;;;;;;;;;;;;;
9/37;20/52;32/52;28/37;52/85;37/74;16/37;14/33;19/33;21/37;2;4;2/5;4/7;3/7;3/5;3;2;13;14;14;13;76/159;83/159;25/74;34/85;51/85;49/74;4/21;4/17;13/17;17/21;17/28;21/35;7/14;6/11;5/11;7/14;1;2;0/3;1/1;0/1;3/3;2;1;5;5;5;5;29/63;34/63;11/35;10/28;18/28;24/35;3/6;8/20;12/20;3/6;20/30;6/18;6/12;2/10;8/10;6/12;1;1;2/2;1/3;2/3;0/2;0;1;4;5;5;4;29/48;19/48;9/18;10/30;20/30;9/18;0;2;1.72;1.72;28.75;31.42;Right-Handed;Right-Handed;https://wtatennis.com/tournament/1077/nanchang/2018/scores/LS015;2/10;8/15;7/15;8/10;15/27;10/21;3/11;6/12;6/12;8/11;0;1;0/0;2/3;1/3;0/0;1;0;4;4;4;4;18/48;30/48;5/21;14/27;13/27;16/21
5/30;13/31;18/31;25/30;31/43;30/44;5/14;7/12;5/12;9/14;3;9;0/3;4/6;2/6;3/3;4;0;8;7;7;8;33/87;54/87;10/44;20/43;23/43;34/44;3/19;5/13;8/13;16/19;13/18;19/24;3/5;4/5;1/5;2/5;1;6;0/3;2/2;0/2;3/3;2;0;4;3;3;4;15/42;27/42;6/24;9/18;9/18;18/24;2/11;8/18;10/18;9/11;18/25;11/20;2/9;3/7;4/7;7/9;2;3;0/0;2/4;2/4;0/0;2;0;4;4;4;4;18/45;27/45;4/20;11/25;14/25;16/20;0;1;1.69;;30.58;22.67;Right-Handed;Right-Handed;https://wtatennis.com/tournament/1077/nanchang/2018/scores/LS012;;;;;;;;;;;;;;;;;;;;;;;;;;;;
11/34;15/35;20/35;23/34;35/65;34/53;8/19;20/30;10/30;11/19;7;0;1/5;5/10;5/10;4/5;2;2;8;8;8;8;49/118;69/118;19/53;35/65;30/65;34/53;9/22;9/26;17/26;13/22;26/49;22/34;4/12;14/23;9/23;8/12;6;0;1/4;2/7;5/7;3/4;1;0;5;5;5;5;39/83;44/83;13/34;23/49;26/49;21/34;2/12;6/9;3/9;10/12;9/16;12/19;4/7;6/7;1/7;3/7;1;0;0/1;3/3;0/3;1/1;1;2;3;3;3;3;10/35;25/35;6/19;12/16;4/16;13/19;0;2;;1.70;25.0;29.33;N/A;Right-Handed;https://wtatennis.com/tournament/1077/nanchang/2018/scores/LS011;;;;;;;;;;;;;;;;;;;;;;;;;;;;
10/42;11/30;19/30;32/42;30/49;42/59;10/17;11/19;8/19;7/17;1;4;1/4;4/4;0/4;3/4;4;1;9;9;9;9;47/108;61/108;20/59;22/49;27/49;39/59;6/28;4/14;10/14;22/28;14/22;28/37;6/9;4/8;4/8;3/9;1;4;0/3;1/1;0/1;3/3;2;1;5;4;4;5;26/59;33/59;12/37;8/22;14/22;25/37;4/14;7/16;9/16;10/14;16/27;14/22;4/8;7/11;4/11;4/8;0;0;1/1;3/3;0/3;0/1;2;0;4;5;5;4;21/49;28/49;8/22;14/27;13/27;14/22;4;3;1.72;1.72;33.0;27.5;Left-Handed;Right-Handed;https://wtatennis.com/tournament/1077/nanchang/2018/scores/LS014;;;;;;;;;;;;;;;;;;;;;;;;;;;;
14/44;22/48;26/48;30/44;48/72;44/71;14/27;12/24;12/24;13/27;1;10;3/7;5/7;2/7;4/7;4;3;11;11;11;11;66/143;77/143;28/71;34/72;38/72;43/71;6/23;11/22;11/22;17/23;22/31;23/38;10/15;3/9;6/9;5/15;0;6;1/3;2/2;0/2;2/3;2;2;5;5;5;5;33/69;36/69;16/38;14/31;17/31;22/38;8/21;11/26;15/26;13/21;26/41;21/33;4/12;9/15;6/15;8/12;1;4;2/4;3/5;2/5;2/4;2;1;6;6;6;6;33/74;41/74;12/33;20/41;21/41;21/33;4;2;;;34.08;28.42;N/A;N/A;https://wtatennis.com/tournament/1077/nanchang/2018/scores/LS010;;;;;;;;;;;;;;;;;;;;;;;;;;;;
14/42;16/38;22/38;28/42;38/62;42/67;13/25;14/24;10/24;12/25;0;4;3/4;5/8;3/8;1/4;2;1;11;10;10;11;59/129;70/129;27/67;30/62;32/62;40/67;7/20;9/17;8/17;13/20;17/28;20/27;5/7;8/11;3/11;2/7;0;1;2/2;3/5;2/5;0/2;1;0;5;4;4;5;23/55;32/55;12/27;17/28;11/28;15/27;7/22;7/21;14/21;15/22;21/34;22/40;8/18;6/13;7/13;10/18;0;3;1/2;2/3;1/3;1/2;1;1;6;6;6;6;36/74;38/74;15/40;13/34;21/34;25/40;0;1;1.68;1.71;29.33;31.33;Right-Handed;Right-Handed;https://wtatennis.com/tournament/1077/nanchang/2018/scores/LS013;;;;;;;;;;;;;;;;;;;;;;;;;;;;
10/36;14/34;20/34;26/36;34/58;36/54;6/18;13/24;11/24;12/18;2;1;2/5;4/7;3/7;3/5;6;0;10;9;9;10;47/112;65/112;16/54;27/58;31/58;38/54;10/23;8/15;7/15;13/23;15/24;23/33;5/10;7/9;2/9;5/10;2;0;2/5;3/4;1/4;3/5;3;0;5;4;4;5;24/57;33/57;15/33;15/24;9/24;18/33;0/13;6/19;13/19;13/13;19/34;13/21;1/8;6/15;9/15;7/8;0;1;0/0;1/3;2/3;0/0;3;0;5;5;5;5;23/55;32/55;1/21;12/34;22/34;20/21;0;1;;1.70;28.42;29.33;N/A;Right-Handed;https://wtatennis.com/tournament/1077/nanchang/2018/scores/LS005;;;;;;;;;;;;;;;;;;;;;;;;;;;;
4/19;15/26;11/26;15/19;26/53;19/39;10/20;17/27;10/27;10/20;3;2;1/1;6/10;4/10;0/1;4;1;7;8;8;7;35/92;57/92;14/39;32/53;21/53;25/39;4/10;7/16;9/16;6/10;16/36;10/22;5/12;12/20;8/20;7/12;3;0;1/1;3/7;4/7;0/1;3;0;4;5;5;4;26/58;32/58;9/22;19/36;17/36;13/22;0/9;8/10;2/10;9/9;10/17;9/17;5/8;5/7;2/7;3/8;0;2;0/0;3/3;0/3;0/0;1;1;3;3;3;3;9/34;25/34;5/17;13/17;4/17;12/17;2;5;1.72;1.72;27.5;31.42;Right-Handed;Right-Handed;https://wtatennis.com/tournament/1077/nanchang/2018/scores/LS007;;;;;;;;;;;;;;;;;;;;;;;;;;;;
34/75;24/52;28/52;41/75;52/81;75/90;8/15;18/29;11/29;7/15;1;2;5/12;6/12;6/12;7/12;3;1;12;12;12;12;81/171;90/171;42/90;42/81;39/81;48/90;6/21;11/22;11/22;15/21;22/33;21/27;2/6;6/11;5/11;4/6;1;2;0/4;2/6;4/6;4/4;2;1;4;5;5;4;24/60;36/60;8/27;17/33;16/33;19/27;14/21;5/13;8/13;7/21;13/24;21/25;3/4;6/11;5/11;1/4;0;0;4/5;1/3;2/3;1/5;1;0;4;3;3;4;30/49;19/49;17/25;11/24;13/24;8/25;0;5;1.73;1.70;29.33;29.33;Right-Handed;Right-Handed;https://wtatennis.com/tournament/1077/nanchang/2018/scores/LS002;14/33;8/17;9/17;19/33;17/24;33/38;3/5;6/7;1/7;2/5;0;0;1/3;3/3;0/3;2/3;0;0;4;4;4;4;27/62;35/62;17/38;14/24;10/24;21/38
4/30;17/48;31/48;26/30;48/74;30/60;15/30;18/26;8/26;15/30;1;2;1/2;4/10;6/10;1/2;3;3;10;10;10;10;58/134;76/134;19/60;35/74;39/74;41/60;2/17;8/28;20/28;15/17;28/46;17/35;9/18;13/18;5/18;9/18;1;1;1/2;2/7;5/7;1/2;2;1;6;6;6;6;36/81;45/81;11/35;21/46;25/46;24/35;2/13;9/20;11/20;11/13;20/28;13/25;6/12;5/8;3/8;6/12;0;1;0/0;2/3;1/3;0/0;1;2;4;4;4;4;22/53;31/53;8/25;14/28;14/28;17/25;3;3;1.71;1.72;31.33;31.42;Right-Handed;Right-Handed;https://wtatennis.com/tournament/1077/nanchang/2018/scores/LS003;;;;;;;;;;;;;;;;;;;;;;;;;;;;
3/27;15/36;21/36;24/27;36/51;27/46;8/19;9/15;6/15;11/19;0;6;1/3;4/9;5/9;2/3;1;1;9;8;8;9;38/97;59/97;11/46;24/51;27/51;35/46;3/19;8/23;15/23;16/19;23/35;19/35;8/16;6/12;6/12;8/16;0;5;1/3;2/4;2/4;2/3;1;1;6;6;6;6;32/70;38/70;11/35;14/35;21/35;24/35;0/8;7/13;6/13;8/8;13/16;8/11;0/3;3/3;0/3;3/3;0;1;0/0;2/5;3/5;0/0;0;0;3;2;2;3;6/27;21/27;0/11;10/16;6/16;11/11;2;4;1.70;1.72;29.33;31.42;Right-Handed;Right-Handed;https://wtatennis.com/tournament/1077/nanchang/2018/scores/LS001;;;;;;;;;;;;;;;;;;;;;;;;;;;;
