statut;duration;stage;url_match_stats;player_1_name;player_1_set_1;player_1_set_1_tiebreak;player_1_set_2;player_1_set_2_tiebreak;player_1_set_3;player_1_set_3_tiebreak;player_2_name;player_2_set_1;player_2_set_1_tiebreak;player_2_set_2;player_2_set_2_tiebreak;player_2_set_3;player_2_set_3_tiebreak;scores_link
Completed;1:02;Qualifying;https://wtatennis.com/tournament/2006/jurmala/2019/scores/RS016;B.Haas;6;;6;;-;;F.Jones;2;;2;;-;;https://www.wtatennis.com/tournament/2006/jurmala/2019/scores
Completed;1:17;Qualifying;https://wtatennis.com/tournament/2006/jurmala/2019/scores/RS023;J.Jebawy;2;;2;;-;;H.Tan;6;;6;;-;;https://www.wtatennis.com/tournament/2006/jurmala/2019/scores
Completed;1:35;Qualifying;https://wtatennis.com/tournament/2006/jurmala/2019/scores/RS017;K.Bartone;6;3;3;;-;;J.Grabher;7;;6;;-;;https://www.wtatennis.com/tournament/2006/jurmala/2019/scores
Completed;2:17;Qualifying;https://wtatennis.com/tournament/2006/jurmala/2019/scores/RS020;K.Kawa;6;;3;;7;;A.Danilina;4;;6;;6;5;https://www.wtatennis.com/tournament/2006/jurmala/2019/scores
Completed;1:15;Qualifying;https://wtatennis.com/tournament/2006/jurmala/2019/scores/RS022;N.Stojanovic;6;;6;;-;;M.Melnikova;4;;4;;-;;https://www.wtatennis.com/tournament/2006/jurmala/2019/scores
Completed;2:33;Qualifying;https://wtatennis.com/tournament/2006/jurmala/2019/scores/RS018;P.Ormaechea;5;;6;;6;;D.Radanovic;7;;1;;3;;https://www.wtatennis.com/tournament/2006/jurmala/2019/scores
Completed;0:47;Qualifying;https://wtatennis.com/tournament/2006/jurmala/2019/scores/RS024;B.Eraydin;6;;6;;-;;K.Aleshina;1;;0;;-;;https://www.wtatennis.com/tournament/2006/jurmala/2019/scores
Completed;2:26;Qualifying;https://wtatennis.com/tournament/2006/jurmala/2019/scores/RS021;A.Gamiz;4;;6;;3;;N.Bains;6;;1;;6;;https://www.wtatennis.com/tournament/2006/jurmala/2019/scores
Completed;1:09;Qualifying;https://wtatennis.com/tournament/2006/jurmala/2019/scores/RS025;D.Vismane;0;;0;;-;;U.Eikeri;6;;3;;-;;https://www.wtatennis.com/tournament/2006/jurmala/2019/scores
Completed;1:08;Qualifying;https://wtatennis.com/tournament/2006/jurmala/2019/scores/RS026;V.Ivakhnenko;6;;6;;-;;G.Voskoboeva;1;;2;;-;;https://www.wtatennis.com/tournament/2006/jurmala/2019/scores
Completed;1:27;Qualifying;https://wtatennis.com/tournament/2006/jurmala/2019/scores/RS027;A.Amanmuradova;5;;2;;-;;M.Benoit;7;;6;;-;;https://www.wtatennis.com/tournament/2006/jurmala/2019/scores
Completed;1:18;Qualifying;https://wtatennis.com/tournament/2006/jurmala/2019/scores/RS019;Z.Kruger;2;;4;;-;;I.Shinikova;6;;6;;-;;https://www.wtatennis.com/tournament/2006/jurmala/2019/scores
Completed;1:05;Qualifying;https://wtatennis.com/tournament/2006/jurmala/2019/scores/RS011;N.Stojanovic;6;;6;;-;;H.Tan;2;;2;;-;;https://www.wtatennis.com/tournament/2006/jurmala/2019/scores
Completed;1:18;Qualifying;https://wtatennis.com/tournament/2006/jurmala/2019/scores/RS008;B.Haas;6;;6;;-;;J.Grabher;0;;4;;-;;https://www.wtatennis.com/tournament/2006/jurmala/2019/scores
Completed;1:01;Qualifying;https://wtatennis.com/tournament/2006/jurmala/2019/scores/RS010;K.Kawa;6;;6;;-;;N.Bains;1;;2;;-;;https://www.wtatennis.com/tournament/2006/jurmala/2019/scores
Completed;2:18;Qualifying;https://wtatennis.com/tournament/2006/jurmala/2019/scores/RS013;V.Ivakhnenko;6;;4;;6;;M.Benoit;4;;6;;4;;https://www.wtatennis.com/tournament/2006/jurmala/2019/scores
Completed;2:38;Qualifying;https://wtatennis.com/tournament/2006/jurmala/2019/scores/RS012;B.Eraydin;6;;4;;7;;U.Eikeri;3;;6;;6;4;https://www.wtatennis.com/tournament/2006/jurmala/2019/scores
Completed;1:41;Qualifying;https://wtatennis.com/tournament/2006/jurmala/2019/scores/RS009;P.Ormaechea;7;;6;;-;;I.Shinikova;5;;3;;-;;https://www.wtatennis.com/tournament/2006/jurmala/2019/scores
Completed;1:13;Round of 32;https://wtatennis.com/tournament/2006/jurmala/2019/scores/LS022;K.Rakhimova;4;;3;;-;;D.Marcinkevica;6;;6;;-;;https://www.wtatennis.com/tournament/2006/jurmala/2019/scores
Completed;1:37;Round of 32;https://wtatennis.com/tournament/2006/jurmala/2019/scores/LS017;A.Bogdan;3;;6;5;-;;D.Jakupovic;6;;7;;-;;https://www.wtatennis.com/tournament/2006/jurmala/2019/scores
Completed;2:07;Round of 32;https://wtatennis.com/tournament/2006/jurmala/2019/scores/LS019;I.Bara;6;;4;;4;;M.Gasparyan;4;;6;;0;;https://www.wtatennis.com/tournament/2006/jurmala/2019/scores
Completed;1:06;Round of 32;https://wtatennis.com/tournament/2006/jurmala/2019/scores/LS024;J.Ostapenko;2;;1;;-;;B.Pera;6;;6;;-;;https://www.wtatennis.com/tournament/2006/jurmala/2019/scores
Completed;0:56;Round of 32;https://wtatennis.com/tournament/2006/jurmala/2019/scores/LS016;A.Sevastova;6;;6;;-;;V.Flink;2;;1;;-;;https://www.wtatennis.com/tournament/2006/jurmala/2019/scores
Completed;0:49;Round of 32;https://wtatennis.com/tournament/2006/jurmala/2019/scores/LS025;E.Rybakina;6;;6;;-;;X.Han;1;;2;;-;;https://www.wtatennis.com/tournament/2006/jurmala/2019/scores
Completed;1:54;Round of 32;https://wtatennis.com/tournament/2006/jurmala/2019/scores/LS027;N.Stojanovic;4;;6;;6;;A.Sasnovich;6;;3;;4;;https://www.wtatennis.com/tournament/2006/jurmala/2019/scores
Completed;2:24;Round of 32;https://wtatennis.com/tournament/2006/jurmala/2019/scores/LS028;T.Maria;4;;6;;4;;J.Fett;6;;1;;6;;https://www.wtatennis.com/tournament/2006/jurmala/2019/scores
Completed;1:25;Round of 32;https://wtatennis.com/tournament/2006/jurmala/2019/scores/LS030;C.Paquet;6;;7;;-;;B.Eraydin;3;;5;;-;;https://www.wtatennis.com/tournament/2006/jurmala/2019/scores
Completed;1:04;Round of 32;https://wtatennis.com/tournament/2006/jurmala/2019/scores/LS021;A.Raina;2;;1;;-;;P.Tig;6;;6;;-;;https://www.wtatennis.com/tournament/2006/jurmala/2019/scores
Completed;1:49;Round of 32;https://wtatennis.com/tournament/2006/jurmala/2019/scores/LS029;K.Kawa;2;;6;;6;;Y.Bonaventure;6;;4;;1;;https://www.wtatennis.com/tournament/2006/jurmala/2019/scores
Completed;2:47;Round of 32;https://wtatennis.com/tournament/2006/jurmala/2019/scores/LS031;K.Pliskova;3;;7;;6;6;C.Garcia;6;;6;6;7;;https://www.wtatennis.com/tournament/2006/jurmala/2019/scores
Completed;1:19;Round of 32;https://wtatennis.com/tournament/2006/jurmala/2019/scores/LS026;P.Ormaechea;6;;4;;-;;K.Kucova;4;;1;;-;;https://www.wtatennis.com/tournament/2006/jurmala/2019/scores
Completed;1:27;Round of 32;https://wtatennis.com/tournament/2006/jurmala/2019/scores/LS018;S.Cirstea;0;;4;;-;;V.Ivakhnenko;6;;6;;-;;https://www.wtatennis.com/tournament/2006/jurmala/2019/scores
Completed;2:21;Round of 32;https://wtatennis.com/tournament/2006/jurmala/2019/scores/LS020;K.Siniakova;6;;4;;1;;A.Kalinina;4;;6;;6;;https://www.wtatennis.com/tournament/2006/jurmala/2019/scores
Completed;1:07;Round of 16;https://wtatennis.com/tournament/2006/jurmala/2019/scores/LS014;J.Fett;3;;0;;-;;K.Kawa;6;;6;;-;;https://www.wtatennis.com/tournament/2006/jurmala/2019/scores
Completed;2:15;Round of 16;https://wtatennis.com/tournament/2006/jurmala/2019/scores/LS008;A.Sevastova;6;3;6;;6;;D.Jakupovic;7;;2;;4;;https://www.wtatennis.com/tournament/2006/jurmala/2019/scores
Completed;1:56;Round of 16;https://wtatennis.com/tournament/2006/jurmala/2019/scores/LS015;C.Paquet;4;;6;;6;;C.Garcia;6;;4;;3;;https://www.wtatennis.com/tournament/2006/jurmala/2019/scores
Completed;1:18;Round of 16;https://wtatennis.com/tournament/2006/jurmala/2019/scores/LS010;A.Kalinina;4;;4;;-;;P.Tig;6;;6;;-;;https://www.wtatennis.com/tournament/2006/jurmala/2019/scores
Completed;1:09;Round of 32;https://wtatennis.com/tournament/2006/jurmala/2019/scores/LS023;B.Haas;2;;3;;-;;A.Potapova;6;;6;;-;;https://www.wtatennis.com/tournament/2006/jurmala/2019/scores
Completed;1:35;Round of 16;https://wtatennis.com/tournament/2006/jurmala/2019/scores/LS012;B.Pera;4;;6;;6;;E.Rybakina;6;;0;;2;;https://www.wtatennis.com/tournament/2006/jurmala/2019/scores
Completed;1:00;Round of 16;https://wtatennis.com/tournament/2006/jurmala/2019/scores/LS013;P.Ormaechea;0;;3;;-;;N.Stojanovic;6;;6;;-;;https://www.wtatennis.com/tournament/2006/jurmala/2019/scores
Completed;3:02;Round of 16;https://wtatennis.com/tournament/2006/jurmala/2019/scores/LS009;V.Ivakhnenko;6;6;6;;1;;I.Bara;7;;3;;6;;https://www.wtatennis.com/tournament/2006/jurmala/2019/scores
Completed;1:37;Round of 16;https://wtatennis.com/tournament/2006/jurmala/2019/scores/LS011;D.Marcinkevica;1;;6;;2;;A.Potapova;6;;4;;6;;https://www.wtatennis.com/tournament/2006/jurmala/2019/scores
Completed;2:07;Quarterfinal;https://wtatennis.com/tournament/2006/jurmala/2019/scores/LS006;B.Pera;4;;6;;6;;N.Stojanovic;6;;4;;3;;https://www.wtatennis.com/tournament/2006/jurmala/2019/scores
Completed;1:44;Quarterfinal;https://wtatennis.com/tournament/2006/jurmala/2019/scores/LS004;A.Sevastova;7;;6;;-;;I.Bara;6;3;2;;-;;https://www.wtatennis.com/tournament/2006/jurmala/2019/scores
Completed;1:08;Quarterfinal;https://wtatennis.com/tournament/2006/jurmala/2019/scores/LS007;K.Kawa;6;;6;;-;;C.Paquet;2;;2;;-;;https://www.wtatennis.com/tournament/2006/jurmala/2019/scores
Completed;2:11;Quarterfinal;https://wtatennis.com/tournament/2006/jurmala/2019/scores/LS005;P.Tig;4;;6;;4;;A.Potapova;6;;0;;6;;https://www.wtatennis.com/tournament/2006/jurmala/2019/scores
Completed;1:19;Semifinal;https://wtatennis.com/tournament/2006/jurmala/2019/scores/LS002;A.Sevastova;6;;6;;-;;A.Potapova;4;;2;;-;;https://www.wtatennis.com/tournament/2006/jurmala/2019/scores
Completed;1:12;Semifinal;https://wtatennis.com/tournament/2006/jurmala/2019/scores/LS003;B.Pera;2;;3;;-;;K.Kawa;6;;6;;-;;https://www.wtatennis.com/tournament/2006/jurmala/2019/scores
Completed;2:09;Final;https://wtatennis.com/tournament/2006/jurmala/2019/scores/LS001;A.Sevastova;3;;7;;6;;K.Kawa;6;;5;;4;;https://www.wtatennis.com/tournament/2006/jurmala/2019/scores
