statut;duration;stage;url_match_stats;player_1_name;player_1_set_1;player_1_set_1_tiebreak;player_1_set_2;player_1_set_2_tiebreak;player_1_set_3;player_1_set_3_tiebreak;player_2_name;player_2_set_1;player_2_set_1_tiebreak;player_2_set_2;player_2_set_2_tiebreak;player_2_set_3;player_2_set_3_tiebreak;scores_link
Completed;0:52;Qualifying;https://wtatennis.com/tournament/1086/st-petersburg/2019/scores/RS026;V.Grammatikopoulou;1;;1;;-;;J.Fett;6;;6;;-;;https://www.wtatennis.com/tournament/1086/st-petersburg/2019/scores
Completed;1:53;Qualifying;https://wtatennis.com/tournament/1086/st-petersburg/2019/scores/RS024;V.Lapko;2;;6;;3;;A.Zarycka;6;;2;;6;;https://www.wtatennis.com/tournament/1086/st-petersburg/2019/scores
Completed;0:49;Qualifying;https://wtatennis.com/tournament/1086/st-petersburg/2019/scores/RS027;V.Ivakhnenko;1;;0;;-;;E.Alexandrova;6;;3;;-;;https://www.wtatennis.com/tournament/1086/st-petersburg/2019/scores
Completed;1:16;Qualifying;https://wtatennis.com/tournament/1086/st-petersburg/2019/scores/RS025;A.Kalinskaya;6;;7;;-;;A.Konjuh;4;;5;;-;;https://www.wtatennis.com/tournament/1086/st-petersburg/2019/scores
Completed;1:40;Qualifying;https://wtatennis.com/tournament/1086/st-petersburg/2019/scores/RS031;T.Martincova;3;;6;;6;;L.Arruabarrena;6;;1;;4;;https://www.wtatennis.com/tournament/1086/st-petersburg/2019/scores
Completed;1:40;Qualifying;https://wtatennis.com/tournament/1086/st-petersburg/2019/scores/RS028;A.Petkovic;6;;2;;6;;V.Diatchenko;2;;6;;3;;https://www.wtatennis.com/tournament/1086/st-petersburg/2019/scores
Completed;0:53;Qualifying;https://wtatennis.com/tournament/1086/st-petersburg/2019/scores/RS029;N.Vikhlyantseva;6;;6;;-;;D.Mishina;1;;2;;-;;https://www.wtatennis.com/tournament/1086/st-petersburg/2019/scores
Completed;2:18;Qualifying;https://wtatennis.com/tournament/1086/st-petersburg/2019/scores/RS030;O.Selekhmeteva;6;;4;;5;;M.Frech;4;;6;;7;;https://www.wtatennis.com/tournament/1086/st-petersburg/2019/scores
Completed;1:27;Qualifying;https://wtatennis.com/tournament/1086/st-petersburg/2019/scores/RS023;M.Doi;4;;2;;-;;M.Gasparyan;6;;6;;-;;https://www.wtatennis.com/tournament/1086/st-petersburg/2019/scores
Completed;1:51;Qualifying;https://wtatennis.com/tournament/1086/st-petersburg/2019/scores/RS019;K.Boulter;7;;3;;6;;B.Pera;6;5;6;;1;;https://www.wtatennis.com/tournament/1086/st-petersburg/2019/scores
Completed;1:47;Qualifying;https://wtatennis.com/tournament/1086/st-petersburg/2019/scores/RS022;J.Paolini;7;;0;;1;;L.Samsonova;6;4;6;;6;;https://www.wtatennis.com/tournament/1086/st-petersburg/2019/scores
Completed;1:53;Qualifying;https://wtatennis.com/tournament/1086/st-petersburg/2019/scores/RS018;K.Zavatska;6;;3;;6;;T.Smitkova;2;;6;;3;;https://www.wtatennis.com/tournament/1086/st-petersburg/2019/scores
Completed;0:58;Qualifying;https://wtatennis.com/tournament/1086/st-petersburg/2019/scores/RS020;B.Bencic;6;;6;;-;;A.Kalinina;2;;1;;-;;https://www.wtatennis.com/tournament/1086/st-petersburg/2019/scores
Completed;1:03;Qualifying;https://wtatennis.com/tournament/1086/st-petersburg/2019/scores/RS017;T.Lukas;2;;4;;-;;Y.Bonaventure;6;;6;;-;;https://www.wtatennis.com/tournament/1086/st-petersburg/2019/scores
Completed;1:16;Qualifying;https://wtatennis.com/tournament/1086/st-petersburg/2019/scores/RS021;V.Kudermetova;6;;6;;-;;M.Trevisan;2;;3;;-;;https://www.wtatennis.com/tournament/1086/st-petersburg/2019/scores
Completed;1:14;Qualifying;https://wtatennis.com/tournament/1086/st-petersburg/2019/scores/RS016;V.Kuzmova;6;;6;;-;;D.Radanovic;1;;4;;-;;https://www.wtatennis.com/tournament/1086/st-petersburg/2019/scores
Completed;1:21;Qualifying;https://wtatennis.com/tournament/1086/st-petersburg/2019/scores/RS012;A.Zarycka;4;;3;;-;;A.Kalinskaya;6;;6;;-;;https://www.wtatennis.com/tournament/1086/st-petersburg/2019/scores
Completed;1:18;Qualifying;https://wtatennis.com/tournament/1086/st-petersburg/2019/scores/RS015;M.Frech;3;;2;;-;;T.Martincova;6;;6;;-;;https://www.wtatennis.com/tournament/1086/st-petersburg/2019/scores
Completed;1:08;Qualifying;https://wtatennis.com/tournament/1086/st-petersburg/2019/scores/RS014;A.Petkovic;4;;4;;-;;N.Vikhlyantseva;6;;6;;-;;https://www.wtatennis.com/tournament/1086/st-petersburg/2019/scores
Completed;1:36;Qualifying;https://wtatennis.com/tournament/1086/st-petersburg/2019/scores/RS013;J.Fett;6;7;0;;-;;E.Alexandrova;7;;6;;-;;https://www.wtatennis.com/tournament/1086/st-petersburg/2019/scores
Completed;1:17;Qualifying;https://wtatennis.com/tournament/1086/st-petersburg/2019/scores/RS011;L.Samsonova;3;;3;;-;;M.Gasparyan;6;;6;;-;;https://www.wtatennis.com/tournament/1086/st-petersburg/2019/scores
Completed;2:13;Qualifying;https://wtatennis.com/tournament/1086/st-petersburg/2019/scores/RS009;K.Zavatska;7;;1;;5;;K.Boulter;6;1;6;;7;;https://www.wtatennis.com/tournament/1086/st-petersburg/2019/scores
Completed;1:02;Qualifying;https://wtatennis.com/tournament/1086/st-petersburg/2019/scores/RS008;V.Kuzmova;4;;3;;-;;Y.Bonaventure;6;;6;;-;;https://www.wtatennis.com/tournament/1086/st-petersburg/2019/scores
Completed;1:10;Qualifying;https://wtatennis.com/tournament/1086/st-petersburg/2019/scores/RS010;B.Bencic;4;;3;;-;;V.Kudermetova;6;;6;;-;;https://www.wtatennis.com/tournament/1086/st-petersburg/2019/scores
Completed;1:16;Qualifying;https://wtatennis.com/tournament/1086/st-petersburg/2019/scores/RS006;A.Kalinskaya;6;4;0;;-;;E.Alexandrova;7;;6;;-;;https://www.wtatennis.com/tournament/1086/st-petersburg/2019/scores
Completed;1:27;Qualifying;https://wtatennis.com/tournament/1086/st-petersburg/2019/scores/RS007;N.Vikhlyantseva;4;;1;;-;;T.Martincova;6;;6;;-;;https://www.wtatennis.com/tournament/1086/st-petersburg/2019/scores
Completed;1:12;Qualifying;https://wtatennis.com/tournament/1086/st-petersburg/2019/scores/RS005;V.Kudermetova;1;;0;;-;;M.Gasparyan;6;;6;;-;;https://www.wtatennis.com/tournament/1086/st-petersburg/2019/scores
Completed;1:58;Qualifying;https://wtatennis.com/tournament/1086/st-petersburg/2019/scores/RS004;Y.Bonaventure;6;3;6;;6;;K.Boulter;7;;4;;2;;https://www.wtatennis.com/tournament/1086/st-petersburg/2019/scores
Completed;1:47;Round of 32;https://wtatennis.com/tournament/1086/st-petersburg/2019/scores/LS021;D.Gavrilova;0;;4;;-;;M.Sharapova;6;;6;;-;;https://www.wtatennis.com/tournament/1086/st-petersburg/2019/scores
Completed;1:14;Round of 32;https://wtatennis.com/tournament/1086/st-petersburg/2019/scores/LS022;E.Makarova;3;;4;;-;;V.Zvonareva;6;;6;;-;;https://www.wtatennis.com/tournament/1086/st-petersburg/2019/scores
Completed;1:19;Round of 32;https://wtatennis.com/tournament/1086/st-petersburg/2019/scores/LS026;A.Van Uytvanck;6;;6;;-;;K.Flipkens;2;;4;;-;;https://www.wtatennis.com/tournament/1086/st-petersburg/2019/scores
Completed;1:22;Round of 32;https://wtatennis.com/tournament/1086/st-petersburg/2019/scores/LS028;J.Ostapenko;6;;0;;6;;K.Mladenovic;1;;6;;0;;https://www.wtatennis.com/tournament/1086/st-petersburg/2019/scores
Completed;1:59;Round of 32;https://wtatennis.com/tournament/1086/st-petersburg/2019/scores/LS029;A.Cornet;5;;6;4;-;;A.Pavlyuchenkova;7;;7;;-;;https://www.wtatennis.com/tournament/1086/st-petersburg/2019/scores
Completed;1:30;Round of 32;https://wtatennis.com/tournament/1086/st-petersburg/2019/scores/LS017;V.Azarenka;6;;6;;-;;M.Gasparyan;4;;1;;-;;https://www.wtatennis.com/tournament/1086/st-petersburg/2019/scores
Completed;1:38;Round of 32;https://wtatennis.com/tournament/1086/st-petersburg/2019/scores/LS030;Y.Bonaventure;6;;7;;-;;K.Siniakova;4;;6;3;-;;https://www.wtatennis.com/tournament/1086/st-petersburg/2019/scores
Completed;2:06;Round of 32;https://wtatennis.com/tournament/1086/st-petersburg/2019/scores/LS019;T.Bacsinszky;6;;1;;3;;D.Vekic;4;;6;;6;;https://www.wtatennis.com/tournament/1086/st-petersburg/2019/scores
Completed;2:15;Round of 32;https://wtatennis.com/tournament/1086/st-petersburg/2019/scores/LS025;T.Martincova;4;;6;;6;;Y.Putintseva;6;;2;;2;;https://www.wtatennis.com/tournament/1086/st-petersburg/2019/scores
Completed;1:12;Round of 32;https://wtatennis.com/tournament/1086/st-petersburg/2019/scores/LS023;M.Sakkari;2;;5;;-;;J.Goerges;6;;7;;-;;https://www.wtatennis.com/tournament/1086/st-petersburg/2019/scores
Completed;1:08;Round of 32;https://wtatennis.com/tournament/1086/st-petersburg/2019/scores/LS018;O.Danilovic;2;;1;;-;;V.Kudermetova;6;;6;;-;;https://www.wtatennis.com/tournament/1086/st-petersburg/2019/scores
Completed;1:15;Round of 16;https://wtatennis.com/tournament/1086/st-petersburg/2019/scores/LS009;V.Kudermetova;4;;3;;-;;D.Vekic;6;;6;;-;;https://www.wtatennis.com/tournament/1086/st-petersburg/2019/scores
Completed;2:00;Round of 16;https://wtatennis.com/tournament/1086/st-petersburg/2019/scores/LS011;V.Zvonareva;4;;6;;6;;J.Goerges;6;;4;;4;;https://www.wtatennis.com/tournament/1086/st-petersburg/2019/scores
Completed;0:00;Round of 16;https://wtatennis.com/tournament/1086/st-petersburg/2019/scores/LS010;D.Kasatkina;0;;-;;-;;M.Sharapova;0;;-;;-;;https://www.wtatennis.com/tournament/1086/st-petersburg/2019/scores
Completed;1:40;Round of 16;https://wtatennis.com/tournament/1086/st-petersburg/2019/scores/LS008;P.Kvitova;6;;7;;-;;V.Azarenka;2;;6;3;-;;https://www.wtatennis.com/tournament/1086/st-petersburg/2019/scores
Completed;1:58;Round of 32;https://wtatennis.com/tournament/1086/st-petersburg/2019/scores/LS024;K.Boulter;5;;6;;1;;E.Alexandrova;7;;4;;6;;https://www.wtatennis.com/tournament/1086/st-petersburg/2019/scores
Completed;1:01;Round of 16;https://wtatennis.com/tournament/1086/st-petersburg/2019/scores/LS015;Y.Bonaventure;4;;2;;-;;K.Bertens;6;;6;;-;;https://www.wtatennis.com/tournament/1086/st-petersburg/2019/scores
Completed;1:24;Round of 16;https://wtatennis.com/tournament/1086/st-petersburg/2019/scores/LS014;J.Ostapenko;4;;4;;-;;A.Pavlyuchenkova;6;;6;;-;;https://www.wtatennis.com/tournament/1086/st-petersburg/2019/scores
Completed;1:10;Round of 16;https://wtatennis.com/tournament/1086/st-petersburg/2019/scores/LS013;A.Van Uytvanck;1;;4;;-;;A.Sabalenka;6;;6;;-;;https://www.wtatennis.com/tournament/1086/st-petersburg/2019/scores
Completed;1:25;Round of 16;https://wtatennis.com/tournament/1086/st-petersburg/2019/scores/LS012;E.Alexandrova;7;;6;;-;;T.Martincova;5;;2;;-;;https://www.wtatennis.com/tournament/1086/st-petersburg/2019/scores
Completed;1:47;Quarterfinal;https://wtatennis.com/tournament/1086/st-petersburg/2019/scores/LS005;D.Kasatkina;3;;6;3;-;;V.Zvonareva;6;;7;;-;;https://www.wtatennis.com/tournament/1086/st-petersburg/2019/scores
Completed;1:31;Quarterfinal;https://wtatennis.com/tournament/1086/st-petersburg/2019/scores/LS007;A.Pavlyuchenkova;2;;6;;0;;K.Bertens;6;;3;;6;;https://www.wtatennis.com/tournament/1086/st-petersburg/2019/scores
Completed;1:23;Quarterfinal;https://wtatennis.com/tournament/1086/st-petersburg/2019/scores/LS004;P.Kvitova;4;;1;;-;;D.Vekic;6;;6;;-;;https://www.wtatennis.com/tournament/1086/st-petersburg/2019/scores
Completed;1:26;Quarterfinal;https://wtatennis.com/tournament/1086/st-petersburg/2019/scores/LS006;E.Alexandrova;3;;4;;-;;A.Sabalenka;6;;6;;-;;https://www.wtatennis.com/tournament/1086/st-petersburg/2019/scores
Completed;1:10;Semifinal;https://wtatennis.com/tournament/1086/st-petersburg/2019/scores/LS002;D.Vekic;6;;6;;-;;V.Zvonareva;2;;2;;-;;https://www.wtatennis.com/tournament/1086/st-petersburg/2019/scores
Completed;1:38;Semifinal;https://wtatennis.com/tournament/1086/st-petersburg/2019/scores/LS003;A.Sabalenka;6;5;2;;-;;K.Bertens;7;;6;;-;;https://www.wtatennis.com/tournament/1086/st-petersburg/2019/scores
Completed;1:43;Final;https://wtatennis.com/tournament/1086/st-petersburg/2019/scores/LS001;D.Vekic;6;2;4;;-;;K.Bertens;7;;6;;-;;https://www.wtatennis.com/tournament/1086/st-petersburg/2019/scores
