statut;duration;stage;url_match_stats;player_1_name;player_1_set_1;player_1_set_1_tiebreak;player_1_set_2;player_1_set_2_tiebreak;player_1_set_3;player_1_set_3_tiebreak;player_2_name;player_2_set_1;player_2_set_1_tiebreak;player_2_set_2;player_2_set_2_tiebreak;player_2_set_3;player_2_set_3_tiebreak;scores_link
Completed;2:39;Qualifying;https://wtatennis.com/tournament/300/luxembourg/2018/scores/RS017;E.Ruse;3;;6;;7;;M.Trevisan;6;;3;;6;10;https://www.wtatennis.com/tournament/300/luxembourg/2018/scores
Completed;1:12;Qualifying;https://wtatennis.com/tournament/300/luxembourg/2018/scores/RS023;K.Piter;1;;3;;-;;A.Rus;6;;6;;-;;https://www.wtatennis.com/tournament/300/luxembourg/2018/scores
Completed;1:38;Qualifying;https://wtatennis.com/tournament/300/luxembourg/2018/scores/RS021;L.Rueffer;4;;6;;3;;J.Fett;6;;2;;6;;https://www.wtatennis.com/tournament/300/luxembourg/2018/scores
Completed;1:21;Qualifying;https://wtatennis.com/tournament/300/luxembourg/2018/scores/RS022;I.De Vroome;3;;2;;-;;E.Kostova;6;;6;;-;;https://www.wtatennis.com/tournament/300/luxembourg/2018/scores
Completed;0:56;Qualifying;https://wtatennis.com/tournament/300/luxembourg/2018/scores/RS028;K.Pliskova;6;;6;;-;;M.Hibi;4;;1;;-;;https://www.wtatennis.com/tournament/300/luxembourg/2018/scores
Completed;1:02;Qualifying;https://wtatennis.com/tournament/300/luxembourg/2018/scores/RS016;B.Bencic;6;;6;;-;;L.Kung;2;;2;;-;;https://www.wtatennis.com/tournament/300/luxembourg/2018/scores
Completed;2:16;Qualifying;https://wtatennis.com/tournament/300/luxembourg/2018/scores/RS019;I.Shinikova;6;;6;5;7;;T.Korpatsch;3;;7;;5;;https://www.wtatennis.com/tournament/300/luxembourg/2018/scores
Completed;1:39;Qualifying;https://wtatennis.com/tournament/300/luxembourg/2018/scores/RS020;H.Watson;2;;6;;4;;K.Muchova;6;;2;;6;;https://www.wtatennis.com/tournament/300/luxembourg/2018/scores
Completed;1:43;Qualifying;https://wtatennis.com/tournament/300/luxembourg/2018/scores/RS026;G.Arn;6;6;3;;-;;J.Teichmann;7;;6;;-;;https://www.wtatennis.com/tournament/300/luxembourg/2018/scores
Completed;1:42;Qualifying;https://wtatennis.com/tournament/300/luxembourg/2018/scores/RS029;K.Gerlach;7;;3;;1;;G.Minnen;5;;6;;6;;https://www.wtatennis.com/tournament/300/luxembourg/2018/scores
Completed;1:01;Qualifying;https://wtatennis.com/tournament/300/luxembourg/2018/scores/RS018;V.Lepchenko;6;;6;;-;;P.Schnyder;4;;2;;-;;https://www.wtatennis.com/tournament/300/luxembourg/2018/scores
Completed;1:52;Qualifying;https://wtatennis.com/tournament/300/luxembourg/2018/scores/RS025;R.Hogenkamp;2;;6;;7;;T.Lukas;6;;4;;5;;https://www.wtatennis.com/tournament/300/luxembourg/2018/scores
Completed;1:47;Qualifying;https://wtatennis.com/tournament/300/luxembourg/2018/scores/RS027;R.Serban;1;;6;;1;;E.Bouchard;6;;2;;6;;https://www.wtatennis.com/tournament/300/luxembourg/2018/scores
Completed;2:09;Qualifying;https://wtatennis.com/tournament/300/luxembourg/2018/scores/RS031;J.Loeb;7;;4;;4;;T.Smitkova;6;1;6;;6;;https://www.wtatennis.com/tournament/300/luxembourg/2018/scores
Completed;1:20;Qualifying;https://wtatennis.com/tournament/300/luxembourg/2018/scores/RS024;O.Danilovic;4;;3;;-;;J.Ponchet;6;;6;;-;;https://www.wtatennis.com/tournament/300/luxembourg/2018/scores
Completed;1:43;Qualifying;https://wtatennis.com/tournament/300/luxembourg/2018/scores/RS030;A.Lottner;6;;4;;4;;R.Sramkova;2;;6;;6;;https://www.wtatennis.com/tournament/300/luxembourg/2018/scores
Completed;1:23;Qualifying;https://wtatennis.com/tournament/300/luxembourg/2018/scores/RS011;E.Kostova;2;;3;;-;;A.Rus;6;;6;;-;;https://www.wtatennis.com/tournament/300/luxembourg/2018/scores
Completed;1:20;Qualifying;https://wtatennis.com/tournament/300/luxembourg/2018/scores/RS008;B.Bencic;6;;2;;6;;E.Ruse;1;;6;;1;;https://www.wtatennis.com/tournament/300/luxembourg/2018/scores
Completed;1:04;Qualifying;https://wtatennis.com/tournament/300/luxembourg/2018/scores/RS013;J.Teichmann;3;;1;;-;;E.Bouchard;6;;6;;-;;https://www.wtatennis.com/tournament/300/luxembourg/2018/scores
Completed;2:03;Qualifying;https://wtatennis.com/tournament/300/luxembourg/2018/scores/RS009;V.Lepchenko;3;;6;;6;;I.Shinikova;6;;4;;3;;https://www.wtatennis.com/tournament/300/luxembourg/2018/scores
Completed;0:00;Qualifying;https://wtatennis.com/tournament/300/luxembourg/2018/scores/RS010;K.Muchova;0;;-;;-;;J.Fett;0;;-;;-;;https://www.wtatennis.com/tournament/300/luxembourg/2018/scores
Completed;1:03;Qualifying;https://wtatennis.com/tournament/300/luxembourg/2018/scores/RS014;K.Pliskova;6;;6;;-;;G.Minnen;2;;4;;-;;https://www.wtatennis.com/tournament/300/luxembourg/2018/scores
Completed;1:49;Qualifying;https://wtatennis.com/tournament/300/luxembourg/2018/scores/RS015;R.Sramkova;6;;3;;2;;T.Smitkova;4;;6;;6;;https://www.wtatennis.com/tournament/300/luxembourg/2018/scores
Completed;1:22;Qualifying;https://wtatennis.com/tournament/300/luxembourg/2018/scores/RS012;J.Ponchet;6;;6;;-;;R.Hogenkamp;3;;4;;-;;https://www.wtatennis.com/tournament/300/luxembourg/2018/scores
Completed;0:57;Qualifying;https://wtatennis.com/tournament/300/luxembourg/2018/scores/RS007;K.Pliskova;6;;6;;-;;T.Smitkova;2;;2;;-;;https://www.wtatennis.com/tournament/300/luxembourg/2018/scores
Completed;1:34;Qualifying;https://wtatennis.com/tournament/300/luxembourg/2018/scores/RS006;J.Ponchet;2;;5;;-;;E.Bouchard;6;;7;;-;;https://www.wtatennis.com/tournament/300/luxembourg/2018/scores
Completed;1:35;Qualifying;https://wtatennis.com/tournament/300/luxembourg/2018/scores/RS004;B.Bencic;6;;7;;-;;V.Lepchenko;3;;5;;-;;https://www.wtatennis.com/tournament/300/luxembourg/2018/scores
Completed;2:03;Qualifying;https://wtatennis.com/tournament/300/luxembourg/2018/scores/RS005;J.Fett;6;;5;;1;;A.Rus;3;;7;;6;;https://www.wtatennis.com/tournament/300/luxembourg/2018/scores
Completed;1:21;Round of 32;https://wtatennis.com/tournament/300/luxembourg/2018/scores/LS017;A.Blinkova;6;;7;;-;;T.Maria;2;;5;;-;;https://www.wtatennis.com/tournament/300/luxembourg/2018/scores
Completed;1:14;Round of 32;https://wtatennis.com/tournament/300/luxembourg/2018/scores/LS019;A.Schmiedlova;0;;1;;-;;D.Vekic;6;;6;;-;;https://www.wtatennis.com/tournament/300/luxembourg/2018/scores
Completed;2:22;Round of 32;https://wtatennis.com/tournament/300/luxembourg/2018/scores/LS025;V.Lapko;6;;5;;6;;C.Witthoeft;4;;7;;4;;https://www.wtatennis.com/tournament/300/luxembourg/2018/scores
Completed;1:47;Round of 32;https://wtatennis.com/tournament/300/luxembourg/2018/scores/LS024;P.Parmentier;7;;6;;-;;V.Golubic;6;8;2;;-;;https://www.wtatennis.com/tournament/300/luxembourg/2018/scores
Completed;3:02;Round of 32;https://wtatennis.com/tournament/300/luxembourg/2018/scores/LS030;D.Yastremska;6;;6;10;7;;V.Lepchenko;2;;7;;6;5;https://www.wtatennis.com/tournament/300/luxembourg/2018/scores
Completed;1:12;Round of 32;https://wtatennis.com/tournament/300/luxembourg/2018/scores/LS021;E.Bouchard;6;;6;;-;;T.Babos;4;;2;;-;;https://www.wtatennis.com/tournament/300/luxembourg/2018/scores
Completed;1:13;Round of 32;https://wtatennis.com/tournament/300/luxembourg/2018/scores/LS016;J.Goerges;6;;6;;-;;V.Kuzmova;4;;3;;-;;https://www.wtatennis.com/tournament/300/luxembourg/2018/scores
Completed;1:11;Round of 32;https://wtatennis.com/tournament/300/luxembourg/2018/scores/LS027;M.Minella;2;;3;;-;;K.Flipkens;6;;6;;-;;https://www.wtatennis.com/tournament/300/luxembourg/2018/scores
Completed;1:52;Round of 32;https://wtatennis.com/tournament/300/luxembourg/2018/scores/LS023;J.Larsson;1;;7;;0;;K.Siniakova;6;;6;5;6;;https://www.wtatennis.com/tournament/300/luxembourg/2018/scores
Completed;1:05;Round of 32;https://wtatennis.com/tournament/300/luxembourg/2018/scores/LS026;B.Bencic;6;;6;;-;;A.Rus;2;;1;;-;;https://www.wtatennis.com/tournament/300/luxembourg/2018/scores
Completed;1:12;Round of 32;https://wtatennis.com/tournament/300/luxembourg/2018/scores/LS031;S.Voegele;4;;4;;-;;G.Muguruza;6;;6;;-;;https://www.wtatennis.com/tournament/300/luxembourg/2018/scores
Completed;1:28;Round of 32;https://wtatennis.com/tournament/300/luxembourg/2018/scores/LS022;A.Petkovic;6;;6;;-;;A.Van Uytvanck;3;;4;;-;;https://www.wtatennis.com/tournament/300/luxembourg/2018/scores
Completed;2:31;Round of 32;https://wtatennis.com/tournament/300/luxembourg/2018/scores/LS029;D.Jakupovic;7;;3;;6;;K.Kozlova;6;3;6;;4;;https://www.wtatennis.com/tournament/300/luxembourg/2018/scores
Completed;1:06;Round of 32;https://wtatennis.com/tournament/300/luxembourg/2018/scores/LS020;C.Suarez Navarro;6;;6;;-;;K.Pliskova;3;;4;;-;;https://www.wtatennis.com/tournament/300/luxembourg/2018/scores
Completed;3:00;Round of 32;https://wtatennis.com/tournament/300/luxembourg/2018/scores/LS018;F.Ferro;4;;7;;6;;M.Niculescu;6;;6;6;0;;https://www.wtatennis.com/tournament/300/luxembourg/2018/scores
Completed;1:38;Round of 32;https://wtatennis.com/tournament/300/luxembourg/2018/scores/LS028;M.Sakkari;1;;6;4;-;;M.Gasparyan;6;;7;;-;;https://www.wtatennis.com/tournament/300/luxembourg/2018/scores
Completed;1:23;Round of 16;https://wtatennis.com/tournament/300/luxembourg/2018/scores/LS011;A.Petkovic;6;;6;;-;;K.Siniakova;2;;3;;-;;https://www.wtatennis.com/tournament/300/luxembourg/2018/scores
Completed;1:09;Round of 16;https://wtatennis.com/tournament/300/luxembourg/2018/scores/LS015;D.Yastremska;6;;6;;-;;G.Muguruza;2;;3;;-;;https://www.wtatennis.com/tournament/300/luxembourg/2018/scores
Completed;1:14;Round of 16;https://wtatennis.com/tournament/300/luxembourg/2018/scores/LS008;J.Goerges;6;;6;;-;;A.Blinkova;1;;4;;-;;https://www.wtatennis.com/tournament/300/luxembourg/2018/scores
Completed;0:53;Round of 16;https://wtatennis.com/tournament/300/luxembourg/2018/scores/LS010;C.Suarez Navarro;1;;0;;-;;E.Bouchard;6;;6;;-;;https://www.wtatennis.com/tournament/300/luxembourg/2018/scores
Completed;1:21;Round of 16;https://wtatennis.com/tournament/300/luxembourg/2018/scores/LS014;M.Gasparyan;6;;6;;-;;D.Jakupovic;4;;0;;-;;https://www.wtatennis.com/tournament/300/luxembourg/2018/scores
Completed;1:02;Round of 16;https://wtatennis.com/tournament/300/luxembourg/2018/scores/LS013;B.Bencic;6;;6;;-;;K.Flipkens;1;;3;;-;;https://www.wtatennis.com/tournament/300/luxembourg/2018/scores
Completed;2:16;Round of 16;https://wtatennis.com/tournament/300/luxembourg/2018/scores/LS009;F.Ferro;6;;1;;5;;D.Vekic;2;;6;;7;;https://www.wtatennis.com/tournament/300/luxembourg/2018/scores
Completed;1:32;Round of 16;https://wtatennis.com/tournament/300/luxembourg/2018/scores/LS012;P.Parmentier;5;;2;;-;;V.Lapko;7;;6;;-;;https://www.wtatennis.com/tournament/300/luxembourg/2018/scores
Completed;1:06;Quarterfinal;https://wtatennis.com/tournament/300/luxembourg/2018/scores/LS005;E.Bouchard;4;;4;;-;;A.Petkovic;6;;0;;-;;https://www.wtatennis.com/tournament/300/luxembourg/2018/scores
Completed;1:54;Quarterfinal;https://wtatennis.com/tournament/300/luxembourg/2018/scores/LS004;J.Goerges;6;;3;;6;;D.Vekic;3;;6;;3;;https://www.wtatennis.com/tournament/300/luxembourg/2018/scores
Completed;1:01;Quarterfinal;https://wtatennis.com/tournament/300/luxembourg/2018/scores/LS007;M.Gasparyan;1;;4;;-;;D.Yastremska;6;;6;;-;;https://www.wtatennis.com/tournament/300/luxembourg/2018/scores
Completed;1:19;Quarterfinal;https://wtatennis.com/tournament/300/luxembourg/2018/scores/LS006;V.Lapko;4;;1;;-;;B.Bencic;6;;6;;-;;https://www.wtatennis.com/tournament/300/luxembourg/2018/scores
Completed;2:21;Semifinal;https://wtatennis.com/tournament/300/luxembourg/2018/scores/LS003;B.Bencic;6;;3;;7;;D.Yastremska;2;;6;;6;5;https://www.wtatennis.com/tournament/300/luxembourg/2018/scores
Completed;2:20;Semifinal;https://wtatennis.com/tournament/300/luxembourg/2018/scores/LS002;J.Goerges;6;3;7;;6;;E.Bouchard;7;;5;;1;;https://www.wtatennis.com/tournament/300/luxembourg/2018/scores
Completed;1:27;Final;https://wtatennis.com/tournament/300/luxembourg/2018/scores/LS001;J.Goerges;6;;7;;-;;B.Bencic;4;;5;;-;;https://www.wtatennis.com/tournament/300/luxembourg/2018/scores
