statut;duration;stage;url_match_stats;player_1_name;player_1_set_1;player_1_set_1_tiebreak;player_1_set_2;player_1_set_2_tiebreak;player_1_set_3;player_1_set_3_tiebreak;player_2_name;player_2_set_1;player_2_set_1_tiebreak;player_2_set_2;player_2_set_2_tiebreak;player_2_set_3;player_2_set_3_tiebreak;scores_link
Completed;1:58;Qualifying;https://wtatennis.com/tournament/709/rome/2018/scores/RS028;S.Hsieh;1;;7;;6;;Y.Putintseva;6;;5;;3;;https://www.wtatennis.com/tournament/709/rome/2018/scores
Completed;1:54;Qualifying;https://wtatennis.com/tournament/709/rome/2018/scores/RS031;A.Tomljanovic;6;;3;;6;;M.Linette;2;;6;;4;;https://www.wtatennis.com/tournament/709/rome/2018/scores
Completed;1:42;Qualifying;https://wtatennis.com/tournament/709/rome/2018/scores/RS030;Z.Diyas;6;;7;;-;;A.Grymalska;4;;6;4;-;;https://www.wtatennis.com/tournament/709/rome/2018/scores
Completed;1:28;Qualifying;https://wtatennis.com/tournament/709/rome/2018/scores/RS029;M.Barthel;7;;6;;-;;A.Sasnovich;5;;2;;-;;https://www.wtatennis.com/tournament/709/rome/2018/scores
Completed;1:18;Qualifying;https://wtatennis.com/tournament/709/rome/2018/scores/RS023;D.Chiesa;2;;3;;-;;C.Giorgi;6;;6;;-;;https://www.wtatennis.com/tournament/709/rome/2018/scores
Completed;1:58;Qualifying;https://wtatennis.com/tournament/709/rome/2018/scores/RS020;A.Van Uytvanck;7;;1;;6;;B.Mattek-Sands;5;;6;;1;;https://www.wtatennis.com/tournament/709/rome/2018/scores
Completed;1:10;Qualifying;https://wtatennis.com/tournament/709/rome/2018/scores/RS022;D.Collins;6;;6;;-;;V.Lepchenko;2;;3;;-;;https://www.wtatennis.com/tournament/709/rome/2018/scores
Completed;1:18;Qualifying;https://wtatennis.com/tournament/709/rome/2018/scores/RS021;L.Arruabarrena;6;4;1;;-;;Q.Wang;7;;6;;-;;https://www.wtatennis.com/tournament/709/rome/2018/scores
Completed;1:57;Qualifying;https://wtatennis.com/tournament/709/rome/2018/scores/RS024;D.Vekic;3;;6;;6;;J.Brady;6;;3;;1;;https://www.wtatennis.com/tournament/709/rome/2018/scores
Completed;2:37;Qualifying;https://wtatennis.com/tournament/709/rome/2018/scores/RS019;N.Vikhlyantseva;6;;5;;7;;B.Pera;4;;7;;5;;https://www.wtatennis.com/tournament/709/rome/2018/scores
Completed;1:41;Qualifying;https://wtatennis.com/tournament/709/rome/2018/scores/RS025;M.Trevisan;2;;5;;-;;M.Puig;6;;7;;-;;https://www.wtatennis.com/tournament/709/rome/2018/scores
Completed;1:28;Qualifying;https://wtatennis.com/tournament/709/rome/2018/scores/RS026;K.Siniakova;6;;6;;-;;C.Mchale;3;;2;;-;;https://www.wtatennis.com/tournament/709/rome/2018/scores
Completed;1:44;Qualifying;https://wtatennis.com/tournament/709/rome/2018/scores/RS018;A.Sabalenka;6;;1;;6;;A.Riske;3;;6;;3;;https://www.wtatennis.com/tournament/709/rome/2018/scores
Completed;1:07;Qualifying;https://wtatennis.com/tournament/709/rome/2018/scores/RS017;F.Di Sarra;3;;3;;-;;P.Hercog;6;;6;;-;;https://www.wtatennis.com/tournament/709/rome/2018/scores
Completed;1:34;Qualifying;https://wtatennis.com/tournament/709/rome/2018/scores/RS016;A.Krunic;6;;6;;-;;Y.Wang;4;;4;;-;;https://www.wtatennis.com/tournament/709/rome/2018/scores
Completed;1:44;Qualifying;https://wtatennis.com/tournament/709/rome/2018/scores/RS027;S.Kenin;6;;2;;2;;K.Kanepi;2;;6;;6;;https://www.wtatennis.com/tournament/709/rome/2018/scores
Completed;0:28;Qualifying;https://wtatennis.com/tournament/709/rome/2018/scores/RS012;D.Vekic;4;;-;;-;;M.Puig;1;;-;;-;;https://www.wtatennis.com/tournament/709/rome/2018/scores
Completed;1:36;Qualifying;https://wtatennis.com/tournament/709/rome/2018/scores/RS015;Z.Diyas;6;4;3;;-;;A.Tomljanovic;7;;6;;-;;https://www.wtatennis.com/tournament/709/rome/2018/scores
Completed;1:17;Qualifying;https://wtatennis.com/tournament/709/rome/2018/scores/RS014;S.Hsieh;6;;7;;-;;M.Barthel;2;;6;3;-;;https://www.wtatennis.com/tournament/709/rome/2018/scores
Completed;1:35;Qualifying;https://wtatennis.com/tournament/709/rome/2018/scores/RS010;A.Van Uytvanck;3;;6;;6;;Q.Wang;6;;3;;1;;https://www.wtatennis.com/tournament/709/rome/2018/scores
Completed;2:05;Qualifying;https://wtatennis.com/tournament/709/rome/2018/scores/RS011;D.Collins;2;;6;;6;;C.Giorgi;6;;4;;2;;https://www.wtatennis.com/tournament/709/rome/2018/scores
Completed;1:50;Qualifying;https://wtatennis.com/tournament/709/rome/2018/scores/RS008;A.Krunic;6;4;4;;-;;P.Hercog;7;;6;;-;;https://www.wtatennis.com/tournament/709/rome/2018/scores
Completed;1:55;Qualifying;https://wtatennis.com/tournament/709/rome/2018/scores/RS013;K.Siniakova;3;;6;;3;;K.Kanepi;6;;3;;6;;https://www.wtatennis.com/tournament/709/rome/2018/scores
Completed;1:42;Qualifying;https://wtatennis.com/tournament/709/rome/2018/scores/RS009;A.Sabalenka;2;;6;;4;;N.Vikhlyantseva;6;;1;;6;;https://www.wtatennis.com/tournament/709/rome/2018/scores
Completed;2:23;Round of 64;https://wtatennis.com/tournament/709/rome/2018/scores/LS036;S.Stephens;6;4;6;;6;;B.Strycova;7;;3;;1;;https://www.wtatennis.com/tournament/709/rome/2018/scores
Completed;0:54;Round of 64;https://wtatennis.com/tournament/709/rome/2018/scores/LS059;A.Kontaveit;6;;6;;-;;C.Vandeweghe;1;;1;;-;;https://www.wtatennis.com/tournament/709/rome/2018/scores
Completed;1:37;Round of 64;https://wtatennis.com/tournament/709/rome/2018/scores/LS046;S.Zhang;6;;7;;-;;M.Buzarnescu;3;;6;2;-;;https://www.wtatennis.com/tournament/709/rome/2018/scores
Completed;2:35;Round of 64;https://wtatennis.com/tournament/709/rome/2018/scores/LS041;D.Gavrilova;5;;6;;6;;N.Vikhlyantseva;7;;4;;3;;https://www.wtatennis.com/tournament/709/rome/2018/scores
Completed;2:40;Round of 64;https://wtatennis.com/tournament/709/rome/2018/scores/LS042;F.Schiavone;1;;7;;2;;D.Cibulkova;6;;6;5;6;;https://www.wtatennis.com/tournament/709/rome/2018/scores
Completed;2:19;Round of 64;https://wtatennis.com/tournament/709/rome/2018/scores/LS062;S.Stosur;7;;3;;2;;A.Van Uytvanck;6;6;6;;6;;https://www.wtatennis.com/tournament/709/rome/2018/scores
Completed;1:06;Round of 64;https://wtatennis.com/tournament/709/rome/2018/scores/LS035;A.Pavlyuchenkova;4;;1;;-;;M.Keys;6;;6;;-;;https://www.wtatennis.com/tournament/709/rome/2018/scores
Completed;1:13;Round of 64;https://wtatennis.com/tournament/709/rome/2018/scores/LS033;V.Azarenka;0;;3;;-;;N.Osaka;6;;6;;-;;https://www.wtatennis.com/tournament/709/rome/2018/scores
Completed;1:15;Round of 64;https://wtatennis.com/tournament/709/rome/2018/scores/LS034;C.Suarez Navarro;1;;2;;-;;D.Vekic;6;;6;;-;;https://www.wtatennis.com/tournament/709/rome/2018/scores
Completed;1:33;Round of 64;https://wtatennis.com/tournament/709/rome/2018/scores/LS061;A.Krunic;2;;6;;6;;R.Vinci;6;;0;;3;;https://www.wtatennis.com/tournament/709/rome/2018/scores
Completed;1:16;Round of 64;https://wtatennis.com/tournament/709/rome/2018/scores/LS037;K.Kanepi;6;;6;;-;;C.Rosatello;1;;2;;-;;https://www.wtatennis.com/tournament/709/rome/2018/scores
Completed;1:36;Round of 64;https://wtatennis.com/tournament/709/rome/2018/scores/LS054;P.Martic;6;;6;;-;;L.Tsurenko;1;;2;;-;;https://www.wtatennis.com/tournament/709/rome/2018/scores
Completed;1:50;Round of 64;https://wtatennis.com/tournament/709/rome/2018/scores/LS044;M.Rybarikova;4;;3;;-;;J.Konta;6;;6;;-;;https://www.wtatennis.com/tournament/709/rome/2018/scores
Completed;1:09;Round of 32;https://wtatennis.com/tournament/709/rome/2018/scores/LS023;S.Zhang;2;;5;;-;;J.Ostapenko;6;;7;;-;;https://www.wtatennis.com/tournament/709/rome/2018/scores
Completed;0:47;Round of 64;https://wtatennis.com/tournament/709/rome/2018/scores/LS060;A.Sevastova;6;;3;;-;;K.Mladenovic;3;;0;;-;;https://www.wtatennis.com/tournament/709/rome/2018/scores
Completed;1:01;Round of 32;https://wtatennis.com/tournament/709/rome/2018/scores/LS027;P.Martic;1;;2;;-;;E.Svitolina;6;;6;;-;;https://www.wtatennis.com/tournament/709/rome/2018/scores
Completed;2:30;Round of 64;https://wtatennis.com/tournament/709/rome/2018/scores/LS043;M.Sharapova;7;;3;;6;;A.Barty;5;;6;;2;;https://www.wtatennis.com/tournament/709/rome/2018/scores
Completed;2:00;Round of 64;https://wtatennis.com/tournament/709/rome/2018/scores/LS050;I.Begu;4;;6;;6;;S.Peng;6;;4;;1;;https://www.wtatennis.com/tournament/709/rome/2018/scores
Completed;1:29;Round of 64;https://wtatennis.com/tournament/709/rome/2018/scores/LS058;S.Kuznetsova;6;;6;;-;;P.Hercog;2;;4;;-;;https://www.wtatennis.com/tournament/709/rome/2018/scores
Completed;1:31;Round of 64;https://wtatennis.com/tournament/709/rome/2018/scores/LS051;Z.Diyas;2;;6;6;-;;A.Kerber;6;;7;;-;;https://www.wtatennis.com/tournament/709/rome/2018/scores
Completed;1:53;Round of 64;https://wtatennis.com/tournament/709/rome/2018/scores/LS049;K.Bertens;2;;6;;3;;M.Sakkari;6;;4;;6;;https://www.wtatennis.com/tournament/709/rome/2018/scores
Completed;1:13;Round of 64;https://wtatennis.com/tournament/709/rome/2018/scores/LS052;D.Kasatkina;6;;6;;-;;A.Tomljanovic;0;;4;;-;;https://www.wtatennis.com/tournament/709/rome/2018/scores
Completed;1:44;Round of 64;https://wtatennis.com/tournament/709/rome/2018/scores/LS057;E.Vesnina;7;;6;;-;;L.Siegemund;6;5;2;;-;;https://www.wtatennis.com/tournament/709/rome/2018/scores
Completed;1:54;Round of 64;https://wtatennis.com/tournament/709/rome/2018/scores/LS053;D.Collins;6;;4;;6;;S.Cirstea;3;;6;;4;;https://www.wtatennis.com/tournament/709/rome/2018/scores
Completed;1:22;Round of 64;https://wtatennis.com/tournament/709/rome/2018/scores/LS045;S.Hsieh;6;;6;;-;;A.Sabalenka;2;;4;;-;;https://www.wtatennis.com/tournament/709/rome/2018/scores
Completed;2:09;Round of 64;https://wtatennis.com/tournament/709/rome/2018/scores/LS038;T.Babos;6;;7;;-;;S.Errani;3;;6;6;-;;https://www.wtatennis.com/tournament/709/rome/2018/scores
Completed;3:08;Round of 32;https://wtatennis.com/tournament/709/rome/2018/scores/LS020;G.Muguruza;7;;2;;6;6;D.Gavrilova;5;;6;;7;;https://www.wtatennis.com/tournament/709/rome/2018/scores
Completed;1:36;Round of 32;https://wtatennis.com/tournament/709/rome/2018/scores/LS031;A.Van Uytvanck;1;;4;;-;;C.Wozniacki;6;;6;;-;;https://www.wtatennis.com/tournament/709/rome/2018/scores
Completed;2:30;Round of 32;https://wtatennis.com/tournament/709/rome/2018/scores/LS021;D.Cibulkova;6;;4;;2;;M.Sharapova;3;;6;;6;;https://www.wtatennis.com/tournament/709/rome/2018/scores
Completed;2:12;Round of 32;https://wtatennis.com/tournament/709/rome/2018/scores/LS028;V.Williams;6;;4;;7;;E.Vesnina;2;;6;;5;;https://www.wtatennis.com/tournament/709/rome/2018/scores
Completed;1:17;Round of 32;https://wtatennis.com/tournament/709/rome/2018/scores/LS030;A.Sevastova;6;;6;;-;;A.Krunic;4;;4;;-;;https://www.wtatennis.com/tournament/709/rome/2018/scores
Completed;2:37;Round of 32;https://wtatennis.com/tournament/709/rome/2018/scores/LS025;I.Begu;6;;5;;5;;A.Kerber;3;;7;;7;;https://www.wtatennis.com/tournament/709/rome/2018/scores
Completed;1:05;Round of 32;https://wtatennis.com/tournament/709/rome/2018/scores/LS022;J.Konta;6;;6;;-;;S.Hsieh;0;;4;;-;;https://www.wtatennis.com/tournament/709/rome/2018/scores
Completed;1:48;Round of 32;https://wtatennis.com/tournament/709/rome/2018/scores/LS029;S.Kuznetsova;5;;5;;-;;A.Kontaveit;7;;7;;-;;https://www.wtatennis.com/tournament/709/rome/2018/scores
Completed;1:53;Round of 32;https://wtatennis.com/tournament/709/rome/2018/scores/LS017;D.Vekic;6;2;6;0;-;;M.Keys;7;;7;;-;;https://www.wtatennis.com/tournament/709/rome/2018/scores
Completed;2:21;Round of 32;https://wtatennis.com/tournament/709/rome/2018/scores/LS024;K.Pliskova;6;;3;;5;;M.Sakkari;3;;6;;7;;https://www.wtatennis.com/tournament/709/rome/2018/scores
Completed;1:14;Round of 32;https://wtatennis.com/tournament/709/rome/2018/scores/LS026;D.Kasatkina;6;;6;;-;;D.Collins;2;;3;;-;;https://www.wtatennis.com/tournament/709/rome/2018/scores
Completed;2:17;Round of 32;https://wtatennis.com/tournament/709/rome/2018/scores/LS018;S.Stephens;6;;5;;6;;K.Kanepi;0;;7;;4;;https://www.wtatennis.com/tournament/709/rome/2018/scores
Completed;0:59;Round of 32;https://wtatennis.com/tournament/709/rome/2018/scores/LS016;S.Halep;6;;6;;-;;N.Osaka;1;;0;;-;;https://www.wtatennis.com/tournament/709/rome/2018/scores
Completed;1:19;Round of 32;https://wtatennis.com/tournament/709/rome/2018/scores/LS019;T.Babos;3;;4;;-;;C.Garcia;6;;6;;-;;https://www.wtatennis.com/tournament/709/rome/2018/scores
Completed;2:14;Round of 16;https://wtatennis.com/tournament/709/rome/2018/scores/LS015;A.Sevastova;2;;7;;3;;C.Wozniacki;6;;5;;6;;https://www.wtatennis.com/tournament/709/rome/2018/scores
Completed;1:33;Round of 16;https://wtatennis.com/tournament/709/rome/2018/scores/LS009;S.Stephens;1;;6;7;-;;C.Garcia;6;;7;;-;;https://www.wtatennis.com/tournament/709/rome/2018/scores
Completed;1:38;Round of 16;https://wtatennis.com/tournament/709/rome/2018/scores/LS010;D.Gavrilova;3;;4;;-;;M.Sharapova;6;;6;;-;;https://www.wtatennis.com/tournament/709/rome/2018/scores
Completed;1:19;Round of 16;https://wtatennis.com/tournament/709/rome/2018/scores/LS014;V.Williams;2;;6;3;-;;A.Kontaveit;6;;7;;-;;https://www.wtatennis.com/tournament/709/rome/2018/scores
Completed;0:55;Round of 16;https://wtatennis.com/tournament/709/rome/2018/scores/LS012;M.Sakkari;1;;1;;-;;A.Kerber;6;;6;;-;;https://www.wtatennis.com/tournament/709/rome/2018/scores
Completed;2:13;Round of 16;https://wtatennis.com/tournament/709/rome/2018/scores/LS011;J.Konta;6;;3;;4;;J.Ostapenko;2;;6;;6;;https://www.wtatennis.com/tournament/709/rome/2018/scores
Completed;1:36;Round of 16;https://wtatennis.com/tournament/709/rome/2018/scores/LS013;D.Kasatkina;6;;3;;2;;E.Svitolina;0;;6;;6;;https://www.wtatennis.com/tournament/709/rome/2018/scores
Completed;0:00;Round of 16;https://wtatennis.com/tournament/709/rome/2018/scores/LS008;S.Halep;0;;-;;-;;M.Keys;0;;-;;-;;https://www.wtatennis.com/tournament/709/rome/2018/scores
Completed;1:14;Quarterfinal;https://wtatennis.com/tournament/709/rome/2018/scores/LS004;S.Halep;6;;6;;-;;C.Garcia;2;;3;;-;;https://www.wtatennis.com/tournament/709/rome/2018/scores
Completed;1:15;Quarterfinal;https://wtatennis.com/tournament/709/rome/2018/scores/LS007;A.Kontaveit;6;;6;;-;;C.Wozniacki;3;;1;;-;;https://www.wtatennis.com/tournament/709/rome/2018/scores
Completed;3:10;Quarterfinal;https://wtatennis.com/tournament/709/rome/2018/scores/LS005;M.Sharapova;6;6;6;;7;;J.Ostapenko;7;;4;;5;;https://www.wtatennis.com/tournament/709/rome/2018/scores
Completed;1:26;Quarterfinal;https://wtatennis.com/tournament/709/rome/2018/scores/LS006;A.Kerber;4;;4;;-;;E.Svitolina;6;;6;;-;;https://www.wtatennis.com/tournament/709/rome/2018/scores
Completed;2:23;Semifinal;https://wtatennis.com/tournament/709/rome/2018/scores/LS002;S.Halep;4;;6;;6;;M.Sharapova;6;;1;;4;;https://www.wtatennis.com/tournament/709/rome/2018/scores
Completed;1:14;Semifinal;https://wtatennis.com/tournament/709/rome/2018/scores/LS003;E.Svitolina;6;;6;;-;;A.Kontaveit;4;;3;;-;;https://www.wtatennis.com/tournament/709/rome/2018/scores
Completed;1:07;Final;https://wtatennis.com/tournament/709/rome/2018/scores/LS001;S.Halep;0;;4;;-;;E.Svitolina;6;;6;;-;;https://www.wtatennis.com/tournament/709/rome/2018/scores
