match_1st Return Points Won_player_1;match_1st Return Points Won_player_2;match_1st Serve Points Won_player_1;match_1st Serve Points Won_player_2;match_1st Serve_player_1;match_1st Serve_player_2;match_2nd Return Points Won_player_1;match_2nd Return Points Won_player_2;match_2nd Serve Points Won_player_1;match_2nd Serve Points Won_player_2;match_Aces_player_1;match_Aces_player_2;match_Break Points Converted_player_1;match_Break Points Converted_player_2;match_Break Points Saved_player_1;match_Break Points Saved_player_2;match_Double Faults_player_1;match_Double Faults_player_2;match_Return Games Played_player_1;match_Return Games Played_player_2;match_Service Games Played_player_1;match_Service Games Played_player_2;match_Total Points Won_player_1;match_Total Points Won_player_2;match_Total Return Points Won_player_1;match_Total Return Points Won_player_2;match_Total Service Points Won_player_1;match_Total Service Points Won_player_2;set1_1st Return Points Won_player_1;set1_1st Return Points Won_player_2;set1_1st Serve Points Won_player_1;set1_1st Serve Points Won_player_2;set1_1st Serve_player_1;set1_1st Serve_player_2;set1_2nd Return Points Won_player_1;set1_2nd Return Points Won_player_2;set1_2nd Serve Points Won_player_1;set1_2nd Serve Points Won_player_2;set1_Aces_player_1;set1_Aces_player_2;set1_Break Points Converted_player_1;set1_Break Points Converted_player_2;set1_Break Points Saved_player_1;set1_Break Points Saved_player_2;set1_Double Faults_player_1;set1_Double Faults_player_2;set1_Return Games Played_player_1;set1_Return Games Played_player_2;set1_Service Games Played_player_1;set1_Service Games Played_player_2;set1_Total Points Won_player_1;set1_Total Points Won_player_2;set1_Total Return Points Won_player_1;set1_Total Return Points Won_player_2;set1_Total Service Points Won_player_1;set1_Total Service Points Won_player_2;set2_1st Return Points Won_player_1;set2_1st Return Points Won_player_2;set2_1st Serve Points Won_player_1;set2_1st Serve Points Won_player_2;set2_1st Serve_player_1;set2_1st Serve_player_2;set2_2nd Return Points Won_player_1;set2_2nd Return Points Won_player_2;set2_2nd Serve Points Won_player_1;set2_2nd Serve Points Won_player_2;set2_Aces_player_1;set2_Aces_player_2;set2_Break Points Converted_player_1;set2_Break Points Converted_player_2;set2_Break Points Saved_player_1;set2_Break Points Saved_player_2;set2_Double Faults_player_1;set2_Double Faults_player_2;set2_Return Games Played_player_1;set2_Return Games Played_player_2;set2_Service Games Played_player_1;set2_Service Games Played_player_2;set2_Total Points Won_player_1;set2_Total Points Won_player_2;set2_Total Return Points Won_player_1;set2_Total Return Points Won_player_2;set2_Total Service Points Won_player_1;set2_Total Service Points Won_player_2;h2h_wins_player_1;h2h_wins_player_2;Height_player_1;Height_player_2;Date of Birth_player_1;Date of Birth_player_2;Plays_player_1;Plays_player_2;url_match_stats;set3_1st Return Points Won_player_1;set3_1st Return Points Won_player_2;set3_1st Serve Points Won_player_1;set3_1st Serve Points Won_player_2;set3_1st Serve_player_1;set3_1st Serve_player_2;set3_2nd Return Points Won_player_1;set3_2nd Return Points Won_player_2;set3_2nd Serve Points Won_player_1;set3_2nd Serve Points Won_player_2;set3_Aces_player_1;set3_Aces_player_2;set3_Break Points Converted_player_1;set3_Break Points Converted_player_2;set3_Break Points Saved_player_1;set3_Break Points Saved_player_2;set3_Double Faults_player_1;set3_Double Faults_player_2;set3_Return Games Played_player_1;set3_Return Games Played_player_2;set3_Service Games Played_player_1;set3_Service Games Played_player_2;set3_Total Points Won_player_1;set3_Total Points Won_player_2;set3_Total Return Points Won_player_1;set3_Total Return Points Won_player_2;set3_Total Service Points Won_player_1;set3_Total Service Points Won_player_2
5/24;9/18;9/18;19/24;18/47;24/36;5/12;20/29;9/29;7/12;1;0;1/1;6/8;2/8;0/1;7;1;7;7;7;7;28/83;55/83;10/36;29/47;18/47;26/36;3/12;4/10;6/10;9/12;10/30;12/21;4/9;13/20;7/20;5/9;1;0;1/1;3/5;2/5;0/1;5;1;4;4;4;4;20/51;31/51;7/21;17/30;13/30;14/21;2/12;5/8;3/8;10/12;8/17;12/15;1/3;7/9;2/9;2/3;0;0;0/0;3/3;0/3;0/0;2;0;3;3;3;3;8/32;24/32;3/15;12/17;5/17;12/15;0;1;1.83;1.63;29.0;30.42;Right-Handed;Right-Handed;https://wtatennis.com/tournament/1096/hua-hin/2018/scores/RS019;;;;;;;;;;;;;;;;;;;;;;;;;;;;
9/24;11/39;28/39;15/24;39/61;24/51;17/27;10/22;12/22;10/27;2;0;4/9;1/6;5/6;5/9;4;0;8;9;9;8;66/112;46/112;26/51;21/61;40/61;25/51;6/16;4/21;17/21;10/16;21/39;16/30;6/14;10/18;8/18;8/14;2;0;1/5;0/5;5/5;4/5;4;0;4;5;5;4;37/69;32/69;12/30;14/39;25/39;18/30;3/8;7/18;11/18;5/8;18/22;8/21;11/13;0/4;4/4;2/13;0;0;3/4;1/1;0/1;1/4;0;0;4;4;4;4;29/43;14/43;14/21;7/22;15/22;7/21;1;0;1.79;;24.75;26.33;Right-Handed;N/A;https://wtatennis.com/tournament/1096/hua-hin/2018/scores/RS018;;;;;;;;;;;;;;;;;;;;;;;;;;;;
15/29;12/36;24/36;14/29;36/58;29/49;13/20;10/22;12/22;7/20;5;1;5/7;1/4;3/4;2/7;0;2;8;8;8;8;64/107;43/107;28/49;22/58;36/58;21/49;5/11;10/27;17/27;6/11;27/41;11/21;6/10;7/14;7/14;4/10;4;0;2/2;1/4;3/4;0/2;0;1;4;5;5;4;35/62;27/62;11/21;17/41;24/41;10/21;10/18;2/9;7/9;8/18;9/17;18/28;7/10;3/8;5/8;3/10;1;1;3/5;0/0;0/0;2/5;0;1;4;3;3;4;29/45;16/45;17/28;5/17;12/17;11/28;1;0;0.05;0.05;27.5;30.42;Right-Handed;Right-Handed;https://wtatennis.com/tournament/1096/hua-hin/2018/scores/RS020;;;;;;;;;;;;;;;;;;;;;;;;;;;;
8/32;16/34;18/34;24/32;34/62;32/57;13/25;19/28;9/28;12/25;0;1;3/7;6/10;4/10;4/7;5;0;10;10;10;10;48/119;71/119;21/57;35/62;27/62;36/57;6/18;11/17;6/17;12/18;17/33;18/34;10/16;9/16;7/16;6/16;0;0;3/3;4/6;2/6;0/3;2;0;6;6;6;6;29/67;38/67;16/34;20/33;13/33;18/34;2/14;5/17;12/17;12/14;17/29;14/23;3/9;10/12;2/12;6/9;0;1;0/4;2/4;2/4;4/4;3;0;4;4;4;4;19/52;33/52;5/23;15/29;14/29;18/23;0;2;;1.70;28.67;32.17;N/A;Right-Handed;https://wtatennis.com/tournament/1096/hua-hin/2018/scores/RS021;;;;;;;;;;;;;;;;;;;;;;;;;;;;
24/70;25/63;38/63;46/70;63/101;70/106;19/36;18/38;20/38;17/36;8;4;5/10;6/9;3/9;5/10;5;2;16;16;16;16;101/207;106/207;43/106;43/101;58/101;63/106;9/28;11/27;16/27;19/28;27/41;28/38;7/10;8/14;6/14;3/10;4;3;1/2;2/5;3/5;1/2;3;1;5;5;5;5;38/79;41/79;16/38;19/41;22/41;22/38;10/20;7/18;11/18;10/20;18/29;20/34;6/14;5/11;6/11;8/14;2;0;3/7;2/2;0/2;4/7;2;0;5;5;5;5;33/63;30/63;16/34;12/29;17/29;18/34;0;5;;;25.5;25.08;Right-Handed;Right-Handed;https://wtatennis.com/tournament/1096/hua-hin/2018/scores/RS025;5/22;7/18;11/18;17/22;18/31;22/34;6/12;5/13;8/13;6/12;2;1;1/1;2/2;0/2;0/1;0;1;6;6;6;6;30/65;35/65;11/34;12/31;19/31;23/34
16/38;25/55;30/55;22/38;55/89;38/87;31/49;19/34;15/34;18/49;3;2;7/16;7/12;5/12;9/16;5;7;12;12;12;12;92/176;84/176;47/87;44/89;45/89;40/87;6/18;10/26;16/26;12/18;26/41;18/41;12/23;7/15;8/15;11/23;1;1;2/7;2/4;2/4;5/7;3;3;6;6;6;6;42/82;40/82;18/41;17/41;24/41;23/41;10/20;15/29;14/29;10/20;29/48;20/46;19/26;12/19;7/19;7/26;2;1;5/9;5/8;3/8;4/9;2;4;6;6;6;6;50/94;44/94;29/46;27/48;21/48;17/46;1;0;1.68;;25.5;25.92;Right-Handed;N/A;https://wtatennis.com/tournament/1096/hua-hin/2018/scores/RS024;;;;;;;;;;;;;;;;;;;;;;;;;;;;
8/37;27/49;22/49;29/37;49/71;37/56;12/19;11/22;11/22;7/19;2;1;3/6;6/13;7/13;3/6;2;4;9;10;10;9;53/127;74/127;20/56;38/71;33/71;36/56;1/10;13/21;8/21;9/10;21/30;10/15;2/5;5/9;4/9;3/5;0;0;0/0;3/9;6/9;0/0;1;2;3;4;4;3;15/45;30/45;3/15;18/30;12/30;12/15;7/27;14/28;14/28;20/27;28/41;27/41;10/14;6/13;7/13;4/14;2;1;3/6;3/4;1/4;3/6;1;2;6;6;6;6;38/82;44/82;17/41;20/41;21/41;24/41;1;3;1.68;;29.33;32.5;Right-Handed;Right-Handed;https://wtatennis.com/tournament/1096/hua-hin/2018/scores/RS026;;;;;;;;;;;;;;;;;;;;;;;;;;;;
11/38;10/26;16/26;27/38;26/50;38/61;15/23;17/24;7/24;8/23;2;0;2/8;5/6;1/6;6/8;4;3;9;8;8;9;49/111;62/111;26/61;27/50;23/50;35/61;5/17;3/10;7/10;12/17;10/26;17/28;8/11;12/16;4/16;3/11;1;0;1/2;3/3;0/3;1/2;2;2;4;4;4;4;24/54;30/54;13/28;15/26;11/26;15/28;6/21;7/16;9/16;15/21;16/24;21/33;7/12;5/8;3/8;5/12;1;0;1/6;2/3;1/3;5/6;2;1;5;4;4;5;25/57;32/57;13/33;12/24;12/24;20/33;0;2;;;28.67;40.92;N/A;N/A;https://wtatennis.com/tournament/1096/hua-hin/2018/scores/RS027;;;;;;;;;;;;;;;;;;;;;;;;;;;;
21/34;8/28;20/28;13/34;28/47;34/46;9/12;10/19;9/19;3/12;1;0;6/7;2/2;0/2;1/7;2;4;8;8;8;8;59/93;34/93;30/46;18/47;29/47;16/46;14/18;4/11;7/11;4/18;11/22;18/24;3/6;7/11;4/11;3/6;1;0;4/4;2/2;0/2;0/4;2;0;5;4;4;5;28/46;18/46;17/24;11/22;11/22;7/24;7/16;4/17;13/17;9/16;17/25;16/22;6/6;3/8;5/8;0/6;0;0;2/3;0/0;0/0;1/3;0;4;3;4;4;3;31/47;16/47;13/22;7/25;18/25;9/22;1;1;1.79;;28.83;25.17;Right-Handed;N/A;https://wtatennis.com/tournament/1096/hua-hin/2018/scores/RS023;;;;;;;;;;;;;;;;;;;;;;;;;;;;
17/46;21/58;37/58;29/46;58/96;46/86;19/40;18/38;20/38;21/40;2;2;4/10;3/9;6/9;6/10;3;5;12;12;12;12;93/182;89/182;36/86;39/96;57/96;50/86;12/25;11/33;22/33;13/25;33/55;25/47;8/22;12/22;10/22;14/22;1;1;2/4;2/7;5/7;2/4;2;2;6;6;6;6;52/102;50/102;20/47;23/55;32/55;27/47;5/21;10/25;15/25;16/21;25/41;21/39;11/18;6/16;10/16;7/18;1;1;2/6;1/2;1/2;4/6;1;3;6;6;6;6;41/80;39/80;16/39;16/41;25/41;23/39;1;0;;;34.08;21.92;N/A;N/A;https://wtatennis.com/tournament/1096/hua-hin/2018/scores/RS022;;;;;;;;;;;;;;;;;;;;;;;;;;;;
11/25;7/33;26/33;14/25;33/54;25/54;15/29;12/21;9/21;14/29;0;0;4/7;1/6;5/6;3/7;9;3;9;9;9;9;61/108;47/108;26/54;19/54;35/54;28/54;4/12;3/16;13/16;8/12;16/27;12/22;6/10;7/11;4/11;4/10;0;0;2/2;1/4;3/4;0/2;4;1;4;5;5;4;27/49;22/49;10/22;10/27;17/27;12/22;7/13;4/17;13/17;6/13;17/27;13/32;9/19;5/10;5/10;10/19;0;0;2/5;0/2;2/2;3/5;5;2;5;4;4;5;34/59;25/59;16/32;9/27;18/27;16/32;1;0;1.72;1.67;33.0;29.83;Left-Handed;Right-Handed;https://wtatennis.com/tournament/1096/hua-hin/2018/scores/RS016;;;;;;;;;;;;;;;;;;;;;;;;;;;;
24/59;22/47;25/47;35/59;47/79;59/91;18/32;16/32;16/32;14/32;2;3;5/11;5/14;9/14;6/11;2;3;13;12;12;13;83/170;87/170;42/91;38/79;41/79;49/91;10/25;8/15;7/15;15/25;15/27;25/35;6/10;8/12;4/12;4/10;0;2;2/4;3/4;1/4;2/4;1;1;5;5;5;5;27/62;35/62;16/35;16/27;11/27;19/35;9/15;5/13;8/13;6/15;13/18;15/25;6/10;0/5;5/5;4/10;1;1;3/4;0/1;1/1;1/4;0;1;4;3;3;4;28/43;15/43;15/25;5/18;13/18;10/25;1;4;;1.69;33.58;30.58;N/A;Right-Handed;https://wtatennis.com/tournament/1096/hua-hin/2018/scores/RS017;5/19;9/19;10/19;14/19;19/34;19/31;6/12;8/15;7/15;6/12;1;0;0/3;2/9;7/9;3/3;1;1;4;4;4;4;28/65;37/65;11/31;17/34;17/34;20/31
23/42;11/29;18/29;19/42;29/55;42/53;8/11;13/26;13/26;3/11;1;0;7/7;4/7;3/7;0/7;4;1;10;9;9;10;62/108;46/108;31/53;24/55;31/55;22/53;13/25;1/11;10/11;12/25;11/20;25/29;2/4;6/9;3/9;2/4;1;0;3/3;1/1;0/1;0/3;2;0;5;4;4;5;28/49;21/49;15/29;7/20;13/20;14/29;10/17;10/18;8/18;7/17;18/35;17/24;6/7;7/17;10/17;1/7;0;0;4/4;3/6;3/6;0/4;2;1;5;5;5;5;34/59;25/59;16/24;17/35;18/35;8/24;1;0;1.79;1.63;24.75;30.42;Right-Handed;Right-Handed;https://wtatennis.com/tournament/1096/hua-hin/2018/scores/RS009;;;;;;;;;;;;;;;;;;;;;;;;;;;;
21/48;26/61;35/61;27/48;61/101;48/89;20/41;23/40;17/40;21/41;0;0;5/7;6/13;7/13;2/7;2;1;14;14;14;14;93/190;97/190;41/89;49/101;52/101;48/89;9/19;4/18;14/18;10/19;18/37;19/33;5/14;9/19;10/19;9/14;0;0;1/3;0/2;2/2;2/3;0;1;4;5;5;4;38/70;32/70;14/33;13/37;24/37;19/33;2/11;10/19;9/19;9/11;19/31;11/29;12/18;7/12;5/12;6/18;0;0;2/2;3/6;3/6;0/2;1;0;5;5;5;5;28/60;32/60;14/29;17/31;14/31;15/29;0;1;1.70;1.70;27.5;32.17;Right-Handed;Right-Handed;https://wtatennis.com/tournament/1096/hua-hin/2018/scores/RS010;10/18;12/24;12/24;8/18;24/33;18/27;3/9;7/9;2/9;6/9;0;0;2/2;3/5;2/5;0/2;1;0;5;4;4;5;27/60;33/60;13/27;19/33;14/33;14/27
15/51;19/49;30/49;36/51;49/72;51/92;21/41;12/23;11/23;20/41;4;1;3/9;5/6;1/6;6/9;5;8;14;13;13;14;77/164;87/164;36/92;31/72;41/72;56/92;4/12;5/22;17/22;8/12;22/28;12/27;8/15;4/6;2/6;7/15;3;0;2/3;1/1;0/1;1/3;2;3;5;5;5;5;31/55;24/55;12/27;9/28;19/28;15/27;6/21;6/12;6/12;15/21;12/19;21/38;9/17;3/7;4/7;8/17;1;0;1/5;2/3;1/3;4/5;1;5;5;4;4;5;25/57;32/57;15/38;9/19;10/19;23/38;2;1;;;32.5;40.92;Right-Handed;N/A;https://wtatennis.com/tournament/1096/hua-hin/2018/scores/RS013;5/18;8/15;7/15;13/18;15/25;18/27;4/9;5/10;5/10;5/9;0;1;0/1;2/2;0/2;1/1;2;0;4;4;4;4;21/52;31/52;9/27;13/25;12/25;18/27
15/34;7/35;28/35;19/34;35/62;34/54;11/20;14/27;13/27;9/20;3;1;4/6;1/4;3/4;2/6;7;3;8;9;9;8;67/116;49/116;26/54;21/62;41/62;28/54;10/19;5/22;17/22;9/19;22/30;19/30;5/11;5/8;3/8;6/11;3;0;2/4;1/2;1/2;2/4;2;1;4;5;5;4;35/60;25/60;15/30;10/30;20/30;15/30;5/15;2/13;11/13;10/15;13/32;15/24;6/9;9/19;10/19;3/9;0;1;2/2;0/2;2/2;0/2;5;2;4;4;4;4;32/56;24/56;11/24;11/32;21/32;13/24;7;2;1.68;1.68;25.5;25.08;Right-Handed;Right-Handed;https://wtatennis.com/tournament/1096/hua-hin/2018/scores/RS012;;;;;;;;;;;;;;;;;;;;;;;;;;;;
23/49;31/78;47/78;26/49;78/113;49/82;21/33;18/35;17/35;12/33;1;1;8/14;4/12;8/12;6/14;9;1;14;14;14;14;108/195;87/195;44/82;49/113;64/113;38/82;8/25;12/31;19/31;17/25;31/50;25/38;8/13;11/19;8/19;5/13;1;1;2/3;2/4;2/4;1/3;7;0;6;6;6;6;43/88;45/88;16/38;23/50;27/50;22/38;10/15;8/21;13/21;5/15;21/30;15/25;5/10;5/9;4/9;5/10;0;0;3/7;1/3;2/3;4/7;2;0;4;4;4;4;32/55;23/55;15/25;13/30;17/30;10/25;6;1;1.72;1.69;33.0;30.58;Left-Handed;Right-Handed;https://wtatennis.com/tournament/1096/hua-hin/2018/scores/RS008;5/9;11/26;15/26;4/9;26/33;9/19;8/10;2/7;5/7;2/10;0;0;3/4;1/5;4/5;1/4;0;1;4;4;4;4;33/52;19/52;13/19;13/33;20/33;6/19
26/60;27/59;32/59;34/60;59/88;60/85;15/25;19/29;10/29;10/25;0;1;7/12;8/17;9/17;5/12;4;6;14;14;14;14;83/173;90/173;41/85;46/88;42/88;44/85;7/18;12/24;12/24;11/18;24/35;18/28;5/10;7/11;4/11;5/10;0;1;2/4;3/6;3/6;2/4;1;2;5;5;5;5;28/63;35/63;12/28;19/35;16/35;16/28;9/20;2/13;11/13;11/20;13/20;20/28;6/8;4/7;3/7;2/8;0;0;3/3;1/2;1/2;0/3;1;3;5;4;4;5;29/48;19/48;15/28;6/20;14/20;13/28;3;1;;1.79;34.08;28.83;N/A;Right-Handed;https://wtatennis.com/tournament/1096/hua-hin/2018/scores/RS011;10/22;13/22;9/22;12/22;22/33;22/29;4/7;8/11;3/11;3/7;0;0;2/5;4/9;5/9;3/5;2;1;4;5;5;4;26/62;36/62;14/29;21/33;12/33;15/29
6/11;2/22;20/22;5/11;22/28;11/32;14/21;2/6;4/6;7/21;0;3;4/5;0/0;0/0;1/5;1;2;5;6;6;5;44/60;16/60;20/32;4/28;24/28;12/32;4/9;1/13;12/13;5/9;13/18;9/20;7/11;1/5;4/5;4/11;0;3;2/3;0/0;0/0;1/3;1;0;3;4;4;3;27/38;11/38;11/20;2/18;16/18;9/20;2/2;1/9;8/9;0/2;9/10;2/12;7/10;1/1;0/1;3/10;0;0;2/2;0/0;0/0;0/2;0;2;2;2;2;2;17/22;5/22;9/12;2/10;8/10;3/12;2;0;1.68;1.67;35.67;28.75;Right-Handed;Right-Handed;https://wtatennis.com/tournament/1096/hua-hin/2018/scores/LS025;;;;;;;;;;;;;;;;;;;;;;;;;;;;
12/36;14/33;19/33;24/36;33/56;36/58;14/22;20/23;3/23;8/22;0;2;4/7;7/10;3/10;3/7;3;8;10;10;10;10;48/114;66/114;26/58;34/56;22/56;32/58;9/21;10/21;11/21;12/21;21/32;21/32;7/11;10/11;1/11;4/11;0;2;3/5;4/4;0/4;2/5;2;4;6;6;6;6;28/64;36/64;16/32;20/32;12/32;16/32;3/15;4/12;8/12;12/15;12/24;15/26;7/11;10/12;2/12;4/11;0;0;1/2;3/6;3/6;1/2;1;4;4;4;4;4;20/50;30/50;10/26;14/24;10/24;16/26;0;1;;1.67;27.92;32.42;N/A;Right-Handed;https://wtatennis.com/tournament/1096/hua-hin/2018/scores/LS029;;;;;;;;;;;;;;;;;;;;;;;;;;;;
20/45;10/37;27/37;25/45;37/62;45/69;15/24;15/25;10/25;9/24;0;1;6/11;3/6;3/6;5/11;3;1;10;10;10;10;72/131;59/131;35/69;25/62;37/62;34/69;9/15;5/15;10/15;6/15;15/20;15/26;5/11;2/5;3/5;6/11;0;0;3/4;1/1;0/1;1/4;0;0;4;4;4;4;27/46;19/46;14/26;7/20;13/20;12/26;11/30;5/22;17/22;19/30;22/42;30/43;10/13;13/20;7/20;3/13;0;1;3/7;2/5;3/5;4/7;3;1;6;6;6;6;45/85;40/85;21/43;18/42;24/42;22/43;4;1;1.72;1.79;29.67;24.75;Right-Handed;Right-Handed;https://wtatennis.com/tournament/1096/hua-hin/2018/scores/LS024;;;;;;;;;;;;;;;;;;;;;;;;;;;;
19/47;11/34;23/34;28/47;34/55;47/71;15/24;9/21;12/21;9/24;2;2;4/8;1/3;2/3;4/8;0;4;9;9;9;9;69/126;57/126;34/71;20/55;35/55;37/71;10/21;4/14;10/14;11/21;14/24;21/33;6/12;3/10;7/10;6/12;1;1;2/4;0/0;0/0;2/4;0;2;4;4;4;4;33/57;24/57;16/33;7/24;17/24;17/33;9/26;7/20;13/20;17/26;20/31;26/38;9/12;6/11;5/11;3/12;1;1;2/4;1/3;2/3;2/4;0;2;5;5;5;5;36/69;33/69;18/38;13/31;18/31;20/38;2;3;1.75;1.77;29.33;34.33;Right-Handed;Right-Handed;https://wtatennis.com/tournament/1096/hua-hin/2018/scores/LS031;;;;;;;;;;;;;;;;;;;;;;;;;;;;
18/46;13/37;24/37;28/46;37/61;46/72;19/26;10/24;14/24;7/26;4;1;5/11;2/3;1/3;6/11;0;3;9;9;9;9;75/133;58/133;37/72;23/61;38/61;35/72;6/19;3/15;12/15;13/19;15/23;19/32;10/13;3/8;5/8;3/13;2;0;2/4;0/1;1/1;2/4;0;3;4;4;4;4;33/55;22/55;16/32;6/23;17/23;16/32;12/27;10/22;12/22;15/27;22/38;27/40;9/13;7/16;9/16;4/13;2;1;3/7;2/2;0/2;4/7;0;0;5;5;5;5;42/78;36/78;21/40;17/38;21/38;19/40;1;0;1.63;;28.42;40.92;Right-Handed;N/A;https://wtatennis.com/tournament/1096/hua-hin/2018/scores/LS028;;;;;;;;;;;;;;;;;;;;;;;;;;;;
27/65;21/68;47/68;38/65;68/104;65/122;33/57;23/36;13/36;24/57;5;4;7/13;5/15;10/15;6/13;8;7;15;15;15;15;120/226;106/226;60/122;44/104;60/104;62/122;11/22;5/17;12/17;11/22;17/26;22/35;11/13;8/9;1/9;2/13;1;0;4/6;2/4;2/4;2/6;1;4;4;4;4;4;35/61;26/61;22/35;13/26;13/26;13/35;7/16;10/22;12/22;9/16;22/38;16/35;7/19;8/16;8/16;12/19;1;2;1/1;2/7;5/7;0/1;2;2;5;5;5;5;34/73;39/73;14/35;18/38;20/38;21/35;3;0;1.86;1.56;33.92;28.5;Right-Handed;Right-Handed;https://wtatennis.com/tournament/1096/hua-hin/2018/scores/LS030;9/27;6/29;23/29;18/27;29/40;27/52;15/25;7/11;4/11;10/25;3;2;2/6;1/4;3/4;4/6;5;1;6;6;6;6;51/92;41/92;24/52;13/40;27/40;28/52
18/39;13/33;20/33;21/39;33/57;39/69;14/30;12/24;12/24;16/30;0;2;5/10;4/10;6/10;5/10;2;3;11;10;10;11;64/126;62/126;32/69;25/57;32/57;37/69;9/12;2/7;5/7;3/12;7/14;12/24;8/12;3/7;4/7;4/12;0;0;4/6;1/2;1/2;2/6;1;1;4;3;3;4;26/38;12/38;17/24;5/14;9/14;7/24;8/24;9/23;14/23;16/24;23/38;24/40;6/16;7/15;8/15;10/16;0;2;1/4;2/6;4/6;3/4;1;2;6;6;6;6;36/78;42/78;14/40;16/38;22/38;26/40;1;2;1.73;1.78;29.33;29.25;Right-Handed;Right-Handed;https://wtatennis.com/tournament/1096/hua-hin/2018/scores/LS017;1/3;2/3;1/3;2/3;3/5;3/5;0/2;2/2;0/2;2/2;0;0;0/0;1/2;1/2;0/0;0;0;1;1;1;1;2/10;8/10;1/5;4/5;1/5;4/5
38/93;20/56;36/56;55/93;56/106;93/138;24/45;26/50;24/50;21/45;5;1;4/16;5/12;7/12;12/16;12;13;14;14;14;14;122/244;122/244;62/138;46/106;60/106;76/138;10/23;4/15;11/15;13/23;15/25;23/39;9/16;4/10;6/10;7/16;0;0;2/6;1/1;0/1;4/6;3;6;4;5;5;4;36/64;28/64;19/39;8/25;17/25;20/39;7/26;4/11;7/11;19/26;11/20;26/35;5/9;7/9;2/9;4/9;2;1;0/3;2/5;3/5;3/3;1;1;4;3;3;4;21/55;34/55;12/35;11/20;9/20;23/35;1;0;1.78;1.79;33.67;28.83;Right-Handed;Right-Handed;https://wtatennis.com/tournament/1096/hua-hin/2018/scores/LS026;21/44;12/30;18/30;23/44;30/61;44/64;10/20;15/31;16/31;10/20;3;0;2/7;2/6;4/6;5/7;8;6;6;6;6;6;65/125;60/125;31/64;27/61;34/61;33/64
10/30;21/42;21/42;20/30;42/63;30/55;11/25;16/21;5/21;14/25;0;1;2/2;6/13;7/13;0/2;1;5;8;8;8;8;47/118;71/118;21/55;37/63;26/63;34/55;5/14;14/32;18/32;9/14;32/46;14/28;6/14;11/14;3/14;8/14;0;0;1/1;3/9;6/9;0/1;1;2;4;5;5;4;32/74;42/74;11/28;25/46;21/46;17/28;5/16;7/10;3/10;11/16;10/17;16/27;5/11;5/7;2/7;6/11;0;1;1/1;3/4;1/4;0/1;0;3;4;3;3;4;15/44;29/44;10/27;12/17;5/17;17/27;0;2;;1.74;34.08;34.83;N/A;Right-Handed;https://wtatennis.com/tournament/1096/hua-hin/2018/scores/LS022;;;;;;;;;;;;;;;;;;;;;;;;;;;;
15/36;9/39;30/39;21/36;39/61;36/71;14/35;7/22;15/22;21/35;1;3;3/3;1/3;2/3;0/3;2;4;10;10;10;10;74/132;58/132;29/71;16/61;45/61;42/71;7/22;7/25;18/25;15/22;25/43;22/46;10/24;7/18;11/18;14/24;1;3;1/1;1/3;2/3;0/1;2;3;6;6;6;6;46/89;43/89;17/46;14/43;29/43;29/46;8/14;2/14;12/14;6/14;14/18;14/25;4/11;0/4;4/4;7/11;0;0;2/2;0/0;0/0;0/2;0;1;4;4;4;4;28/43;15/43;12/25;2/18;16/18;13/25;3;0;1.63;1.75;28.5;39.17;Right-Handed;Right-Handed;https://wtatennis.com/tournament/1096/hua-hin/2018/scores/LS027;;;;;;;;;;;;;;;;;;;;;;;;;;;;
26/50;12/36;24/36;24/50;36/57;50/78;13/28;11/21;10/21;15/28;3;1;5/10;2/4;2/4;5/10;2;3;9;9;9;9;73/135;62/135;39/78;23/57;34/57;39/78;15/26;1/12;11/12;11/26;12/21;26/44;9/18;6/9;3/9;9/18;2;1;3/7;1/2;1/2;4/7;2;3;4;4;4;4;38/65;27/65;24/44;7/21;14/21;20/44;11/24;11/24;13/24;13/24;24/36;24/34;4/10;5/12;7/12;6/10;1;0;2/3;1/2;1/2;1/3;0;0;5;5;5;5;35/70;35/70;15/34;16/36;20/36;19/34;1;0;1.70;1.63;29.08;29.17;Right-Handed;Right-Handed;https://wtatennis.com/tournament/1096/hua-hin/2018/scores/LS018;;;;;;;;;;;;;;;;;;;;;;;;;;;;
6/22;14/24;10/24;16/22;24/46;22/38;5/16;17/22;5/22;11/16;1;1;1/4;6/12;6/12;3/4;4;2;7;7;7;7;26/84;58/84;11/38;31/46;15/46;27/38;5/15;7/15;8/15;10/15;15/31;15/23;3/8;12/16;4/16;5/8;1;0;1/4;3/8;5/8;3/4;4;1;4;4;4;4;20/54;34/54;8/23;19/31;12/31;15/23;1/7;7/9;2/9;6/7;9/15;7/15;2/8;5/6;1/6;6/8;0;1;0/0;3/4;1/4;0/0;0;1;3;3;3;3;6/30;24/30;3/15;12/15;3/15;12/15;0;3;1.72;1.71;33.0;31.33;Left-Handed;Right-Handed;https://wtatennis.com/tournament/1096/hua-hin/2018/scores/LS023;;;;;;;;;;;;;;;;;;;;;;;;;;;;
14/43;17/45;28/45;29/43;45/61;43/77;17/34;9/16;7/16;17/34;1;3;4/8;5/5;0/5;4/8;2;3;12;12;12;12;66/138;72/138;31/77;26/61;35/61;46/77;9/15;3/15;12/15;6/15;15/19;15/21;3/6;0/4;4/4;3/6;0;0;2/2;0/0;0/0;0/2;0;1;3;4;4;3;28/40;12/40;12/21;3/19;16/19;9/21;3/15;8/18;10/18;12/15;18/25;15/31;9/16;5/7;2/7;7/16;1;2;2/5;3/3;0/3;3/5;1;2;5;5;5;5;24/56;32/56;12/31;13/25;12/25;19/31;0;1;1.55;1.75;31.42;37.33;Right-Handed;Right-Handed;https://wtatennis.com/tournament/1096/hua-hin/2018/scores/LS019;2/13;6/12;6/12;11/13;12/17;13/25;5/12;4/5;1/5;7/12;0;1;0/1;2/2;0/2;1/1;1;0;4;3;3;4;14/42;28/42;7/25;10/17;7/17;18/25
3/23;16/42;26/42;20/23;42/68;23/45;9/22;16/26;10/26;13/22;2;5;0/1;4/13;9/13;1/1;4;3;8;9;9;8;48/113;65/113;12/45;32/68;36/68;33/45;0/12;8/24;16/24;12/12;24/37;12/26;6/14;7/13;6/13;8/14;2;4;0/0;1/6;5/6;0/0;2;2;5;5;5;5;28/63;35/63;6/26;15/37;22/37;20/26;3/11;8/18;10/18;8/11;18/31;11/19;3/8;9/13;4/13;5/8;0;1;0/1;3/7;4/7;1/1;2;1;3;4;4;3;20/50;30/50;6/19;17/31;14/31;13/19;0;1;1.77;1.71;37.42;30.5;Right-Handed;Right-Handed;https://wtatennis.com/tournament/1096/hua-hin/2018/scores/LS016;;;;;;;;;;;;;;;;;;;;;;;;;;;;
13/29;7/29;22/29;16/29;29/64;29/47;9/18;17/35;18/35;9/18;7;0;4/9;1/11;10/11;5/9;5;1;8;9;9;8;62/111;49/111;22/47;24/64;40/64;25/47;7/17;5/15;10/15;10/17;15/39;17/27;4/10;12/24;12/24;6/10;3;0;2/4;1/8;7/8;2/4;4;0;5;5;5;5;33/66;33/66;11/27;17/39;22/39;16/27;6/12;2/14;12/14;6/12;14/25;12/20;5/8;5/11;6/11;3/8;4;0;2/5;0/3;3/3;3/5;1;1;3;4;4;3;29/45;16/45;11/20;7/25;18/25;9/20;1;1;1.78;1.63;33.67;28.5;Right-Handed;Right-Handed;https://wtatennis.com/tournament/1096/hua-hin/2018/scores/LS013;;;;;;;;;;;;;;;;;;;;;;;;;;;;
22/48;24/57;33/57;26/48;57/78;48/73;15/25;8/21;13/21;10/25;3;0;5/17;4/8;4/8;12/17;2;3;10;11;11;10;83/151;68/151;37/73;32/78;46/78;36/73;9/20;7/23;16/23;11/20;23/26;20/26;4/6;1/3;2/3;2/6;3;0;2/6;1/2;1/2;4/6;0;1;4;5;5;4;31/52;21/52;13/26;8/26;18/26;13/26;13/28;17/34;17/34;15/28;34/52;28/47;11/19;7/18;11/18;8/19;0;0;3/11;3/6;3/6;8/11;2;2;6;6;6;6;52/99;47/99;24/47;24/52;28/52;23/47;1;0;1.63;1.67;28.42;32.42;Right-Handed;Right-Handed;https://wtatennis.com/tournament/1096/hua-hin/2018/scores/LS014;;;;;;;;;;;;;;;;;;;;;;;;;;;;
22/54;25/54;29/54;32/54;54/84;54/70;9/16;21/30;9/30;7/16;1;1;5/10;7/14;7/14;5/10;4;3;11;12;12;11;69/154;85/154;31/70;46/84;38/84;39/70;2/11;8/16;8/16;9/11;16/26;11/14;0/3;8/10;2/10;3/3;0;1;0/0;3/6;3/6;0/0;3;0;3;3;3;3;12/40;28/40;2/14;16/26;10/26;12/14;9/18;7/22;15/22;9/18;22/30;18/22;2/4;3/8;5/8;2/4;0;0;2/5;0/2;2/2;3/5;0;1;3;4;4;3;31/52;21/52;11/22;10/30;20/30;11/22;3;2;1.72;1.68;29.67;35.67;Right-Handed;Right-Handed;https://wtatennis.com/tournament/1096/hua-hin/2018/scores/LS012;11/25;10/16;6/16;14/25;16/28;25/34;7/9;10/12;2/12;2/9;1;0;3/5;4/6;2/6;2/5;1;2;5;5;5;5;26/62;36/62;18/34;20/28;8/28;16/34
19/67;20/66;46/66;48/67;66/91;67/94;14/27;15/25;10/25;13/27;4;7;2/10;3/5;2/5;8/10;6;1;14;15;15;14;89/185;96/185;33/94;35/91;56/91;61/94;5/14;5/22;17/22;9/14;22/27;14/21;4/7;2/5;3/5;3/7;3;2;1/1;0/0;0/0;0/1;0;0;4;5;5;4;29/48;19/48;9/21;7/27;20/27;12/21;7/23;3/12;9/12;16/23;12/23;23/35;5/12;9/11;2/11;7/12;0;4;0/7;2/3;1/3;7/7;5;1;4;4;4;4;23/58;35/58;12/35;12/23;11/23;23/35;0;2;1.86;1.75;33.92;29.33;Right-Handed;Right-Handed;https://wtatennis.com/tournament/1096/hua-hin/2018/scores/LS015;7/30;12/32;20/32;23/30;32/41;30/38;5/8;4/9;5/9;3/8;1;1;1/2;1/2;1/2;1/2;1;0;6;6;6;6;37/79;42/79;12/38;16/41;25/41;26/38
21/43;8/33;25/33;22/43;33/54;43/64;11/21;10/21;11/21;10/21;3;2;4/12;1/4;3/4;8/12;1;2;8;9;9;8;68/118;50/118;32/64;18/54;36/54;32/64;10/20;3/15;12/15;10/20;15/29;20/30;5/10;7/14;7/14;5/10;0;1;2/5;1/4;3/4;3/5;1;1;4;5;5;4;34/59;25/59;15/30;10/29;19/29;15/30;11/23;5/18;13/18;12/23;18/25;23/34;6/11;3/7;4/7;5/11;3;1;2/7;0/0;0/0;5/7;0;1;4;4;4;4;34/59;25/59;17/34;8/25;17/25;17/34;1;0;1.79;1.68;30.08;33.5;Right-Handed;Right-Handed;https://wtatennis.com/tournament/1096/hua-hin/2018/scores/LS020;;;;;;;;;;;;;;;;;;;;;;;;;;;;
4/25;15/27;12/27;21/25;27/44;25/35;4/10;13/17;4/17;6/10;1;1;0/4;6/8;2/8;4/4;1;0;6;7;7;6;24/79;55/79;8/35;28/44;16/44;27/35;0/11;6/9;3/9;11/11;9/19;11/12;0/1;7/10;3/10;1/1;1;1;0/0;3/3;0/3;0/0;1;0;3;3;3;3;6/31;25/31;0/12;13/19;6/19;12/12;4/14;9/18;9/18;10/14;18/25;14/23;4/9;6/7;1/7;5/9;0;0;0/4;3/5;2/5;4/4;0;0;3;4;4;3;18/48;30/48;8/23;15/25;10/25;15/23;0;4;1.68;1.70;25.5;32.17;Right-Handed;Right-Handed;https://wtatennis.com/tournament/1096/hua-hin/2018/scores/LS021;;;;;;;;;;;;;;;;;;;;;;;;;;;;
19/42;23/48;25/48;23/42;48/80;42/70;15/28;20/32;12/32;13/28;2;3;5/10;7/15;8/15;5/10;2;3;12;12;12;12;71/150;79/150;34/70;43/80;37/80;36/70;10/21;11/22;11/22;11/21;22/37;21/32;7/11;10/15;5/15;4/11;2;1;3/6;4/8;4/8;3/6;1;3;6;6;6;6;33/69;36/69;17/32;21/37;16/37;15/32;9/21;12/26;14/26;12/21;26/43;21/38;8/17;10/17;7/17;9/17;0;2;2/4;3/7;4/7;2/4;1;0;6;6;6;6;38/81;43/81;17/38;22/43;21/43;21/38;0;1;1.71;1.78;30.5;29.25;Right-Handed;Right-Handed;https://wtatennis.com/tournament/1096/hua-hin/2018/scores/LS008;;;;;;;;;;;;;;;;;;;;;;;;;;;;
11/32;13/42;29/42;21/32;42/58;32/56;16/24;6/16;10/16;8/24;2;1;4/7;1/9;8/9;3/7;0;4;9;9;9;9;66/114;48/114;27/56;19/58;39/58;29/56;3/15;5/20;15/20;12/15;20/27;15/26;8/11;1/7;6/7;3/11;1;1;1/3;0/3;3/3;2/3;0;2;4;5;5;4;32/53;21/53;11/26;6/27;21/27;15/26;8/17;8/22;14/22;9/17;22/31;17/30;8/13;5/9;4/9;5/13;1;0;3/4;1/6;5/6;1/4;0;2;5;4;4;5;34/61;27/61;16/30;13/31;18/31;14/30;2;1;1.70;1.75;29.08;37.33;Right-Handed;Right-Handed;https://wtatennis.com/tournament/1096/hua-hin/2018/scores/LS009;;;;;;;;;;;;;;;;;;;;;;;;;;;;
16/51;23/61;38/61;35/51;61/99;51/83;24/32;19/38;19/38;8/32;1;3;6/8;4/6;2/6;2/8;4;4;13;14;14;13;97/182;85/182;40/83;42/99;57/99;43/83;9/22;9/23;14/23;13/22;23/36;22/31;7/9;5/13;8/13;2/9;0;1;2/3;1/3;2/3;1/3;0;1;4;5;5;4;38/67;29/67;16/31;14/36;22/36;15/31;3/18;8/23;15/23;15/18;23/41;18/27;6/9;11/18;7/18;3/9;1;1;1/1;2/2;0/2;0/1;2;1;5;5;5;5;31/68;37/68;9/27;19/41;22/41;18/27;3;1;1.79;1.70;30.08;32.17;Right-Handed;Right-Handed;https://wtatennis.com/tournament/1096/hua-hin/2018/scores/LS010;4/11;6/15;9/15;7/11;15/22;11/25;11/14;3/7;4/7;3/14;0;1;3/4;1/1;0/1;1/4;2;2;4;4;4;4;28/47;19/47;15/25;9/22;13/22;10/25
58/114;53/99;46/99;56/114;99/121;114/140;11/26;11/22;11/22;15/26;1;0;8/20;10/18;8/18;12/20;4;2;16;15;15;16;126/261;135/261;69/140;64/121;57/121;71/140;9/24;8/12;4/12;15/24;12/17;24/31;4/7;4/5;1/5;3/7;0;0;1/4;3/3;0/3;3/4;1;2;4;3;3;4;18/48;30/48;13/31;12/17;5/17;18/31;32/52;26/50;24/50;20/52;50/59;52/64;3/12;4/9;5/9;9/12;1;0;4/10;4/7;3/7;6/10;3;0;6;6;6;6;64/123;59/123;35/64;30/59;29/59;29/64;1;3;1.74;1.71;34.83;31.33;Right-Handed;Right-Handed;https://wtatennis.com/tournament/1096/hua-hin/2018/scores/LS011;17/38;19/37;18/37;21/38;37/45;38/45;4/7;3/8;5/8;3/7;0;0;3/6;3/8;5/8;3/6;0;0;6;6;6;6;44/90;46/90;21/45;22/45;23/45;24/45
23/41;7/30;23/30;18/41;30/45;41/53;5/12;6/15;9/15;7/12;5;0;5/7;1/2;1/2;2/7;2;2;8;8;8;8;60/98;38/98;28/53;13/45;32/45;25/53;9/12;4/17;13/17;3/12;17/26;12/17;1/5;3/9;6/9;4/5;3;0;2/4;0/1;1/1;2/4;1;0;3;4;4;3;29/43;14/43;10/17;7/26;19/26;7/17;14/29;3/13;10/13;15/29;13/19;29/36;4/7;3/6;3/6;3/7;2;0;3/3;1/1;0/1;0/3;1;2;5;4;4;5;31/55;24/55;18/36;6/19;13/19;18/36;2;0;1.79;1.71;30.08;31.33;Right-Handed;Right-Handed;https://wtatennis.com/tournament/1096/hua-hin/2018/scores/LS005;;;;;;;;;;;;;;;;;;;;;;;;;;;;
10/36;13/31;18/31;26/36;31/52;36/49;5/13;15/21;6/21;8/13;2;2;1/3;5/12;7/12;2/3;6;1;8;8;8;8;39/101;62/101;15/49;28/52;24/52;34/49;9/24;9/23;14/23;15/24;23/34;24/31;2/7;7/11;4/11;5/7;2;1;1/2;2/8;6/8;1/2;3;0;5;5;5;5;29/65;36/65;11/31;16/34;18/34;20/31;1/12;4/8;4/8;11/12;8/18;12/18;3/6;8/10;2/10;3/6;0;1;0/1;3/4;1/4;1/1;3;1;3;3;3;3;10/36;26/36;4/18;12/18;6/18;14/18;0;1;1.78;1.70;29.25;29.08;Right-Handed;Right-Handed;https://wtatennis.com/tournament/1096/hua-hin/2018/scores/LS004;;;;;;;;;;;;;;;;;;;;;;;;;;;;
24/51;58/111;53/111;27/51;111/128;51/99;30/48;10/17;7/17;18/48;0;3;9/16;10/28;18/28;7/16;3;8;15;15;15;15;114/227;113/227;54/99;68/128;60/128;45/99;6/17;15/32;17/32;11/17;32/36;17/38;14/21;1/4;3/4;7/21;0;3;3/7;2/9;7/9;4/7;0;4;5;5;5;5;40/74;34/74;20/38;16/36;20/36;18/38;10/18;23/43;20/43;8/18;43/46;18/33;8/15;3/3;0/3;7/15;0;0;3/5;4/10;6/10;2/5;0;2;5;5;5;5;38/79;41/79;18/33;26/46;20/46;15/33;4;4;1.68;1.78;35.67;33.67;Right-Handed;Right-Handed;https://wtatennis.com/tournament/1096/hua-hin/2018/scores/LS006;8/16;20/36;16/36;8/16;36/46;16/28;8/12;6/10;4/10;4/12;0;0;3/4;4/9;5/9;1/4;3;2;5;5;5;5;36/74;38/74;16/28;26/46;20/46;12/28
11/39;20/53;33/53;28/39;53/74;39/59;6/20;12/21;9/21;14/20;1;2;1/1;3/6;3/6;0/1;6;0;11;10;10;11;59/133;74/133;17/59;32/74;42/74;42/59;8/20;10/26;16/26;12/20;26/35;20/33;3/13;5/9;4/9;10/13;0;1;1/1;2/4;2/4;0/1;3;0;6;6;6;6;31/68;37/68;11/33;15/35;20/35;22/33;3/19;10/27;17/27;16/19;27/39;19/26;3/7;7/12;5/12;4/7;1;1;0/0;1/2;1/2;0/0;3;0;5;4;4;5;28/65;37/65;6/26;17/39;22/39;20/26;2;1;1.63;1.75;28.42;29.33;Right-Handed;Right-Handed;https://wtatennis.com/tournament/1096/hua-hin/2018/scores/LS007;;;;;;;;;;;;;;;;;;;;;;;;;;;;
18/61;6/29;23/29;43/61;29/45;61/89;13/28;10/16;6/16;15/28;2;7;0/8;2/2;0/2;8/8;2;3;10;9;9;10;60/134;74/134;31/89;16/45;29/45;58/89;6/25;3/14;11/14;19/25;14/20;25/37;5/12;5/6;1/6;7/12;1;4;0/2;1/1;0/1;2/2;1;1;5;4;4;5;23/57;34/57;11/37;8/20;12/20;26/37;12/36;3/15;12/15;24/36;15/25;36/52;8/16;5/10;5/10;8/16;1;3;0/6;1/1;0/1;6/6;1;2;5;5;5;5;37/77;40/77;20/52;8/25;17/25;32/52;2;1;1.70;1.79;29.08;30.08;Right-Handed;Right-Handed;https://wtatennis.com/tournament/1096/hua-hin/2018/scores/LS002;;;;;;;;;;;;;;;;;;;;;;;;;;;;
16/42;18/45;27/45;26/42;45/72;42/61;15/19;22/27;5/27;4/19;6;3;5/7;7/10;3/10;2/7;6;2;11;11;11;11;63/133;70/133;31/61;40/72;32/72;30/61;9/22;11/26;15/26;13/22;26/39;22/33;8/11;12/13;1/13;3/11;2;2;3/5;4/5;1/5;2/5;2;1;6;6;6;6;33/72;39/72;17/33;23/39;16/39;16/33;7/20;7/19;12/19;13/20;19/33;20/28;7/8;10/14;4/14;1/8;4;1;2/2;3/5;2/5;0/2;4;1;5;5;5;5;30/61;31/61;14/28;17/33;16/33;14/28;1;2;1.78;1.75;33.67;29.33;Right-Handed;Right-Handed;https://wtatennis.com/tournament/1096/hua-hin/2018/scores/LS003;;;;;;;;;;;;;;;;;;;;;;;;;;;;
19/40;7/33;26/33;21/40;33/54;40/67;16/27;11/21;10/21;11/27;12;4;5/7;2/2;0/2;2/7;3;3;9;10;10;9;71/121;50/121;35/67;18/54;36/54;32/67;13/30;5/19;14/19;17/30;19/33;30/53;13/23;8/14;6/14;10/23;8;4;3/5;2/2;0/2;2/5;3;2;6;6;6;6;46/86;40/86;26/53;13/33;20/33;27/53;6/10;2/14;12/14;4/10;14/21;10/14;3/4;3/7;4/7;1/4;4;0;2/2;0/0;0/0;0/2;0;1;3;4;4;3;25/35;10/35;9/14;5/21;16/21;5/14;1;2;1.79;1.75;30.08;29.33;Right-Handed;Right-Handed;https://wtatennis.com/tournament/1096/hua-hin/2018/scores/LS001;;;;;;;;;;;;;;;;;;;;;;;;;;;;
