statut;duration;stage;url_match_stats;player_1_name;player_1_set_1;player_1_set_1_tiebreak;player_1_set_2;player_1_set_2_tiebreak;player_1_set_3;player_1_set_3_tiebreak;player_2_name;player_2_set_1;player_2_set_1_tiebreak;player_2_set_2;player_2_set_2_tiebreak;player_2_set_3;player_2_set_3_tiebreak;scores_link
Completed;2:16;Qualifying;https://wtatennis.com/tournament/1005/rabat/2019/scores/RS021;L.Kerkhove;6;;6;4;4;;P.Ozgen;2;;7;;6;;https://www.wtatennis.com/tournament/1005/rabat/2019/scores
Completed;1:41;Qualifying;https://wtatennis.com/tournament/1005/rabat/2019/scores/RS023;L.Samsonova;4;;6;1;-;;V.Lepchenko;6;;7;;-;;https://www.wtatennis.com/tournament/1005/rabat/2019/scores
Completed;1:25;Qualifying;https://wtatennis.com/tournament/1005/rabat/2019/scores/RS027;C.Alves;3;;3;;-;;M.Niculescu;6;;6;;-;;https://www.wtatennis.com/tournament/1005/rabat/2019/scores
Completed;1:32;Qualifying;https://wtatennis.com/tournament/1005/rabat/2019/scores/RS026;B.Schoofs;6;;1;;6;;S.Lisicki;3;;6;;1;;https://www.wtatennis.com/tournament/1005/rabat/2019/scores
Completed;2:34;Qualifying;https://wtatennis.com/tournament/1005/rabat/2019/scores/RS016;F.Ferro;6;;4;;7;;A.Rodionova;4;;6;;5;;https://www.wtatennis.com/tournament/1005/rabat/2019/scores
Completed;0:49;Qualifying;https://wtatennis.com/tournament/1005/rabat/2019/scores/RS022;P.Udvardy;6;;6;;-;;R.Atik;0;;1;;-;;https://www.wtatennis.com/tournament/1005/rabat/2019/scores
Completed;1:49;Qualifying;https://wtatennis.com/tournament/1005/rabat/2019/scores/RS025;A.Danilina;7;;6;;-;;Z.Hives;6;2;4;;-;;https://www.wtatennis.com/tournament/1005/rabat/2019/scores
Completed;1:14;Qualifying;https://wtatennis.com/tournament/1005/rabat/2019/scores/RS017;F.Codino;1;;2;;-;;S.Errani;6;;6;;-;;https://www.wtatennis.com/tournament/1005/rabat/2019/scores
Completed;1:07;Qualifying;https://wtatennis.com/tournament/1005/rabat/2019/scores/RS024;O.Danilovic;6;;6;;-;;L.Qostal;1;;2;;-;;https://www.wtatennis.com/tournament/1005/rabat/2019/scores
Completed;1:36;Qualifying;https://wtatennis.com/tournament/1005/rabat/2019/scores/RS031;S.Nahimana;2;;5;;-;;M.Trevisan;6;;7;;-;;https://www.wtatennis.com/tournament/1005/rabat/2019/scores
Completed;1:32;Qualifying;https://wtatennis.com/tournament/1005/rabat/2019/scores/RS018;G.Garcia Perez;4;;6;1;-;;G.Minnen;6;;7;;-;;https://www.wtatennis.com/tournament/1005/rabat/2019/scores
Completed;1:09;Qualifying;https://wtatennis.com/tournament/1005/rabat/2019/scores/RS028;Y.Bonaventure;6;;6;;-;;G.Voskoboeva;4;;1;;-;;https://www.wtatennis.com/tournament/1005/rabat/2019/scores
Completed;2:51;Qualifying;https://wtatennis.com/tournament/1005/rabat/2019/scores/RS030;I.Bara;6;;4;;5;;T.Mrdeza;4;;6;;5;;https://www.wtatennis.com/tournament/1005/rabat/2019/scores
Completed;0:58;Qualifying;https://wtatennis.com/tournament/1005/rabat/2019/scores/RS029;L.Pigossi;1;;0;;-;;M.Frech;6;;6;;-;;https://www.wtatennis.com/tournament/1005/rabat/2019/scores
Completed;1:54;Qualifying;https://wtatennis.com/tournament/1005/rabat/2019/scores/RS019;H.Tan;6;;7;;-;;H.Dart;2;;6;3;-;;https://www.wtatennis.com/tournament/1005/rabat/2019/scores
Completed;1:19;Qualifying;https://wtatennis.com/tournament/1005/rabat/2019/scores/RS013;B.Schoofs;0;;4;;-;;M.Niculescu;6;;6;;-;;https://www.wtatennis.com/tournament/1005/rabat/2019/scores
Completed;1:36;Qualifying;https://wtatennis.com/tournament/1005/rabat/2019/scores/RS012;O.Danilovic;7;;6;;-;;A.Danilina;5;;3;;-;;https://www.wtatennis.com/tournament/1005/rabat/2019/scores
Completed;0:54;Qualifying;https://wtatennis.com/tournament/1005/rabat/2019/scores/RS011;P.Udvardy;2;;0;;-;;V.Lepchenko;6;;6;;-;;https://www.wtatennis.com/tournament/1005/rabat/2019/scores
Completed;1:51;Qualifying;https://wtatennis.com/tournament/1005/rabat/2019/scores/RS008;F.Ferro;1;;6;;6;;S.Errani;6;;3;;4;;https://www.wtatennis.com/tournament/1005/rabat/2019/scores
Completed;2:05;Qualifying;https://wtatennis.com/tournament/1005/rabat/2019/scores/RS014;Y.Bonaventure;6;;6;3;6;;M.Frech;2;;7;;1;;https://www.wtatennis.com/tournament/1005/rabat/2019/scores
Completed;1:26;Qualifying;https://wtatennis.com/tournament/1005/rabat/2019/scores/RS009;G.Minnen;6;;7;;-;;H.Tan;2;;6;2;-;;https://www.wtatennis.com/tournament/1005/rabat/2019/scores
Completed;2:07;Qualifying;https://wtatennis.com/tournament/1005/rabat/2019/scores/RS015;I.Bara;3;;6;;6;;M.Trevisan;6;;4;;3;;https://www.wtatennis.com/tournament/1005/rabat/2019/scores
Completed;0:52;Qualifying;https://wtatennis.com/tournament/1005/rabat/2019/scores/RS006;O.Danilovic;4;;-;;-;;M.Niculescu;4;;-;;-;;https://www.wtatennis.com/tournament/1005/rabat/2019/scores
Completed;1:16;Qualifying;https://wtatennis.com/tournament/1005/rabat/2019/scores/RS005;P.Ozgen;3;;4;;-;;V.Lepchenko;6;;6;;-;;https://www.wtatennis.com/tournament/1005/rabat/2019/scores
Completed;0:59;Qualifying;https://wtatennis.com/tournament/1005/rabat/2019/scores/RS007;Y.Bonaventure;6;;6;;-;;I.Bara;1;;2;;-;;https://www.wtatennis.com/tournament/1005/rabat/2019/scores
Completed;2:09;Qualifying;https://wtatennis.com/tournament/1005/rabat/2019/scores/RS004;F.Ferro;7;;0;;6;;G.Minnen;6;3;6;;3;;https://www.wtatennis.com/tournament/1005/rabat/2019/scores
Completed;1:15;Round of 32;https://wtatennis.com/tournament/1005/rabat/2019/scores/LS017;M.Linette;3;;2;;-;;I.Jorovic;6;;6;;-;;https://www.wtatennis.com/tournament/1005/rabat/2019/scores
Completed;1:30;Round of 32;https://wtatennis.com/tournament/1005/rabat/2019/scores/LS029;A.Bogdan;6;;6;;-;;A.Cornet;3;;3;;-;;https://www.wtatennis.com/tournament/1005/rabat/2019/scores
Completed;1:27;Round of 32;https://wtatennis.com/tournament/1005/rabat/2019/scores/LS023;P.Parmentier;4;;3;;-;;A.Van Uytvanck;6;;6;;-;;https://www.wtatennis.com/tournament/1005/rabat/2019/scores
Completed;1:44;Round of 32;https://wtatennis.com/tournament/1005/rabat/2019/scores/LS025;R.Peterson;7;;6;;-;;V.Golubic;6;4;3;;-;;https://www.wtatennis.com/tournament/1005/rabat/2019/scores
Completed;1:04;Round of 32;https://wtatennis.com/tournament/1005/rabat/2019/scores/LS018;T.Maria;4;;2;;-;;I.Shinikova;6;;6;;-;;https://www.wtatennis.com/tournament/1005/rabat/2019/scores
Completed;2:22;Round of 32;https://wtatennis.com/tournament/1005/rabat/2019/scores/LS020;Y.Putintseva;6;;4;;3;;T.Zidansek;3;;6;;6;;https://www.wtatennis.com/tournament/1005/rabat/2019/scores
Completed;1:03;Round of 32;https://wtatennis.com/tournament/1005/rabat/2019/scores/LS016;E.Mertens;6;;6;;-;;K.Flipkens;3;;1;;-;;https://www.wtatennis.com/tournament/1005/rabat/2019/scores
Completed;1:37;Round of 32;https://wtatennis.com/tournament/1005/rabat/2019/scores/LS027;F.Ferro;4;;4;;-;;A.Tomljanovic;6;;6;;-;;https://www.wtatennis.com/tournament/1005/rabat/2019/scores
Completed;2:37;Round of 32;https://wtatennis.com/tournament/1005/rabat/2019/scores/LS028;J.Konta;4;;7;;6;;Y.Wang;6;;6;0;4;;https://www.wtatennis.com/tournament/1005/rabat/2019/scores
Completed;2:01;Round of 32;https://wtatennis.com/tournament/1005/rabat/2019/scores/LS021;M.Rybarikova;6;;1;;6;7;Y.Bonaventure;2;;6;;7;;https://www.wtatennis.com/tournament/1005/rabat/2019/scores
Completed;1:22;Round of 32;https://wtatennis.com/tournament/1005/rabat/2019/scores/LS026;T.Bacsinszky;6;;6;;-;;J.Larsson;3;;1;;-;;https://www.wtatennis.com/tournament/1005/rabat/2019/scores
Completed;2:16;Round of 32;https://wtatennis.com/tournament/1005/rabat/2019/scores/LS030;V.Zvonareva;6;8;5;;-;;L.Arruabarrena;7;;7;;-;;https://www.wtatennis.com/tournament/1005/rabat/2019/scores
Completed;1:40;Round of 32;https://wtatennis.com/tournament/1005/rabat/2019/scores/LS022;S.Sorribes Tormo;3;;3;;-;;V.Lepchenko;6;;6;;-;;https://www.wtatennis.com/tournament/1005/rabat/2019/scores
Completed;1:42;Round of 32;https://wtatennis.com/tournament/1005/rabat/2019/scores/LS031;D.Gavrilova;1;;6;;2;;S.Hsieh;6;;3;;6;;https://www.wtatennis.com/tournament/1005/rabat/2019/scores
Completed;1:45;Round of 32;https://wtatennis.com/tournament/1005/rabat/2019/scores/LS024;I.Bara;6;1;4;;-;;P.Hercog;7;;6;;-;;https://www.wtatennis.com/tournament/1005/rabat/2019/scores
Completed;1:04;Round of 32;https://wtatennis.com/tournament/1005/rabat/2019/scores/LS019;O.Danilovic;0;;2;;-;;M.Sakkari;6;;6;;-;;https://www.wtatennis.com/tournament/1005/rabat/2019/scores
Completed;1:21;Round of 16;https://wtatennis.com/tournament/1005/rabat/2019/scores/LS008;E.Mertens;6;;6;;-;;I.Jorovic;4;;0;;-;;https://www.wtatennis.com/tournament/1005/rabat/2019/scores
Completed;1:50;Round of 16;https://wtatennis.com/tournament/1005/rabat/2019/scores/LS013;T.Bacsinszky;4;;6;;2;;A.Tomljanovic;6;;1;;6;;https://www.wtatennis.com/tournament/1005/rabat/2019/scores
Completed;2:25;Round of 16;https://wtatennis.com/tournament/1005/rabat/2019/scores/LS012;P.Hercog;5;;6;;1;;R.Peterson;7;;3;;6;;https://www.wtatennis.com/tournament/1005/rabat/2019/scores
Completed;1:22;Round of 16;https://wtatennis.com/tournament/1005/rabat/2019/scores/LS009;I.Shinikova;4;;4;;-;;M.Sakkari;6;;6;;-;;https://www.wtatennis.com/tournament/1005/rabat/2019/scores
Completed;1:59;Round of 16;https://wtatennis.com/tournament/1005/rabat/2019/scores/LS014;J.Konta;6;;6;6;6;;A.Bogdan;1;;7;;2;;https://www.wtatennis.com/tournament/1005/rabat/2019/scores
Completed;1:52;Round of 16;https://wtatennis.com/tournament/1005/rabat/2019/scores/LS010;T.Zidansek;4;;6;;3;;Y.Bonaventure;6;;2;;6;;https://www.wtatennis.com/tournament/1005/rabat/2019/scores
Completed;1:58;Round of 16;https://wtatennis.com/tournament/1005/rabat/2019/scores/LS015;L.Arruabarrena;6;;5;;3;;S.Hsieh;4;;7;;6;;https://www.wtatennis.com/tournament/1005/rabat/2019/scores
Completed;1:11;Round of 16;https://wtatennis.com/tournament/1005/rabat/2019/scores/LS011;V.Lepchenko;4;;0;;-;;A.Van Uytvanck;6;;6;;-;;https://www.wtatennis.com/tournament/1005/rabat/2019/scores
Completed;1:52;Quarterfinal;https://wtatennis.com/tournament/1005/rabat/2019/scores/LS004;E.Mertens;4;;6;2;-;;M.Sakkari;6;;7;;-;;https://www.wtatennis.com/tournament/1005/rabat/2019/scores
Completed;2:13;Quarterfinal;https://wtatennis.com/tournament/1005/rabat/2019/scores/LS007;J.Konta;6;1;6;;6;;S.Hsieh;7;;4;;4;;https://www.wtatennis.com/tournament/1005/rabat/2019/scores
Completed;1:27;Quarterfinal;https://wtatennis.com/tournament/1005/rabat/2019/scores/LS006;R.Peterson;2;;4;;-;;A.Tomljanovic;6;;6;;-;;https://www.wtatennis.com/tournament/1005/rabat/2019/scores
Completed;1:38;Quarterfinal;https://wtatennis.com/tournament/1005/rabat/2019/scores/LS005;Y.Bonaventure;7;;1;;2;;A.Van Uytvanck;5;;6;;6;;https://www.wtatennis.com/tournament/1005/rabat/2019/scores
Completed;1:29;Semifinal;https://wtatennis.com/tournament/1005/rabat/2019/scores/LS002;M.Sakkari;6;;6;;-;;A.Van Uytvanck;4;;4;;-;;https://www.wtatennis.com/tournament/1005/rabat/2019/scores
Completed;1:31;Semifinal;https://wtatennis.com/tournament/1005/rabat/2019/scores/LS003;A.Tomljanovic;2;;6;7;-;;J.Konta;6;;7;;-;;https://www.wtatennis.com/tournament/1005/rabat/2019/scores
Completed;1:57;Final;https://wtatennis.com/tournament/1005/rabat/2019/scores/LS001;M.Sakkari;2;;6;;6;;J.Konta;6;;4;;1;;https://www.wtatennis.com/tournament/1005/rabat/2019/scores
