statut;duration;stage;url_match_stats;player_1_name;player_1_set_1;player_1_set_1_tiebreak;player_1_set_2;player_1_set_2_tiebreak;player_1_set_3;player_1_set_3_tiebreak;player_2_name;player_2_set_1;player_2_set_1_tiebreak;player_2_set_2;player_2_set_2_tiebreak;player_2_set_3;player_2_set_3_tiebreak;scores_link
Completed;2:58;Qualifying;https://wtatennis.com/tournament/1068/n-rnberg/2018/scores/RS017;J.Niemeier;3;;6;;6;3;O.Ianchuk;6;;3;;7;;https://www.wtatennis.com/tournament/1068/n-rnberg/2018/scores
Completed;1:38;Qualifying;https://wtatennis.com/tournament/1068/n-rnberg/2018/scores/RS019;K.Gerlach;6;2;3;;-;;A.Zaja;7;;6;;-;;https://www.wtatennis.com/tournament/1068/n-rnberg/2018/scores
Completed;0:55;Qualifying;https://wtatennis.com/tournament/1068/n-rnberg/2018/scores/RS027;A.Gabric;0;;2;;-;;K.Kucova;6;;6;;-;;https://www.wtatennis.com/tournament/1068/n-rnberg/2018/scores
Completed;1:44;Qualifying;https://wtatennis.com/tournament/1068/n-rnberg/2018/scores/RS018;L.Kerkhove;1;;6;;5;;A.Zarycka;6;;2;;7;;https://www.wtatennis.com/tournament/1068/n-rnberg/2018/scores
Completed;1:25;Qualifying;https://wtatennis.com/tournament/1068/n-rnberg/2018/scores/RS016;D.Allertova;6;4;3;;-;;M.Minella;7;;6;;-;;https://www.wtatennis.com/tournament/1068/n-rnberg/2018/scores
Completed;1:21;Qualifying;https://wtatennis.com/tournament/1068/n-rnberg/2018/scores/RS026;M.Honcova;4;;1;;-;;A.Schaefer;6;;6;;-;;https://www.wtatennis.com/tournament/1068/n-rnberg/2018/scores
Completed;2:17;Qualifying;https://wtatennis.com/tournament/1068/n-rnberg/2018/scores/RS020;I.Soylu;4;;6;;4;;L.Rueffer;6;;4;;6;;https://www.wtatennis.com/tournament/1068/n-rnberg/2018/scores
Completed;1:19;Qualifying;https://wtatennis.com/tournament/1068/n-rnberg/2018/scores/RS024;T.Smitkova;7;;6;;-;;E.Halbauer;5;;1;;-;;https://www.wtatennis.com/tournament/1068/n-rnberg/2018/scores
Completed;1:17;Qualifying;https://wtatennis.com/tournament/1068/n-rnberg/2018/scores/RS023;J.Maleckova;6;;6;;-;;C.Simmonds;4;;1;;-;;https://www.wtatennis.com/tournament/1068/n-rnberg/2018/scores
Completed;1:51;Qualifying;https://wtatennis.com/tournament/1068/n-rnberg/2018/scores/RS022;F.Stollar;1;;6;;7;;G.Gatto-Monticone;6;;2;;5;;https://www.wtatennis.com/tournament/1068/n-rnberg/2018/scores
Completed;1:31;Qualifying;https://wtatennis.com/tournament/1068/n-rnberg/2018/scores/RS025;N.Podoroska;6;;6;;-;;C.Skamlova;4;;4;;-;;https://www.wtatennis.com/tournament/1068/n-rnberg/2018/scores
Completed;1:28;Qualifying;https://wtatennis.com/tournament/1068/n-rnberg/2018/scores/RS021;B.Stefkova;4;;5;;-;;D.Radanovic;6;;7;;-;;https://www.wtatennis.com/tournament/1068/n-rnberg/2018/scores
Completed;2:34;Qualifying;https://wtatennis.com/tournament/1068/n-rnberg/2018/scores/RS009;A.Zarycka;7;;3;;4;;A.Zaja;6;9;6;;6;;https://www.wtatennis.com/tournament/1068/n-rnberg/2018/scores
Completed;1:51;Qualifying;https://wtatennis.com/tournament/1068/n-rnberg/2018/scores/RS012;T.Smitkova;6;3;3;;-;;N.Podoroska;7;;6;;-;;https://www.wtatennis.com/tournament/1068/n-rnberg/2018/scores
Completed;1:03;Qualifying;https://wtatennis.com/tournament/1068/n-rnberg/2018/scores/RS008;M.Minella;6;;6;;-;;O.Ianchuk;2;;1;;-;;https://www.wtatennis.com/tournament/1068/n-rnberg/2018/scores
Completed;1:07;Qualifying;https://wtatennis.com/tournament/1068/n-rnberg/2018/scores/RS011;F.Stollar;6;;6;;-;;J.Maleckova;4;;1;;-;;https://www.wtatennis.com/tournament/1068/n-rnberg/2018/scores
Completed;1:25;Qualifying;https://wtatennis.com/tournament/1068/n-rnberg/2018/scores/RS010;L.Rueffer;5;;3;;-;;D.Radanovic;7;;6;;-;;https://www.wtatennis.com/tournament/1068/n-rnberg/2018/scores
Completed;1:17;Qualifying;https://wtatennis.com/tournament/1068/n-rnberg/2018/scores/RS013;A.Schaefer;3;;2;;-;;K.Kucova;6;;6;;-;;https://www.wtatennis.com/tournament/1068/n-rnberg/2018/scores
Completed;1:05;Round of 32;https://wtatennis.com/tournament/1068/n-rnberg/2018/scores/LS018;M.Brengle;6;;6;;-;;V.Lepchenko;1;;3;;-;;https://www.wtatennis.com/tournament/1068/n-rnberg/2018/scores
Completed;1:17;Round of 32;https://wtatennis.com/tournament/1068/n-rnberg/2018/scores/LS030;L.Arruabarrena;7;;6;;-;;K.Hobgarski;6;6;1;;-;;https://www.wtatennis.com/tournament/1068/n-rnberg/2018/scores
Completed;1:45;Round of 32;https://wtatennis.com/tournament/1068/n-rnberg/2018/scores/LS029;C.Mchale;6;;7;;-;;S.Zheng;2;;6;5;-;;https://www.wtatennis.com/tournament/1068/n-rnberg/2018/scores
Completed;1:00;Round of 32;https://wtatennis.com/tournament/1068/n-rnberg/2018/scores/LS020;K.Bertens;6;;6;;-;;D.Radanovic;1;;1;;-;;https://www.wtatennis.com/tournament/1068/n-rnberg/2018/scores
Completed;2:02;Round of 32;https://wtatennis.com/tournament/1068/n-rnberg/2018/scores/LS024;K.Siniakova;2;;6;;6;;A.Zaja;6;;4;;1;;https://www.wtatennis.com/tournament/1068/n-rnberg/2018/scores
Completed;2:33;Round of 32;https://wtatennis.com/tournament/1068/n-rnberg/2018/scores/LS031;K.Pliskova;6;;6;8;7;;J.Goerges;2;;7;;6;5;https://www.wtatennis.com/tournament/1068/n-rnberg/2018/scores
Completed;1:19;Round of 32;https://wtatennis.com/tournament/1068/n-rnberg/2018/scores/LS028;I.Begu;4;;3;;-;;J.Larsson;6;;3;;-;;https://www.wtatennis.com/tournament/1068/n-rnberg/2018/scores
Completed;1:17;Round of 32;https://wtatennis.com/tournament/1068/n-rnberg/2018/scores/LS022;N.Podoroska;6;;6;;-;;K.Kucova;2;;3;;-;;https://www.wtatennis.com/tournament/1068/n-rnberg/2018/scores
Completed;0:53;Round of 32;https://wtatennis.com/tournament/1068/n-rnberg/2018/scores/LS027;F.Stollar;6;;6;;-;;S.Zhang;2;;2;;-;;https://www.wtatennis.com/tournament/1068/n-rnberg/2018/scores
Completed;1:26;Round of 32;https://wtatennis.com/tournament/1068/n-rnberg/2018/scores/LS017;A.Riske;6;;7;;-;;M.Minella;1;;6;2;-;;https://www.wtatennis.com/tournament/1068/n-rnberg/2018/scores
LIVE MATCH;;Round of 32;https://wtatennis.com/tournament/1068/n-rnberg/2018/scores/LS019;A.Petkovic;6;;3;;-;;S.Cirstea;2;;4;;-;;https://www.wtatennis.com/tournament/1068/n-rnberg/2018/scores
LIVE MATCH;;Round of 16;https://wtatennis.com/tournament/1068/n-rnberg/2018/scores/LS015;L.Arruabarrena;3;;5;;-;;K.Pliskova;6;;6;;-;;https://www.wtatennis.com/tournament/1068/n-rnberg/2018/scores
Completed;2:38;Round of 32;https://wtatennis.com/tournament/1068/n-rnberg/2018/scores/LS026;K.Bondarenko;3;;6;;6;3;H.Watson;6;;3;;7;;https://www.wtatennis.com/tournament/1068/n-rnberg/2018/scores
Completed;1:14;Round of 32;https://wtatennis.com/tournament/1068/n-rnberg/2018/scores/LS025;V.Cepede Royg;6;;6;;-;;K.Kozlova;3;;4;;-;;https://www.wtatennis.com/tournament/1068/n-rnberg/2018/scores
Completed;1:43;Round of 32;https://wtatennis.com/tournament/1068/n-rnberg/2018/scores/LS021;C.Witthoeft;5;;3;;-;;M.Barthel;7;;6;;-;;https://www.wtatennis.com/tournament/1068/n-rnberg/2018/scores
Completed;2:29;Round of 32;https://wtatennis.com/tournament/1068/n-rnberg/2018/scores/LS023;K.Flipkens;7;;2;;7;;A.Van Uytvanck;6;5;6;;6;2;https://www.wtatennis.com/tournament/1068/n-rnberg/2018/scores
Completed;1:44;Round of 16;https://wtatennis.com/tournament/1068/n-rnberg/2018/scores/LS009;M.Brengle;3;;6;;3;;S.Cirstea;6;;3;;6;;https://www.wtatennis.com/tournament/1068/n-rnberg/2018/scores
Completed;1:02;Round of 16;https://wtatennis.com/tournament/1068/n-rnberg/2018/scores/LS013;H.Watson;3;;3;;-;;F.Stollar;6;;6;;-;;https://www.wtatennis.com/tournament/1068/n-rnberg/2018/scores
Completed;1:33;Round of 16;https://wtatennis.com/tournament/1068/n-rnberg/2018/scores/LS011;N.Podoroska;6;6;2;;-;;K.Flipkens;7;;6;;-;;https://www.wtatennis.com/tournament/1068/n-rnberg/2018/scores
Completed;3:00;Round of 32;https://wtatennis.com/tournament/1068/n-rnberg/2018/scores/LS016;S.Stephens;7;;4;;6;3;Y.Putintseva;5;;6;;7;;https://www.wtatennis.com/tournament/1068/n-rnberg/2018/scores
Completed;1:35;Quarterfinal;https://wtatennis.com/tournament/1068/n-rnberg/2018/scores/LS006;K.Siniakova;7;;6;;-;;F.Stollar;5;;4;;-;;https://www.wtatennis.com/tournament/1068/n-rnberg/2018/scores
Completed;2:16;Quarterfinal;https://wtatennis.com/tournament/1068/n-rnberg/2018/scores/LS007;J.Larsson;5;;7;;6;;K.Pliskova;7;;5;;4;;https://www.wtatennis.com/tournament/1068/n-rnberg/2018/scores
Completed;2:10;Round of 16;https://wtatennis.com/tournament/1068/n-rnberg/2018/scores/LS010;K.Bertens;6;2;6;;6;;M.Barthel;7;;2;;4;;https://www.wtatennis.com/tournament/1068/n-rnberg/2018/scores
Completed;2:41;Round of 16;https://wtatennis.com/tournament/1068/n-rnberg/2018/scores/LS008;Y.Putintseva;6;;4;;4;;A.Riske;3;;6;;6;;https://www.wtatennis.com/tournament/1068/n-rnberg/2018/scores
Completed;1:39;Round of 16;https://wtatennis.com/tournament/1068/n-rnberg/2018/scores/LS012;K.Siniakova;7;;6;;-;;V.Cepede Royg;5;;4;;-;;https://www.wtatennis.com/tournament/1068/n-rnberg/2018/scores
Completed;1:02;Semifinal;https://wtatennis.com/tournament/1068/n-rnberg/2018/scores/LS002;A.Riske;6;;6;;-;;K.Flipkens;3;;1;;-;;https://www.wtatennis.com/tournament/1068/n-rnberg/2018/scores
Completed;2:01;Semifinal;https://wtatennis.com/tournament/1068/n-rnberg/2018/scores/LS003;K.Siniakova;6;;3;;1;;J.Larsson;4;;6;;6;;https://www.wtatennis.com/tournament/1068/n-rnberg/2018/scores
Completed;2:34;Quarterfinal;https://wtatennis.com/tournament/1068/n-rnberg/2018/scores/LS005;K.Bertens;7;;3;;6;3;K.Flipkens;5;;6;;7;;https://www.wtatennis.com/tournament/1068/n-rnberg/2018/scores
Completed;1:58;Quarterfinal;https://wtatennis.com/tournament/1068/n-rnberg/2018/scores/LS004;A.Riske;2;;7;;1;;S.Cirstea;6;;5;;0;;https://www.wtatennis.com/tournament/1068/n-rnberg/2018/scores
Completed;1:46;Final;https://wtatennis.com/tournament/1068/n-rnberg/2018/scores/LS001;A.Riske;6;4;4;;-;;J.Larsson;7;;6;;-;;https://www.wtatennis.com/tournament/1068/n-rnberg/2018/scores
