statut;duration;stage;url_match_stats;player_1_name;player_1_set_1;player_1_set_1_tiebreak;player_1_set_2;player_1_set_2_tiebreak;player_1_set_3;player_1_set_3_tiebreak;player_2_name;player_2_set_1;player_2_set_1_tiebreak;player_2_set_2;player_2_set_2_tiebreak;player_2_set_3;player_2_set_3_tiebreak;scores_link
Completed;1:15;Qualifying;https://wtatennis.com/tournament/1002/acapulco/2019/scores/RS018;Y.Bonaventure;6;;7;;-;;K.Zavatska;1;;6;2;-;;https://www.wtatennis.com/tournament/1002/acapulco/2019/scores
Completed;0:59;Qualifying;https://wtatennis.com/tournament/1002/acapulco/2019/scores/RS019;N.Podoroska;2;;2;;-;;M.Trevisan;6;;6;;-;;https://www.wtatennis.com/tournament/1002/acapulco/2019/scores
Completed;1:45;Qualifying;https://wtatennis.com/tournament/1002/acapulco/2019/scores/RS021;A.Sanchez;6;;7;;-;;K.Von Deichmann;3;;6;5;-;;https://www.wtatennis.com/tournament/1002/acapulco/2019/scores
Completed;2:05;Qualifying;https://wtatennis.com/tournament/1002/acapulco/2019/scores/RS027;V.Flink;7;;4;;6;;A.Sharma;5;;6;;3;;https://www.wtatennis.com/tournament/1002/acapulco/2019/scores
Completed;2:34;Qualifying;https://wtatennis.com/tournament/1002/acapulco/2019/scores/RS023;V.Rodriguez;4;;6;;6;;D.Lao;6;;3;;4;;https://www.wtatennis.com/tournament/1002/acapulco/2019/scores
Completed;0:58;Qualifying;https://wtatennis.com/tournament/1002/acapulco/2019/scores/RS020;C.Mchale;6;;6;;-;;K.Swan;0;;3;;-;;https://www.wtatennis.com/tournament/1002/acapulco/2019/scores
Completed;1:00;Qualifying;https://wtatennis.com/tournament/1002/acapulco/2019/scores/RS026;S.Zhuk;6;;6;;-;;R.Jani;0;;3;;-;;https://www.wtatennis.com/tournament/1002/acapulco/2019/scores
Completed;1:41;Qualifying;https://wtatennis.com/tournament/1002/acapulco/2019/scores/RS025;K.Thandi;6;5;3;;-;;T.Martincova;7;;6;;-;;https://www.wtatennis.com/tournament/1002/acapulco/2019/scores
Completed;0:56;Qualifying;https://wtatennis.com/tournament/1002/acapulco/2019/scores/RS022;C.Perrin;6;;6;;-;;M.Portillo Ramirez;1;;1;;-;;https://www.wtatennis.com/tournament/1002/acapulco/2019/scores
Completed;1:03;Qualifying;https://wtatennis.com/tournament/1002/acapulco/2019/scores/RS017;B.Haddad Maia;6;;6;;-;;K.Birrell;1;;1;;-;;https://www.wtatennis.com/tournament/1002/acapulco/2019/scores
Completed;1:03;Qualifying;https://wtatennis.com/tournament/1002/acapulco/2019/scores/RS016;I.Khromacheva;1;;5;;-;;G.Olmos;6;;7;;-;;https://www.wtatennis.com/tournament/1002/acapulco/2019/scores
Completed;1:36;Qualifying;https://wtatennis.com/tournament/1002/acapulco/2019/scores/RS024;V.Cepede Royg;6;5;2;;-;;I.Bara;7;;6;;-;;https://www.wtatennis.com/tournament/1002/acapulco/2019/scores
Completed;2:11;Qualifying;https://wtatennis.com/tournament/1002/acapulco/2019/scores/RS009;Y.Bonaventure;7;;3;;6;;M.Trevisan;5;;6;;3;;https://www.wtatennis.com/tournament/1002/acapulco/2019/scores
Completed;1:48;Qualifying;https://wtatennis.com/tournament/1002/acapulco/2019/scores/RS010;C.Mchale;6;;7;;-;;A.Sanchez;3;;6;3;-;;https://www.wtatennis.com/tournament/1002/acapulco/2019/scores
Completed;2:49;Qualifying;https://wtatennis.com/tournament/1002/acapulco/2019/scores/RS008;G.Olmos;3;;6;;3;;B.Haddad Maia;6;;3;;6;;https://www.wtatennis.com/tournament/1002/acapulco/2019/scores
Completed;2:44;Qualifying;https://wtatennis.com/tournament/1002/acapulco/2019/scores/RS011;C.Perrin;4;;7;;6;;V.Rodriguez;6;;6;8;2;;https://www.wtatennis.com/tournament/1002/acapulco/2019/scores
Completed;2:15;Qualifying;https://wtatennis.com/tournament/1002/acapulco/2019/scores/RS013;S.Zhuk;6;;5;;2;;V.Flink;4;;7;;6;;https://www.wtatennis.com/tournament/1002/acapulco/2019/scores
Completed;2:31;Qualifying;https://wtatennis.com/tournament/1002/acapulco/2019/scores/RS012;I.Bara;3;;6;;7;;T.Martincova;6;;2;;6;5;https://www.wtatennis.com/tournament/1002/acapulco/2019/scores
Completed;1:05;Round of 32;https://wtatennis.com/tournament/1002/acapulco/2019/scores/LS020;D.Vekic;6;;6;;-;;M.Doi;0;;3;;-;;https://www.wtatennis.com/tournament/1002/acapulco/2019/scores
Completed;1:09;Round of 32;https://wtatennis.com/tournament/1002/acapulco/2019/scores/LS017;B.Haddad Maia;6;;6;;-;;I.Bara;0;;2;;-;;https://www.wtatennis.com/tournament/1002/acapulco/2019/scores
Completed;1:25;Round of 32;https://wtatennis.com/tournament/1002/acapulco/2019/scores/LS029;K.Boulter;6;;7;;-;;C.Perrin;4;;5;;-;;https://www.wtatennis.com/tournament/1002/acapulco/2019/scores
Completed;2:34;Round of 32;https://wtatennis.com/tournament/1002/acapulco/2019/scores/LS019;M.Puig;7;;4;;6;;M.Sakkari;5;;6;;0;;https://www.wtatennis.com/tournament/1002/acapulco/2019/scores
Completed;1:30;Round of 32;https://wtatennis.com/tournament/1002/acapulco/2019/scores/LS018;Y.Wang;6;;6;;-;;M.Bouzkova;2;;2;;-;;https://www.wtatennis.com/tournament/1002/acapulco/2019/scores
Completed;0:29;Round of 32;https://wtatennis.com/tournament/1002/acapulco/2019/scores/LS028;S.Kenin;4;;-;;-;;R.Peterson;3;;-;;-;;https://www.wtatennis.com/tournament/1002/acapulco/2019/scores
Completed;0:29;Round of 32;https://wtatennis.com/tournament/1002/acapulco/2019/scores/LS022;A.Anisimova;4;;-;;-;;V.Flink;3;;-;;-;;https://www.wtatennis.com/tournament/1002/acapulco/2019/scores
Completed;1:22;Round of 32;https://wtatennis.com/tournament/1002/acapulco/2019/scores/LS026;J.Teichmann;1;;3;;-;;B.Andreescu;6;;6;;-;;https://www.wtatennis.com/tournament/1002/acapulco/2019/scores
Completed;1:11;Round of 32;https://wtatennis.com/tournament/1002/acapulco/2019/scores/LS031;V.Azarenka;6;;6;;-;;D.Collins;1;;2;;-;;https://www.wtatennis.com/tournament/1002/acapulco/2019/scores
Completed;2:23;Round of 32;https://wtatennis.com/tournament/1002/acapulco/2019/scores/LS024;S.Zheng;3;;7;;6;;R.Zarazua;6;;5;;4;;https://www.wtatennis.com/tournament/1002/acapulco/2019/scores
Completed;1:51;Round of 32;https://wtatennis.com/tournament/1002/acapulco/2019/scores/LS021;Y.Bonaventure;3;;6;;2;;C.Mchale;6;;1;;6;;https://www.wtatennis.com/tournament/1002/acapulco/2019/scores
Completed;2:27;Round of 32;https://wtatennis.com/tournament/1002/acapulco/2019/scores/LS025;T.Babos;5;;6;;6;;D.Jakupovic;7;;4;;4;;https://www.wtatennis.com/tournament/1002/acapulco/2019/scores
Completed;1:09;Round of 32;https://wtatennis.com/tournament/1002/acapulco/2019/scores/LS023;L.Siegemund;3;;2;;-;;J.Konta;6;;6;;-;;https://www.wtatennis.com/tournament/1002/acapulco/2019/scores
Completed;1:26;Round of 32;https://wtatennis.com/tournament/1002/acapulco/2019/scores/LS027;D.Gavrilova;4;;2;;-;;M.Buzarnescu;6;;6;;-;;https://www.wtatennis.com/tournament/1002/acapulco/2019/scores
Completed;1:09;Round of 32;https://wtatennis.com/tournament/1002/acapulco/2019/scores/LS016;S.Stephens;6;;6;;-;;P.Parmentier;2;;2;;-;;https://www.wtatennis.com/tournament/1002/acapulco/2019/scores
Completed;1:49;Round of 32;https://wtatennis.com/tournament/1002/acapulco/2019/scores/LS030;T.Maria;6;;7;;-;;M.Trevisan;2;;6;1;-;;https://www.wtatennis.com/tournament/1002/acapulco/2019/scores
Completed;1:11;Round of 16;https://wtatennis.com/tournament/1002/acapulco/2019/scores/LS014;S.Kenin;6;;4;;-;;K.Boulter;4;;1;;-;;https://www.wtatennis.com/tournament/1002/acapulco/2019/scores
Completed;0:30;Round of 16;https://wtatennis.com/tournament/1002/acapulco/2019/scores/LS009;Y.Wang;4;;-;;-;;M.Puig;1;;-;;-;;https://www.wtatennis.com/tournament/1002/acapulco/2019/scores
Completed;1:21;Round of 16;https://wtatennis.com/tournament/1002/acapulco/2019/scores/LS011;V.Flink;4;;1;;-;;J.Konta;6;;6;;-;;https://www.wtatennis.com/tournament/1002/acapulco/2019/scores
Completed;1:43;Round of 16;https://wtatennis.com/tournament/1002/acapulco/2019/scores/LS013;B.Andreescu;6;;7;;-;;M.Buzarnescu;2;;5;;-;;https://www.wtatennis.com/tournament/1002/acapulco/2019/scores
Completed;1:24;Round of 16;https://wtatennis.com/tournament/1002/acapulco/2019/scores/LS015;T.Maria;2;;1;;-;;V.Azarenka;6;;6;;-;;https://www.wtatennis.com/tournament/1002/acapulco/2019/scores
Completed;2:12;Round of 16;https://wtatennis.com/tournament/1002/acapulco/2019/scores/LS012;S.Zheng;4;;6;;6;;T.Babos;6;;4;;3;;https://www.wtatennis.com/tournament/1002/acapulco/2019/scores
Completed;1:23;Round of 16;https://wtatennis.com/tournament/1002/acapulco/2019/scores/LS008;S.Stephens;3;;3;;-;;B.Haddad Maia;6;;6;;-;;https://www.wtatennis.com/tournament/1002/acapulco/2019/scores
Completed;1:49;Round of 16;https://wtatennis.com/tournament/1002/acapulco/2019/scores/LS010;D.Vekic;6;;7;;-;;C.Mchale;4;;5;;-;;https://www.wtatennis.com/tournament/1002/acapulco/2019/scores
Completed;1:58;Quarterfinal;https://wtatennis.com/tournament/1002/acapulco/2019/scores/LS006;S.Zheng;6;3;1;;-;;B.Andreescu;7;;6;;-;;https://www.wtatennis.com/tournament/1002/acapulco/2019/scores
Completed;2:32;Quarterfinal;https://wtatennis.com/tournament/1002/acapulco/2019/scores/LS007;S.Kenin;6;;4;;7;;V.Azarenka;4;;6;;5;;https://www.wtatennis.com/tournament/1002/acapulco/2019/scores
Completed;1:26;Quarterfinal;https://wtatennis.com/tournament/1002/acapulco/2019/scores/LS005;D.Vekic;6;;7;;-;;J.Konta;3;;5;;-;;https://www.wtatennis.com/tournament/1002/acapulco/2019/scores
Completed;1:42;Quarterfinal;https://wtatennis.com/tournament/1002/acapulco/2019/scores/LS004;B.Haddad Maia;3;;4;;-;;Y.Wang;6;;6;;-;;https://www.wtatennis.com/tournament/1002/acapulco/2019/scores
Completed;2:14;Semifinal;https://wtatennis.com/tournament/1002/acapulco/2019/scores/LS003;B.Andreescu;4;;6;;5;;S.Kenin;6;;3;;7;;https://www.wtatennis.com/tournament/1002/acapulco/2019/scores
Completed;1:50;Semifinal;https://wtatennis.com/tournament/1002/acapulco/2019/scores/LS002;Y.Wang;2;;6;;6;;D.Vekic;6;;3;;1;;https://www.wtatennis.com/tournament/1002/acapulco/2019/scores
Completed;2:10;Final;https://wtatennis.com/tournament/1002/acapulco/2019/scores/LS001;Y.Wang;2;;6;;7;;S.Kenin;6;;3;;5;;https://www.wtatennis.com/tournament/1002/acapulco/2019/scores
