match_1st Return Points Won_player_1;match_1st Return Points Won_player_2;match_1st Serve Points Won_player_1;match_1st Serve Points Won_player_2;match_1st Serve_player_1;match_1st Serve_player_2;match_2nd Return Points Won_player_1;match_2nd Return Points Won_player_2;match_2nd Serve Points Won_player_1;match_2nd Serve Points Won_player_2;match_Aces_player_1;match_Aces_player_2;match_Break Points Converted_player_1;match_Break Points Converted_player_2;match_Break Points Saved_player_1;match_Break Points Saved_player_2;match_Double Faults_player_1;match_Double Faults_player_2;match_Return Games Played_player_1;match_Return Games Played_player_2;match_Service Games Played_player_1;match_Service Games Played_player_2;match_Total Points Won_player_1;match_Total Points Won_player_2;match_Total Return Points Won_player_1;match_Total Return Points Won_player_2;match_Total Service Points Won_player_1;match_Total Service Points Won_player_2;set1_1st Return Points Won_player_1;set1_1st Return Points Won_player_2;set1_1st Serve Points Won_player_1;set1_1st Serve Points Won_player_2;set1_1st Serve_player_1;set1_1st Serve_player_2;set1_2nd Return Points Won_player_1;set1_2nd Return Points Won_player_2;set1_2nd Serve Points Won_player_1;set1_2nd Serve Points Won_player_2;set1_Aces_player_1;set1_Aces_player_2;set1_Break Points Converted_player_1;set1_Break Points Converted_player_2;set1_Break Points Saved_player_1;set1_Break Points Saved_player_2;set1_Double Faults_player_1;set1_Double Faults_player_2;set1_Return Games Played_player_1;set1_Return Games Played_player_2;set1_Service Games Played_player_1;set1_Service Games Played_player_2;set1_Total Points Won_player_1;set1_Total Points Won_player_2;set1_Total Return Points Won_player_1;set1_Total Return Points Won_player_2;set1_Total Service Points Won_player_1;set1_Total Service Points Won_player_2;set2_1st Return Points Won_player_1;set2_1st Return Points Won_player_2;set2_1st Serve Points Won_player_1;set2_1st Serve Points Won_player_2;set2_1st Serve_player_1;set2_1st Serve_player_2;set2_2nd Return Points Won_player_1;set2_2nd Return Points Won_player_2;set2_2nd Serve Points Won_player_1;set2_2nd Serve Points Won_player_2;set2_Aces_player_1;set2_Aces_player_2;set2_Break Points Converted_player_1;set2_Break Points Converted_player_2;set2_Break Points Saved_player_1;set2_Break Points Saved_player_2;set2_Double Faults_player_1;set2_Double Faults_player_2;set2_Return Games Played_player_1;set2_Return Games Played_player_2;set2_Service Games Played_player_1;set2_Service Games Played_player_2;set2_Total Points Won_player_1;set2_Total Points Won_player_2;set2_Total Return Points Won_player_1;set2_Total Return Points Won_player_2;set2_Total Service Points Won_player_1;set2_Total Service Points Won_player_2;h2h_wins_player_1;h2h_wins_player_2;Height_player_1;Height_player_2;Date of Birth_player_1;Date of Birth_player_2;Plays_player_1;Plays_player_2;url_match_stats;set3_1st Return Points Won_player_1;set3_1st Return Points Won_player_2;set3_1st Serve Points Won_player_1;set3_1st Serve Points Won_player_2;set3_1st Serve_player_1;set3_1st Serve_player_2;set3_2nd Return Points Won_player_1;set3_2nd Return Points Won_player_2;set3_2nd Serve Points Won_player_1;set3_2nd Serve Points Won_player_2;set3_Aces_player_1;set3_Aces_player_2;set3_Break Points Converted_player_1;set3_Break Points Converted_player_2;set3_Break Points Saved_player_1;set3_Break Points Saved_player_2;set3_Double Faults_player_1;set3_Double Faults_player_2;set3_Return Games Played_player_1;set3_Return Games Played_player_2;set3_Service Games Played_player_1;set3_Service Games Played_player_2;set3_Total Points Won_player_1;set3_Total Points Won_player_2;set3_Total Return Points Won_player_1;set3_Total Return Points Won_player_2;set3_Total Service Points Won_player_1;set3_Total Service Points Won_player_2
7/17;21/36;15/36;10/17;36/48;17/52;15/35;11/12;1/12;20/35;1;0;3/6;7/10;3/10;3/6;5;5;8;8;8;8;38/100;62/100;22/52;32/48;16/48;30/52;1/5;11/16;5/16;4/5;16/21;5/22;9/17;5/5;0/5;8/17;1;0;2/3;4/5;1/5;1/3;3;4;4;4;4;4;15/43;28/43;10/22;16/21;5/21;12/22;6/12;10/20;10/20;6/12;20/27;12/30;6/18;6/7;1/7;12/18;0;0;1/3;3/5;2/5;2/3;2;1;4;4;4;4;23/57;34/57;12/30;16/27;11/27;18/30;0;1;1.7;1.75;34.33;26.83;Right-Handed;Right-Handed;https://wtatennis.com/tournament/1027/istanbul/2018/scores/RS018;;;;;;;;;;;;;;;;;;;;;;;;;;;;
24/50;16/41;25/41;26/50;41/62;50/71;12/21;12/21;9/21;9/21;0;2;6/7;4/4;0/4;1/7;6;2;11;10;10;11;70/133;63/133;36/71;28/62;34/62;35/71;14/23;5/17;12/17;9/23;17/22;23/30;2/7;2/5;3/5;5/7;0;0;3/3;1/1;0/1;0/3;1;1;5;4;4;5;31/52;21/52;16/30;7/22;15/22;14/30;10/27;11/24;13/24;17/27;24/40;27/41;10/14;10/16;6/16;4/14;0;2;3/4;3/3;0/3;1/4;5;1;6;6;6;6;39/81;42/81;20/41;21/40;19/40;21/41;1;0;;1.77;29.92;28.58;;Right-Handed;https://wtatennis.com/tournament/1027/istanbul/2018/scores/RS019;;;;;;;;;;;;;;;;;;;;;;;;;;;;
16/38;15/47;32/47;22/38;47/77;38/67;16/29;17/30;13/30;13/29;9;0;5/11;2/18;16/18;6/11;7;5;10;9;9;10;77/144;67/144;32/67;32/77;45/77;35/67;5/17;8/26;18/26;12/17;26/45;17/25;3/8;8/19;11/19;5/8;4;0;1/3;0/10;10/10;2/3;3;1;5;5;5;5;37/70;33/70;8/25;16/45;29/45;17/25;11/21;7/21;14/21;10/21;21/32;21/42;13/21;9/11;2/11;8/21;5;0;4/8;2/8;6/8;4/8;4;4;5;4;4;5;40/74;34/74;24/42;16/32;16/32;18/42;1;1;1.69;1.7;28.58;25.08;Right-Handed;Right-Handed;https://wtatennis.com/tournament/1027/istanbul/2018/scores/RS020;;;;;;;;;;;;;;;;;;;;;;;;;;;;
18/44;18/50;32/50;26/44;50/72;44/80;25/36;12/22;10/22;11/36;1;0;5/17;2/9;7/9;12/17;1;6;9;9;9;9;85/152;67/152;43/80;30/72;42/72;37/80;10/26;10/29;19/29;16/26;29/40;26/49;14/23;6/11;5/11;9/23;0;0;2/8;1/6;5/6;6/8;0;3;5;5;5;5;48/89;41/89;24/49;16/40;24/40;25/49;8/18;8/21;13/21;10/18;21/32;18/31;11/13;6/11;5/11;2/13;1;0;3/9;1/3;2/3;6/9;1;3;4;4;4;4;37/63;26/63;19/31;14/32;18/32;12/31;1;0;;1.59;33.17;32.08;Right-Handed;Left-Handed;https://wtatennis.com/tournament/1027/istanbul/2018/scores/RS023;;;;;;;;;;;;;;;;;;;;;;;;;;;;
21/45;9/33;24/33;24/45;33/68;45/65;13/20;23/35;12/35;7/20;1;1;6/7;5/8;3/8;1/7;2;4;11;11;11;11;70/133;63/133;34/65;32/68;36/68;31/65;6/17;1/12;11/12;11/17;12/30;17/26;5/9;11/18;7/18;4/9;0;0;2/3;1/3;2/3;1/3;1;2;5;5;5;5;29/56;27/56;11/26;12/30;18/30;15/26;15/28;8/21;13/21;13/28;21/38;28/39;8/11;12/17;5/17;3/11;1;1;4/4;4/5;1/5;0/4;1;2;6;6;6;6;41/77;36/77;23/39;20/38;18/38;16/39;1;0;1.68;;31.17;30.0;Right-Handed;;https://wtatennis.com/tournament/1027/istanbul/2018/scores/RS016;;;;;;;;;;;;;;;;;;;;;;;;;;;;
31/66;27/67;40/67;35/66;67/101;66/98;19/32;18/34;16/34;13/32;1;1;7/15;6/8;2/8;8/15;6;6;14;15;15;14;106/199;93/199;50/98;45/101;56/101;48/98;12/24;8/21;13/21;12/24;21/32;24/38;9/14;6/11;5/11;5/14;0;1;3/9;2/3;1/3;6/9;4;4;5;5;5;5;39/70;31/70;21/38;14/32;18/32;17/38;10/20;13/27;14/27;10/20;27/38;20/30;4/10;7/11;4/11;6/10;1;0;2/2;3/3;0/3;0/2;1;2;5;5;5;5;32/68;36/68;14/30;20/38;18/38;16/30;1;0;1.7;1.72;35.08;34.0;Right-Handed;Right-Handed;https://wtatennis.com/tournament/1027/istanbul/2018/scores/RS021;9/22;6/19;13/19;13/22;19/31;22/30;6/8;5/12;7/12;2/8;0.0;0.0;2/4;1/2;1/2;2/4;1.0;0.0;4.0;5.0;5.0;4.0;35/61;26/61;15/30;11/31;20/31;15/30
14/43;17/41;24/41;29/43;41/58;43/63;12/20;14/17;3/17;8/20;0;2;2/4;5/10;5/10;2/4;5;9;9;8;8;9;53/121;68/121;26/63;31/58;27/58;37/63;9/29;7/21;14/21;20/29;21/30;29/40;8/11;7/9;2/9;3/11;0;2;1/3;2/3;1/3;2/3;2;7;5;5;5;5;33/70;37/70;17/40;14/30;16/30;23/40;5/14;10/20;10/20;9/14;20/28;14/23;4/9;7/8;1/8;5/9;0;0;1/1;3/7;4/7;0/1;3;2;4;3;3;4;20/51;31/51;9/23;17/28;11/28;14/23;1;1;1.61;1.78;31.83;27.5;Right-Handed;Right-Handed;https://wtatennis.com/tournament/1027/istanbul/2018/scores/RS025;;;;;;;;;;;;;;;;;;;;;;;;;;;;
16/36;17/28;11/28;20/36;28/46;36/48;6/12;16/18;2/18;6/12;0;1;3/6;7/9;2/9;3/6;5;0;8;8;8;8;35/94;59/94;22/48;33/46;13/46;26/48;12/20;9/13;4/13;8/20;13/22;20/28;3/8;8/9;1/9;5/8;0;0;2/4;4/5;1/5;2/4;3;0;4;4;4;4;20/50;30/50;15/28;17/22;5/22;13/28;4/16;8/15;7/15;12/16;15/24;16/20;3/4;8/9;1/9;1/4;0;1;1/2;3/4;1/4;1/2;2;0;4;4;4;4;15/44;29/44;7/20;16/24;8/24;13/20;0;1;;1.7;25.33;28.25;;Right-Handed;https://wtatennis.com/tournament/1027/istanbul/2018/scores/RS017;;;;;;;;;;;;;;;;;;;;;;;;;;;;
34/63;17/44;27/44;29/63;44/71;63/93;19/30;18/27;9/27;11/30;0;0;8/19;6/13;7/13;11/19;8;5;11;11;11;11;89/164;75/164;53/93;35/71;36/71;40/93;15/33;4/15;11/15;18/33;15/30;33/49;11/16;9/15;6/15;5/16;0;0;3/8;2/3;1/3;5/8;2;3;5;5;5;5;43/79;36/79;26/49;13/30;17/30;23/49;19/30;13/29;16/29;11/30;29/41;30/44;8/14;9/12;3/12;6/14;0;0;5/11;4/10;6/10;6/11;6;2;6;6;6;6;46/85;39/85;27/44;22/41;19/41;17/44;1;0;1.76;;26.67;29.0;Right-Handed;;https://wtatennis.com/tournament/1027/istanbul/2018/scores/RS026;;;;;;;;;;;;;;;;;;;;;;;;;;;;
25/65;16/41;25/41;40/65;41/75;65/99;20/34;13/34;21/34;14/34;1;0;5/11;4/8;4/8;6/11;4;13;13;13;13;13;91/174;83/174;45/99;29/75;46/75;54/99;8/22;4/14;10/14;14/22;14/27;22/29;5/7;6/13;7/13;2/7;1;0;2/3;1/2;1/2;1/3;2;4;5;5;5;5;30/56;26/56;13/29;10/27;17/27;16/29;9/22;7/11;4/11;13/22;11/22;22/35;6/13;5/11;6/11;7/13;0;0;1/5;3/5;2/5;4/5;1;4;4;4;4;4;25/57;32/57;15/35;12/22;10/22;20/35;1;1;1.7;1.73;32.17;25.58;Right-Handed;Right-Handed;https://wtatennis.com/tournament/1027/istanbul/2018/scores/RS024;8/21;5/16;11/16;13/21;16/26;21/35;9/14;2/10;8/10;5/14;0.0;0.0;2/3;0/1;1/1;1/3;1.0;5.0;4.0;4.0;4.0;4.0;36/61;25/61;17/35;7/26;19/26;18/35
7/22;8/30;22/30;15/22;30/69;22/57;12/35;25/39;14/39;23/35;3;2;2/6;4/9;5/9;4/6;5;3;10;10;10;10;55/126;71/126;19/57;33/69;36/69;38/57;3/10;4/13;9/13;7/10;13/35;10/30;10/20;15/22;7/22;10/20;2;1;2/6;3/6;3/6;4/6;2;3;5;5;5;5;29/65;36/65;13/30;19/35;16/35;17/30;4/12;4/17;13/17;8/12;17/34;12/27;2/15;10/17;7/17;13/15;1;1;0/0;1/3;2/3;0/0;3;0;5;5;5;5;26/61;35/61;6/27;14/34;20/34;21/27;0;1;;1.75;27.0;24.5;;Right-Handed;https://wtatennis.com/tournament/1027/istanbul/2018/scores/RS027;;;;;;;;;;;;;;;;;;;;;;;;;;;;
15/26;3/26;23/26;11/26;26/43;26/45;11/19;9/17;8/17;8/19;3;0;5/9;0/2;2/2;4/9;2;0;7;7;7;7;57/88;31/88;26/45;12/43;31/43;19/45;8/18;3/19;16/19;10/18;19/28;18/30;6/12;6/9;3/9;6/12;3;0;2/5;0/2;2/2;3/5;1;0;4;4;4;4;33/58;25/58;14/30;9/28;19/28;16/30;7/8;0/7;7/7;1/8;7/15;8/15;5/7;3/8;5/8;2/7;0;0;3/4;0/0;0/0;1/4;1;0;3;3;3;3;24/30;6/30;12/15;3/15;12/15;3/15;5;0;1.8;;32.5;33.17;Left-Handed;Right-Handed;https://wtatennis.com/tournament/1027/istanbul/2018/scores/RS011;;;;;;;;;;;;;;;;;;;;;;;;;;;;
19/45;20/55;35/55;26/45;55/88;45/66;13/21;17/33;16/33;8/21;2;1;6/6;5/8;3/8;0/6;4;4;13;14;14;13;83/154;71/154;32/66;37/88;51/88;34/66;7/15;5/22;17/22;8/15;22/36;15/24;5/9;8/14;6/14;4/9;1;1;2/2;1/3;2/3;0/2;1;1;4;5;5;4;35/60;25/60;12/24;13/36;23/36;12/24;5/18;8/15;7/15;13/18;15/26;18/23;2/5;5/11;6/11;3/5;1;0;1/1;2/3;1/3;0/1;1;1;5;4;4;5;20/49;29/49;7/23;13/26;13/26;16/23;1;1;1.69;1.7;28.58;35.08;Right-Handed;Right-Handed;https://wtatennis.com/tournament/1027/istanbul/2018/scores/RS010;7/12;7/18;11/18;5/12;18/26;12/19;6/7;4/8;4/8;1/7;0.0;0.0;3/3;2/2;0/2;0/3;2.0;2.0;4.0;5.0;5.0;4.0;28/45;17/45;13/19;11/26;15/26;6/19
8/29;21/34;13/34;21/29;34/61;29/40;4/11;16/27;11/27;7/11;0;0;0/2;6/16;10/16;2/2;3;1;6;6;6;6;36/101;65/101;12/40;37/61;24/61;28/40;3/12;12/19;7/19;9/12;19/36;12/17;1/5;9/17;8/17;4/5;0;0;0/2;3/9;6/9;2/2;2;0;3;3;3;3;19/53;34/53;4/17;21/36;15/36;13/17;5/17;9/15;6/15;12/17;15/25;17/23;3/6;7/10;3/10;3/6;0;0;0/0;3/7;4/7;0/0;1;1;3;3;3;3;17/48;31/48;8/23;16/25;9/25;15/23;1;1;1.75;;26.83;29.92;Right-Handed;;https://wtatennis.com/tournament/1027/istanbul/2018/scores/RS009;;;;;;;;;;;;;;;;;;;;;;;;;;;;
9/31;11/25;14/25;22/31;25/48;31/44;6/13;18/23;5/23;7/13;0;1;1/5;6/10;4/10;4/5;6;0;7;8;8;7;34/92;58/92;15/44;29/48;19/48;29/44;3/10;3/9;6/9;7/10;9/23;10/17;2/7;10/14;4/14;5/7;0;1;0/0;3/5;2/5;0/0;3;0;3;4;4;3;15/40;25/40;5/17;13/23;10/23;12/17;6/21;8/16;8/16;15/21;16/25;21/27;4/6;8/9;1/9;2/6;0;0;1/5;3/5;2/5;4/5;3;0;4;4;4;4;19/52;33/52;10/27;16/25;9/25;17/27;3;2;1.68;1.7;31.17;28.25;Right-Handed;Right-Handed;https://wtatennis.com/tournament/1027/istanbul/2018/scores/RS008;;;;;;;;;;;;;;;;;;;;;;;;;;;;
31/63;32/63;31/63;32/63;63/102;63/102;21/39;26/39;13/39;18/39;0;0;7/12;9/19;10/19;5/12;13;3;15;15;15;15;96/204;108/204;52/102;58/102;44/102;50/102;8/20;8/13;5/13;12/20;13/24;20/39;9/19;7/11;4/11;10/19;0;0;1/5;3/5;2/5;4/5;4;1;4;5;5;4;26/63;37/63;17/39;15/24;9/24;22/39;14/25;15/35;20/35;11/25;35/55;25/35;7/10;13/20;7/20;3/10;0;0;4/5;3/11;8/11;1/5;6;2;6;6;6;6;48/90;42/90;21/35;28/55;27/55;14/35;1;2;1.76;1.75;26.67;24.5;Right-Handed;Right-Handed;https://wtatennis.com/tournament/1027/istanbul/2018/scores/RS013;9/18;9/15;6/15;9/18;15/23;18/28;5/10;6/8;2/8;5/10;0.0;0.0;2/2;3/3;0/3;0/2;3.0;0.0;5.0;4.0;4.0;5.0;22/51;29/51;14/28;15/23;8/23;14/28
15/27;4/19;15/19;12/27;19/44;27/49;14/22;9/25;16/25;8/22;0;0;5/11;1/3;2/3;6/11;3;1;7;8;8;7;60/93;33/93;29/49;13/44;31/44;20/49;10/16;2/10;8/10;6/16;10/21;16/28;7/12;6/11;5/11;5/12;0;0;3/8;1/1;0/1;5/8;2;1;4;4;4;4;30/49;19/49;17/28;8/21;13/21;11/28;5/11;2/9;7/9;6/11;9/23;11/21;7/10;3/14;11/14;3/10;0;0;2/3;0/2;2/2;1/3;1;0;3;4;4;3;30/44;14/44;12/21;5/23;18/23;9/21;1;0;1.7;1.78;32.17;27.5;Right-Handed;Right-Handed;https://wtatennis.com/tournament/1027/istanbul/2018/scores/RS012;;;;;;;;;;;;;;;;;;;;;;;;;;;;
22/53;21/58;37/58;31/53;58/94;53/102;25/49;25/36;11/36;24/49;3;0;7/12;7/14;7/14;5/12;8;5;16;15;15;16;95/196;101/196;47/102;46/94;48/94;55/102;6/20;4/19;15/19;14/20;19/37;20/42;11/22;12/18;6/18;11/22;2;0;2/3;2/4;2/4;1/3;4;3;6;6;6;6;38/79;41/79;17/42;16/37;21/37;25/42;7/14;7/22;15/22;7/14;22/32;14/31;10/17;8/10;2/10;7/17;0;0;3/5;2/6;4/6;2/5;4;1;5;5;5;5;34/63;29/63;17/31;15/32;17/32;14/31;0;4;1.85;1.7;32.92;31.08;Right-Handed;Right-Handed;https://wtatennis.com/tournament/1027/istanbul/2018/scores/LS022;9/19;10/17;7/17;10/19;17/25;19/29;4/10;5/8;3/8;6/10;1.0;0.0;2/4;3/4;1/4;2/4;0.0;1.0;5.0;4.0;4.0;5.0;23/54;31/54;13/29;15/25;10/25;16/29
19/50;18/40;22/40;31/50;40/74;50/68;12/18;22/34;12/34;6/18;1;0;3/10;6/16;10/16;7/10;4;6;9;9;9;9;65/142;77/142;31/68;40/74;34/74;37/68;11/23;7/16;9/16;12/23;16/30;23/34;6/11;11/14;3/14;5/11;1;0;2/5;4/6;2/6;3/5;1;2;4;5;5;4;29/64;35/64;17/34;18/30;12/30;17/34;8/27;11/24;13/24;19/27;24/44;27/34;6/7;11/20;9/20;1/7;0;0;1/5;2/10;8/10;4/5;3;4;5;4;4;5;36/78;42/78;14/34;22/44;22/44;20/34;1;4;1.72;1.74;31.42;37.92;Right-Handed;Right-Handed;https://wtatennis.com/tournament/1027/istanbul/2018/scores/LS031;;;;;;;;;;;;;;;;;;;;;;;;;;;;
9/22;8/29;21/29;13/22;29/50;22/46;15/24;8/21;13/21;9/24;1;3;5/6;1/1;0/1;1/6;2;5;8;8;8;8;58/96;38/96;24/46;16/50;34/50;22/46;5/8;7/21;14/21;3/8;21/30;8/20;7/12;5/9;4/9;5/12;1;1;3/3;1/1;0/1;0/3;2;2;4;4;4;4;30/50;20/50;12/20;12/30;18/30;8/20;4/14;1/8;7/8;10/14;8/20;14/26;8/12;3/12;9/12;4/12;0;2;2/3;0/0;0/0;1/3;0;3;4;4;4;4;28/46;18/46;12/26;4/20;16/20;14/26;2;1;1.77;1.75;32.92;28.58;Right-Handed;Right-Handed;https://wtatennis.com/tournament/1027/istanbul/2018/scores/LS016;;;;;;;;;;;;;;;;;;;;;;;;;;;;
15/37;9/39;30/39;22/37;39/66;37/60;13/23;16/27;11/27;10/23;4;0;5/7;2/9;7/9;2/7;5;3;10;10;10;10;69/126;57/126;28/60;25/66;41/66;32/60;9/20;4/20;16/20;11/20;20/35;20/35;7/15;11/15;4/15;8/15;3;0;3/4;2/4;2/4;1/4;1;2;6;6;6;6;36/70;34/70;16/35;15/35;20/35;19/35;6/17;5/19;14/19;11/17;19/31;17/25;6/8;5/12;7/12;2/8;1;0;2/3;0/5;5/5;1/3;4;1;4;4;4;4;33/56;23/56;12/25;10/31;21/31;13/25;2;0;1.72;1.72;27.83;33.67;Right-Handed;Right-Handed;https://wtatennis.com/tournament/1027/istanbul/2018/scores/LS025;;;;;;;;;;;;;;;;;;;;;;;;;;;;
7/36;12/37;25/37;29/36;37/65;36/61;12/25;17/28;11/28;13/25;3;3;1/8;4/13;9/13;7/8;9;5;10;10;10;10;55/126;71/126;19/61;29/65;36/65;42/61;2/15;8/18;10/18;13/15;18/29;15/28;7/13;7/11;4/11;6/13;1;1;0/4;2/7;5/7;4/4;5;4;4;4;4;4;23/57;34/57;9/28;15/29;14/29;19/28;5/21;4/19;15/19;16/21;19/36;21/33;5/12;10/17;7/17;7/12;2;2;1/4;2/6;4/6;3/4;4;1;6;6;6;6;32/69;37/69;10/33;14/36;22/36;23/33;2;1;1.82;1.85;25.08;32.42;Right-Handed;Right-Handed;https://wtatennis.com/tournament/1027/istanbul/2018/scores/LS028;;;;;;;;;;;;;;;;;;;;;;;;;;;;
3/17;9/17;8/17;14/17;17/30;17/35;9/18;8/13;5/13;9/18;1;1;0/2;3/4;1/4;2/2;1;4;5;4;4;5;25/65;40/65;12/35;17/30;13/30;23/35;3/15;7/13;6/13;12/15;13/22;15/30;8/15;5/9;4/9;7/15;1;1;0/2;2/2;0/2;2/2;0;4;4;3;3;4;21/52;31/52;11/30;12/22;10/22;19/30;0/2;2/4;2/4;2/2;4/8;2/5;1/3;3/4;1/4;2/3;0;0;0/0;1/2;1/2;0/0;1;0;1;1;1;1;4/13;9/13;1/5;5/8;3/8;4/5;0;1;1.73;1.79;34.25;26.92;Right-Handed;Right-Handed;https://wtatennis.com/tournament/1027/istanbul/2018/scores/LS020;;;;;;;;;;;;;;;;;;;;;;;;;;;;
24/43;10/30;20/30;19/43;30/48;43/64;12/21;9/18;9/18;9/21;1;2;6/10;2/4;2/4;4/10;2;5;9;8;8;9;65/112;47/112;36/64;19/48;29/48;28/64;12/23;6/16;10/16;11/23;16/27;23/34;8/11;5/11;6/11;3/11;0;1;3/7;1/2;1/2;4/7;2;3;4;4;4;4;36/61;25/61;20/34;11/27;16/27;14/34;12/20;4/14;10/14;8/20;14/21;20/30;4/10;4/7;3/7;6/10;1;1;3/3;1/2;1/2;0/3;0;2;5;4;4;5;29/51;22/51;16/30;8/21;13/21;14/30;1;1;1.8;1.77;32.5;34.42;Left-Handed;Right-Handed;https://wtatennis.com/tournament/1027/istanbul/2018/scores/LS027;;;;;;;;;;;;;;;;;;;;;;;;;;;;
17/39;10/36;26/36;22/39;36/63;39/81;23/42;13/27;14/27;19/42;2;1;4/11;1/6;5/6;7/11;5;7;9;9;9;9;80/144;64/144;40/81;23/63;40/63;41/81;11/22;6/24;18/24;11/22;24/41;22/46;10/24;9/17;8/17;14/24;0;1;1/6;0/4;4/4;5/6;3;4;4;5;5;4;47/87;40/87;21/46;15/41;26/41;25/46;6/17;4/12;8/12;11/17;12/22;17/35;13/18;4/10;6/10;5/18;2;0;3/5;1/2;1/2;2/5;2;3;5;4;4;5;33/57;24/57;19/35;8/22;14/22;16/35;1;1;1.69;1.75;28.58;24.5;Right-Handed;Right-Handed;https://wtatennis.com/tournament/1027/istanbul/2018/scores/LS026;;;;;;;;;;;;;;;;;;;;;;;;;;;;
15/35;16/28;12/28;20/35;28/60;35/47;6/12;21/32;11/32;6/12;0;2;3/7;7/15;8/15;4/7;4;1;8;8;8;8;44/107;63/107;21/47;37/60;23/60;26/47;7/15;8/13;5/13;8/15;13/25;15/20;3/5;9/12;3/12;2/5;0;1;2/3;4/7;3/7;1/3;1;1;4;4;4;4;18/45;27/45;10/20;17/25;8/25;10/20;8/20;8/15;7/15;12/20;15/35;20/27;3/7;12/20;8/20;4/7;0;1;1/4;3/8;5/8;3/4;3;0;4;4;4;4;26/62;36/62;11/27;20/35;15/35;16/27;0;2;1.7;1.75;26.92;37.33;Right-Handed;Right-Handed;https://wtatennis.com/tournament/1027/istanbul/2018/scores/LS018;;;;;;;;;;;;;;;;;;;;;;;;;;;;
16/33;15/43;28/43;17/33;43/74;33/63;17/30;18/31;13/31;13/30;2;4;6/10;3/10;7/10;4/10;3;0;10;9;9;10;74/137;63/137;33/63;33/74;41/74;30/63;2/8;6/11;5/11;6/8;11/20;8/15;1/7;7/9;2/9;6/7;1;2;0/0;3/4;1/4;0/0;1;0;3;3;3;3;10/35;25/35;3/15;13/20;7/20;12/15;8/17;7/25;18/25;9/17;25/38;17/30;9/13;9/13;4/13;4/13;0;1;3/6;0/6;6/6;3/6;1;0;4;3;3;4;39/68;29/68;17/30;16/38;22/38;13/30;4;2;1.63;1.76;28.42;33.17;Right-Handed;Right-Handed;https://wtatennis.com/tournament/1027/istanbul/2018/scores/LS019;6/8;2/7;5/7;2/8;7/16;8/18;7/10;2/9;7/9;3/10;1.0;1.0;3/4;0/0;0/0;1/4;1.0;0.0;3.0;3.0;3.0;3.0;25/34;9/34;13/18;4/16;12/16;5/18
35/50;35/60;25/60;15/50;60/77;50/62;9/12;11/17;6/17;3/12;0;0;10/15;8/14;6/14;5/15;1;5;11;11;11;11;75/139;64/139;44/62;46/77;31/77;18/62;19/28;20/35;15/35;9/28;35/43;28/35;4/7;4/8;4/8;3/7;0;0;5/8;4/8;4/8;3/8;0;2;6;6;6;6;42/78;36/78;23/35;24/43;19/43;12/35;16/22;15/25;10/25;6/22;25/34;22/27;5/5;7/9;2/9;0/5;0;0;5/7;4/6;2/6;2/7;1;3;5;5;5;5;33/61;28/61;21/27;22/34;12/34;6/27;1;2;1.7;;28.25;29.92;Right-Handed;;https://wtatennis.com/tournament/1027/istanbul/2018/scores/LS030;;;;;;;;;;;;;;;;;;;;;;;;;;;;
12/40;24/46;22/46;28/40;46/69;40/68;16/28;15/23;8/23;12/28;0;0;2/6;6/11;5/11;4/6;2;3;9;9;9;9;58/137;79/137;28/68;39/69;30/69;40/68;7/29;18/35;17/35;22/29;35/50;29/48;14/19;8/15;7/15;5/19;0;0;2/6;3/7;4/7;4/6;1;2;6;6;6;6;45/98;53/98;21/48;26/50;24/50;27/48;5/11;6/11;5/11;6/11;11/19;11/20;2/9;7/8;1/8;7/9;0;0;0/0;3/4;1/4;0/0;1;1;3;3;3;3;13/39;26/39;7/20;13/19;6/19;13/20;0;2;1.7;1.81;32.17;32.75;Right-Handed;Right-Handed;https://wtatennis.com/tournament/1027/istanbul/2018/scores/LS023;;;;;;;;;;;;;;;;;;;;;;;;;;;;
32/61;19/45;26/45;29/61;45/83;61/89;15/28;20/38;18/38;13/28;2;0;7/13;5/16;11/16;6/13;2;5;13;12;12;13;91/172;81/172;47/89;39/83;44/83;42/89;5/11;6/20;14/20;6/11;20/28;11/20;5/9;3/8;5/8;4/9;2;0;2/2;0/4;4/4;0/2;0;2;4;4;4;4;29/48;19/48;10/20;9/28;19/28;10/20;12/26;8/14;6/14;14/26;14/30;26/38;5/12;10/16;6/16;7/12;0;0;1/3;3/6;3/6;2/3;1;1;4;4;4;4;29/68;39/68;17/38;18/30;12/30;21/38;3;1;1.75;1.63;37.33;28.42;Right-Handed;Right-Handed;https://wtatennis.com/tournament/1027/istanbul/2018/scores/LS009;15/24;5/11;6/11;9/24;11/25;24/31;5/7;7/14;7/14;2/7;0.0;0.0;4/8;2/6;4/6;4/8;1.0;2.0;5.0;4.0;4.0;5.0;33/56;23/56;20/31;12/25;13/25;11/31
36/77;28/56;28/56;41/77;56/96;77/102;15/25;26/40;14/40;10/25;1;2;7/16;10/18;8/18;9/16;6;5;14;15;15;14;93/198;105/198;51/102;54/96;42/96;51/102;13/34;11/25;14/25;21/34;25/42;34/45;7/11;9/17;8/17;4/11;1;0;2/7;3/6;3/6;5/7;0;2;6;6;6;6;42/87;45/87;20/45;20/42;22/42;25/45;16/26;6/16;10/16;10/26;16/29;26/34;5/8;11/13;2/13;3/8;0;1;4/6;3/5;2/5;2/6;3;2;5;5;5;5;33/63;30/63;21/34;17/29;12/29;13/34;0;1;1.7;1.74;28.25;37.92;Right-Handed;Right-Handed;https://wtatennis.com/tournament/1027/istanbul/2018/scores/LS015;7/17;11/15;4/15;10/17;15/25;17/23;3/6;6/10;4/10;3/6;0.0;1.0;1/3;4/7;3/7;2/3;3.0;1.0;3.0;4.0;4.0;3.0;18/48;30/48;10/23;17/25;8/25;13/23
27/58;18/36;18/36;31/58;36/62;58/68;8/10;18/26;8/26;2/10;0;1;5/8;7/12;5/12;3/8;5;4;10;10;10;10;61/130;69/130;35/68;36/62;26/62;33/68;15/27;10/18;8/18;12/27;18/33;27/31;3/4;10/15;5/15;1/4;0;1;3/4;4/8;4/8;1/4;2;1;5;5;5;5;31/64;33/64;18/31;20/33;13/33;13/31;12/31;8/18;10/18;19/31;18/29;31/37;5/6;8/11;3/11;1/6;0;0;2/4;3/4;1/4;2/4;3;3;5;5;5;5;30/66;36/66;17/37;16/29;13/29;20/37;1;3;1.7;1.81;31.08;32.75;Right-Handed;Right-Handed;https://wtatennis.com/tournament/1027/istanbul/2018/scores/LS011;;;;;;;;;;;;;;;;;;;;;;;;;;;;
16/59;27/62;35/62;43/59;62/99;59/101;26/42;22/37;15/37;16/42;1;4;3/15;6/17;11/17;12/15;3;10;13;13;13;13;92/200;108/200;42/101;49/99;50/99;59/101;9/25;11/26;15/26;16/25;26/35;25/43;11/18;3/9;6/9;7/18;0;1;2/12;1/4;3/4;10/12;1;3;5;5;5;5;41/78;37/78;20/43;14/35;21/35;23/43;5/24;12/28;16/28;19/24;28/45;24/39;11/15;9/17;8/17;4/15;1;2;1/3;2/9;7/9;2/3;2;4;5;5;5;5;40/84;44/84;16/39;21/45;24/45;23/39;0;1;1.78;1.75;23.92;36.83;Left-Handed;Right-Handed;https://wtatennis.com/tournament/1027/istanbul/2018/scores/LS029;2/10;4/8;4/8;8/10;8/19;10/19;4/9;10/11;1/11;5/9;0.0;1.0;0/0;3/4;1/4;0/0;0.0;3.0;3.0;3.0;3.0;3.0;11/38;27/38;6/19;14/19;5/19;13/19
13/28;14/32;18/32;15/28;32/58;28/54;19/26;14/26;12/26;7/26;3;0;7/13;4/6;2/6;6/13;3;3;9;9;9;9;62/112;50/112;32/54;28/58;30/58;22/54;5/11;4/16;12/16;6/11;16/30;11/24;9/13;10/14;4/14;4/13;2;0;3/5;2/3;1/3;2/5;2;2;4;5;5;4;30/54;24/54;14/24;14/30;16/30;10/24;8/17;10/16;6/16;9/17;16/28;17/30;10/13;4/12;8/12;3/13;1;0;4/8;2/3;1/3;4/8;1;1;5;4;4;5;32/58;26/58;18/30;14/28;14/28;12/30;3;1;1.8;1.73;30.08;29.17;Right-Handed;Right-Handed;https://wtatennis.com/tournament/1027/istanbul/2018/scores/LS021;;;;;;;;;;;;;;;;;;;;;;;;;;;;
13/41;23/57;34/57;28/41;57/77;41/68;10/27;10/20;10/20;17/27;2;3;2/6;3/9;6/9;4/6;2;2;12;12;12;12;67/145;78/145;23/68;33/77;44/77;45/68;6/10;2/12;10/12;4/10;12/26;10/15;3/5;6/14;8/14;2/5;1;0;2/2;0/1;1/1;0/2;1;2;3;4;4;3;27/41;14/41;9/15;8/26;18/26;6/15;3/12;7/11;4/11;9/12;11/13;12/22;3/10;2/2;0/2;7/10;0;1;0/0;2/2;0/2;0/0;1;0;4;3;3;4;10/35;25/35;6/22;9/13;4/13;16/22;0;2;1.8;1.63;35.0;30.25;Left-Handed;Right-Handed;https://wtatennis.com/tournament/1027/istanbul/2018/scores/LS024;4/19;14/34;20/34;15/19;34/38;19/31;4/12;2/4;2/4;8/12;1.0;2.0;0/4;1/6;5/6;4/4;0.0;0.0;5.0;5.0;5.0;5.0;30/69;39/69;8/31;16/38;22/38;23/31
26/50;18/45;27/45;24/50;45/53;50/75;15/25;6/8;2/8;10/25;0;2;7/13;4/6;2/6;6/13;1;1;10;9;9;10;70/128;58/128;41/75;24/53;29/53;34/75;21/37;8/18;10/18;16/37;18/21;37/50;7/13;2/3;1/3;6/13;0;2;4/8;2/2;0/2;4/8;0;0;5;4;4;5;39/71;32/71;28/50;10/21;11/21;22/50;5/13;10/27;17/27;8/13;27/32;13/25;8/12;4/5;1/5;4/12;0;0;3/5;2/4;2/4;2/5;1;1;5;5;5;5;31/57;26/57;13/25;14/32;18/32;12/25;5;0;1.64;1.65;36.08;37.42;Right-Handed;Right-Handed;https://wtatennis.com/tournament/1027/istanbul/2018/scores/LS017;;;;;;;;;;;;;;;;;;;;;;;;;;;;
15/33;3/22;19/22;18/33;22/46;33/56;15/23;9/24;15/24;8/23;0;2;4/10;0/1;1/1;6/10;1;3;7;8;8;7;64/102;38/102;30/56;12/46;34/46;26/56;8/17;1/11;10/11;9/17;11/22;17/26;6/9;5/11;6/11;3/9;0;2;2/7;0/0;0/0;5/7;0;1;3;4;4;3;30/48;18/48;14/26;6/22;16/22;12/26;7/16;2/11;9/11;9/16;11/24;16/30;9/14;4/13;9/13;5/14;0;0;2/3;0/1;1/1;1/3;1;2;4;4;4;4;34/54;20/54;16/30;6/24;18/24;14/30;2;0;1.79;1.8;26.92;30.08;Right-Handed;Right-Handed;https://wtatennis.com/tournament/1027/istanbul/2018/scores/LS010;;;;;;;;;;;;;;;;;;;;;;;;;;;;
38/83;25/65;40/65;45/83;65/103;83/103;12/20;19/38;19/38;8/20;4;1;7/11;5/14;9/14;4/11;4;3;15;15;15;15;109/206;97/206;50/103;44/103;59/103;53/103;14/36;15/31;16/31;22/36;31/52;36/43;5/7;11/21;10/21;2/7;3;0;2/3;3/12;9/12;1/3;2;2;6;6;6;6;45/95;50/95;19/43;26/52;26/52;24/43;10/22;7/20;13/20;12/22;20/28;22/29;4/7;2/8;6/8;3/7;1;1;2/4;1/1;0/1;2/4;0;1;4;5;5;4;33/57;24/57;14/29;9/28;19/28;15/29;4;1;1.77;1.64;32.92;36.08;Right-Handed;Right-Handed;https://wtatennis.com/tournament/1027/istanbul/2018/scores/LS008;14/25;3/14;11/14;11/25;14/23;25/31;3/6;6/9;3/9;3/6;0.0;0.0;3/4;1/1;0/1;1/4;2.0;0.0;5.0;4.0;4.0;5.0;31/54;23/54;17/31;9/23;14/23;14/31
12/22;3/15;12/15;10/22;15/25;22/40;7/18;2/10;8/10;11/18;1;0;2/5;0/0;0/0;3/5;1;2;5;5;5;5;39/65;26/65;19/40;5/25;20/25;21/40;10/19;3/13;10/13;9/19;13/21;19/34;7/15;2/8;6/8;8/15;1;0;2/5;0/0;0/0;3/5;1;2;4;4;4;4;33/55;22/55;17/34;5/21;16/21;17/34;2/3;0/2;2/2;1/3;2/4;3/6;0/3;0/2;2/2;3/3;0;0;0/0;0/0;0/0;0/0;0;0;1;1;1;1;6/10;4/10;2/6;0/4;4/4;4/6;1;1;1.85;1.75;32.42;36.83;Right-Handed;Right-Handed;https://wtatennis.com/tournament/1027/istanbul/2018/scores/LS014;;;;;;;;;;;;;;;;;;;;;;;;;;;;
5/30;20/40;20/40;25/30;40/51;30/46;6/16;6/11;5/11;10/16;0;5;0/3;4/5;1/5;3/3;1;2;8;8;8;8;36/97;61/97;11/46;26/51;25/51;35/46;4/22;9/21;12/21;18/22;21/28;22/32;5/10;3/7;4/7;5/10;0;4;0/3;1/2;1/2;3/3;0;1;5;4;4;5;25/60;35/60;9/32;12/28;16/28;23/32;1/8;11/19;8/19;7/8;19/23;8/14;1/6;3/4;1/4;5/6;0;1;0/0;3/3;0/3;0/0;1;1;3;4;4;3;11/37;26/37;2/14;14/23;9/23;12/14;0;3;1.63;1.72;30.25;27.83;Right-Handed;Right-Handed;https://wtatennis.com/tournament/1027/istanbul/2018/scores/LS012;;;;;;;;;;;;;;;;;;;;;;;;;;;;
17/44;11/34;23/34;27/44;34/68;44/72;11/28;20/34;14/34;17/28;3;1;2/4;5/8;3/8;2/4;8;2;11;11;11;11;65/140;75/140;28/72;31/68;37/68;44/72;10/16;3/11;8/11;6/16;11/23;16/26;4/10;2/12;10/12;6/10;2;0;2/3;0/2;2/2;1/3;1;1;4;4;4;4;32/49;17/49;14/26;5/23;18/23;12/26;2/13;3/14;11/14;11/13;14/25;13/21;3/8;10/11;1/11;5/8;1;0;0/0;2/2;0/2;0/0;3;0;4;4;4;4;17/46;29/46;5/21;13/25;12/25;16/21;1;2;1.69;1.8;28.58;32.5;Right-Handed;Left-Handed;https://wtatennis.com/tournament/1027/istanbul/2018/scores/LS013;5/15;5/9;4/9;10/15;9/20;15/25;4/10;8/11;3/11;6/10;0.0;1.0;0/1;3/4;1/4;1/1;4.0;1.0;3.0;3.0;3.0;3.0;16/45;29/45;9/25;13/20;7/20;16/25
19/54;20/53;33/53;35/54;53/96;54/75;12/21;27/43;16/43;9/21;3;0;5/7;7/10;3/10;2/7;14;1;13;15;15;13;80/171;91/171;31/75;47/96;49/96;44/75;5/14;5/17;12/17;9/14;17/34;14/21;5/7;8/17;9/17;2/7;1;0;2/2;1/3;2/3;0/2;3;0;4;5;5;4;31/55;24/55;10/21;13/34;21/34;11/21;12/29;9/22;13/22;17/29;22/38;29/38;5/9;12/16;4/16;4/9;2;0;3/5;3/4;1/4;2/5;6;1;6;6;6;6;34/76;42/76;17/38;21/38;17/38;21/38;0;4;1.79;1.81;26.92;32.75;Right-Handed;Right-Handed;https://wtatennis.com/tournament/1027/istanbul/2018/scores/LS005;2/11;6/14;8/14;9/11;14/24;11/16;2/5;7/10;3/10;3/5;0.0;0.0;0/0;3/3;0/3;0/0;5.0;0.0;3.0;4.0;4.0;3.0;15/40;25/40;4/16;13/24;11/24;12/16
15/38;20/42;22/42;23/38;42/56;38/62;15/24;7/14;7/14;9/24;0;2;4/9;5/6;1/6;5/9;2;5;9;10;10;9;59/118;59/118;30/62;27/56;29/56;32/62;8/18;9/22;13/22;10/18;22/30;18/32;9/14;4/8;4/8;5/14;0;2;3/5;2/3;1/3;2/5;1;2;5;5;5;5;34/62;28/62;17/32;13/30;17/30;15/32;7/20;11/20;9/20;13/20;20/26;20/30;6/10;3/6;3/6;4/10;0;0;1/4;3/3;0/3;3/4;1;3;4;5;5;4;25/56;31/56;13/30;14/26;12/26;17/30;4;1;1.77;1.75;32.92;37.33;Right-Handed;Right-Handed;https://wtatennis.com/tournament/1027/istanbul/2018/scores/LS004;0/0;0/0;0/0;0/0;0/0;0/0;0/0;0/0;0/0;0/0;0.0;0.0;0/0;0/0;0/0;0/0;0.0;0.0;0.0;0.0;0.0;0.0;0/0;0/0;0/0;0/0;0/0;0/0
30/65;17/49;32/49;35/65;49/88;65/92;16/27;23/39;16/39;11/27;3;0;6/14;5/11;6/11;8/14;4;7;13;13;13;13;94/180;86/180;46/92;40/88;48/88;46/92;14/27;4/18;14/18;13/27;18/30;27/37;6/10;6/12;6/12;4/10;2;0;2/8;0/2;2/2;6/8;1;3;3;4;4;3;40/67;27/67;20/37;10/30;20/30;17/37;5/16;7/13;6/13;11/16;13/21;16/26;6/10;7/8;1/8;4/10;0;0;1/3;3/5;2/5;2/3;0;2;4;3;3;4;18/47;29/47;11/26;14/21;7/21;15/26;1;3;1.85;1.74;32.42;37.92;Right-Handed;Right-Handed;https://wtatennis.com/tournament/1027/istanbul/2018/scores/LS007;11/22;6/18;12/18;11/22;18/37;22/29;4/7;10/19;9/19;3/7;1.0;0.0;3/3;2/4;2/4;0/3;3.0;2.0;6.0;6.0;6.0;6.0;36/66;30/66;15/29;16/37;21/37;14/29
13/38;10/41;31/41;25/38;41/68;38/64;13/26;12/27;15/27;13/26;4;1;3/3;2/4;2/4;0/3;3;2;10;11;11;10;72/132;60/132;26/64;22/68;46/68;38/64;5/14;7/23;16/23;9/14;23/32;14/23;4/9;2/9;7/9;5/9;3;0;1/1;0/2;2/2;0/1;0;2;4;5;5;4;32/55;23/55;9/23;9/32;23/32;14/23;8/24;3/18;15/18;16/24;18/36;24/41;9/17;10/18;8/18;8/17;1;1;2/2;2/2;0/2;0/2;3;0;6;6;6;6;40/77;37/77;17/41;13/36;23/36;24/41;5;0;1.72;1.8;27.83;32.5;Right-Handed;Left-Handed;https://wtatennis.com/tournament/1027/istanbul/2018/scores/LS006;;;;;;;;;;;;;;;;;;;;;;;;;;;;
24/49;11/35;24/35;25/49;35/59;49/72;15/23;15/24;9/24;8/23;0;0;6/11;3/6;3/6;5/11;4;2;10;9;9;10;72/131;59/131;39/72;26/59;33/59;33/72;15/22;6/16;10/16;7/22;16/27;22/34;6/12;8/11;3/11;6/12;0;0;4/6;2/2;0/2;2/6;2;0;5;4;4;5;34/61;27/61;21/34;14/27;13/27;13/34;9/27;5/19;14/19;18/27;19/32;27/38;9/11;7/13;6/13;2/11;0;0;2/5;1/4;3/4;3/5;2;2;5;5;5;5;38/70;32/70;18/38;12/32;20/32;20/38;4;3;1.75;1.81;37.33;32.75;Right-Handed;Right-Handed;https://wtatennis.com/tournament/1027/istanbul/2018/scores/LS002;;;;;;;;;;;;;;;;;;;;;;;;;;;;
10/41;14/29;15/29;31/41;29/59;41/63;11/22;11/30;19/30;11/22;1;5;0/4;3/8;5/8;4/4;4;2;9;9;9;9;55/122;67/122;21/63;25/59;34/59;42/63;7/23;7/15;8/15;16/23;15/34;23/35;5/12;6/19;13/19;7/12;1;2;0/1;1/2;1/2;1/1;1;2;5;5;5;5;33/69;36/69;12/35;13/34;21/34;23/35;3/18;7/14;7/14;15/18;14/25;18/28;6/10;5/11;6/11;4/10;0;3;0/3;2/6;4/6;3/3;3;0;4;4;4;4;22/53;31/53;9/28;12/25;13/25;19/28;1;1;1.72;1.85;27.83;32.42;Right-Handed;Right-Handed;https://wtatennis.com/tournament/1027/istanbul/2018/scores/LS003;;;;;;;;;;;;;;;;;;;;;;;;;;;;
24/47;17/43;26/43;23/47;43/83;47/76;13/29;22/40;18/40;16/29;0;1;7/12;6/11;5/11;5/12;2;1;14;14;14;14;81/159;78/159;37/76;39/83;44/83;39/76;9/16;4/11;7/11;7/16;11/24;16/24;4/8;6/13;7/13;4/8;0;0;3/4;2/3;1/3;1/4;1;1;5;5;5;5;27/48;21/48;13/24;10/24;14/24;11/24;9/21;7/16;9/16;12/21;16/26;21/30;2/9;6/10;4/10;7/9;0;0;1/3;2/5;3/5;2/3;0;0;5;4;4;5;24/56;32/56;11/30;13/26;13/26;19/30;1;3;1.75;1.85;37.33;32.42;Right-Handed;Right-Handed;https://wtatennis.com/tournament/1027/istanbul/2018/scores/LS001;6/10;6/16;10/16;4/10;16/33;10/22;7/12;10/17;7/17;5/12;0.0;1.0;3/5;2/3;1/3;2/5;1.0;0.0;4.0;5.0;5.0;4.0;30/55;25/55;13/22;16/33;17/33;9/22
