match_1st Return Points Won_player_1;match_1st Return Points Won_player_2;match_1st Serve Points Won_player_1;match_1st Serve Points Won_player_2;match_1st Serve_player_1;match_1st Serve_player_2;match_2nd Return Points Won_player_1;match_2nd Return Points Won_player_2;match_2nd Serve Points Won_player_1;match_2nd Serve Points Won_player_2;match_Aces_player_1;match_Aces_player_2;match_Break Points Converted_player_1;match_Break Points Converted_player_2;match_Break Points Saved_player_1;match_Break Points Saved_player_2;match_Double Faults_player_1;match_Double Faults_player_2;match_Return Games Played_player_1;match_Return Games Played_player_2;match_Service Games Played_player_1;match_Service Games Played_player_2;match_Total Points Won_player_1;match_Total Points Won_player_2;match_Total Return Points Won_player_1;match_Total Return Points Won_player_2;match_Total Service Points Won_player_1;match_Total Service Points Won_player_2;set1_1st Return Points Won_player_1;set1_1st Return Points Won_player_2;set1_1st Serve Points Won_player_1;set1_1st Serve Points Won_player_2;set1_1st Serve_player_1;set1_1st Serve_player_2;set1_2nd Return Points Won_player_1;set1_2nd Return Points Won_player_2;set1_2nd Serve Points Won_player_1;set1_2nd Serve Points Won_player_2;set1_Aces_player_1;set1_Aces_player_2;set1_Break Points Converted_player_1;set1_Break Points Converted_player_2;set1_Break Points Saved_player_1;set1_Break Points Saved_player_2;set1_Double Faults_player_1;set1_Double Faults_player_2;set1_Return Games Played_player_1;set1_Return Games Played_player_2;set1_Service Games Played_player_1;set1_Service Games Played_player_2;set1_Total Points Won_player_1;set1_Total Points Won_player_2;set1_Total Return Points Won_player_1;set1_Total Return Points Won_player_2;set1_Total Service Points Won_player_1;set1_Total Service Points Won_player_2;set2_1st Return Points Won_player_1;set2_1st Return Points Won_player_2;set2_1st Serve Points Won_player_1;set2_1st Serve Points Won_player_2;set2_1st Serve_player_1;set2_1st Serve_player_2;set2_2nd Return Points Won_player_1;set2_2nd Return Points Won_player_2;set2_2nd Serve Points Won_player_1;set2_2nd Serve Points Won_player_2;set2_Aces_player_1;set2_Aces_player_2;set2_Break Points Converted_player_1;set2_Break Points Converted_player_2;set2_Break Points Saved_player_1;set2_Break Points Saved_player_2;set2_Double Faults_player_1;set2_Double Faults_player_2;set2_Return Games Played_player_1;set2_Return Games Played_player_2;set2_Service Games Played_player_1;set2_Service Games Played_player_2;set2_Total Points Won_player_1;set2_Total Points Won_player_2;set2_Total Return Points Won_player_1;set2_Total Return Points Won_player_2;set2_Total Service Points Won_player_1;set2_Total Service Points Won_player_2;h2h_wins_player_1;h2h_wins_player_2;Height_player_1;Height_player_2;Date of Birth_player_1;Date of Birth_player_2;Plays_player_1;Plays_player_2;url_match_stats;set3_1st Return Points Won_player_1;set3_1st Return Points Won_player_2;set3_1st Serve Points Won_player_1;set3_1st Serve Points Won_player_2;set3_1st Serve_player_1;set3_1st Serve_player_2;set3_2nd Return Points Won_player_1;set3_2nd Return Points Won_player_2;set3_2nd Serve Points Won_player_1;set3_2nd Serve Points Won_player_2;set3_Aces_player_1;set3_Aces_player_2;set3_Break Points Converted_player_1;set3_Break Points Converted_player_2;set3_Break Points Saved_player_1;set3_Break Points Saved_player_2;set3_Double Faults_player_1;set3_Double Faults_player_2;set3_Return Games Played_player_1;set3_Return Games Played_player_2;set3_Service Games Played_player_1;set3_Service Games Played_player_2;set3_Total Points Won_player_1;set3_Total Points Won_player_2;set3_Total Return Points Won_player_1;set3_Total Return Points Won_player_2;set3_Total Service Points Won_player_1;set3_Total Service Points Won_player_2
15/31;13/47;34/47;16/31;47/61;31/45;7/14;8/14;6/14;7/14;3;0;4/6;1/4;3/4;2/6;3;0;8;9;9;8;62/106;44/106;22/45;21/61;40/61;23/45;4/12;3/18;15/18;8/12;18/26;12/19;2/7;3/8;5/8;5/7;1;0;1/1;0/0;0/0;0/1;0;0;4;5;5;4;26/45;19/45;6/19;6/26;20/26;13/19;11/19;10/29;19/29;8/19;29/35;19/26;5/7;5/6;1/6;2/7;2.0;0.0;3/5;1/4;3/4;2/5;3.0;0.0;4.0;4.0;4.0;4.0;36/61;25/61;16/26;15/35;20/35;10/26;1;0;1.78;;31.17;31.08;Right-Handed;;https://wtatennis.com/tournament/1056/tokyo/2018/scores/RS024;;;;;;;;;;;;;;;;;;;;;;;;;;;;
21/38;10/40;30/40;17/38;40/57;38/53;12/15;14/17;3/17;3/15;0;0;6/10;1/6;5/6;4/10;5;2;7;7;7;7;66/110;44/110;33/53;24/57;33/57;20/53;11/26;5/20;15/20;15/26;20/32;26/38;10/12;10/12;2/12;2/12;0;0;3/6;1/3;2/3;3/6;4;2;4;4;4;4;38/70;32/70;21/38;15/32;17/32;17/38;10/12;5/20;15/20;2/12;20/25;12/15;2/3;4/5;1/5;1/3;0.0;0.0;3/4;0/3;3/3;1/4;1.0;0.0;3.0;3.0;3.0;3.0;28/40;12/40;12/15;9/25;16/25;3/15;1;0;;1.73;25.08;31.17;Left-Handed;Right-Handed;https://wtatennis.com/tournament/1056/tokyo/2018/scores/RS023;;;;;;;;;;;;;;;;;;;;;;;;;;;;
22/44;8/31;23/31;22/44;31/67;44/75;13/31;18/36;18/36;18/31;4;2;5/10;3/6;3/6;5/10;8;2;11;10;10;11;76/142;66/142;35/75;26/67;41/67;40/75;16/35;6/22;16/22;19/35;22/43;35/51;7/16;10/21;11/21;9/16;2;2;2/6;2/5;3/5;4/6;5;2;6;6;6;6;50/94;44/94;23/51;16/43;27/43;28/51;6/9;2/9;7/9;3/9;9/24;9/24;6/15;8/15;7/15;9/15;2.0;0.0;3/4;1/1;0/1;1/4;3.0;0.0;5.0;4.0;4.0;5.0;26/48;22/48;12/24;10/24;14/24;12/24;1;0;1.71;;31.33;24.83;Right-Handed;;https://wtatennis.com/tournament/1056/tokyo/2018/scores/RS018;;;;;;;;;;;;;;;;;;;;;;;;;;;;
17/47;19/53;34/53;30/47;53/87;47/65;10/18;15/34;19/34;8/18;7;4;3/8;1/11;10/11;5/8;5;1;10;10;10;10;80/152;72/152;27/65;34/87;53/87;38/65;10/24;11/27;16/27;14/24;27/46;24/33;6/9;8/19;11/19;3/9;3;1;2/6;1/7;6/7;4/6;2;1;5;5;5;5;43/79;36/79;16/33;19/46;27/46;17/33;7/23;8/26;18/26;16/23;26/41;23/32;4/9;7/15;8/15;5/9;4.0;3.0;1/2;0/4;4/4;1/2;3.0;0.0;5.0;5.0;5.0;5.0;37/73;36/73;11/32;15/41;26/41;21/32;1;0;1.75;1.67;32.92;32.33;Right-Handed;Right-Handed;https://wtatennis.com/tournament/1056/tokyo/2018/scores/RS020;;;;;;;;;;;;;;;;;;;;;;;;;;;;
14/42;17/52;35/52;28/42;52/83;42/76;21/34;14/31;17/31;13/34;6;1;3/16;1/10;9/10;13/16;2;3;9;10;10;9;87/159;72/159;35/76;31/83;52/83;41/76;7/26;9/26;17/26;19/26;26/42;26/45;14/19;8/16;8/16;5/19;2;1;2/10;1/6;5/6;8/10;1;2;5;5;5;5;46/87;41/87;21/45;17/42;25/42;24/45;7/16;8/26;18/26;9/16;26/41;16/31;7/15;6/15;9/15;8/15;4.0;0.0;1/6;0/4;4/4;5/6;1.0;1.0;4.0;5.0;5.0;4.0;41/72;31/72;14/31;14/41;27/41;17/31;3;0;1.72;;29.67;31.58;Right-Handed;;https://wtatennis.com/tournament/1056/tokyo/2018/scores/RS016;;;;;;;;;;;;;;;;;;;;;;;;;;;;
4/23;16/25;9/25;19/23;25/43;23/30;2/7;12/18;6/18;5/7;0;2;0/0;6/14;8/14;0/0;2;0;6;6;6;6;21/73;52/73;6/30;28/43;15/43;24/30;3/12;8/12;4/12;9/12;12/20;12/16;1/4;5/8;3/8;3/4;0;1;0/0;3/8;5/8;0/0;1;0;3;3;3;3;11/36;25/36;4/16;13/20;7/20;12/16;1/11;8/13;5/13;10/11;13/23;11/14;1/3;7/10;3/10;2/3;0.0;1.0;0/0;3/6;3/6;0/0;1.0;0.0;3.0;3.0;3.0;3.0;10/37;27/37;2/14;15/23;8/23;12/14;1;4;;1.63;34.5;28.5;;Right-Handed;https://wtatennis.com/tournament/1056/tokyo/2018/scores/RS019;;;;;;;;;;;;;;;;;;;;;;;;;;;;
8/27;17/37;20/37;19/27;37/54;27/45;8/18;16/17;1/17;10/18;1;0;1/1;6/13;7/13;0/1;5;2;7;7;7;7;37/99;62/99;16/45;33/54;21/54;29/45;3/12;8/19;11/19;9/12;19/28;12/19;3/7;9/9;0/9;4/7;0;0;0/0;3/8;5/8;0/0;4;1;3;3;3;3;17/47;30/47;6/19;17/28;11/28;13/19;5/15;9/18;9/18;10/15;18/26;15/26;5/11;7/8;1/8;6/11;1.0;0.0;1/1;3/5;2/5;0/1;1.0;1.0;4.0;4.0;4.0;4.0;20/52;32/52;10/26;16/26;10/26;16/26;0;1;;1.59;28.67;32.08;;Left-Handed;https://wtatennis.com/tournament/1056/tokyo/2018/scores/RS027;;;;;;;;;;;;;;;;;;;;;;;;;;;;
23/50;19/36;17/36;27/50;36/60;50/76;14/26;18/24;6/24;12/26;0;0;4/16;7/10;3/10;12/16;9;3;9;8;8;9;60/136;76/136;37/76;37/60;23/60;39/76;8/25;8/11;3/11;17/25;11/18;25/35;7/10;5/7;2/7;3/10;0;0;1/8;3/3;0/3;7/8;3;2;4;3;3;4;20/53;33/53;15/35;13/18;5/18;20/35;15/25;11/25;14/25;10/25;25/42;25/41;7/16;13/17;4/17;9/16;0.0;0.0;3/8;4/7;3/7;5/8;6.0;1.0;5.0;5.0;5.0;5.0;40/83;43/83;22/41;24/42;18/42;19/41;0;3;1.64;;23.75;25.17;Right-Handed;;https://wtatennis.com/tournament/1056/tokyo/2018/scores/RS021;;;;;;;;;;;;;;;;;;;;;;;;;;;;
11/36;17/44;27/44;25/36;44/70;36/53;4/17;18/26;8/26;13/17;1;0;0/3;4/9;5/9;3/3;5;1;8;9;9;8;50/123;73/123;15/53;35/70;35/70;38/53;8/22;11/26;15/26;14/22;26/38;22/33;4/11;8/12;4/12;7/11;1;0;0/3;2/4;2/4;3/3;1;1;4;5;5;4;31/71;40/71;12/33;19/38;19/38;21/33;3/14;6/18;12/18;11/14;18/32;14/20;0/6;10/14;4/14;6/6;0.0;0.0;0/0;2/5;3/5;0/0;4.0;0.0;4.0;4.0;4.0;4.0;19/52;33/52;3/20;16/32;16/32;17/20;0;3;1.68;;26.58;32.0;Right-Handed;Right-Handed;https://wtatennis.com/tournament/1056/tokyo/2018/scores/RS026;;;;;;;;;;;;;;;;;;;;;;;;;;;;
13/59;19/56;37/56;46/59;56/86;59/87;18/28;15/30;15/30;10/28;4;4;2/5;4/10;6/10;3/5;2;3;14;14;14;14;83/173;90/173;31/87;34/86;52/86;56/87;3/16;8/21;13/21;13/16;21/30;16/22;3/6;5/9;4/9;3/6;2;2;0/0;2/5;3/5;0/0;1;0;4;5;5;4;23/52;29/52;6/22;13/30;17/30;16/22;7/18;6/22;16/22;11/18;22/30;18/29;7/11;5/8;3/8;4/11;1.0;1.0;2/3;1/4;3/4;1/3;1.0;1.0;5.0;5.0;5.0;5.0;33/59;26/59;14/29;11/30;19/30;15/29;1;1;;1.85;27.17;26.83;;Right-Handed;https://wtatennis.com/tournament/1056/tokyo/2018/scores/RS025;3/25;5/13;8/13;22/25;13/26;25/36;8/11;5/13;8/13;3/11;1.0;1.0;0/2;1/1;0/1;2/2;0.0;2.0;5.0;4.0;4.0;5.0;27/62;35/62;11/36;10/26;16/26;25/36
27/61;15/46;31/46;34/61;46/75;61/92;15/31;12/29;17/29;16/31;0;0;5/15;3/5;2/5;10/15;1;3;14;13;13;14;90/167;77/167;42/92;27/75;48/75;50/92;9/14;2/10;8/10;5/14;10/15;14/22;5/8;1/5;4/5;3/8;0;0;3/6;0/0;0/0;3/6;0;1;4;3;3;4;26/37;11/37;14/22;3/15;12/15;8/22;5/17;6/14;8/14;12/17;14/25;17/26;3/9;6/11;5/11;6/9;0.0;0.0;0/3;2/4;2/4;3/3;0.0;0.0;4.0;4.0;4.0;4.0;21/51;30/51;8/26;12/25;13/25;18/26;1;0;1.78;;29.25;25.08;Right-Handed;Left-Handed;https://wtatennis.com/tournament/1056/tokyo/2018/scores/RS011;13/30;7/22;15/22;17/30;22/35;30/44;7/14;5/13;8/13;7/14;0.0;0.0;2/6;1/1;0/1;4/6;1.0;2.0;6.0;6.0;6.0;6.0;43/79;36/79;20/44;12/35;23/35;24/44
17/34;12/41;29/41;17/34;41/58;34/53;13/19;11/17;6/17;6/19;6;3;6/9;2/7;5/7;3/9;2;6;9;8;8;9;65/111;46/111;30/53;23/58;35/58;23/53;10/22;11/31;20/31;12/22;31/38;22/31;6/9;5/7;2/7;3/9;3;2;3/3;1/6;5/6;0/3;1;4;5;4;4;5;38/69;31/69;16/31;16/38;22/38;15/31;7/12;1/10;9/10;5/12;10/20;12/22;7/10;6/10;4/10;3/10;3.0;1.0;3/6;1/1;0/1;3/6;1.0;2.0;4.0;4.0;4.0;4.0;27/42;15/42;14/22;7/20;13/20;8/22;1;0;1.78;1.85;31.17;26.83;Right-Handed;Right-Handed;https://wtatennis.com/tournament/1056/tokyo/2018/scores/RS012;;;;;;;;;;;;;;;;;;;;;;;;;;;;
20/65;15/49;34/49;45/65;49/100;65/103;15/38;26/51;25/51;23/38;8;5;1/6;4/9;5/9;5/6;5;2;15;14;14;15;94/203;109/203;35/103;41/100;59/100;68/103;3/14;9/18;9/18;11/14;18/31;14/23;4/9;6/13;7/13;5/9;2;1;0/0;2/5;3/5;0/0;1;1;4;4;4;4;23/54;31/54;7/23;15/31;16/31;16/23;10/30;3/19;16/19;20/30;19/46;30/50;10/20;13/27;14/27;10/20;5.0;3.0;1/4;1/3;2/3;3/4;2.0;1.0;6.0;6.0;6.0;6.0;50/96;46/96;20/50;16/46;30/46;30/50;4;4;1.71;1.63;31.33;28.5;Right-Handed;Right-Handed;https://wtatennis.com/tournament/1056/tokyo/2018/scores/RS009;7/21;3/12;9/12;14/21;12/23;21/30;1/9;7/11;4/11;8/9;1.0;1.0;0/2;1/1;0/1;2/2;2.0;0.0;5.0;4.0;4.0;5.0;21/53;32/53;8/30;10/23;13/23;22/30
28/48;12/37;25/37;20/48;37/61;48/68;10/20;12/24;12/24;10/20;3;0;6/15;2/9;7/9;9/15;5;3;9;8;8;9;75/129;54/129;38/68;24/61;37/61;30/68;12/21;5/15;10/15;9/21;15/28;21/32;5/11;6/13;7/13;6/11;1;0;3/7;1/4;3/4;4/7;3;2;5;4;4;5;34/60;26/60;17/32;11/28;17/28;15/32;16/27;7/22;15/22;11/27;22/33;27/36;5/9;6/11;5/11;4/9;2.0;0.0;3/8;1/5;4/5;5/8;2.0;1.0;4.0;4.0;4.0;4.0;41/69;28/69;21/36;13/33;20/33;15/36;1;0;1.75;;32.92;25.17;Right-Handed;;https://wtatennis.com/tournament/1056/tokyo/2018/scores/RS010;;;;;;;;;;;;;;;;;;;;;;;;;;;;
12/47;19/42;23/42;35/47;42/72;47/85;21/38;14/30;16/30;17/38;1;6;3/16;5/6;1/6;13/16;4;2;12;12;12;12;72/157;85/157;33/85;33/72;39/72;52/85;7/27;9/18;9/18;20/27;18/31;27/48;13/21;6/13;7/13;8/21;1;3;2/10;3/4;1/4;8/10;2;2;6;6;6;6;36/79;43/79;20/48;15/31;16/31;28/48;5/20;10/24;14/24;15/20;24/41;20/37;8/17;8/17;9/17;9/17;0.0;3.0;1/6;2/2;0/2;5/6;2.0;0.0;6.0;6.0;6.0;6.0;36/78;42/78;13/37;18/41;23/41;24/37;0;2;;1.59;32.0;32.08;Right-Handed;Left-Handed;https://wtatennis.com/tournament/1056/tokyo/2018/scores/RS013;;;;;;;;;;;;;;;;;;;;;;;;;;;;
20/30;7/20;13/20;10/30;20/34;30/38;6/8;2/14;12/14;2/8;0;0;6/7;1/1;0/1;1/7;2;2;6;7;7;6;51/72;21/72;26/38;9/34;25/34;12/38;10/18;4/9;5/9;8/18;9/18;18/22;4/4;1/9;8/9;0/4;0;0;3/4;1/1;0/1;1/4;1;1;3;4;4;3;27/40;13/40;14/22;5/18;13/18;8/22;10/12;3/11;8/11;2/12;11/16;12/16;2/4;1/5;4/5;2/4;0.0;0.0;3/3;0/0;0/0;0/3;1.0;1.0;3.0;3.0;3.0;3.0;24/32;8/32;12/16;4/16;12/16;4/16;2;0;1.72;1.63;29.67;29.17;Right-Handed;Right-Handed;https://wtatennis.com/tournament/1056/tokyo/2018/scores/RS008;;;;;;;;;;;;;;;;;;;;;;;;;;;;
20/50;7/40;33/40;30/50;40/62;50/76;14/26;14/22;8/22;12/26;6;2;3/14;1/2;1/2;11/14;8;5;9;10;10;9;75/138;63/138;34/76;21/62;41/62;42/76;7/16;5/21;16/21;9/16;21/31;16/26;6/10;7/10;3/10;4/10;1;1;2/5;1/2;1/2;3/5;4;2;4;5;5;4;32/57;25/57;13/26;12/31;19/31;13/26;13/34;2/19;17/19;21/34;19/31;34/50;8/16;7/12;5/12;8/16;5.0;1.0;1/9;0/0;0/0;8/9;4.0;3.0;5.0;5.0;5.0;5.0;43/81;38/81;21/50;9/31;22/31;29/50;3;0;1.76;1.74;31.92;29.25;Right-Handed;Right-Handed;https://wtatennis.com/tournament/1056/tokyo/2018/scores/LS030;;;;;;;;;;;;;;;;;;;;;;;;;;;;
17/60;24/63;39/63;43/60;63/95;60/96;19/36;17/32;15/32;17/36;6;1;2/5;5/11;6/11;3/5;1;4;14;14;14;14;90/191;101/191;36/96;41/95;54/95;60/96;5/18;8/15;7/15;13/18;15/24;18/28;3/10;5/9;4/9;7/10;1;0;0/1;2/3;1/3;1/1;0;1;4;3;3;4;19/52;33/52;8/28;13/24;11/24;20/28;9/26;9/28;19/28;17/26;28/40;26/44;11/18;5/12;7/12;7/18;3.0;0.0;2/4;1/3;2/3;2/4;0.0;2.0;6.0;6.0;6.0;6.0;46/84;38/84;20/44;14/40;26/40;24/44;0;1;1.63;1.61;28.5;34.08;Right-Handed;Right-Handed;https://wtatennis.com/tournament/1056/tokyo/2018/scores/LS021;3/16;7/20;13/20;13/16;20/31;16/24;5/8;7/11;4/11;3/8;2.0;1.0;0/0;2/5;3/5;0/0;1.0;1.0;4.0;5.0;5.0;4.0;25/55;30/55;8/24;14/31;17/31;16/24
3/24;16/39;23/39;21/24;39/61;24/40;8/16;16/22;6/22;8/16;2;6;0/0;5/11;6/11;0/0;1;6;7;8;8;7;40/101;61/101;11/40;32/61;29/61;29/40;1/12;4/14;10/14;11/12;14/23;12/21;4/9;7/9;2/9;5/9;2;3;0/0;2/3;1/3;0/0;1;2;4;4;4;4;17/44;27/44;5/21;11/23;12/23;16/21;2/12;12/25;13/25;10/12;25/38;12/19;4/7;9/13;4/13;3/7;0.0;3.0;0/0;3/8;5/8;0/0;0.0;4.0;3.0;4.0;4.0;3.0;23/57;34/57;6/19;21/38;17/38;13/19;0;1;1.59;1.68;32.08;31.42;Left-Handed;Right-Handed;https://wtatennis.com/tournament/1056/tokyo/2018/scores/LS017;;;;;;;;;;;;;;;;;;;;;;;;;;;;
19/39;14/42;28/42;20/39;42/55;39/61;12/22;8/13;5/13;10/22;3;2;5/7;2/4;2/4;2/7;2;4;9;9;9;9;64/116;52/116;31/61;22/55;33/55;30/61;6/14;4/20;16/20;8/14;20/27;14/25;8/11;6/7;1/7;3/11;2;1;3/4;1/3;2/3;1/4;1;4;4;4;4;4;31/52;21/52;14/25;10/27;17/27;11/25;13/25;10/22;12/22;12/25;22/28;25/36;4/11;2/6;4/6;7/11;1.0;1.0;2/3;1/1;0/1;1/3;1.0;0.0;5.0;5.0;5.0;5.0;33/64;31/64;17/36;12/28;16/28;19/36;1;3;1.82;1.75;29.67;26.25;Right-Handed;Right-Handed;https://wtatennis.com/tournament/1056/tokyo/2018/scores/LS024;;;;;;;;;;;;;;;;;;;;;;;;;;;;
34/95;16/60;44/60;61/95;60/109;95/141;28/46;29/49;20/49;18/46;7;1;7/21;5/10;5/10;14/21;6;12;17;16;16;17;126/250;124/250;62/141;45/109;64/109;79/141;10/31;7/19;12/19;21/31;19/36;31/48;11/17;10/17;7/17;6/17;4;0;3/7;3/3;0/3;4/7;2;3;6;6;6;6;40/84;44/84;21/48;17/36;19/36;27/48;8/20;2/12;10/12;12/20;12/21;20/30;6/10;3/9;6/9;4/10;0.0;1.0;2/5;0/0;0/0;3/5;0.0;4.0;5.0;4.0;4.0;5.0;30/51;21/51;14/30;5/21;16/21;16/30;0;3;1.84;1.66;31.25;29.25;Left-Handed;Right-Handed;https://wtatennis.com/tournament/1056/tokyo/2018/scores/LS026;16/44;7/29;22/29;28/44;29/52;44/63;11/19;16/23;7/23;8/19;3.0;0.0;2/9;2/7;5/7;7/9;4.0;5.0;6.0;6.0;6.0;6.0;56/115;59/115;27/63;23/52;29/52;36/63
22/63;10/44;34/44;41/63;44/92;63/92;18/29;33/48;15/48;11/29;3;3;3/7;5/10;5/10;4/7;14;0;10;11;11;10;89/184;95/184;40/92;43/92;49/92;52/92;7/24;3/18;15/18;17/24;18/43;24/32;5/8;17/25;8/25;3/8;2;1;0/1;2/3;1/3;1/1;7;0;4;5;5;4;35/75;40/75;12/32;20/43;23/43;20/32;15/39;7/26;19/26;24/39;26/49;39/60;13/21;16/23;7/23;8/21;1.0;2.0;3/6;3/7;4/7;3/6;7.0;0.0;6.0;6.0;6.0;6.0;54/109;55/109;28/60;23/49;26/49;32/60;0;5;1.84;1.74;30.08;27.42;Right-Handed;Right-Handed;https://wtatennis.com/tournament/1056/tokyo/2018/scores/LS022;;;;;;;;;;;;;;;;;;;;;;;;;;;;
29/62;23/60;37/60;33/62;60/73;62/89;16/27;9/13;4/13;11/27;0;0;6/21;4/11;7/11;15/21;3;1;11;11;11;11;86/162;76/162;45/89;32/73;41/73;44/89;10/23;8/26;18/26;13/23;26/31;23/33;5/10;3/5;2/5;5/10;0;0;2/7;1/3;2/3;5/7;0;0;5;5;5;5;35/64;29/64;15/33;11/31;20/31;18/33;19/39;15/34;19/34;20/39;34/42;39/56;11/17;6/8;2/8;6/17;0.0;0.0;4/14;3/8;5/8;10/14;3.0;1.0;6.0;6.0;6.0;6.0;51/98;47/98;30/56;21/42;21/42;26/56;1;0;1.83;1.55;33.83;31.42;Right-Handed;Right-Handed;https://wtatennis.com/tournament/1056/tokyo/2018/scores/LS018;;;;;;;;;;;;;;;;;;;;;;;;;;;;
8/28;21/47;26/47;20/28;47/69;28/54;13/26;15/22;7/22;13/26;1;4;3/7;5/11;6/11;4/7;2;3;10;10;10;10;54/123;69/123;21/54;36/69;33/69;33/54;4/16;12/31;19/31;12/16;31/44;16/28;6/12;9/13;4/13;6/12;1;1;1/4;2/7;5/7;3/4;2;0;5;5;5;5;33/72;39/72;10/28;21/44;23/44;18/28;4/12;9/16;7/16;8/12;16/25;12/26;7/14;6/9;3/9;7/14;0.0;3.0;2/3;3/4;1/4;1/3;0.0;3.0;5.0;5.0;5.0;5.0;21/51;30/51;11/26;15/25;10/25;15/26;1;2;1.7;1.79;30.25;26.92;Right-Handed;Right-Handed;https://wtatennis.com/tournament/1056/tokyo/2018/scores/LS028;;;;;;;;;;;;;;;;;;;;;;;;;;;;
1/24;16/31;15/31;23/24;31/63;24/37;7/13;19/32;13/32;6/13;4;7;0/0;5/12;7/12;0/0;3;3;7;7;7;7;36/100;64/100;8/37;35/63;28/63;29/37;0/11;8/19;11/19;11/11;19/38;11/21;5/10;11/19;8/19;5/10;1;3;0/0;2/3;1/3;0/0;1;2;4;4;4;4;24/59;35/59;5/21;19/38;19/38;16/21;1/13;8/12;4/12;12/13;12/25;13/16;2/3;8/13;5/13;1/3;3.0;4.0;0/0;3/9;6/9;0/0;2.0;1.0;3.0;3.0;3.0;3.0;12/41;29/41;3/16;16/25;9/25;13/16;0;3;1.78;1.8;31.17;32.08;Right-Handed;Right-Handed;https://wtatennis.com/tournament/1056/tokyo/2018/scores/LS029;;;;;;;;;;;;;;;;;;;;;;;;;;;;
12/44;22/52;30/52;32/44;52/79;44/60;6/16;13/27;14/27;10/16;3;5;1/3;3/6;3/6;2/3;4;2;10;10;10;10;62/139;77/139;18/60;35/79;44/79;42/60;10/23;12/26;14/26;13/23;26/40;23/36;4/13;7/14;7/14;9/13;1;0;1/3;2/5;3/5;2/3;4;2;5;5;5;5;35/76;41/76;14/36;19/40;21/40;22/36;2/21;10/26;16/26;19/21;26/39;21/24;2/3;6/13;7/13;1/3;2.0;5.0;0/0;1/1;0/1;0/0;0.0;0.0;5.0;5.0;5.0;5.0;27/63;36/63;4/24;16/39;23/39;20/24;1;2;1.72;1.64;29.67;37.17;Right-Handed;Right-Handed;https://wtatennis.com/tournament/1056/tokyo/2018/scores/LS023;;;;;;;;;;;;;;;;;;;;;;;;;;;;
7/32;14/41;27/41;25/32;41/64;32/53;8/21;13/23;10/23;13/21;3;0;1/1;3/8;5/8;0/1;5;2;10;10;10;10;52/117;65/117;15/53;27/64;37/64;38/53;3/21;9/24;15/24;18/21;24/37;21/27;4/6;6/13;7/13;2/6;1;0;0/0;1/5;4/5;0/0;2;1;5;5;5;5;29/64;35/64;7/27;15/37;22/37;20/27;4/11;5/17;12/17;7/11;17/27;11/26;4/15;7/10;3/10;11/15;2.0;0.0;1/1;2/3;1/3;0/1;3.0;1.0;5.0;5.0;5.0;5.0;23/53;30/53;8/26;12/27;15/27;18/26;5;2;1.78;1.75;29.25;32.92;Right-Handed;Right-Handed;https://wtatennis.com/tournament/1056/tokyo/2018/scores/LS025;;;;;;;;;;;;;;;;;;;;;;;;;;;;
15/60;13/46;33/46;45/60;46/90;60/98;20/38;23/44;21/44;18/38;8;4;3/9;4/10;6/10;6/9;6;5;16;15;15;16;89/188;99/188;35/98;36/90;54/90;63/98;4/18;3/16;13/16;14/18;16/30;18/30;6/12;6/14;8/14;6/12;4;2;1/2;0/2;2/2;1/2;2;2;5;5;5;5;31/60;29/60;10/30;9/30;21/30;20/30;4/16;5/14;9/14;12/16;14/25;16/31;7/15;7/11;4/11;8/15;1.0;1.0;1/5;2/4;2/4;4/5;3.0;1.0;5.0;4.0;4.0;5.0;24/56;32/56;11/31;12/25;13/25;20/31;1;1;1.85;1.66;31.5;27.08;Right-Handed;Right-Handed;https://wtatennis.com/tournament/1056/tokyo/2018/scores/LS019;7/26;5/16;11/16;19/26;16/35;26/37;7/11;10/19;9/19;4/11;3.0;1.0;1/2;2/4;2/4;1/2;1.0;2.0;6.0;6.0;6.0;6.0;34/72;38/72;14/37;15/35;20/35;23/37
14/32;3/21;18/21;18/32;21/35;32/49;12/17;4/14;10/14;5/17;10;0;5/9;0/0;0/0;4/9;0;5;8;7;7;8;54/84;30/84;26/49;7/35;28/35;23/49;10/19;3/15;12/15;9/19;15/21;19/28;4/9;2/6;4/6;5/9;8;0;2/6;0/0;0/0;4/6;0;2;4;4;4;4;30/49;19/49;14/28;5/21;16/21;14/28;4/13;0/6;6/6;9/13;6/14;13/21;8/8;2/8;6/8;0/8;2.0;0.0;3/3;0/0;0/0;0/3;0.0;3.0;4.0;3.0;3.0;4.0;24/35;11/35;12/21;2/14;12/14;9/21;4;0;1.8;1.61;25.67;34.08;Right-Handed;Right-Handed;https://wtatennis.com/tournament/1056/tokyo/2018/scores/LS010;;;;;;;;;;;;;;;;;;;;;;;;;;;;
4/21;14/28;14/28;17/21;28/49;21/36;6/15;15/21;6/21;9/15;4;3;1/1;6/7;1/7;0/1;3;1;7;8;8;7;30/85;55/85;10/36;29/49;20/49;26/36;2/11;7/13;6/13;9/11;13/23;11/16;2/5;7/10;3/10;3/5;2;1;0/0;3/3;0/3;0/0;0;0;3;4;4;3;13/39;26/39;4/16;14/23;9/23;12/16;2/10;7/15;8/15;8/10;15/26;10/20;4/10;8/11;3/11;6/10;2.0;2.0;1/1;3/4;1/4;0/1;3.0;1.0;4.0;4.0;4.0;4.0;17/46;29/46;6/20;15/26;11/26;14/20;2;3;1.82;1.75;29.67;32.92;Right-Handed;Right-Handed;https://wtatennis.com/tournament/1056/tokyo/2018/scores/LS012;;;;;;;;;;;;;;;;;;;;;;;;;;;;
20/63;20/67;47/67;43/63;67/103;63/98;20/35;19/36;17/36;15/35;9;10;4/11;4/14;10/14;7/11;7;5;15;15;15;15;104/201;97/201;40/98;39/103;64/103;58/98;2/13;7/21;14/21;11/13;21/33;13/27;8/14;8/12;4/12;6/14;2;4;1/2;2/5;3/5;1/2;3;1;5;5;5;5;28/60;32/60;10/27;15/33;18/33;17/27;8/21;0/11;11/11;13/21;11/17;21/32;8/11;1/6;5/6;3/11;3.0;1.0;2/6;0/0;0/0;4/6;0.0;1.0;4.0;4.0;4.0;4.0;32/49;17/49;16/32;1/17;16/17;16/32;4;2;1.76;1.77;31.92;29.67;Right-Handed;Right-Handed;https://wtatennis.com/tournament/1056/tokyo/2018/scores/LS015;10/29;13/35;22/35;19/29;35/53;29/39;4/10;10/18;8/18;6/10;4.0;5.0;1/3;2/9;7/9;2/3;4.0;3.0;6.0;6.0;6.0;6.0;44/92;48/92;14/39;23/53;30/53;25/39
20/57;29/78;49/78;37/57;78/109;57/85;16/28;19/31;12/31;12/28;0;4;4/6;5/18;13/18;2/6;10;4;15;15;15;15;97/194;97/194;36/85;48/109;61/109;49/85;8/15;10/27;17/27;7/15;27/38;15/27;8/12;8/11;3/11;4/12;0;1;3/4;2/5;3/5;1/4;5;2;5;5;5;5;36/65;29/65;16/27;18/38;20/38;11/27;7/22;5/22;17/22;15/22;22/31;22/27;0/5;6/9;3/9;5/5;0.0;1.0;0/0;1/2;1/2;0/0;4.0;0.0;5.0;5.0;5.0;5.0;27/58;31/58;7/27;11/31;20/31;20/27;0;4;1.66;1.86;29.25;31.25;Right-Handed;Right-Handed;https://wtatennis.com/tournament/1056/tokyo/2018/scores/LS013;5/20;14/29;15/29;15/20;29/40;20/31;8/11;5/11;6/11;3/11;0.0;2.0;1/2;2/11;9/11;1/2;1.0;2.0;5.0;5.0;5.0;5.0;34/71;37/71;13/31;19/40;21/40;18/31
17/45;15/56;41/56;28/45;56/93;45/77;11/32;24/37;13/37;21/32;6;4;3/6;4/16;12/16;3/6;5;2;13;13;13;13;82/170;88/170;28/77;39/93;54/93;49/77;3/11;3/13;10/13;8/11;13/31;11/24;4/13;12/18;6/18;9/13;1;1;0/0;2/5;3/5;0/0;3;0;4;4;4;4;23/55;32/55;7/24;15/31;16/31;17/24;10/19;7/26;19/26;9/19;26/37;19/27;3/8;7/11;4/11;5/8;3.0;1.0;2/5;0/9;9/9;3/5;0.0;2.0;4.0;4.0;4.0;4.0;36/64;28/64;13/27;14/37;23/37;14/27;3;3;1.77;1.68;32.92;31.42;Right-Handed;Right-Handed;https://wtatennis.com/tournament/1056/tokyo/2018/scores/LS008;4/15;5/17;12/17;11/15;17/25;15/26;4/11;5/8;3/8;7/11;2.0;2.0;1/1;2/2;0/2;0/1;2.0;0.0;5.0;5.0;5.0;5.0;23/51;28/51;8/26;10/25;15/25;18/26
17/34;9/27;18/27;17/34;27/65;34/62;15/28;15/38;23/38;13/28;3;2;5/6;2/4;2/4;1/6;7;2;11;10;10;11;73/127;54/127;32/62;24/65;41/65;30/62;7/18;1/5;4/5;11/18;5/24;18/30;7/12;6/19;13/19;5/12;1;1;2/2;0/0;0/0;0/2;3;1;5;4;4;5;31/54;23/54;14/30;7/24;17/24;16/30;10/16;8/22;14/22;6/16;22/41;16/32;8/16;9/19;10/19;8/16;2.0;1.0;3/4;2/4;2/4;1/4;4.0;1.0;6.0;6.0;6.0;6.0;42/73;31/73;18/32;17/41;24/41;14/32;3;4;1.79;1.8;26.92;32.08;Right-Handed;Right-Handed;https://wtatennis.com/tournament/1056/tokyo/2018/scores/LS014;;;;;;;;;;;;;;;;;;;;;;;;;;;;
11/27;15/38;23/38;16/27;38/54;27/57;18/30;6/16;10/16;12/30;2;3;5/7;2/4;2/4;2/7;1;5;9;9;9;9;62/111;49/111;29/57;21/54;33/54;28/57;6/18;10/24;14/24;12/18;24/35;18/35;10/17;5/11;6/11;7/17;1;3;2/3;1/2;1/2;1/3;1;0;5;5;5;5;36/70;34/70;16/35;15/35;20/35;19/35;5/9;5/14;9/14;4/9;14/19;9/22;8/13;1/5;4/5;5/13;1.0;0.0;3/4;1/2;1/2;1/4;0.0;5.0;4.0;4.0;4.0;4.0;26/41;15/41;13/22;6/19;13/19;9/22;1;3;1.83;1.66;33.83;27.08;Right-Handed;Right-Handed;https://wtatennis.com/tournament/1056/tokyo/2018/scores/LS009;;;;;;;;;;;;;;;;;;;;;;;;;;;;
27/75;39/96;57/96;48/75;96/140;75/117;24/42;24/44;20/44;18/42;3;2;6/11;6/25;19/25;5/11;5;7;16;17;17;16;128/257;129/257;51/117;63/140;77/140;66/117;11/29;13/28;15/28;18/29;28/45;29/50;13/21;10/17;7/17;8/21;2;0;3/5;3/9;6/9;2/5;2;5;6;6;6;6;46/95;49/95;24/50;23/45;22/45;26/50;8/20;7/25;18/25;12/20;25/36;20/28;6/8;6/11;5/11;2/8;0.0;1.0;2/4;1/5;4/5;2/4;1.0;2.0;4.0;5.0;5.0;4.0;37/64;27/64;14/28;13/36;23/36;14/28;1;2;1.74;1.64;27.42;37.17;Right-Handed;Right-Handed;https://wtatennis.com/tournament/1056/tokyo/2018/scores/LS011;8/26;19/43;24/43;18/26;43/59;26/39;5/13;8/16;8/16;8/13;1.0;1.0;1/2;2/11;9/11;1/2;2.0;0.0;6.0;6.0;6.0;6.0;45/98;53/98;13/39;27/59;32/59;26/39
4/9;3/12;9/12;5/9;12/20;9/18;6/9;3/8;5/8;3/9;0;0;2/2;1/1;0/1;0/2;2;0;4;4;4;4;24/38;14/38;10/18;6/20;14/20;8/18;4/9;3/12;9/12;5/9;12/20;9/18;6/9;3/8;5/8;3/9;0;0;2/2;1/1;0/1;0/2;2;0;4;4;4;4;24/38;14/38;10/18;6/20;14/20;8/18;;;;;;;;;;;;;;;;;;;;;;;;;;;;;2;2;1.68;1.83;31.42;33.83;Right-Handed;Right-Handed;https://wtatennis.com/tournament/1056/tokyo/2018/scores/LS004;;;;;;;;;;;;;;;;;;;;;;;;;;;;
9/31;7/35;28/35;22/31;35/68;31/51;12/20;17/33;16/33;8/20;6;2;3/3;1/3;2/3;0/3;0;4;9;10;10;9;65/119;54/119;21/51;24/68;44/68;30/51;5/15;4/16;12/16;10/15;16/34;15/21;5/6;9/18;9/18;1/6;2;2;2/2;1/2;1/2;0/2;0;1;4;5;5;4;31/55;24/55;10/21;13/34;21/34;11/21;4/16;3/19;16/19;12/16;19/34;16/30;7/14;8/15;7/15;7/14;4.0;0.0;1/1;0/1;1/1;0/1;0.0;3.0;5.0;5.0;5.0;5.0;34/64;30/64;11/30;11/34;23/34;19/30;2;1;1.8;1.64;25.67;37.17;Right-Handed;Right-Handed;https://wtatennis.com/tournament/1056/tokyo/2018/scores/LS005;;;;;;;;;;;;;;;;;;;;;;;;;;;;
12/31;6/27;21/27;19/31;27/50;31/55;16/24;13/23;10/23;8/24;1;3;5/9;2/4;2/4;4/9;6;5;10;9;9;10;59/105;46/105;28/55;19/50;31/50;27/55;7/14;4/14;10/14;7/14;14/24;14/24;8/10;5/10;5/10;2/10;0;1;3/4;1/3;2/3;1/4;3;1;5;4;4;5;30/48;18/48;15/24;9/24;15/24;9/24;5/17;2/13;11/13;12/17;13/26;17/31;8/14;8/13;5/13;6/14;1.0;2.0;2/5;1/1;0/1;3/5;3.0;4.0;5.0;5.0;5.0;5.0;29/57;28/57;13/31;10/26;16/26;18/31;6;4;1.79;1.77;26.92;29.67;Right-Handed;Right-Handed;https://wtatennis.com/tournament/1056/tokyo/2018/scores/LS007;;;;;;;;;;;;;;;;;;;;;;;;;;;;
28/80;25/67;42/67;52/80;67/105;80/121;19/41;21/38;17/38;22/41;5;10;4/7;6/9;3/9;3/7;8;6;16;15;15;16;106/226;120/226;47/121;46/105;59/105;74/121;5/14;9/15;6/15;9/14;15/25;14/25;5/11;7/10;3/10;6/11;0;1;1/1;3/5;2/5;0/1;3;3;4;3;3;4;19/50;31/50;10/25;16/25;9/25;15/25;12/32;9/29;20/29;20/32;29/38;32/48;6/16;4/9;5/9;10/16;4.0;6.0;1/3;1/1;0/1;2/3;1.0;1.0;6.0;6.0;6.0;6.0;43/86;43/86;18/48;13/38;25/38;30/48;1;8;1.75;1.86;32.92;31.25;Right-Handed;Right-Handed;https://wtatennis.com/tournament/1056/tokyo/2018/scores/LS006;11/34;7/23;16/23;23/34;23/42;34/48;8/14;10/19;9/19;6/14;1.0;3.0;2/3;2/3;1/3;1/3;4.0;2.0;6.0;6.0;6.0;6.0;44/90;46/90;19/48;17/42;25/42;29/48
6/28;11/34;23/34;22/28;34/64;28/42;2/14;19/30;11/30;12/14;5;9;0/0;4/7;3/7;0/0;8;0;8;9;9;8;42/106;64/106;8/42;30/64;34/64;34/42;2/11;8/17;9/17;9/11;17/28;11/18;0/7;6/11;5/11;7/7;1;4;0/0;2/2;0/2;0/0;2;0;4;4;4;4;16/46;30/46;2/18;14/28;14/28;16/18;4/17;3/17;14/17;13/17;17/36;17/24;2/7;13/19;6/19;5/7;4.0;5.0;0/0;2/5;3/5;0/0;6.0;0.0;4.0;5.0;5.0;4.0;26/60;34/60;6/24;16/36;20/36;18/24;0;2;1.68;1.8;31.42;25.67;Right-Handed;Right-Handed;https://wtatennis.com/tournament/1056/tokyo/2018/scores/LS002;;;;;;;;;;;;;;;;;;;;;;;;;;;;
20/53;20/71;51/71;33/53;71/99;53/88;20/35;20/28;8/28;15/35;11;6;6/11;3/10;7/10;5/11;7;3;14;13;13;14;99/187;88/187;40/88;40/99;59/99;48/88;8/17;1/15;14/15;9/17;15/24;17/22;3/5;5/9;4/9;2/5;7;2;2/2;0/1;1/1;0/2;0;1;4;4;4;4;29/46;17/46;11/22;6/24;18/24;11/22;8/22;9/24;15/24;14/22;24/34;22/37;9/15;9/10;1/10;6/15;3.0;2.0;2/4;3/6;3/6;2/4;6.0;1.0;5.0;5.0;5.0;5.0;33/71;38/71;17/37;18/34;16/34;20/37;7;2;1.86;1.79;31.25;26.92;Right-Handed;Right-Handed;https://wtatennis.com/tournament/1056/tokyo/2018/scores/LS003;4/14;10/32;22/32;10/14;32/41;14/29;8/15;6/9;3/9;7/15;1.0;2.0;2/5;0/3;3/3;3/5;1.0;1.0;5.0;4.0;4.0;5.0;37/70;33/70;12/29;16/41;25/41;17/29
9/42;11/39;28/39;33/42;39/52;42/52;3/10;6/13;7/13;7/10;7;6;0/0;2/2;0/2;0/0;2;0;10;10;10;10;47/104;57/104;12/52;17/52;35/52;40/52;7/23;4/19;15/19;16/23;19/26;23/29;2/6;4/7;3/7;4/6;5;2;0/0;1/1;0/1;0/0;1;0;5;5;5;5;27/55;28/55;9/29;8/26;18/26;20/29;2/19;7/20;13/20;17/19;20/26;19/23;1/4;2/6;4/6;3/4;2.0;4.0;0/0;1/1;0/1;0/0;1.0;0.0;5.0;5.0;5.0;5.0;20/49;29/49;3/23;9/26;17/26;20/23;2;3;1.8;1.86;25.67;31.25;Right-Handed;Right-Handed;https://wtatennis.com/tournament/1056/tokyo/2018/scores/LS001;;;;;;;;;;;;;;;;;;;;;;;;;;;;
15/28;6/25;19/25;13/28;25/44;28/43;8/15;5/19;14/19;7/15;2;0;5/7;0/2;2/2;2/7;3;1;7;7;7;7;56/87;31/87;23/43;11/44;33/44;20/43;5/9;2/10;8/10;4/9;10/19;9/18;4/9;1/9;8/9;5/9;0;0;2/2;0/0;0/0;0/2;1;0;3;4;4;3;25/37;12/37;9/18;3/19;16/19;9/18;10/19;4/15;11/15;9/19;15/25;19/25;4/6;4/10;6/10;2/6;2;0;3/5;0/2;2/2;2/5;2;1;4;3;3;4;31/50;19/50;14/25;8/25;17/25;11/25;1;0;1.78;1.74;29.5;22.0;Right-Handed;Right-Handed;https://wtatennis.com/tournament/1056/tokyo/2018/scores/RS022;;;;;;;;;;;;;;;;;;;;;;;;;;;;
22/43;29/64;35/64;21/43;64/83;43/69;21/26;12/19;7/19;5/26;1;2;8/13;6/8;2/8;5/13;8;7;10;10;10;10;85/152;67/152;43/69;41/83;42/83;26/69;8/14;7/20;13/20;6/14;20/29;14/22;6/8;5/9;4/9;2/8;1;0;3/4;1/1;0/1;1/4;4;3;4;4;4;4;31/51;20/51;14/22;12/29;17/29;8/22;14/29;22/44;22/44;15/29;44/54;29/47;15/18;7/10;3/10;3/18;0;2;5/9;5/7;2/7;4/9;4;4;6;6;6;6;54/101;47/101;29/47;29/54;25/54;18/47;1;0;1.63;1.83;29.42;32.17;Right-Handed;Right-Handed;https://wtatennis.com/tournament/1056/tokyo/2018/scores/RS017;;;;;;;;;;;;;;;;;;;;;;;;;;;;
