match_1st Return Points Won_player_1;match_1st Return Points Won_player_2;match_1st Serve Points Won_player_1;match_1st Serve Points Won_player_2;match_1st Serve_player_1;match_1st Serve_player_2;match_2nd Return Points Won_player_1;match_2nd Return Points Won_player_2;match_2nd Serve Points Won_player_1;match_2nd Serve Points Won_player_2;match_Aces_player_1;match_Aces_player_2;match_Break Points Converted_player_1;match_Break Points Converted_player_2;match_Break Points Saved_player_1;match_Break Points Saved_player_2;match_Double Faults_player_1;match_Double Faults_player_2;match_Return Games Played_player_1;match_Return Games Played_player_2;match_Service Games Played_player_1;match_Service Games Played_player_2;match_Total Points Won_player_1;match_Total Points Won_player_2;match_Total Return Points Won_player_1;match_Total Return Points Won_player_2;match_Total Service Points Won_player_1;match_Total Service Points Won_player_2;set1_1st Return Points Won_player_1;set1_1st Return Points Won_player_2;set1_1st Serve Points Won_player_1;set1_1st Serve Points Won_player_2;set1_1st Serve_player_1;set1_1st Serve_player_2;set1_2nd Return Points Won_player_1;set1_2nd Return Points Won_player_2;set1_2nd Serve Points Won_player_1;set1_2nd Serve Points Won_player_2;set1_Aces_player_1;set1_Aces_player_2;set1_Break Points Converted_player_1;set1_Break Points Converted_player_2;set1_Break Points Saved_player_1;set1_Break Points Saved_player_2;set1_Double Faults_player_1;set1_Double Faults_player_2;set1_Return Games Played_player_1;set1_Return Games Played_player_2;set1_Service Games Played_player_1;set1_Service Games Played_player_2;set1_Total Points Won_player_1;set1_Total Points Won_player_2;set1_Total Return Points Won_player_1;set1_Total Return Points Won_player_2;set1_Total Service Points Won_player_1;set1_Total Service Points Won_player_2;set2_1st Return Points Won_player_1;set2_1st Return Points Won_player_2;set2_1st Serve Points Won_player_1;set2_1st Serve Points Won_player_2;set2_1st Serve_player_1;set2_1st Serve_player_2;set2_2nd Return Points Won_player_1;set2_2nd Return Points Won_player_2;set2_2nd Serve Points Won_player_1;set2_2nd Serve Points Won_player_2;set2_Aces_player_1;set2_Aces_player_2;set2_Break Points Converted_player_1;set2_Break Points Converted_player_2;set2_Break Points Saved_player_1;set2_Break Points Saved_player_2;set2_Double Faults_player_1;set2_Double Faults_player_2;set2_Return Games Played_player_1;set2_Return Games Played_player_2;set2_Service Games Played_player_1;set2_Service Games Played_player_2;set2_Total Points Won_player_1;set2_Total Points Won_player_2;set2_Total Return Points Won_player_1;set2_Total Return Points Won_player_2;set2_Total Service Points Won_player_1;set2_Total Service Points Won_player_2;h2h_wins_player_1;h2h_wins_player_2;Height_player_1;Height_player_2;Date of Birth_player_1;Date of Birth_player_2;Plays_player_1;Plays_player_2;url_match_stats;set3_1st Return Points Won_player_1;set3_1st Return Points Won_player_2;set3_1st Serve Points Won_player_1;set3_1st Serve Points Won_player_2;set3_1st Serve_player_1;set3_1st Serve_player_2;set3_2nd Return Points Won_player_1;set3_2nd Return Points Won_player_2;set3_2nd Serve Points Won_player_1;set3_2nd Serve Points Won_player_2;set3_Aces_player_1;set3_Aces_player_2;set3_Break Points Converted_player_1;set3_Break Points Converted_player_2;set3_Break Points Saved_player_1;set3_Break Points Saved_player_2;set3_Double Faults_player_1;set3_Double Faults_player_2;set3_Return Games Played_player_1;set3_Return Games Played_player_2;set3_Service Games Played_player_1;set3_Service Games Played_player_2;set3_Total Points Won_player_1;set3_Total Points Won_player_2;set3_Total Return Points Won_player_1;set3_Total Return Points Won_player_2;set3_Total Service Points Won_player_1;set3_Total Service Points Won_player_2
10/35;15/41;26/41;25/35;41/70;35/58;12/23;20/29;9/29;11/23;1;1;2/6;5/14;9/14;4/6;3;3;9;9;9;9;57/128;71/128;22/58;35/70;35/70;36/58;3/18;4/16;12/16;15/18;16/27;18/26;5/8;8/11;3/11;3/8;0;1;0/2;2/4;2/4;2/2;1;0;4;4;4;4;23/53;30/53;8/26;12/27;15/27;18/26;7/17;11/25;14/25;10/17;25/43;17/32;7/15;12/18;6/18;8/15;1;0;2/4;3/10;7/10;2/4;2;3;5;5;5;5;34/75;41/75;14/32;23/43;20/43;18/32;1;1;;1.73;32.33;34.33;N/A;Right-Handed;https://wtatennis.com/tournament/1072/limoges-125/2018/scores/RS015;;;;;;;;;;;;;;;;;;;;;;;;;;;;
17/31;7/22;15/22;14/31;22/38;31/46;11/15;4/16;12/16;4/15;7;1;6/10;1/4;3/4;4/10;1;2;7;7;7;7;55/84;29/84;28/46;11/38;27/38;18/46;9/18;6/12;6/12;9/18;12/20;18/28;9/10;3/8;5/8;1/10;3;1;4/8;1/4;3/4;4/8;1;2;4;3;3;4;29/48;19/48;18/28;9/20;11/20;10/28;8/13;1/10;9/10;5/13;10/18;13/18;2/5;1/8;7/8;3/5;4;0;2/2;0/0;0/0;0/2;0;0;3;4;4;3;26/36;10/36;10/18;2/18;16/18;8/18;1;0;1.69;;28.83;27.17;Right-Handed;N/A;https://wtatennis.com/tournament/1072/limoges-125/2018/scores/RS014;;;;;;;;;;;;;;;;;;;;;;;;;;;;
11/31;24/41;17/41;20/31;41/69;31/63;15/32;15/28;13/28;17/32;0;4;2/6;6/12;6/12;4/6;2;6;8;8;8;8;56/132;76/132;26/63;39/69;30/69;37/63;2/12;10/17;7/17;10/12;17/32;12/23;6/11;9/15;6/15;5/11;0;1;0/1;3/6;3/6;1/1;1;3;3;3;3;3;21/55;34/55;8/23;19/32;13/32;15/23;9/19;14/24;10/24;10/19;24/37;19/40;9/21;6/13;7/13;12/21;0;3;2/5;3/6;3/6;3/5;1;3;5;5;5;5;35/77;42/77;18/40;20/37;17/37;22/40;0;1;;1.80;28.5;44.17;N/A;Right-Handed;https://wtatennis.com/tournament/1072/limoges-125/2018/scores/RS011;;;;;;;;;;;;;;;;;;;;;;;;;;;;
19/33;9/31;22/31;14/33;31/48;33/47;10/14;8/17;9/17;4/14;0;0;6/12;1/5;4/5;6/12;1;4;7;7;7;7;60/95;35/95;29/47;17/48;31/48;18/47;9/15;4/13;9/13;6/15;13/22;15/22;5/7;3/9;6/9;2/7;0;0;3/5;0/3;3/3;2/5;0;1;3;3;3;3;29/44;15/44;14/22;7/22;15/22;8/22;10/18;5/18;13/18;8/18;18/26;18/25;5/7;5/8;3/8;2/7;0;0;3/7;1/2;1/2;4/7;1;3;4;4;4;4;31/51;20/51;15/25;10/26;16/26;10/25;1;0;1.68;;30.0;27.75;Right-Handed;N/A;https://wtatennis.com/tournament/1072/limoges-125/2018/scores/RS010;;;;;;;;;;;;;;;;;;;;;;;;;;;;
13/30;11/41;30/41;17/30;41/64;30/61;17/31;8/23;15/23;14/31;3;3;5/10;1/4;3/4;5/10;1;1;11;11;11;11;75/125;50/125;30/61;19/64;45/64;31/61;4/7;3/14;11/14;3/7;14/23;7/17;5/10;2/9;7/9;5/10;0;1;2/4;0/2;2/2;2/4;0;1;3;4;4;3;27/40;13/40;9/17;5/23;18/23;8/17;5/18;6/16;10/16;13/18;16/22;18/31;4/13;2/6;4/6;9/13;0;2;0/3;1/1;0/1;3/3;0;0;5;4;4;5;23/53;30/53;9/31;8/22;14/22;22/31;1;1;1.69;;35.58;28.83;Right-Handed;Right-Handed;https://wtatennis.com/tournament/1072/limoges-125/2018/scores/RS008;4/5;2/11;9/11;1/5;11/19;5/13;8/8;4/8;4/8;0/8;3;0;3/3;0/1;1/1;0/3;1;0;3;3;3;3;25/32;7/32;12/13;6/19;13/19;1/13
14/46;13/38;25/38;32/46;38/55;46/68;12/22;12/17;5/17;10/22;1;5;1/2;4/8;4/8;1/2;2;3;9;9;9;9;56/123;67/123;26/68;25/55;30/55;42/68;10/27;7/25;18/25;17/27;25/34;27/38;5/11;8/9;1/9;6/11;1;2;1/1;2/5;3/5;0/1;1;0;5;5;5;5;34/72;38/72;15/38;15/34;19/34;23/38;4/19;6/13;7/13;15/19;13/21;19/30;7/11;4/8;4/8;4/11;0;3;0/1;2/3;1/3;1/1;1;3;4;4;4;4;22/51;29/51;11/30;10/21;11/21;19/30;0;3;;;20.5;28.58;N/A;N/A;https://wtatennis.com/tournament/1072/limoges-125/2018/scores/RS009;;;;;;;;;;;;;;;;;;;;;;;;;;;;
30/77;35/73;38/73;47/77;73/109;77/101;19/24;14/36;22/36;5/24;2;3;7/13;6/17;11/17;6/13;3;1;16;16;16;16;109/210;101/210;49/101;49/109;60/109;52/101;11/30;9/29;20/29;19/30;29/40;30/39;6/9;6/11;5/11;3/9;1;0;2/2;1/2;1/2;0/2;1;1;6;6;6;6;42/79;37/79;17/39;15/40;25/40;22/39;10/26;13/23;10/23;16/26;23/32;26/34;6/8;3/9;6/9;2/8;1;1;2/5;3/8;5/8;3/5;1;0;5;5;5;5;32/66;34/66;16/34;16/32;16/32;18/34;3;0;;1.79;39.67;34.25;Right-Handed;Right-Handed;https://wtatennis.com/tournament/1072/limoges-125/2018/scores/RS013;9/21;13/21;8/21;12/21;21/37;21/28;7/7;5/16;11/16;0/7;0;2;3/6;2/7;5/7;3/6;1;0;5;5;5;5;35/65;30/65;16/28;18/37;19/37;12/28
14/33;14/39;25/39;19/33;39/62;33/63;19/30;11/23;12/23;11/30;2;1;5/7;2/6;4/6;2/7;2;3;9;9;9;9;70/125;55/125;33/63;25/62;37/62;30/63;8/19;7/21;14/21;11/19;21/34;19/35;9/16;7/13;6/13;7/16;2;1;2/3;1/4;3/4;1/3;1;1;5;5;5;5;37/69;32/69;17/35;14/34;20/34;18/35;6/14;7/18;11/18;8/14;18/28;14/28;10/14;4/10;6/10;4/14;0;0;3/4;1/2;1/2;1/4;1;2;4;4;4;4;33/56;23/56;16/28;11/28;17/28;12/28;2;0;;;28.08;28.5;Right-Handed;Right-Handed;https://wtatennis.com/tournament/1072/limoges-125/2018/scores/RS012;;;;;;;;;;;;;;;;;;;;;;;;;;;;
21/52;26/63;37/63;31/52;63/98;52/68;9/16;23/35;12/35;7/16;5;0;6/9;7/16;9/16;3/9;3;0;12;13;13;12;79/166;87/166;30/68;49/98;49/98;38/68;8/14;5/16;11/16;6/14;16/21;14/20;5/6;2/5;3/5;1/6;2;0;3/6;0/1;1/1;3/6;1;0;3;3;3;3;27/41;14/41;13/20;7/21;14/21;7/20;0/12;10/20;10/20;12/12;20/33;12/12;0/0;9/13;4/13;0/0;1;0;0/0;3/7;4/7;0/0;0;0;3;4;4;3;14/45;31/45;0/12;19/33;14/33;12/12;1;3;1.69;1.73;28.83;34.33;Right-Handed;Right-Handed;https://wtatennis.com/tournament/1072/limoges-125/2018/scores/RS007;13/26;11/27;16/27;13/26;27/44;26/36;4/10;12/17;5/17;6/10;2;0;3/3;4/8;4/8;0/3;2;0;6;6;6;6;38/80;42/80;17/36;23/44;21/44;19/36
12/48;25/63;38/63;36/48;63/92;48/86;19/38;10/29;19/29;19/38;2;14;3/8;3/11;8/11;5/8;4;7;15;14;14;15;88/178;90/178;31/86;35/92;57/92;55/86;5/17;4/19;15/19;12/17;19/25;17/27;8/10;3/6;3/6;2/10;1;3;2/4;0/4;4/4;2/4;1;3;5;4;4;5;31/52;21/52;13/27;7/25;18/25;14/27;3/14;12/21;9/21;11/14;21/35;14/28;6/14;4/14;10/14;8/14;0;7;1/2;2/5;3/5;1/2;3;3;5;5;5;5;28/63;35/63;9/28;16/35;19/35;19/28;0;1;1.69;;35.58;28.58;Right-Handed;N/A;https://wtatennis.com/tournament/1072/limoges-125/2018/scores/RS004;4/17;9/23;14/23;13/17;23/32;17/31;5/14;3/9;6/9;9/14;1;4;0/2;1/2;1/2;2/2;0;1;5;5;5;5;29/63;34/63;9/31;12/32;20/32;22/31
23/59;30/66;36/66;36/59;66/101;59/100;28/41;18/35;17/35;13/41;2;7;7/14;6/14;8/14;7/14;4;8;13;13;13;13;104/201;97/201;51/100;48/101;53/101;49/100;9/24;14/26;12/26;15/24;26/43;24/42;12/18;6/17;11/17;6/18;0;2;3/3;3/3;0/3;0/3;1;5;6;6;6;6;44/85;41/85;21/42;20/43;23/43;21/42;9/16;4/15;11/15;7/16;15/26;16/25;7/9;6/11;5/11;2/9;2;1;3/5;0/3;3/3;2/5;2;1;3;3;3;3;32/51;19/51;16/25;10/26;16/26;9/25;1;1;1.68;1.80;30.0;44.17;Right-Handed;Right-Handed;https://wtatennis.com/tournament/1072/limoges-125/2018/scores/RS005;5/19;12/25;13/25;14/19;25/32;19/33;9/14;6/7;1/7;5/14;0;4;1/6;3/8;5/8;5/6;1;2;4;4;4;4;28/65;37/65;14/33;18/32;14/32;19/33
25/67;28/70;42/70;42/67;70/104;67/104;21/37;21/34;13/34;16/37;4;1;4/11;7/18;11/18;7/11;8;8;15;15;15;15;101/208;107/208;46/104;49/104;55/104;58/104;4/15;6/14;8/14;11/15;14/23;15/20;4/5;8/9;1/9;1/5;1;0;1/1;3/6;3/6;0/1;1;3;4;4;4;4;17/43;26/43;8/20;14/23;9/23;12/20;14/32;10/28;18/28;18/32;28/43;32/54;12/22;7/15;8/15;10/22;1;1;2/7;2/7;5/7;5/7;4;4;6;6;6;6;52/97;45/97;26/54;17/43;26/43;28/54;0;1;;;28.08;39.67;Right-Handed;Right-Handed;https://wtatennis.com/tournament/1072/limoges-125/2018/scores/RS006;7/20;12/28;16/28;13/20;28/38;20/30;5/10;6/10;4/10;5/10;2;0;1/3;2/5;3/5;2/3;3;1;5;5;5;5;32/68;36/68;12/30;18/38;20/38;18/30
11/35;7/40;33/40;24/35;40/65;35/61;14/26;12/25;13/25;12/26;7;2;3/8;0/3;3/3;5/8;1;2;10;10;10;10;71/126;55/126;25/61;19/65;46/65;36/61;4/14;2/14;12/14;10/14;14/21;14/25;8/11;3/7;4/7;3/11;3;1;2/3;0/0;0/0;1/3;1;1;4;4;4;4;28/46;18/46;12/25;5/21;16/21;13/25;7/21;5/26;21/26;14/21;26/44;21/36;6/15;9/18;9/18;9/15;4;1;1/5;0/3;3/3;4/5;0;1;6;6;6;6;43/80;37/80;13/36;14/44;30/44;23/36;1;0;1.71;1.80;30.5;44.17;Right-Handed;Right-Handed;https://wtatennis.com/tournament/1072/limoges-125/2018/scores/LS020;;;;;;;;;;;;;;;;;;;;;;;;;;;;
17/49;14/46;32/46;32/49;46/75;49/78;14/29;15/29;14/29;15/29;0;3;3/4;4/7;3/7;1/4;1;3;12;12;12;12;77/153;76/153;31/78;29/75;46/75;47/78;11/26;8/20;12/20;15/26;20/31;26/36;3/10;3/11;8/11;7/10;0;1;1/2;2/4;2/4;1/2;1;1;6;6;6;6;34/67;33/67;14/36;11/31;20/31;22/36;6/23;6/26;20/26;17/23;26/44;23/42;11/19;12/18;6/18;8/19;0;2;2/2;2/3;1/3;0/2;0;2;6;6;6;6;43/86;43/86;17/42;18/44;26/44;25/42;0;1;1.69;1.73;35.58;23.33;Right-Handed;Right-Handed;https://wtatennis.com/tournament/1072/limoges-125/2018/scores/LS029;;;;;;;;;;;;;;;;;;;;;;;;;;;;
18/60;14/54;40/54;42/60;54/96;60/109;26/49;30/42;12/42;23/49;5;4;3/12;4/10;6/10;9/12;4;7;14;14;14;14;96/205;109/205;44/109;44/96;52/96;65/109;4/15;2/18;16/18;11/15;18/29;15/29;11/14;8/11;3/11;3/14;3;1;2/5;0/2;2/2;3/5;1;1;4;4;4;4;34/58;24/58;15/29;10/29;19/29;14/29;9/31;7/26;19/26;22/31;26/46;31/54;10/23;13/20;7/20;13/23;1;2;0/5;1/3;2/3;5/5;2;5;6;6;6;6;45/100;55/100;19/54;20/46;26/46;35/54;0;4;1.79;1.70;26.67;28.08;Right-Handed;Right-Handed;https://wtatennis.com/tournament/1072/limoges-125/2018/scores/LS026;5/14;5/10;5/10;9/14;10/21;14/26;5/12;9/11;2/11;7/12;1;1;1/2;3/5;2/5;1/2;1;1;4;4;4;4;17/47;30/47;10/26;14/21;7/21;16/26
10/39;14/37;23/37;29/39;37/68;39/57;7/18;18/31;13/31;11/18;6;2;1/1;3/10;7/10;0/1;6;1;10;9;9;10;53/125;72/125;17/57;32/68;36/68;40/57;2/20;4/18;14/18;18/20;18/39;20/25;3/5;13/21;8/21;2/5;4;0;0/0;1/5;4/5;0/0;4;0;5;5;5;5;27/64;37/64;5/25;17/39;22/39;20/25;8/19;10/19;9/19;11/19;19/29;19/32;4/13;5/10;5/10;9/13;2;2;1/1;2/5;3/5;0/1;2;1;5;4;4;5;26/61;35/61;12/32;15/29;14/29;20/32;0;1;1.87;1.72;31.08;38.75;Right-Handed;Right-Handed;https://wtatennis.com/tournament/1072/limoges-125/2018/scores/LS030;;;;;;;;;;;;;;;;;;;;;;;;;;;;
22/63;19/70;51/70;41/63;70/122;63/100;21/37;29/52;23/52;16/37;18;3;5/8;2/8;6/8;3/8;10;4;15;15;15;15;117/222;105/222;43/100;48/122;74/122;57/100;6/19;3/23;20/23;13/19;23/36;19/28;5/9;9/13;4/13;4/9;10;1;1/1;0/4;4/4;0/1;2;2;5;5;5;5;35/64;29/64;11/28;12/36;24/36;17/28;7/22;11/32;21/32;15/22;32/59;22/35;4/13;15/27;12/27;9/13;5;1;1/2;1/1;0/1;1/2;5;0;6;6;6;6;44/94;50/94;11/35;26/59;33/59;24/35;1;0;1.75;1.82;28.58;34.83;Right-Handed;Right-Handed;https://wtatennis.com/tournament/1072/limoges-125/2018/scores/LS024;9/22;5/15;10/15;13/22;15/27;22/37;12/15;5/12;7/12;3/15;3;1;3/5;1/3;2/3;2/5;3;2;4;4;4;4;38/64;26/64;21/37;10/27;17/27;16/37
10/24;13/40;27/40;14/24;40/53;24/44;11/20;5/13;8/13;9/20;2;3;4/5;1/2;1/2;1/5;0;1;9;9;9;9;56/97;41/97;21/44;18/53;35/53;23/44;8/13;7/22;15/22;5/13;22/26;13/19;3/6;1/4;3/4;3/6;1;1;2/2;0/1;1/1;0/2;0;0;4;4;4;4;29/45;16/45;11/19;8/26;18/26;8/19;2/11;6/18;12/18;9/11;18/27;11/25;8/14;4/9;5/9;6/14;1;2;2/3;1/1;0/1;1/3;0;1;5;5;5;5;27/52;25/52;10/25;10/27;17/27;15/25;1;0;1.68;1.85;28.25;26.33;Right-Handed;Right-Handed;https://wtatennis.com/tournament/1072/limoges-125/2018/scores/LS021;;;;;;;;;;;;;;;;;;;;;;;;;;;;
19/62;27/64;37/64;43/62;64/88;62/94;14/32;15/24;9/24;18/32;7;1;1/7;6/11;5/11;6/7;2;8;13;13;13;13;79/182;103/182;33/94;42/88;46/88;61/94;13/34;10/32;22/32;21/34;32/43;34/49;6/15;5/11;6/11;9/15;4;1;1/4;1/2;1/2;3/4;0;4;6;6;6;6;47/92;45/92;19/49;15/43;28/43;30/49;3/12;6/13;7/13;9/12;13/19;12/21;2/9;5/6;1/6;7/9;2;0;0/0;2/3;1/3;0/0;2;1;4;3;3;4;13/40;27/40;5/21;11/19;8/19;16/21;1;2;1.72;;34.0;39.67;Right-Handed;Right-Handed;https://wtatennis.com/tournament/1072/limoges-125/2018/scores/LS025;3/16;11/19;8/19;13/16;19/26;16/24;6/8;5/7;2/7;2/8;1;0;0/3;3/6;3/6;3/3;0;3;3;4;4;3;19/50;31/50;9/24;16/26;10/26;15/24
23/61;14/34;20/34;38/61;34/60;61/75;10/14;18/26;8/26;4/14;0;0;4/9;6/8;2/8;5/9;2;2;11;10;10;11;61/135;74/135;33/75;32/60;28/60;42/75;14/34;10/21;11/21;20/34;21/37;34/40;5/6;11/16;5/16;1/6;0;0;3/6;4/5;1/5;3/6;2;2;6;6;6;6;35/77;42/77;19/40;21/37;16/37;21/40;9/27;4/13;9/13;18/27;13/23;27/35;5/8;7/10;3/10;3/8;0;0;1/3;2/3;1/3;2/3;0;0;5;4;4;5;26/58;32/58;14/35;11/23;12/23;21/35;0;2;1.70;1.68;28.25;35.67;Right-Handed;Right-Handed;https://wtatennis.com/tournament/1072/limoges-125/2018/scores/LS019;;;;;;;;;;;;;;;;;;;;;;;;;;;;
18/35;11/32;21/32;17/35;32/44;35/54;10/19;3/12;9/12;9/19;0;0;5/10;1/2;1/2;5/10;0;0;8;8;8;8;58/98;40/98;28/54;14/44;30/44;26/54;9/18;4/17;13/17;9/18;17/22;18/26;4/8;2/5;3/5;4/8;0;0;2/5;0/0;0/0;3/5;0;0;4;4;4;4;29/48;19/48;13/26;6/22;16/22;13/26;9/17;7/15;8/15;8/17;15/22;17/28;6/11;1/7;6/7;5/11;0;0;3/5;1/2;1/2;2/5;0;0;4;4;4;4;29/50;21/50;15/28;8/22;14/22;13/28;3;3;1.70;1.73;34.0;33.42;Right-Handed;Right-Handed;https://wtatennis.com/tournament/1072/limoges-125/2018/scores/LS031;;;;;;;;;;;;;;;;;;;;;;;;;;;;
10/27;6/33;27/33;17/27;33/53;27/44;9/17;9/20;11/20;8/17;8;1;3/3;0/3;3/3;0/3;2;2;8;9;9;8;57/97;40/97;19/44;15/53;38/53;25/44;5/8;3/14;11/14;3/8;14/24;8/15;4/7;4/10;6/10;3/7;4;0;2/2;0/3;3/3;0/2;0;0;3;4;4;3;26/39;13/39;9/15;7/24;17/24;6/15;5/19;3/19;16/19;14/19;19/29;19/29;5/10;5/10;5/10;5/10;4;1;1/1;0/0;0/0;0/1;2;2;5;5;5;5;31/58;27/58;10/29;8/29;21/29;19/29;2;0;1.72;1.79;35.83;28.92;Right-Handed;Right-Handed;https://wtatennis.com/tournament/1072/limoges-125/2018/scores/LS028;;;;;;;;;;;;;;;;;;;;;;;;;;;;
13/46;19/51;32/51;33/46;51/84;46/76;15/30;24/33;9/33;15/30;2;5;2/4;6/12;6/12;2/4;7;4;12;12;12;12;69/160;91/160;28/76;43/84;41/84;48/76;5/18;4/20;16/20;13/18;20/32;18/33;10/15;9/12;3/12;5/15;1;1;2/2;1/3;2/3;0/2;4;3;5;5;5;5;34/65;31/65;15/33;13/32;19/32;18/33;3/12;8/17;9/17;9/12;17/29;12/22;3/10;7/12;5/12;7/10;0;2;0/0;2/4;2/4;0/0;2;1;4;4;4;4;20/51;31/51;6/22;15/29;14/29;16/22;0;1;1.80;1.79;25.58;24.75;Right-Handed;Right-Handed;https://wtatennis.com/tournament/1072/limoges-125/2018/scores/LS017;5/16;7/14;7/14;11/16;14/23;16/21;2/5;8/9;1/9;3/5;1;2;0/2;3/5;2/5;2/2;1;0;3;3;3;3;15/44;29/44;7/21;15/23;8/23;14/21
6/26;16/28;12/28;20/26;28/40;26/44;5/18;6/12;6/12;13/18;1;5;0/0;4/5;1/5;0/0;1;2;8;7;7;8;29/84;55/84;11/44;22/40;18/40;33/44;3/15;7/11;4/11;12/15;11/17;15/24;4/9;3/6;3/6;5/9;1;4;0/0;2/2;0/2;0/0;1;1;4;3;3;4;14/41;27/41;7/24;10/17;7/17;17/24;3/11;9/17;8/17;8/11;17/23;11/20;1/9;3/6;3/6;8/9;0;1;0/0;2/3;1/3;0/0;0;1;4;4;4;4;15/43;28/43;4/20;12/23;11/23;16/20;0;1;;1.70;31.5;34.33;Left-Handed;Right-Handed;https://wtatennis.com/tournament/1072/limoges-125/2018/scores/LS023;;;;;;;;;;;;;;;;;;;;;;;;;;;;
15/32;3/25;22/25;17/32;25/50;32/49;7/17;9/25;16/25;10/17;8;3;3/6;1/2;1/2;3/6;1;0;9;10;10;9;60/99;39/99;22/49;12/50;38/50;27/49;9/17;2/15;13/15;8/17;15/23;17/26;4/9;4/8;4/8;5/9;4;2;2/3;1/1;0/1;1/3;0;0;5;5;5;5;30/49;19/49;13/26;6/23;17/23;13/26;6/15;1/10;9/10;9/15;10/27;15/23;3/8;5/17;12/17;5/8;4;1;1/3;0/1;1/1;2/3;1;0;4;5;5;4;30/50;20/50;9/23;6/27;21/27;14/23;1;0;1.75;;28.58;39.67;Right-Handed;Right-Handed;https://wtatennis.com/tournament/1072/limoges-125/2018/scores/LS012;;;;;;;;;;;;;;;;;;;;;;;;;;;;
18/44;8/41;33/41;26/44;41/66;44/71;15/27;14/25;11/25;12/27;5;1;4/10;2/6;4/6;6/10;3;1;10;10;10;10;77/137;60/137;33/71;22/66;44/66;38/71;4/10;3/16;13/16;6/10;16/27;10/20;6/10;5/11;6/11;4/10;2;0;2/2;0/4;4/4;0/2;1;0;4;4;4;4;29/47;18/47;10/20;8/27;19/27;10/20;14/34;5/25;20/25;20/34;25/39;34/51;9/17;9/14;5/14;8/17;3;1;2/8;2/2;0/2;6/8;2;1;6;6;6;6;48/90;42/90;23/51;14/39;25/39;28/51;1;0;1.71;1.68;30.5;28.25;Right-Handed;Right-Handed;https://wtatennis.com/tournament/1072/limoges-125/2018/scores/LS010;;;;;;;;;;;;;;;;;;;;;;;;;;;;
9/43;14/31;17/31;34/43;31/71;43/65;12/22;18/40;22/40;10/22;0;7;1/5;4/9;5/9;4/5;3;2;10;10;10;10;60/136;76/136;21/65;32/71;39/71;44/65;9/31;6/15;9/15;22/31;15/37;31/46;9/15;8/22;14/22;6/15;0;0;1/5;2/3;1/3;4/5;1;2;6;6;6;6;41/83;42/83;18/46;14/37;23/37;28/46;0/12;8/16;8/16;12/12;16/34;12/19;3/7;10/18;8/18;4/7;0;7;0/0;2/6;4/6;0/0;2;0;4;4;4;4;19/53;34/53;3/19;18/34;16/34;16/19;0;4;1.70;1.75;26.25;37.33;Right-Handed;Right-Handed;https://wtatennis.com/tournament/1072/limoges-125/2018/scores/LS027;;;;;;;;;;;;;;;;;;;;;;;;;;;;
15/69;15/55;40/55;54/69;55/97;69/93;12/24;17/42;25/42;12/24;7;9;1/4;2/5;3/5;3/4;2;1;16;16;16;16;92/190;98/190;27/93;32/97;65/97;66/93;4/21;1/12;11/12;17/21;12/23;21/29;4/8;6/11;5/11;4/8;1;1;0/1;1/1;0/1;1/1;0;1;5;5;5;5;24/52;28/52;8/29;7/23;16/23;21/29;6/27;7/20;13/20;21/27;20/40;27/35;6/8;5/20;15/20;2/8;2;3;1/1;0/2;2/2;0/1;0;0;6;6;6;6;40/75;35/75;12/35;12/40;28/40;23/35;1;1;1.75;1.80;35.08;37.58;Left-Handed;Right-Handed;https://wtatennis.com/tournament/1072/limoges-125/2018/scores/LS016;5/21;7/23;16/23;16/21;23/34;21/29;2/8;6/11;5/11;6/8;4;5;0/2;1/2;1/2;2/2;2;0;5;5;5;5;28/63;35/63;7/29;13/34;21/34;22/29
16/51;36/88;52/88;35/51;88/113;51/93;20/42;12/25;13/25;22/42;1;5;2/6;3/15;12/15;4/6;2;4;12;12;12;12;101/206;105/206;36/93;48/113;65/113;57/93;8/27;15/36;21/36;19/27;36/50;27/48;10/21;6/14;8/14;11/21;1;2;1/4;2/7;5/7;3/4;0;3;6;6;6;6;47/98;51/98;18/48;21/50;29/50;30/48;8/24;21/52;31/52;16/24;52/63;24/45;10/21;6/11;5/11;11/21;0;3;1/2;1/8;7/8;1/2;2;1;6;6;6;6;54/108;54/108;18/45;27/63;36/63;27/45;1;1;1.75;;26.08;28.58;Right-Handed;N/A;https://wtatennis.com/tournament/1072/limoges-125/2018/scores/LS022;;;;;;;;;;;;;;;;;;;;;;;;;;;;
17/37;13/45;32/45;20/37;45/63;37/61;11/24;8/18;10/18;13/24;5;0;4/10;1/5;4/5;6/10;1;2;9;9;9;9;70/124;54/124;28/61;21/63;42/63;33/61;4/13;7/25;18/25;9/13;25/35;13/25;5/12;3/10;7/10;7/12;3;0;1/4;0/3;3/3;3/4;0;0;4;5;5;4;34/60;26/60;9/25;10/35;25/35;16/25;13/24;6/20;14/20;11/24;20/28;24/36;6/12;5/8;3/8;6/12;2;0;3/6;1/2;1/2;3/6;1;2;5;4;4;5;36/64;28/64;19/36;11/28;17/28;17/36;4;0;1.83;1.73;28.75;34.33;Right-Handed;Right-Handed;https://wtatennis.com/tournament/1072/limoges-125/2018/scores/LS018;;;;;;;;;;;;;;;;;;;;;;;;;;;;
13/40;4/26;22/26;27/40;26/50;40/56;8/16;20/24;4/24;8/16;8;0;1/6;5/9;4/9;5/6;2;3;8;9;9;8;47/106;59/106;21/56;24/50;26/50;35/56;2/11;3/13;10/13;9/11;13/24;11/16;2/5;10/11;1/11;3/5;3;0;0/0;3/7;4/7;0/0;1;1;3;4;4;3;15/40;25/40;4/16;13/24;11/24;12/16;11/29;1/13;12/13;18/29;13/26;29/40;6/11;10/13;3/13;5/11;5;0;1/6;2/2;0/2;5/6;1;2;5;5;5;5;32/66;34/66;17/40;11/26;15/26;23/40;0;1;;1.70;28.58;34.33;N/A;Right-Handed;https://wtatennis.com/tournament/1072/limoges-125/2018/scores/LS011;;;;;;;;;;;;;;;;;;;;;;;;;;;;
28/63;16/48;32/48;35/63;48/85;63/98;20/35;13/37;24/37;15/35;2;1;6/16;3/8;5/8;10/16;1;1;14;14;14;14;104/183;79/183;48/98;29/85;56/85;50/98;11/20;1/9;8/9;9/20;9/21;20/30;4/10;3/12;9/12;6/10;0;0;2/7;0/1;1/1;5/7;0;1;4;4;4;4;32/51;19/51;15/30;4/21;17/21;15/30;12/32;11/27;16/27;20/32;27/43;32/48;8/16;8/16;8/16;8/16;2;1;1/5;2/5;3/5;4/5;1;0;6;6;6;6;44/91;47/91;20/48;19/43;24/43;28/48;2;1;1.72;1.73;35.83;23.33;Right-Handed;Right-Handed;https://wtatennis.com/tournament/1072/limoges-125/2018/scores/LS014;5/11;4/12;8/12;6/11;12/21;11/20;8/9;2/9;7/9;1/9;0;0;3/4;1/2;1/2;1/4;0;0;4;4;4;4;28/41;13/41;13/20;6/21;15/21;7/20
14/41;11/30;19/30;27/41;30/55;41/58;7/17;18/25;7/25;10/17;1;4;1/4;5/8;3/8;3/4;4;2;8;9;9;8;47/113;66/113;21/58;29/55;26/55;37/58;5/15;5/13;8/13;10/15;13/23;15/22;1/7;7/10;3/10;6/7;0;2;0/0;2/2;0/2;0/0;1;0;4;4;4;4;17/45;28/45;6/22;12/23;11/23;16/22;9/26;6/17;11/17;17/26;17/32;26/36;6/10;11/15;4/15;4/10;1;2;1/4;3/6;3/6;3/4;3;2;4;5;5;4;30/68;38/68;15/36;17/32;15/32;21/36;0;2;1.70;1.75;28.08;37.33;Right-Handed;Right-Handed;https://wtatennis.com/tournament/1072/limoges-125/2018/scores/LS013;;;;;;;;;;;;;;;;;;;;;;;;;;;;
13/33;10/36;26/36;20/33;36/57;33/54;12/21;10/21;11/21;9/21;1;1;4/8;1/2;1/2;4/8;1;1;8;9;9;8;62/111;49/111;25/54;20/57;37/57;29/54;6/15;8/24;16/24;9/15;24/36;15/23;4/8;7/12;5/12;4/8;1;1;2/3;1/2;1/2;1/3;0;0;4;5;5;4;31/59;28/59;10/23;15/36;21/36;13/23;7/18;2/12;10/12;11/18;12/21;18/31;8/13;3/9;6/9;5/13;0;0;2/5;0/0;0/0;3/5;1;1;4;4;4;4;31/52;21/52;15/31;5/21;16/21;16/31;2;1;1.72;1.70;38.75;34.0;Right-Handed;Right-Handed;https://wtatennis.com/tournament/1072/limoges-125/2018/scores/LS015;;;;;;;;;;;;;;;;;;;;;;;;;;;;
38/81;24/54;30/54;43/81;54/87;81/109;16/28;15/33;18/33;12/28;5;1;8/21;4/7;3/7;13/21;1;2;15;14;14;15;102/196;94/196;54/109;39/87;48/87;55/109;11/35;12/28;16/28;24/35;28/36;35/47;6/12;2/8;6/8;6/12;3;1;1/7;1/2;1/2;6/7;0;1;6;6;6;6;39/83;44/83;17/47;14/36;22/36;30/47;11/21;5/12;7/12;10/21;12/23;21/29;6/8;5/11;6/11;2/8;1;0;3/7;1/1;0/1;4/7;1;1;4;4;4;4;30/52;22/52;17/29;10/23;13/23;12/29;2;0;1.83;1.68;28.75;35.67;Right-Handed;Right-Handed;https://wtatennis.com/tournament/1072/limoges-125/2018/scores/LS009;16/25;7/14;7/14;9/25;14/28;25/33;4/8;8/14;6/14;4/8;1;0;4/7;2/4;2/4;3/7;0;0;5;4;4;5;33/61;28/61;20/33;15/28;13/28;13/33
8/31;16/23;7/23;23/31;23/36;31/52;11/21;11/13;2/13;10/21;0;5;1/5;6/6;0/6;4/5;1;2;7;7;7;7;28/88;60/88;19/52;27/36;9/36;33/52;4/16;8/11;3/11;12/16;11/16;16/27;6/11;5/5;0/5;5/11;0;4;1/2;3/3;0/3;1/2;1;1;4;3;3;4;13/43;30/43;10/27;13/16;3/16;17/27;4/15;8/12;4/12;11/15;12/20;15/25;5/10;6/8;2/8;5/10;0;1;0/3;3/3;0/3;3/3;0;1;3;4;4;3;15/45;30/45;9/25;14/20;6/20;16/25;1;2;1.80;1.79;37.58;24.75;Right-Handed;Right-Handed;https://wtatennis.com/tournament/1072/limoges-125/2018/scores/LS008;;;;;;;;;;;;;;;;;;;;;;;;;;;;
16/45;17/46;29/46;29/45;46/77;45/60;6/15;17/31;14/31;9/15;3;0;1/4;4/7;3/7;3/4;0;3;9;10;10;9;65/137;72/137;22/60;34/77;43/77;38/60;9/19;11/25;14/25;10/19;25/43;19/33;6/14;11/18;7/18;8/14;1;0;1/4;3/5;2/5;3/4;0;3;4;5;5;4;36/76;40/76;15/33;22/43;21/43;18/33;7/26;6/21;15/21;19/26;21/34;26/27;0/1;6/13;7/13;1/1;2;0;0/0;1/2;1/2;0/0;0;0;5;5;5;5;29/61;32/61;7/27;12/34;22/34;20/27;0;2;1.71;1.70;30.5;34.33;Right-Handed;Right-Handed;https://wtatennis.com/tournament/1072/limoges-125/2018/scores/LS005;;;;;;;;;;;;;;;;;;;;;;;;;;;;
21/61;20/54;34/54;40/61;54/96;61/95;15/34;24/42;18/42;19/34;8;1;3/7;6/11;5/11;4/7;2;3;15;15;15;15;88/191;103/191;36/95;44/96;52/96;59/95;1/11;5/12;7/12;10/11;12/24;11/19;2/8;7/12;5/12;6/8;3;0;0/0;2/3;1/3;0/0;0;0;4;4;4;4;15/43;28/43;3/19;12/24;12/24;16/19;15/32;9/22;13/22;17/32;22/39;32/47;10/15;10/17;7/17;5/15;2;1;3/7;3/5;2/5;4/7;1;2;6;6;6;6;45/86;41/86;25/47;19/39;20/39;22/47;0;2;1.72;1.72;35.83;38.75;Right-Handed;Right-Handed;https://wtatennis.com/tournament/1072/limoges-125/2018/scores/LS007;5/18;6/20;14/20;13/18;20/33;18/29;3/11;7/13;6/13;8/11;3;0;0/0;1/3;2/3;0/0;1;1;5;5;5;5;28/62;34/62;8/29;13/33;20/33;21/29
22/58;8/40;32/40;36/58;40/61;58/87;16/29;9/21;12/21;13/29;8;6;3/10;0/4;4/4;7/10;4;1;9;10;10;9;82/148;66/148;38/87;17/61;44/61;49/87;13/39;5/24;19/24;26/39;24/36;39/56;9/17;5/12;7/12;8/17;4;4;1/6;0/2;2/2;5/6;3;0;6;6;6;6;48/92;44/92;22/56;10/36;26/36;34/56;9/19;3/16;13/16;10/19;16/25;19/31;7/12;4/9;5/9;5/12;4;2;2/4;0/2;2/2;2/4;1;1;3;4;4;3;34/56;22/56;16/31;7/25;18/25;15/31;3;1;1.75;1.75;28.58;37.33;Right-Handed;Right-Handed;https://wtatennis.com/tournament/1072/limoges-125/2018/scores/LS006;;;;;;;;;;;;;;;;;;;;;;;;;;;;
13/41;16/34;18/34;28/41;34/55;41/64;14/23;13/21;8/21;9/23;0;1;2/5;5/8;3/8;3/5;4;3;9;9;9;9;53/119;66/119;27/64;29/55;26/55;37/64;8/25;10/24;14/24;17/25;24/36;25/43;11/18;7/12;5/12;7/18;0;1;1/4;2/3;1/3;3/4;3;3;5;5;5;5;38/79;41/79;19/43;17/36;19/36;24/43;5/16;6/10;4/10;11/16;10/19;16/21;3/5;6/9;3/9;2/5;0;0;1/1;3/5;2/5;0/1;1;0;4;4;4;4;15/40;25/40;8/21;12/19;7/19;13/21;2;1;1.79;1.83;24.75;28.75;Right-Handed;Right-Handed;https://wtatennis.com/tournament/1072/limoges-125/2018/scores/LS004;;;;;;;;;;;;;;;;;;;;;;;;;;;;
2/10;0/0;0/0;8/10;0/4;10/10;0/0;4/4;0/4;0/0;0;0;0/0;1/1;0/1;0/0;1;0;2;1;1;2;2/14;12/14;2/10;4/4;0/4;8/10;2/10;0/0;0/0;8/10;0/4;10/10;0/0;4/4;0/4;0/0;0;0;0/0;1/1;0/1;0/0;1;0;2;1;1;2;2/14;12/14;2/10;4/4;0/4;8/10;;;;;;;;;;;;;;;;;;;;;;;;;;;;;2;3;1.83;1.70;28.75;34.33;Right-Handed;Right-Handed;https://wtatennis.com/tournament/1072/limoges-125/2018/scores/LS002;;;;;;;;;;;;;;;;;;;;;;;;;;;;
23/41;13/33;20/33;18/41;33/69;41/68;17/27;19/36;17/36;10/27;5;2;7/10;5/7;2/7;3/10;3;3;11;11;11;11;77/137;60/137;40/68;32/69;37/69;28/68;10/18;7/17;10/17;8/18;17/36;18/32;10/14;12/19;7/19;4/14;2;2;4/6;3/5;2/5;2/6;1;2;5;5;5;5;37/68;31/68;20/32;19/36;17/36;12/32;13/23;6/16;10/16;10/23;16/33;23/36;7/13;7/17;10/17;6/13;3;0;3/4;2/2;0/2;1/4;2;1;6;6;6;6;40/69;29/69;20/36;13/33;20/33;16/36;1;1;1.75;1.72;28.58;38.75;Right-Handed;Right-Handed;https://wtatennis.com/tournament/1072/limoges-125/2018/scores/LS003;;;;;;;;;;;;;;;;;;;;;;;;;;;;
4/25;17/36;19/36;21/25;36/52;25/37;1/12;7/16;9/16;11/12;0;12;0/0;4/8;4/8;0/0;2;1;8;8;8;8;33/89;56/89;5/37;24/52;28/52;32/37;2/12;10/19;9/19;10/12;19/27;12/18;0/6;2/8;6/8;6/6;0;5;0/0;2/4;2/4;0/0;1;0;4;4;4;4;17/45;28/45;2/18;12/27;15/27;16/18;2/13;7/17;10/17;11/13;17/25;13/19;1/6;5/8;3/8;5/6;0;7;0/0;2/4;2/4;0/0;1;1;4;4;4;4;16/44;28/44;3/19;12/25;13/25;16/19;0;2;1.70;1.75;34.33;28.58;Right-Handed;Right-Handed;https://wtatennis.com/tournament/1072/limoges-125/2018/scores/LS001;;;;;;;;;;;;;;;;;;;;;;;;;;;;
