statut;duration;stage;url_match_stats;player_1_name;player_1_set_1;player_1_set_1_tiebreak;player_1_set_2;player_1_set_2_tiebreak;player_1_set_3;player_1_set_3_tiebreak;player_2_name;player_2_set_1;player_2_set_1_tiebreak;player_2_set_2;player_2_set_2_tiebreak;player_2_set_3;player_2_set_3_tiebreak;scores_link
LIVE MATCH;;Qualifying;https://wtatennis.com/tournament/1072/limoges-125/2018/scores/RS015;E.Wacanno;2;;4;;-;;M.Melnikova;6;;5;;-;;https://www.wtatennis.com/tournament/1072/limoges-125/2018/scores
Completed;0:50;Qualifying;https://wtatennis.com/tournament/1072/limoges-125/2018/scores/RS014;J.Maleckova;6;;6;;-;;L.Adler;1;;1;;-;;https://www.wtatennis.com/tournament/1072/limoges-125/2018/scores
Completed;1:22;Qualifying;https://wtatennis.com/tournament/1072/limoges-125/2018/scores/RS011;C.Coppola;0;;4;;-;;G.Arn;6;;6;;-;;https://www.wtatennis.com/tournament/1072/limoges-125/2018/scores
Completed;0:57;Qualifying;https://wtatennis.com/tournament/1072/limoges-125/2018/scores/RS010;J.Cepelova;6;;6;;-;;F.Codino;0;;2;;-;;https://www.wtatennis.com/tournament/1072/limoges-125/2018/scores
Completed;1:16;Qualifying;https://wtatennis.com/tournament/1072/limoges-125/2018/scores/RS008;S.Soler-Espinosa;6;;3;;6;;L.Gjorcheska;1;;6;;0;;https://www.wtatennis.com/tournament/1072/limoges-125/2018/scores
Completed;1:10;Qualifying;https://wtatennis.com/tournament/1072/limoges-125/2018/scores/RS009;S.Djoubri;4;;2;;-;;A.Albie;6;;6;;-;;https://www.wtatennis.com/tournament/1072/limoges-125/2018/scores
Completed;2:29;Qualifying;https://wtatennis.com/tournament/1072/limoges-125/2018/scores/RS013;R.Voracova;7;;4;;6;;A.Panova;5;;6;;4;;https://www.wtatennis.com/tournament/1072/limoges-125/2018/scores
Completed;1:04;Qualifying;https://wtatennis.com/tournament/1072/limoges-125/2018/scores/RS012;T.Lukas;6;;6;;-;;S.Celik;4;;2;;-;;https://www.wtatennis.com/tournament/1072/limoges-125/2018/scores
Completed;1:52;Qualifying;https://wtatennis.com/tournament/1072/limoges-125/2018/scores/RS007;J.Maleckova;6;;1;;5;;M.Melnikova;0;;6;;7;;https://www.wtatennis.com/tournament/1072/limoges-125/2018/scores
Completed;1:52;Qualifying;https://wtatennis.com/tournament/1072/limoges-125/2018/scores/RS004;S.Soler-Espinosa;6;;4;;4;;A.Albie;3;;6;;6;;https://www.wtatennis.com/tournament/1072/limoges-125/2018/scores
Completed;1:59;Qualifying;https://wtatennis.com/tournament/1072/limoges-125/2018/scores/RS005;J.Cepelova;6;7;6;;2;;G.Arn;7;;0;;6;;https://www.wtatennis.com/tournament/1072/limoges-125/2018/scores
Completed;2:18;Qualifying;https://wtatennis.com/tournament/1072/limoges-125/2018/scores/RS006;T.Lukas;2;;7;;4;;R.Voracova;6;;6;2;6;;https://www.wtatennis.com/tournament/1072/limoges-125/2018/scores
Completed;1:20;Round of 32;https://wtatennis.com/tournament/1072/limoges-125/2018/scores/LS020;A.Bogdan;6;;7;;-;;G.Arn;2;;5;;-;;https://www.wtatennis.com/tournament/1072/limoges-125/2018/scores
Completed;1:54;Round of 32;https://wtatennis.com/tournament/1072/limoges-125/2018/scores/LS029;S.Soler-Espinosa;5;;6;5;-;;K.Zavatska;7;;7;;-;;https://www.wtatennis.com/tournament/1072/limoges-125/2018/scores
Completed;2:12;Round of 32;https://wtatennis.com/tournament/1072/limoges-125/2018/scores/LS026;R.Sramkova;6;;5;;2;;T.Korpatsch;2;;7;;6;;https://www.wtatennis.com/tournament/1072/limoges-125/2018/scores
Completed;1:23;Round of 32;https://wtatennis.com/tournament/1072/limoges-125/2018/scores/LS030;G.Garcia Perez;4;;3;;-;;V.Zvonareva;6;;6;;-;;https://www.wtatennis.com/tournament/1072/limoges-125/2018/scores
Completed;2:17;Round of 32;https://wtatennis.com/tournament/1072/limoges-125/2018/scores/LS024;E.Alexandrova;6;;6;3;6;;O.Govortsova;4;;7;;2;;https://www.wtatennis.com/tournament/1072/limoges-125/2018/scores
Completed;0:57;Round of 32;https://wtatennis.com/tournament/1072/limoges-125/2018/scores/LS021;J.Loeb;6;;6;;-;;N.Vikhlyantseva;2;;4;;-;;https://www.wtatennis.com/tournament/1072/limoges-125/2018/scores
Completed;1:53;Round of 32;https://wtatennis.com/tournament/1072/limoges-125/2018/scores/LS025;A.Dulgheru;7;;1;;1;;R.Voracova;6;4;6;;6;;https://www.wtatennis.com/tournament/1072/limoges-125/2018/scores
Completed;1:48;Round of 32;https://wtatennis.com/tournament/1072/limoges-125/2018/scores/LS019;V.Tomova;5;;3;;-;;M.Niculescu;7;;6;;-;;https://www.wtatennis.com/tournament/1072/limoges-125/2018/scores
Completed;1:17;Round of 32;https://wtatennis.com/tournament/1072/limoges-125/2018/scores/LS031;T.Bacsinszky;6;;6;;-;;A.Cornet;2;;2;;-;;https://www.wtatennis.com/tournament/1072/limoges-125/2018/scores
Completed;1:05;Round of 32;https://wtatennis.com/tournament/1072/limoges-125/2018/scores/LS028;T.Maria;6;;6;;-;;C.Paquet;1;;4;;-;;https://www.wtatennis.com/tournament/1072/limoges-125/2018/scores
Completed;1:37;Round of 32;https://wtatennis.com/tournament/1072/limoges-125/2018/scores/LS017;P.Badosa Gibert;6;;2;;0;;A.Blinkova;4;;6;;6;;https://www.wtatennis.com/tournament/1072/limoges-125/2018/scores
Completed;0:51;Round of 32;https://wtatennis.com/tournament/1072/limoges-125/2018/scores/LS023;E.Gorgodze;1;;2;;-;;E.Rodina;6;;6;;-;;https://www.wtatennis.com/tournament/1072/limoges-125/2018/scores
Completed;0:59;Round of 16;https://wtatennis.com/tournament/1072/limoges-125/2018/scores/LS012;E.Alexandrova;6;;6;;-;;R.Voracova;4;;3;;-;;https://www.wtatennis.com/tournament/1072/limoges-125/2018/scores
Completed;1:18;Round of 16;https://wtatennis.com/tournament/1072/limoges-125/2018/scores/LS010;A.Bogdan;6;;7;;-;;J.Loeb;2;;6;4;-;;https://www.wtatennis.com/tournament/1072/limoges-125/2018/scores
Completed;1:27;Round of 32;https://wtatennis.com/tournament/1072/limoges-125/2018/scores/LS027;F.Ferro;5;;2;;-;;P.Parmentier;7;;6;;-;;https://www.wtatennis.com/tournament/1072/limoges-125/2018/scores
Completed;1:59;Round of 32;https://wtatennis.com/tournament/1072/limoges-125/2018/scores/LS016;M.Buzarnescu;4;;7;;4;;M.Minella;6;;5;;6;;https://www.wtatennis.com/tournament/1072/limoges-125/2018/scores
Completed;2:04;Round of 32;https://wtatennis.com/tournament/1072/limoges-125/2018/scores/LS022;V.Kudermetova;5;;6;7;-;;A.Albie;7;;7;;-;;https://www.wtatennis.com/tournament/1072/limoges-125/2018/scores
Completed;1:23;Round of 32;https://wtatennis.com/tournament/1072/limoges-125/2018/scores/LS018;M.Gasparyan;6;;6;;-;;M.Melnikova;3;;3;;-;;https://www.wtatennis.com/tournament/1072/limoges-125/2018/scores
Completed;1:10;Round of 16;https://wtatennis.com/tournament/1072/limoges-125/2018/scores/LS011;A.Albie;1;;4;;-;;E.Rodina;6;;6;;-;;https://www.wtatennis.com/tournament/1072/limoges-125/2018/scores
Completed;2:22;Round of 16;https://wtatennis.com/tournament/1072/limoges-125/2018/scores/LS014;T.Maria;6;;5;;6;;K.Zavatska;2;;7;;2;;https://www.wtatennis.com/tournament/1072/limoges-125/2018/scores
Completed;1:14;Round of 16;https://wtatennis.com/tournament/1072/limoges-125/2018/scores/LS013;T.Korpatsch;2;;3;;-;;P.Parmentier;6;;6;;-;;https://www.wtatennis.com/tournament/1072/limoges-125/2018/scores
Completed;1:25;Round of 16;https://wtatennis.com/tournament/1072/limoges-125/2018/scores/LS015;V.Zvonareva;6;;6;;-;;T.Bacsinszky;3;;2;;-;;https://www.wtatennis.com/tournament/1072/limoges-125/2018/scores
Completed;2:37;Round of 16;https://wtatennis.com/tournament/1072/limoges-125/2018/scores/LS009;M.Gasparyan;6;2;6;;6;;M.Niculescu;7;;2;;3;;https://www.wtatennis.com/tournament/1072/limoges-125/2018/scores
Completed;0:56;Round of 16;https://wtatennis.com/tournament/1072/limoges-125/2018/scores/LS008;M.Minella;1;;1;;-;;A.Blinkova;6;;6;;-;;https://www.wtatennis.com/tournament/1072/limoges-125/2018/scores
Completed;1:26;Quarterfinal;https://wtatennis.com/tournament/1072/limoges-125/2018/scores/LS005;A.Bogdan;3;;4;;-;;E.Rodina;6;;6;;-;;https://www.wtatennis.com/tournament/1072/limoges-125/2018/scores
Completed;2:16;Quarterfinal;https://wtatennis.com/tournament/1072/limoges-125/2018/scores/LS007;T.Maria;2;;7;;4;;V.Zvonareva;6;;6;3;6;;https://www.wtatennis.com/tournament/1072/limoges-125/2018/scores
Completed;1:21;Quarterfinal;https://wtatennis.com/tournament/1072/limoges-125/2018/scores/LS006;E.Alexandrova;7;;6;;-;;P.Parmentier;5;;1;;-;;https://www.wtatennis.com/tournament/1072/limoges-125/2018/scores
Completed;1:20;Quarterfinal;https://wtatennis.com/tournament/1072/limoges-125/2018/scores/LS004;A.Blinkova;4;;2;;-;;M.Gasparyan;6;;6;;-;;https://www.wtatennis.com/tournament/1072/limoges-125/2018/scores
Completed;0:07;Semifinal;https://wtatennis.com/tournament/1072/limoges-125/2018/scores/LS002;M.Gasparyan;0;;-;;-;;E.Rodina;3;;-;;-;;https://www.wtatennis.com/tournament/1072/limoges-125/2018/scores
Completed;1:32;Semifinal;https://wtatennis.com/tournament/1072/limoges-125/2018/scores/LS003;E.Alexandrova;6;;7;;-;;V.Zvonareva;4;;5;;-;;https://www.wtatennis.com/tournament/1072/limoges-125/2018/scores
Completed;0:50;Final;https://wtatennis.com/tournament/1072/limoges-125/2018/scores/LS001;E.Rodina;2;;2;;-;;E.Alexandrova;6;;6;;-;;https://www.wtatennis.com/tournament/1072/limoges-125/2018/scores
