statut;duration;stage;url_match_stats;player_1_name;player_1_set_1;player_1_set_1_tiebreak;player_1_set_2;player_1_set_2_tiebreak;player_1_set_3;player_1_set_3_tiebreak;player_2_name;player_2_set_1;player_2_set_1_tiebreak;player_2_set_2;player_2_set_2_tiebreak;player_2_set_3;player_2_set_3_tiebreak;scores_link
Completed;1:26;Qualifying;https://wtatennis.com/tournament/1072/limoges-125/2019/scores/RS004;J.Ponchet;7;;6;;-;;A.Hesse;5;;3;;-;;https://www.wtatennis.com/tournament/1072/limoges-125/2019/scores
Completed;1:36;Qualifying;https://wtatennis.com/tournament/1072/limoges-125/2019/scores/RS007;I.Shinikova;6;;7;;-;;T.Andrianjafitrimo;4;;6;8;-;;https://www.wtatennis.com/tournament/1072/limoges-125/2019/scores
Completed;0:59;Qualifying;https://wtatennis.com/tournament/1072/limoges-125/2019/scores/RS006;Y.Wickmayer;6;;6;;-;;C.Bucsa;1;;4;;-;;https://www.wtatennis.com/tournament/1072/limoges-125/2019/scores
Completed;2:00;Qualifying;https://wtatennis.com/tournament/1072/limoges-125/2019/scores/RS005;N.Gibbs;6;;3;;6;;M.Melnikova;4;;6;;2;;https://www.wtatennis.com/tournament/1072/limoges-125/2019/scores
Completed;1:31;Round of 32;https://wtatennis.com/tournament/1072/limoges-125/2019/scores/LS022;K.Kozlova;5;;5;;-;;J.Ponchet;7;;7;;-;;https://www.wtatennis.com/tournament/1072/limoges-125/2019/scores
Completed;1:52;Round of 32;https://wtatennis.com/tournament/1072/limoges-125/2019/scores/LS029;C.Giorgi;4;;6;;4;;L.Samsonova;6;;4;;6;;https://www.wtatennis.com/tournament/1072/limoges-125/2019/scores
Completed;1:07;Round of 32;https://wtatennis.com/tournament/1072/limoges-125/2019/scores/LS017;O.Dodin;6;;6;;-;;Y.Wickmayer;2;;4;;-;;https://www.wtatennis.com/tournament/1072/limoges-125/2019/scores
Completed;2:34;Round of 32;https://wtatennis.com/tournament/1072/limoges-125/2019/scores/LS021;T.Maria;7;;6;3;2;;S.Cirstea;5;;7;;6;;https://www.wtatennis.com/tournament/1072/limoges-125/2019/scores
Completed;1:11;Round of 32;https://wtatennis.com/tournament/1072/limoges-125/2019/scores/LS028;A.Cornet;6;;6;;-;;S.Voegele;2;;1;;-;;https://www.wtatennis.com/tournament/1072/limoges-125/2019/scores
Completed;1:33;Round of 32;https://wtatennis.com/tournament/1072/limoges-125/2019/scores/LS026;J.Teichmann;7;;6;;-;;T.Korpatsch;6;4;3;;-;;https://www.wtatennis.com/tournament/1072/limoges-125/2019/scores
Completed;2:20;Round of 32;https://wtatennis.com/tournament/1072/limoges-125/2019/scores/LS023;N.Gibbs;4;;7;;6;;T.Zidansek;6;;6;5;3;;https://www.wtatennis.com/tournament/1072/limoges-125/2019/scores
Completed;1:02;Round of 32;https://wtatennis.com/tournament/1072/limoges-125/2019/scores/LS027;K.Kanepi;2;;3;;-;;J.Brady;6;;6;;-;;https://www.wtatennis.com/tournament/1072/limoges-125/2019/scores
Completed;1:10;Round of 32;https://wtatennis.com/tournament/1072/limoges-125/2019/scores/LS019;C.Paquet;3;;2;;-;;B.Pera;6;;6;;-;;https://www.wtatennis.com/tournament/1072/limoges-125/2019/scores
Completed;1:42;Round of 32;https://wtatennis.com/tournament/1072/limoges-125/2019/scores/LS020;A.Van Uytvanck;4;;4;;-;;S.Sorribes Tormo;6;;6;;-;;https://www.wtatennis.com/tournament/1072/limoges-125/2019/scores
Completed;1:38;Round of 32;https://wtatennis.com/tournament/1072/limoges-125/2019/scores/LS024;A.Blinkova;6;;7;;-;;N.Vikhlyantseva;3;;5;;-;;https://www.wtatennis.com/tournament/1072/limoges-125/2019/scores
Completed;0:53;Round of 32;https://wtatennis.com/tournament/1072/limoges-125/2019/scores/LS025;I.Shinikova;2;;1;;-;;A.Sasnovich;6;;6;;-;;https://www.wtatennis.com/tournament/1072/limoges-125/2019/scores
Completed;1:23;Round of 16;https://wtatennis.com/tournament/1072/limoges-125/2019/scores/LS011;J.Ponchet;6;;1;;2;;N.Gibbs;1;;6;;6;;https://www.wtatennis.com/tournament/1072/limoges-125/2019/scores
Completed;2:00;Round of 16;https://wtatennis.com/tournament/1072/limoges-125/2019/scores/LS014;A.Cornet;4;;6;;3;;L.Samsonova;6;;3;;6;;https://www.wtatennis.com/tournament/1072/limoges-125/2019/scores
Completed;1:25;Round of 32;https://wtatennis.com/tournament/1072/limoges-125/2019/scores/LS031;P.Parmentier;6;;6;;-;;C.Garcia;2;;2;;-;;https://www.wtatennis.com/tournament/1072/limoges-125/2019/scores
Completed;1:13;Round of 32;https://wtatennis.com/tournament/1072/limoges-125/2019/scores/LS030;G.Minnen;6;;6;;-;;C.Burel;3;;2;;-;;https://www.wtatennis.com/tournament/1072/limoges-125/2019/scores
Completed;1:55;Round of 32;https://wtatennis.com/tournament/1072/limoges-125/2019/scores/LS016;E.Alexandrova;6;;2;;6;;M.Niculescu;4;;6;;3;;https://www.wtatennis.com/tournament/1072/limoges-125/2019/scores
Completed;1:32;Round of 32;https://wtatennis.com/tournament/1072/limoges-125/2019/scores/LS018;A.Rus;5;;2;;-;;A.Bogdan;7;;6;;-;;https://www.wtatennis.com/tournament/1072/limoges-125/2019/scores
Completed;2:04;Round of 16;https://wtatennis.com/tournament/1072/limoges-125/2019/scores/LS013;J.Teichmann;7;;7;;-;;J.Brady;5;;6;12;-;;https://www.wtatennis.com/tournament/1072/limoges-125/2019/scores
Completed;1:34;Round of 16;https://wtatennis.com/tournament/1072/limoges-125/2019/scores/LS015;G.Minnen;6;;7;;-;;P.Parmentier;3;;5;;-;;https://www.wtatennis.com/tournament/1072/limoges-125/2019/scores
Completed;1:51;Round of 16;https://wtatennis.com/tournament/1072/limoges-125/2019/scores/LS012;A.Blinkova;6;;1;;5;;A.Sasnovich;3;;6;;7;;https://www.wtatennis.com/tournament/1072/limoges-125/2019/scores
Completed;1:08;Round of 16;https://wtatennis.com/tournament/1072/limoges-125/2019/scores/LS008;E.Alexandrova;6;;6;;-;;O.Dodin;3;;4;;-;;https://www.wtatennis.com/tournament/1072/limoges-125/2019/scores
Completed;2:10;Round of 16;https://wtatennis.com/tournament/1072/limoges-125/2019/scores/LS009;A.Bogdan;6;5;6;;6;;B.Pera;7;;2;;4;;https://www.wtatennis.com/tournament/1072/limoges-125/2019/scores
Completed;1:19;Round of 16;https://wtatennis.com/tournament/1072/limoges-125/2019/scores/LS010;S.Sorribes Tormo;3;;3;;-;;S.Cirstea;6;;6;;-;;https://www.wtatennis.com/tournament/1072/limoges-125/2019/scores
Completed;1:26;Quarterfinal;https://wtatennis.com/tournament/1072/limoges-125/2019/scores/LS007;L.Samsonova;5;;2;;-;;G.Minnen;7;;6;;-;;https://www.wtatennis.com/tournament/1072/limoges-125/2019/scores
Completed;1:35;Quarterfinal;https://wtatennis.com/tournament/1072/limoges-125/2019/scores/LS006;A.Sasnovich;6;;7;;-;;J.Teichmann;3;;5;;-;;https://www.wtatennis.com/tournament/1072/limoges-125/2019/scores
Completed;1:11;Quarterfinal;https://wtatennis.com/tournament/1072/limoges-125/2019/scores/LS004;E.Alexandrova;6;;6;;-;;A.Bogdan;4;;2;;-;;https://www.wtatennis.com/tournament/1072/limoges-125/2019/scores
Completed;1:11;Quarterfinal;https://wtatennis.com/tournament/1072/limoges-125/2019/scores/LS005;S.Cirstea;6;;3;;0;;N.Gibbs;3;;6;;0;;https://www.wtatennis.com/tournament/1072/limoges-125/2019/scores
Completed;2:03;Semifinal;https://wtatennis.com/tournament/1072/limoges-125/2019/scores/LS003;A.Sasnovich;2;;6;;6;;G.Minnen;6;;2;;2;;https://www.wtatennis.com/tournament/1072/limoges-125/2019/scores
Completed;1:24;Semifinal;https://wtatennis.com/tournament/1072/limoges-125/2019/scores/LS002;E.Alexandrova;7;;6;;-;;N.Gibbs;6;6;2;;-;;https://www.wtatennis.com/tournament/1072/limoges-125/2019/scores
Completed;0:56;Final;https://wtatennis.com/tournament/1072/limoges-125/2019/scores/LS001;E.Alexandrova;6;;6;;-;;A.Sasnovich;1;;3;;-;;https://www.wtatennis.com/tournament/1072/limoges-125/2019/scores
