match_1st Return Points Won_player_1;match_1st Return Points Won_player_2;match_1st Serve Points Won_player_1;match_1st Serve Points Won_player_2;match_1st Serve_player_1;match_1st Serve_player_2;match_2nd Return Points Won_player_1;match_2nd Return Points Won_player_2;match_2nd Serve Points Won_player_1;match_2nd Serve Points Won_player_2;match_Aces_player_1;match_Aces_player_2;match_Break Points Converted_player_1;match_Break Points Converted_player_2;match_Break Points Saved_player_1;match_Break Points Saved_player_2;match_Double Faults_player_1;match_Double Faults_player_2;match_Return Games Played_player_1;match_Return Games Played_player_2;match_Service Games Played_player_1;match_Service Games Played_player_2;match_Total Points Won_player_1;match_Total Points Won_player_2;match_Total Return Points Won_player_1;match_Total Return Points Won_player_2;match_Total Service Points Won_player_1;match_Total Service Points Won_player_2;set1_1st Return Points Won_player_1;set1_1st Return Points Won_player_2;set1_1st Serve Points Won_player_1;set1_1st Serve Points Won_player_2;set1_1st Serve_player_1;set1_1st Serve_player_2;set1_2nd Return Points Won_player_1;set1_2nd Return Points Won_player_2;set1_2nd Serve Points Won_player_1;set1_2nd Serve Points Won_player_2;set1_Aces_player_1;set1_Aces_player_2;set1_Break Points Converted_player_1;set1_Break Points Converted_player_2;set1_Break Points Saved_player_1;set1_Break Points Saved_player_2;set1_Double Faults_player_1;set1_Double Faults_player_2;set1_Return Games Played_player_1;set1_Return Games Played_player_2;set1_Service Games Played_player_1;set1_Service Games Played_player_2;set1_Total Points Won_player_1;set1_Total Points Won_player_2;set1_Total Return Points Won_player_1;set1_Total Return Points Won_player_2;set1_Total Service Points Won_player_1;set1_Total Service Points Won_player_2;set2_1st Return Points Won_player_1;set2_1st Return Points Won_player_2;set2_1st Serve Points Won_player_1;set2_1st Serve Points Won_player_2;set2_1st Serve_player_1;set2_1st Serve_player_2;set2_2nd Return Points Won_player_1;set2_2nd Return Points Won_player_2;set2_2nd Serve Points Won_player_1;set2_2nd Serve Points Won_player_2;set2_Aces_player_1;set2_Aces_player_2;set2_Break Points Converted_player_1;set2_Break Points Converted_player_2;set2_Break Points Saved_player_1;set2_Break Points Saved_player_2;set2_Double Faults_player_1;set2_Double Faults_player_2;set2_Return Games Played_player_1;set2_Return Games Played_player_2;set2_Service Games Played_player_1;set2_Service Games Played_player_2;set2_Total Points Won_player_1;set2_Total Points Won_player_2;set2_Total Return Points Won_player_1;set2_Total Return Points Won_player_2;set2_Total Service Points Won_player_1;set2_Total Service Points Won_player_2;set3_1st Return Points Won_player_1;set3_1st Return Points Won_player_2;set3_1st Serve Points Won_player_1;set3_1st Serve Points Won_player_2;set3_1st Serve_player_1;set3_1st Serve_player_2;set3_2nd Return Points Won_player_1;set3_2nd Return Points Won_player_2;set3_2nd Serve Points Won_player_1;set3_2nd Serve Points Won_player_2;set3_Aces_player_1;set3_Aces_player_2;set3_Break Points Converted_player_1;set3_Break Points Converted_player_2;set3_Break Points Saved_player_1;set3_Break Points Saved_player_2;set3_Double Faults_player_1;set3_Double Faults_player_2;set3_Return Games Played_player_1;set3_Return Games Played_player_2;set3_Service Games Played_player_1;set3_Service Games Played_player_2;set3_Total Points Won_player_1;set3_Total Points Won_player_2;set3_Total Return Points Won_player_1;set3_Total Return Points Won_player_2;set3_Total Service Points Won_player_1;set3_Total Service Points Won_player_2;h2h_wins_player_1;h2h_wins_player_2;Height_player_1;Height_player_2;Date of Birth_player_1;Date of Birth_player_2;Plays_player_1;Plays_player_2;url_match_stats
31/73;19/53;34/53;42/73;53/99;73/108;27/35;26/46;20/46;8/35;0;2;8/19;5/8;3/8;11/19;8;9;12;12;12;12;112/207;95/207;58/108;45/99;54/99;50/108;9/21;4/19;15/19;12/21;19/30;21/42;14/21;7/11;4/11;7/21;0;0;3/6;0/2;2/2;3/6;3;6;4;3;3;4;42/72;30/72;23/42;11/30;19/30;19/42;9/25;7/15;8/15;16/25;15/38;25/28;3/3;12/23;11/23;0/3;0;0;1/4;3/4;1/4;3/4;3;1;4;5;5;4;31/66;35/66;12/28;19/38;19/38;16/28;13/27;8/19;11/19;14/27;19/31;27/38;10/11;7/12;5/12;1/11;0.0;2.0;4/9;2/2;0/2;5/9;2.0;2.0;4.0;4.0;4.0;4.0;39/69;30/69;23/38;15/31;16/31;15/38;1;0;;;32.42;25.5;;;https://wtatennis.com/tournament/1104/anning/2018/scores/RS011
22/50;6/34;28/34;28/50;34/68;50/81;19/31;25/34;9/34;12/31;7;2;6/13;4/9;5/9;7/13;6;7;11;11;11;11;78/149;71/149;41/81;31/68;37/68;40/81;16/33;1/19;18/19;17/33;19/40;33/51;9/18;17/21;4/21;9/18;6;1;3/9;2/3;1/3;6/9;2;4;6;6;6;6;47/91;44/91;25/51;18/40;22/40;26/51;6/17;5/15;10/15;11/17;15/28;17/30;10/13;8/13;5/13;3/13;1;1;3/4;2/6;4/6;1/4;4;3;5;5;5;5;31/58;27/58;16/30;13/28;15/28;14/30;;;;;;;;;;;;;;;;;;;;;;;;;;;;;1;0;;;31.25;26.83;;;https://wtatennis.com/tournament/1104/anning/2018/scores/RS014
29/53;33/69;36/69;24/53;69/99;53/85;16/32;15/30;15/30;16/32;0;0;6/8;6/12;6/12;2/8;6;4;12;12;12;12;96/184;88/184;45/85;48/99;51/99;40/85;14/25;15/33;18/33;11/25;33/45;25/37;5/12;7/12;5/12;7/12;0;0;3/3;3/5;2/5;0/3;4;3;6;6;6;6;42/82;40/82;19/37;22/45;23/45;18/37;15/28;18/36;18/36;13/28;36/54;28/48;11/20;8/18;10/18;9/20;0;0;3/5;3/7;4/7;2/5;2;1;6;6;6;6;54/102;48/102;26/48;26/54;28/54;22/48;;;;;;;;;;;;;;;;;;;;;;;;;;;;;1;0;;;29.25;31.25;;;https://wtatennis.com/tournament/1104/anning/2018/scores/RS012
3/19;8/17;9/17;16/19;17/37;19/37;7/18;17/20;3/20;11/18;0;0;0/2;6/10;4/10;2/2;9;4;6;7;7;6;22/74;52/74;10/37;25/37;12/37;27/37;1/9;7/11;4/11;8/9;11/17;9/18;4/9;5/6;1/6;5/9;0;0;0/1;3/6;3/6;1/1;4;3;3;3;3;3;10/35;25/35;5/18;12/17;5/17;13/18;2/10;1/6;5/6;8/10;6/20;10/19;3/9;12/14;2/14;6/9;0;0;0/1;3/4;1/4;1/1;5;1;3;4;4;3;12/39;27/39;5/19;13/20;7/20;14/19;;;;;;;;;;;;;;;;;;;;;;;;;;;;;0;1;;;23.42;28.42;;;https://wtatennis.com/tournament/1104/anning/2018/scores/RS015
14/35;12/25;13/25;21/35;25/54;35/60;12/25;19/29;10/29;13/25;0;1;2/9;6/11;5/11;7/9;14;2;8;8;8;8;49/114;65/114;26/60;31/54;23/54;34/60;7/17;4/7;3/7;10/17;7/20;17/24;2/7;9/13;4/13;5/7;0;0;0/3;3/7;4/7;3/3;6;0;3;3;3;3;16/44;28/44;9/24;13/20;7/20;15/24;7/18;8/18;10/18;11/18;18/34;18/36;10/18;10/16;6/16;8/18;0;1;2/6;3/4;1/4;4/6;8;2;5;5;5;5;33/70;37/70;17/36;18/34;16/34;19/36;;;;;;;;;;;;;;;;;;;;;;;;;;;;;0;1;;;23.08;36.33;;;https://wtatennis.com/tournament/1104/anning/2018/scores/RS009
14/27;11/31;20/31;13/27;31/47;27/42;13/15;8/16;8/16;2/15;1;0;6/9;2/5;3/5;3/9;2;4;7;8;8;7;55/89;34/89;27/42;19/47;28/47;15/42;5/16;4/12;8/12;11/16;12/20;16/26;10/10;4/8;4/8;0/10;1;0;3/6;1/1;0/1;3/6;1;3;4;4;4;4;27/46;19/46;15/26;8/20;12/20;11/26;9/11;7/19;12/19;2/11;19/27;11/16;3/5;4/8;4/8;2/5;0;0;3/3;1/4;3/4;0/3;1;1;3;4;4;3;28/43;15/43;12/16;11/27;16/27;4/16;;;;;;;;;;;;;;;;;;;;;;;;;;;;;1;0;1.64;;28.83;26.25;Right-Handed;;https://wtatennis.com/tournament/1104/anning/2018/scores/RS010
16/38;21/45;24/45;22/38;45/86;38/57;7/19;26/41;15/41;12/19;0;2;3/7;7/15;8/15;4/7;13;1;9;10;10;9;62/143;81/143;23/57;47/86;39/86;34/57;3/12;10/20;10/20;9/12;20/39;12/15;0/3;12/19;7/19;3/3;0;2;0/0;3/8;5/8;0/0;7;0;3;4;4;3;20/54;34/54;3/15;22/39;17/39;12/15;13/26;11/25;14/25;13/26;25/47;26/42;7/16;14/22;8/22;9/16;0;0;3/7;4/7;3/7;4/7;6;1;6;6;6;6;42/89;47/89;20/42;25/47;22/47;22/42;;;;;;;;;;;;;;;;;;;;;;;;;;;;;0;1;;;34.83;25.42;;;https://wtatennis.com/tournament/1104/anning/2018/scores/RS008
10/34;16/31;15/31;24/34;31/50;34/49;10/15;11/19;8/19;5/15;1;0;2/2;6/8;2/8;0/2;4;4;8;9;9;8;43/99;56/99;20/49;27/50;23/50;29/49;4/17;9/18;9/18;13/17;18/26;17/23;5/6;4/8;4/8;1/6;1;0;1/1;3/3;0/3;0/1;1;2;4;5;5;4;22/49;27/49;9/23;13/26;13/26;14/23;6/17;7/13;6/13;11/17;13/24;17/26;5/9;7/11;4/11;4/9;0;0;1/1;3/5;2/5;0/1;3;2;4;4;4;4;21/50;29/50;11/26;14/24;10/24;15/26;;;;;;;;;;;;;;;;;;;;;;;;;;;;;1;2;;;24.0;28.25;;;https://wtatennis.com/tournament/1104/anning/2018/scores/RS013
15/26;7/27;20/27;11/26;27/56;26/50;15/24;17/29;12/29;9/24;5;0;6/10;2/6;4/6;4/10;8;3;8;8;8;8;62/106;44/106;30/50;24/56;32/56;20/50;7/12;4/19;15/19;5/12;19/30;12/18;2/6;7/11;4/11;4/6;4;0;2/3;0/1;1/1;1/3;3;0;3;4;4;3;28/48;20/48;9/18;11/30;19/30;9/18;8/14;3/8;5/8;6/14;8/26;14/32;13/18;10/18;8/18;5/18;1;0;4/7;2/5;3/5;3/7;5;3;5;4;4;5;34/58;24/58;21/32;13/26;13/26;11/32;;;;;;;;;;;;;;;;;;;;;;;;;;;;;2;0;;;31.25;28.42;;;https://wtatennis.com/tournament/1104/anning/2018/scores/RS007
12/31;5/28;23/28;19/31;28/48;31/49;10/18;5/20;15/20;8/18;0;0;3/5;0/0;0/0;2/5;2;6;8;9;9;8;60/97;37/97;22/49;10/48;38/48;27/49;5/10;2/13;11/13;5/10;13/24;10/17;5/7;4/11;7/11;2/7;0;0;2/4;0/0;0/0;2/4;1;4;3;4;4;3;28/41;13/41;10/17;6/24;18/24;7/17;7/21;3/15;12/15;14/21;15/24;21/32;5/11;1/9;8/9;6/11;0;0;1/1;0/0;0/0;0/1;1;2;5;5;5;5;32/56;24/56;12/32;4/24;20/24;20/32;;;;;;;;;;;;;;;;;;;;;;;;;;;;;1;0;1.64;;28.83;32.42;Right-Handed;;https://wtatennis.com/tournament/1104/anning/2018/scores/RS005
6/21;21/34;13/34;15/21;34/51;21/42;10/21;10/17;7/17;11/21;0;0;2/3;6/6;0/6;1/3;1;3;8;8;8;8;36/93;57/93;16/42;31/51;20/51;26/42;3/8;17/26;9/26;5/8;26/36;8/21;8/13;5/10;5/10;5/13;0;0;2/3;4/4;0/4;1/3;1;2;4;5;5;4;25/57;32/57;11/21;22/36;14/36;10/21;3/13;4/8;4/8;10/13;8/15;13/21;2/8;5/7;2/7;6/8;0;0;0/0;2/2;0/2;0/0;0;1;4;3;3;4;11/36;25/36;5/21;9/15;6/15;16/21;;;;;;;;;;;;;;;;;;;;;;;;;;;;;3;1;;;29.25;28.25;;;https://wtatennis.com/tournament/1104/anning/2018/scores/RS006
11/36;14/41;27/41;25/36;41/64;36/65;13/29;15/23;8/23;16/29;1;0;2/6;4/9;5/9;4/6;3;5;10;9;9;10;59/129;70/129;24/65;29/64;35/64;41/65;7/20;4/15;11/15;13/20;15/30;20/36;6/16;10/15;5/15;10/16;0;0;1/4;2/3;1/3;3/4;2;1;5;4;4;5;29/66;37/66;13/36;14/30;16/30;23/36;4/16;10/26;16/26;12/16;26/34;16/29;7/13;5/8;3/8;6/13;1;0;1/2;2/6;4/6;1/2;1;4;5;5;5;5;30/63;33/63;11/29;15/34;19/34;18/29;;;;;;;;;;;;;;;;;;;;;;;;;;;;;0;1;;;25.42;36.33;;;https://wtatennis.com/tournament/1104/anning/2018/scores/RS004
11/46;5/25;20/25;35/46;25/75;46/62;8/16;28/50;22/50;8/16;2;1;1/2;3/10;7/10;1/2;12;1;11;11;11;11;61/137;76/137;19/62;33/75;42/75;43/62;4/19;3/12;9/12;15/19;12/41;19/32;6/13;14/29;15/29;7/13;0;0;0/1;1/6;5/6;1/1;5;1;5;5;5;5;34/73;39/73;10/32;17/41;24/41;22/32;7/27;2/13;11/13;20/27;13/34;27/30;2/3;14/21;7/21;1/3;2;1;1/1;2/4;2/4;0/1;7;0;6;6;6;6;27/64;37/64;9/30;16/34;18/34;21/30;;;;;;;;;;;;;;;;;;;;;;;;;;;;;0;1;1.64;1.82;28.83;33.67;Right-Handed;Right-Handed;https://wtatennis.com/tournament/1104/anning/2018/scores/LS027
20/43;17/50;33/50;23/43;50/96;43/83;21/40;23/46;23/46;19/40;7;2;6/10;4/8;4/8;4/10;7;8;13;14;14;13;97/179;82/179;41/83;40/96;56/96;42/83;7/15;9/18;9/18;8/15;18/37;15/33;8/18;10/19;9/19;10/18;0;0;2/4;3/4;1/4;2/4;3;1;5;5;5;5;33/70;37/70;15/33;19/37;18/37;18/33;5/9;1/8;7/8;4/9;8/22;9/19;6/10;5/14;9/14;4/10;2;1;2/4;0/0;0/0;2/4;3;3;3;4;4;3;27/41;14/41;11/19;6/22;16/22;8/19;8/19;7/24;17/24;11/19;24/37;19/31;7/12;8/13;5/13;5/12;5.0;1.0;2/2;1/4;3/4;0/2;1.0;4.0;5.0;5.0;5.0;5.0;37/68;31/68;15/31;15/37;22/37;16/31;2;0;1.77;;37.42;31.25;Right-Handed;;https://wtatennis.com/tournament/1104/anning/2018/scores/LS016
13/34;13/49;36/49;21/34;49/80;34/59;13/25;18/31;13/31;12/25;1;0;4/5;3/5;2/5;1/5;7;3;10;11;11;10;75/139;64/139;26/59;31/80;49/80;33/59;4/10;5/19;14/19;6/10;19/32;10/20;5/10;7/13;6/13;5/10;0;0;2/2;1/2;1/2;0/2;4;2;4;5;5;4;29/52;23/52;9/20;12/32;20/32;11/20;9/24;8/30;22/30;15/24;30/48;24/39;8/15;11/18;7/18;7/15;1;0;2/3;2/3;1/3;1/3;3;1;6;6;6;6;46/87;41/87;17/39;19/48;29/48;22/39;;;;;;;;;;;;;;;;;;;;;;;;;;;;;3;0;1.72;;33.0;24.5;Left-Handed;;https://wtatennis.com/tournament/1104/anning/2018/scores/LS028
10/45;12/37;25/37;35/45;37/70;45/65;6/20;19/33;14/33;14/20;3;2;1/5;2/6;4/6;4/5;4;0;11;10;10;11;55/135;80/135;16/65;31/70;39/70;49/65;6/27;8/25;17/25;21/27;25/40;27/37;3/10;10/15;5/15;7/10;3;1;1/2;1/3;2/3;1/2;3;0;6;6;6;6;31/77;46/77;9/37;18/40;22/40;28/37;4/18;4/12;8/12;14/18;12/30;18/28;3/10;9/18;9/18;7/10;0;1;0/3;1/3;2/3;3/3;1;0;5;4;4;5;24/58;34/58;7/28;13/30;17/30;21/28;;;;;;;;;;;;;;;;;;;;;;;;;;;;;1;1;;1.68;34.17;28.0;;Right-Handed;https://wtatennis.com/tournament/1104/anning/2018/scores/LS023
23/56;13/60;47/60;33/56;60/114;56/109;25/53;31/54;23/54;28/53;3;5;6/12;2/15;13/15;6/12;10;5;15;14;14;15;118/223;105/223;48/109;44/114;70/114;61/109;6/24;5/24;19/24;18/24;24/44;24/48;12/24;11/20;9/20;12/24;1;1;1/4;1/4;3/4;3/4;3;3;6;6;6;6;46/92;46/92;18/48;16/44;28/44;30/48;9/19;6/23;17/23;10/19;23/49;19/36;7/17;15/26;11/26;10/17;1;3;2/4;1/9;8/9;2/4;6;1;5;5;5;5;44/85;41/85;16/36;21/49;28/49;20/36;8/13;2/13;11/13;5/13;13/21;13/25;6/12;5/8;3/8;6/12;1.0;1.0;3/4;0/2;2/2;1/4;1.0;1.0;4.0;3.0;3.0;4.0;28/46;18/46;14/25;7/21;14/21;11/25;1;0;1.64;;30.42;25.92;Right-Handed;;https://wtatennis.com/tournament/1104/anning/2018/scores/LS022
28/62;23/52;29/52;34/62;52/90;62/104;28/42;21/38;17/38;14/42;0;3;9/15;7/12;5/12;6/15;10;5;16;16;16;16;102/194;92/194;56/104;44/90;46/90;48/104;11/26;5/15;10/15;15/26;15/33;26/40;9/14;10/18;8/18;5/14;0;2;3/5;2/2;0/2;2/5;4;1;6;6;6;6;38/73;35/73;20/40;15/33;18/33;20/40;10/20;12/21;9/21;10/20;21/34;20/35;10/15;8/13;5/13;5/15;0;1;3/4;4/7;3/7;1/4;4;2;6;6;6;6;34/69;35/69;20/35;20/34;14/34;15/35;7/16;6/16;10/16;9/16;16/23;16/29;9/13;3/7;4/7;4/13;0.0;0.0;3/6;1/3;2/3;3/6;2.0;2.0;4.0;4.0;4.0;4.0;30/52;22/52;16/29;9/23;14/23;13/29;1;0;;;28.75;36.33;Right-Handed;;https://wtatennis.com/tournament/1104/anning/2018/scores/LS026
32/60;24/69;45/69;28/60;69/111;60/97;19/37;27/42;15/42;18/37;1;2;7/12;5/18;13/18;5/12;9;6;14;14;14;14;111/208;97/208;51/97;51/111;60/111;46/97;7/10;8/25;17/25;3/10;25/36;10/19;7/9;8/11;3/11;2/9;1;0;3/3;2/7;5/7;0/3;2;0;4;5;5;4;34/55;21/55;14/19;16/36;20/36;5/19;12/25;7/17;10/17;13/25;17/27;25/37;6/12;8/10;2/10;6/12;0;2;2/4;3/5;2/5;2/4;3;4;5;5;5;5;30/64;34/64;18/37;15/27;12/27;19/37;13/25;9/27;18/27;12/25;27/48;25/41;6/16;11/21;10/21;10/16;0.0;0.0;2/5;0/6;6/6;3/5;4.0;2.0;5.0;4.0;4.0;5.0;47/89;42/89;19/41;20/48;28/48;22/41;2;0;1.76;;28.33;28.25;Right-Handed;;https://wtatennis.com/tournament/1104/anning/2018/scores/LS017
16/44;17/51;34/51;28/44;51/61;44/67;17/23;6/10;4/10;6/23;0;0;4/10;2/4;2/4;6/10;4;6;9;10;10;9;71/128;57/128;33/67;23/61;38/61;34/67;3/14;5/20;15/20;11/14;20/26;14/26;9/12;4/6;2/6;3/12;0;0;2/3;1/2;1/2;1/3;3;4;5;5;5;5;29/52;23/52;12/26;9/26;17/26;14/26;13/30;12/31;19/31;17/30;31/35;30/41;8/11;2/4;2/4;3/11;0;0;2/7;1/2;1/2;5/7;1;2;4;5;5;4;42/76;34/76;21/41;14/35;21/35;20/41;;;;;;;;;;;;;;;;;;;;;;;;;;;;;1;0;1.7;;29.33;33.42;Right-Handed;;https://wtatennis.com/tournament/1104/anning/2018/scores/LS020
12/33;8/18;10/18;21/33;18/36;33/46;4/13;13/18;5/18;9/13;3;0;1/1;5/7;2/7;0/1;6;0;8;7;7;8;31/82;51/82;16/46;21/36;15/36;30/46;6/16;3/9;6/9;10/16;9/20;16/23;1/7;6/11;5/11;6/7;2;0;0/0;2/3;1/3;0/0;4;0;4;4;4;4;18/43;25/43;7/23;9/20;11/20;16/23;6/17;5/9;4/9;11/17;9/16;17/23;3/6;7/7;0/7;3/6;1;0;1/1;3/4;1/4;0/1;2;0;4;3;3;4;13/39;26/39;9/23;12/16;4/16;14/23;;;;;;;;;;;;;;;;;;;;;;;;;;;;;0;1;1.7;1.7;27.5;26.08;Right-Handed;Right-Handed;https://wtatennis.com/tournament/1104/anning/2018/scores/LS024
9/29;14/25;11/25;20/29;25/44;29/43;8/14;18/19;1/19;6/14;1;0;1/4;7/10;3/10;3/4;6;4;6;7;7;6;29/87;58/87;17/43;32/44;12/44;26/43;3/10;5/8;3/8;7/10;8/15;10/17;2/7;7/7;0/7;5/7;0;0;0/0;3/3;0/3;0/0;3;2;3;3;3;3;8/32;24/32;5/17;12/15;3/15;12/17;6/19;9/17;8/17;13/19;17/29;19/26;6/7;11/12;1/12;1/7;1;0;1/4;4/7;3/7;3/4;3;2;3;4;4;3;21/55;34/55;12/26;20/29;9/29;14/26;;;;;;;;;;;;;;;;;;;;;;;;;;;;;1;3;;;25.08;27.08;;Right-Handed;https://wtatennis.com/tournament/1104/anning/2018/scores/LS021
11/24;14/43;29/43;13/24;43/50;24/54;16/30;3/7;4/7;14/30;2;1;5/8;1/3;2/3;3/8;2;2;9;8;8;9;60/104;44/104;27/54;17/50;33/50;27/54;6/16;10/28;18/28;10/16;28/32;16/33;8/17;2/4;2/4;9/17;1;1;2/5;1/3;2/3;3/5;2;1;5;5;5;5;34/65;31/65;14/33;12/32;20/32;19/33;5/8;4/15;11/15;3/8;15/18;8/21;8/13;1/3;2/3;5/13;1;0;3/3;0/0;0/0;0/3;0;1;4;3;3;4;26/39;13/39;13/21;5/18;13/18;8/21;;;;;;;;;;;;;;;;;;;;;;;;;;;;;2;0;;;33.17;31.75;Right-Handed;;https://wtatennis.com/tournament/1104/anning/2018/scores/LS018
9/29;13/25;12/25;20/29;25/48;29/49;7/20;15/23;8/23;13/20;1;0;1/1;5/8;3/8;0/1;3;1;8;7;7;8;36/97;61/97;16/49;28/48;20/48;33/49;5/10;5/9;4/9;5/10;9/19;10/24;4/14;7/10;3/10;10/14;0;0;1/1;3/3;0/3;0/1;0;0;4;4;4;4;16/43;27/43;9/24;12/19;7/19;15/24;4/19;8/16;8/16;15/19;16/29;19/25;3/6;8/13;5/13;3/6;1;0;0/0;2/5;3/5;0/0;3;1;4;3;3;4;20/54;34/54;7/25;16/29;13/29;18/25;;;;;;;;;;;;;;;;;;;;;;;;;;;;;0;1;;1.63;22.75;30.42;;Right-Handed;https://wtatennis.com/tournament/1104/anning/2018/scores/LS030
26/72;25/68;43/68;46/72;68/114;72/115;23/43;28/46;18/46;20/43;0;3;7/17;7/13;6/13;10/17;12;8;17;17;17;17;110/229;119/229;49/115;53/114;61/114;66/115;6/20;8/29;21/29;14/20;29/44;20/29;3/9;9/15;6/15;6/9;0;2;2/3;1/4;3/4;1/3;5;0;6;6;6;6;36/73;37/73;9/29;17/44;27/44;20/29;13/32;10/21;11/21;19/32;21/38;32/55;13/23;9/17;8/17;10/23;0;0;3/10;3/3;0/3;7/10;3;4;6;6;6;6;45/93;48/93;26/55;19/38;19/38;29/55;7/20;7/18;11/18;13/20;18/32;20/31;7/11;10/14;4/14;4/11;0.0;1.0;2/4;3/6;3/6;2/4;4.0;4.0;5.0;5.0;5.0;5.0;29/63;34/63;14/31;17/32;15/32;17/31;0;2;;1.7;32.0;29.08;Right-Handed;Right-Handed;https://wtatennis.com/tournament/1104/anning/2018/scores/LS031
1/26;8/19;11/19;25/26;19/39;26/38;5/12;14/20;6/20;7/12;0;5;0/0;4/7;3/7;0/0;3;1;8;7;7;8;23/77;54/77;6/38;22/39;17/39;32/38;0/14;4/8;4/8;14/14;8/15;14/18;2/4;6/7;1/7;2/4;0;3;0/0;2/2;0/2;0/0;2;0;4;3;3;4;7/33;26/33;2/18;10/15;5/15;16/18;1/12;4/11;7/11;11/12;11/24;12/20;3/8;8/13;5/13;5/8;0;2;0/0;2/5;3/5;0/0;1;1;4;4;4;4;16/44;28/44;4/20;12/24;12/24;16/20;;;;;;;;;;;;;;;;;;;;;;;;;;;;;0;1;;1.7;25.17;32.17;;Right-Handed;https://wtatennis.com/tournament/1104/anning/2018/scores/LS019
19/60;25/64;39/64;41/60;64/92;60/94;18/34;16/28;12/28;16/34;0;2;3/12;4/13;9/13;9/12;5;5;12;12;12;12;88/186;98/186;37/94;41/92;51/92;57/94;12/34;13/36;23/36;22/34;36/47;34/49;5/15;5/11;6/11;10/15;0;1;1/7;1/6;5/6;6/7;2;1;6;6;6;6;46/96;50/96;17/49;18/47;29/47;32/49;7/26;12/28;16/28;19/26;28/45;26/45;13/19;11/17;6/17;6/19;0;1;2/5;3/7;4/7;3/5;3;4;6;6;6;6;42/90;48/90;20/45;23/45;22/45;25/45;;;;;;;;;;;;;;;;;;;;;;;;;;;;;0;2;1.63;1.7;30.42;29.08;Right-Handed;Right-Handed;https://wtatennis.com/tournament/1104/anning/2018/scores/LS015
15/28;8/25;17/25;13/28;25/41;28/45;12/17;6/16;10/16;5/17;0;0;6/8;1/2;1/2;2/8;1;1;8;7;7;8;54/86;32/86;27/45;14/41;27/41;18/45;8/18;5/15;10/15;10/18;15/24;18/29;7/11;4/9;5/9;4/11;0;0;3/3;1/2;1/2;0/3;1;0;5;4;4;5;30/53;23/53;15/29;9/24;15/24;14/29;7/10;3/10;7/10;3/10;10/17;10/16;5/6;2/7;5/7;1/6;0;0;3/5;0/0;0/0;2/5;0;1;3;3;3;3;24/33;9/33;12/16;5/17;12/17;4/16;;;;;;;;;;;;;;;;;;;;;;;;;;;;;6;1;1.72;1.69;33.0;30.58;Left-Handed;Right-Handed;https://wtatennis.com/tournament/1104/anning/2018/scores/LS014
34/73;26/54;28/54;39/73;54/83;73/113;27/40;12/29;17/29;13/40;3;0;10/16;6/6;0/6;6/16;3;14;15;14;14;15;106/196;90/196;61/113;38/83;45/83;52/113;7/15;7/14;7/14;8/15;14/18;15/30;12/15;1/4;3/4;3/15;0;0;4/6;2/2;0/2;2/6;0;4;4;4;4;4;29/48;19/48;19/30;8/18;10/18;11/30;11/29;11/26;15/26;18/29;26/40;29/42;8/13;6/14;8/14;5/13;1;0;2/3;2/2;0/2;1/3;1;6;6;6;6;6;42/82;40/82;19/42;17/40;23/40;23/42;16/29;8/14;6/14;13/29;14/25;29/41;7/12;5/11;6/11;5/12;2.0;0.0;4/7;2/2;0/2;3/7;2.0;4.0;5.0;4.0;4.0;5.0;35/66;31/66;23/41;13/25;12/25;18/41;2;0;1.7;;29.33;27.08;Right-Handed;Right-Handed;https://wtatennis.com/tournament/1104/anning/2018/scores/LS010
31/67;27/66;39/66;36/67;66/97;67/118;31/51;18/31;13/31;20/51;4;0;9/27;7/13;6/13;18/27;6;9;16;15;15;16;114/215;101/215;62/118;45/97;52/97;56/118;11/23;15/29;14/29;12/23;29/49;23/50;16/27;13/20;7/20;11/27;2;0;4/13;5/10;5/10;9/13;5;5;6;6;6;6;48/99;51/99;27/50;28/49;21/49;23/50;10/24;8/22;14/22;14/24;22/28;24/38;8/14;1/6;5/6;6/14;1;0;2/7;1/2;1/2;5/7;1;2;5;5;5;5;37/66;29/66;18/38;9/28;19/28;20/38;10/20;4/15;11/15;10/20;15/20;20/30;7/10;4/5;1/5;3/10;1.0;0.0;3/7;1/1;0/1;4/7;0.0;2.0;5.0;4.0;4.0;5.0;29/50;21/50;17/30;8/20;12/20;13/30;1;0;1.77;1.76;37.42;28.33;Right-Handed;Right-Handed;https://wtatennis.com/tournament/1104/anning/2018/scores/LS008
14/49;24/52;28/52;35/49;52/97;49/78;21/29;27/45;18/45;8/29;1;3;5/8;8/19;11/19;3/8;10;5;12;13;13;12;81/175;94/175;35/78;51/97;46/97;43/78;1/16;10/22;12/22;15/16;22/40;16/25;9/9;11/18;7/18;0/9;0;0;1/2;3/7;4/7;1/2;5;3;4;5;5;4;29/65;36/65;10/25;21/40;19/40;15/25;10/21;7/17;10/17;11/21;17/26;21/36;11/15;6/9;3/9;4/15;0;2;4/6;2/6;4/6;2/6;1;1;5;4;4;5;34/62;28/62;21/36;13/26;13/26;15/36;3/12;7/13;6/13;9/12;13/31;12/17;1/5;10/18;8/18;4/5;1.0;1.0;0/0;3/6;3/6;0/0;4.0;1.0;3.0;4.0;4.0;3.0;18/48;30/48;4/17;17/31;14/31;13/17;1;2;1.82;1.82;28.75;33.67;Right-Handed;Right-Handed;https://wtatennis.com/tournament/1104/anning/2018/scores/LS013
25/61;9/35;26/35;36/61;35/87;61/92;16/31;26/52;26/52;15/31;3;2;4/8;4/4;0/4;4/8;3;5;12;12;12;12;93/179;86/179;41/92;35/87;52/87;51/92;10/31;7/23;16/23;21/31;23/42;31/45;9/14;8/19;11/19;5/14;2;1;1/3;1/1;0/1;2/3;1;2;6;6;6;6;46/87;41/87;19/45;15/42;27/42;26/45;15/30;2/12;10/12;15/30;12/45;30/47;7/17;18/33;15/33;10/17;1;1;3/5;3/3;0/3;2/5;2;3;6;6;6;6;47/92;45/92;22/47;20/45;25/45;25/47;;;;;;;;;;;;;;;;;;;;;;;;;;;;;2;0;1.64;1.68;30.42;28.0;Right-Handed;Right-Handed;https://wtatennis.com/tournament/1104/anning/2018/scores/LS011
26/54;31/58;27/58;28/54;58/78;54/96;22/42;8/20;12/20;20/42;1;1;6/15;6/15;9/15;9/15;2;5;13;12;12;13;87/174;87/174;48/96;39/78;39/78;48/96;13/24;21/34;13/34;11/24;34/46;24/45;10/21;3/12;9/12;11/21;0;0;3/6;3/9;6/9;3/6;0;0;6;6;6;6;45/91;46/91;23/45;24/46;22/46;22/45;3/12;8/12;4/12;9/12;12/17;12/20;4/8;4/5;1/5;4/8;0;1;0/1;3/6;3/6;1/1;2;1;3;3;3;3;12/37;25/37;7/20;12/17;5/17;13/20;10/18;2/12;10/12;8/18;12/15;18/31;8/13;1/3;2/3;5/13;1.0;0.0;3/8;0/0;0/0;5/8;0.0;4.0;4.0;3.0;3.0;4.0;30/46;16/46;18/31;3/15;12/15;13/31;1;1;;1.7;33.17;32.17;Right-Handed;Right-Handed;https://wtatennis.com/tournament/1104/anning/2018/scores/LS009
28/61;19/48;29/48;33/61;48/72;61/100;24/39;16/24;8/24;15/39;0;1;7/12;6/7;1/7;5/12;5;3;14;13;13;14;89/172;83/172;52/100;35/72;37/72;48/100;9/22;3/16;13/16;13/22;16/20;22/37;9/15;1/4;3/4;6/15;0;0;2/3;0/0;0/0;1/3;1;1;5;4;4;5;34/57;23/57;18/37;4/20;16/20;19/37;10/24;8/14;6/14;14/24;14/23;24/32;4/8;6/9;3/9;4/8;0;0;1/4;3/3;0/3;3/4;3;1;4;4;4;4;23/55;32/55;14/32;14/23;9/23;18/32;9/15;8/18;10/18;6/15;18/29;15/31;11/16;9/11;2/11;5/16;0.0;1.0;4/5;3/4;1/4;1/5;1.0;1.0;5.0;5.0;5.0;5.0;32/60;28/60;20/31;17/29;12/29;11/31;5;1;1.72;1.7;33.0;29.08;Left-Handed;Right-Handed;https://wtatennis.com/tournament/1104/anning/2018/scores/LS007
20/44;20/51;31/51;24/44;51/90;44/90;30/46;18/39;21/39;16/46;0;1;8/14;4/10;6/10;6/14;2;10;13;13;13;13;102/180;78/180;50/90;38/90;52/90;40/90;12/28;11/20;9/20;16/28;20/38;28/50;11/22;8/18;10/18;11/22;0;1;2/6;3/4;1/4;4/6;0;3;6;6;6;6;42/88;46/88;23/50;19/38;19/38;27/50;6/10;5/13;8/13;4/10;13/25;10/24;11/14;6/12;6/12;3/14;0;0;4/6;1/4;3/4;2/6;2;6;4;3;3;4;31/49;18/49;17/24;11/25;14/25;7/24;2/6;4/18;14/18;4/6;18/27;6/16;8/10;4/9;5/9;2/10;0.0;0.0;2/2;0/2;2/2;0/2;0.0;1.0;3.0;4.0;4.0;3.0;29/43;14/43;10/16;8/27;19/27;6/16;2;0;1.7;1.64;29.33;30.42;Right-Handed;Right-Handed;https://wtatennis.com/tournament/1104/anning/2018/scores/LS005
12/27;4/26;22/26;15/27;26/37;27/49;18/22;4/11;7/11;4/22;2;3;5/11;0/1;1/1;6/11;1;2;6;7;7;6;59/86;27/86;30/49;8/37;29/37;19/49;4/10;3/17;14/17;6/10;17/24;10/18;7/8;4/7;3/7;1/8;2;1;2/3;0/1;1/1;1/3;1;1;3;4;4;3;28/42;14/42;11/18;7/24;17/24;7/18;8/17;1/9;8/9;9/17;9/13;17/31;11/14;0/4;4/4;3/14;0;2;3/8;0/0;0/0;5/8;0;1;3;3;3;3;31/44;13/44;19/31;1/13;12/13;12/31;;;;;;;;;;;;;;;;;;;;;;;;;;;;;1;0;1.77;;37.42;33.17;Right-Handed;Right-Handed;https://wtatennis.com/tournament/1104/anning/2018/scores/LS004
20/48;23/47;24/47;28/48;47/70;48/71;11/23;16/23;7/23;12/23;0;2;3/9;7/13;6/13;6/9;5;3;9;10;10;9;62/141;79/141;31/71;39/70;31/70;40/71;16/35;12/27;15/27;19/35;27/44;35/54;11/19;12/17;5/17;8/19;0;0;3/8;4/9;5/9;5/8;2;3;6;6;6;6;47/98;51/98;27/54;24/44;20/44;27/54;4/13;11/20;9/20;9/13;20/26;13/17;0/4;4/6;2/6;4/4;0;2;0/1;3/4;1/4;1/1;3;0;3;4;4;3;15/43;28/43;4/17;15/26;11/26;13/17;;;;;;;;;;;;;;;;;;;;;;;;;;;;;4;2;1.77;1.7;37.42;29.33;Right-Handed;Right-Handed;https://wtatennis.com/tournament/1104/anning/2018/scores/LS002
7/29;11/24;13/24;22/29;24/48;29/38;3/9;18/24;6/24;6/9;0;1;0/0;5/9;4/9;0/0;8;0;7;7;7;7;29/86;57/86;10/38;29/48;19/48;28/38;2/14;6/13;7/13;12/14;13/28;14/20;2/6;9/15;6/15;4/6;0;1;0/0;2/5;3/5;0/0;4;0;4;4;4;4;17/48;31/48;4/20;15/28;13/28;16/20;5/15;5/11;6/11;10/15;11/20;15/18;1/3;9/9;0/9;2/3;0;0;0/0;3/4;1/4;0/0;4;0;3;3;3;3;12/38;26/38;6/18;14/20;6/20;12/18;;;;;;;;;;;;;;;;;;;;;;;;;;;;;1;3;;1.69;28.58;30.75;N/A;Right-Handed;https://wtatennis.com/tournament/1104/anning/2018/scores/LS029
