statut;duration;stage;url_match_stats;player_1_name;player_1_set_1;player_1_set_1_tiebreak;player_1_set_2;player_1_set_2_tiebreak;player_1_set_3;player_1_set_3_tiebreak;player_2_name;player_2_set_1;player_2_set_1_tiebreak;player_2_set_2;player_2_set_2_tiebreak;player_2_set_3;player_2_set_3_tiebreak;scores_link
Completed;0:56;Qualifying;https://wtatennis.com/tournament/800/adelaide-1/2019/scores/RS026;H.Dart;6;;6;;-;;C.Dolehide;0;;2;;-;;https://www.wtatennis.com/tournament/800/adelaide-1/2019/scores
Completed;1:16;Qualifying;https://wtatennis.com/tournament/800/adelaide-1/2019/scores/RS028;B.Pera;4;;4;;-;;M.Frech;6;;6;;-;;https://www.wtatennis.com/tournament/800/adelaide-1/2019/scores
Completed;1:15;Qualifying;https://wtatennis.com/tournament/800/adelaide-1/2019/scores/RS027;A.Kiick;4;;4;;-;;K.Kozlova;6;;6;;-;;https://www.wtatennis.com/tournament/800/adelaide-1/2019/scores
Completed;2:40;Qualifying;https://wtatennis.com/tournament/800/adelaide-1/2019/scores/RS017;V.Tomova;4;;7;;6;;J.Brady;6;;6;8;2;;https://www.wtatennis.com/tournament/800/adelaide-1/2019/scores
Completed;0:58;Qualifying;https://wtatennis.com/tournament/800/adelaide-1/2019/scores/RS029;N.Bains;3;;0;;-;;V.Golubic;6;;6;;-;;https://www.wtatennis.com/tournament/800/adelaide-1/2019/scores
Completed;1:40;Qualifying;https://wtatennis.com/tournament/800/adelaide-1/2019/scores/RS022;Y.Wickmayer;6;;3;;2;;Z.Hives;4;;6;;6;;https://www.wtatennis.com/tournament/800/adelaide-1/2019/scores
Completed;2:03;Qualifying;https://wtatennis.com/tournament/800/adelaide-1/2019/scores/RS023;N.Gibbs;7;;3;;2;;A.Potapova;5;;6;;6;;https://www.wtatennis.com/tournament/800/adelaide-1/2019/scores
Completed;1:09;Qualifying;https://wtatennis.com/tournament/800/adelaide-1/2019/scores/RS016;A.Krunic;3;;0;;-;;C.Mchale;6;;6;;-;;https://www.wtatennis.com/tournament/800/adelaide-1/2019/scores
Completed;1:55;Qualifying;https://wtatennis.com/tournament/800/adelaide-1/2019/scores/RS020;D.Yastremska;3;;6;;6;;V.Lepchenko;6;;1;;4;;https://www.wtatennis.com/tournament/800/adelaide-1/2019/scores
Completed;0:56;Qualifying;https://wtatennis.com/tournament/800/adelaide-1/2019/scores/RS021;L.Cabrera;2;;2;;-;;K.Muchova;6;;6;;-;;https://www.wtatennis.com/tournament/800/adelaide-1/2019/scores
Completed;2:05;Qualifying;https://wtatennis.com/tournament/800/adelaide-1/2019/scores/RS031;M.Kostyuk;6;3;6;;6;;H.Watson;7;;2;;3;;https://www.wtatennis.com/tournament/800/adelaide-1/2019/scores
Completed;1:32;Qualifying;https://wtatennis.com/tournament/800/adelaide-1/2019/scores/RS030;M.Bouzkova;7;;6;;-;;C.Perrin;5;;4;;-;;https://www.wtatennis.com/tournament/800/adelaide-1/2019/scores
Completed;2:17;Qualifying;https://wtatennis.com/tournament/800/adelaide-1/2019/scores/RS019;K.Nara;6;;1;;6;9;M.Minella;3;;6;;7;;https://www.wtatennis.com/tournament/800/adelaide-1/2019/scores
Completed;1:07;Qualifying;https://wtatennis.com/tournament/800/adelaide-1/2019/scores/RS025;L.Hradecka;6;;6;;-;;O.Danilovic;4;;3;;-;;https://www.wtatennis.com/tournament/800/adelaide-1/2019/scores
Completed;1:46;Qualifying;https://wtatennis.com/tournament/800/adelaide-1/2019/scores/RS024;A.Petkovic;6;;3;;6;;S.Zhuk;2;;6;;2;;https://www.wtatennis.com/tournament/800/adelaide-1/2019/scores
Completed;1:20;Qualifying;https://wtatennis.com/tournament/800/adelaide-1/2019/scores/RS018;D.Aiava;6;;6;;-;;V.King;3;;4;;-;;https://www.wtatennis.com/tournament/800/adelaide-1/2019/scores
Completed;1:25;Qualifying;https://wtatennis.com/tournament/800/adelaide-1/2019/scores/RS008;C.Mchale;6;;6;;-;;V.Tomova;4;;3;;-;;https://www.wtatennis.com/tournament/800/adelaide-1/2019/scores
Completed;2:29;Qualifying;https://wtatennis.com/tournament/800/adelaide-1/2019/scores/RS009;D.Aiava;6;4;6;;7;;M.Minella;7;;2;;6;7;https://www.wtatennis.com/tournament/800/adelaide-1/2019/scores
Completed;1:19;Qualifying;https://wtatennis.com/tournament/800/adelaide-1/2019/scores/RS014;M.Frech;4;;4;;-;;V.Golubic;6;;6;;-;;https://www.wtatennis.com/tournament/800/adelaide-1/2019/scores
Completed;2:26;Qualifying;https://wtatennis.com/tournament/800/adelaide-1/2019/scores/RS013;H.Dart;2;;6;;7;;K.Kozlova;6;;1;;6;7;https://www.wtatennis.com/tournament/800/adelaide-1/2019/scores
Completed;0:42;Qualifying;https://wtatennis.com/tournament/800/adelaide-1/2019/scores/RS012;A.Petkovic;6;;6;;-;;L.Hradecka;1;;1;;-;;https://www.wtatennis.com/tournament/800/adelaide-1/2019/scores
Completed;1:04;Qualifying;https://wtatennis.com/tournament/800/adelaide-1/2019/scores/RS015;M.Bouzkova;6;;6;;-;;M.Kostyuk;3;;1;;-;;https://www.wtatennis.com/tournament/800/adelaide-1/2019/scores
Completed;0:57;Qualifying;https://wtatennis.com/tournament/800/adelaide-1/2019/scores/RS010;D.Yastremska;2;;1;;-;;K.Muchova;6;;5;;-;;https://www.wtatennis.com/tournament/800/adelaide-1/2019/scores
Completed;1:51;Qualifying;https://wtatennis.com/tournament/800/adelaide-1/2019/scores/RS011;Z.Hives;3;;6;;5;;A.Potapova;6;;4;;7;;https://www.wtatennis.com/tournament/800/adelaide-1/2019/scores
Completed;1:21;Qualifying;https://wtatennis.com/tournament/800/adelaide-1/2019/scores/RS004;C.Mchale;5;;1;;-;;D.Aiava;7;;6;;-;;https://www.wtatennis.com/tournament/800/adelaide-1/2019/scores
Completed;2:04;Qualifying;https://wtatennis.com/tournament/800/adelaide-1/2019/scores/RS007;V.Golubic;6;;1;;2;;M.Bouzkova;4;;6;;6;;https://www.wtatennis.com/tournament/800/adelaide-1/2019/scores
Completed;1:54;Qualifying;https://wtatennis.com/tournament/800/adelaide-1/2019/scores/RS005;K.Muchova;6;;6;5;0;;A.Potapova;1;;7;;6;;https://www.wtatennis.com/tournament/800/adelaide-1/2019/scores
Completed;1:20;Qualifying;https://wtatennis.com/tournament/800/adelaide-1/2019/scores/RS006;A.Petkovic;5;;2;;-;;H.Dart;7;;6;;-;;https://www.wtatennis.com/tournament/800/adelaide-1/2019/scores
Completed;2:12;Round of 32;https://wtatennis.com/tournament/800/adelaide-1/2019/scores/LS022;M.Bouzkova;4;;6;;6;;S.Stosur;6;;2;;2;;https://www.wtatennis.com/tournament/800/adelaide-1/2019/scores
Completed;0:52;Round of 32;https://wtatennis.com/tournament/800/adelaide-1/2019/scores/LS026;A.Kontaveit;6;;6;;-;;C.Suarez Navarro;0;;3;;-;;https://www.wtatennis.com/tournament/800/adelaide-1/2019/scores
Completed;2:00;Round of 32;https://wtatennis.com/tournament/800/adelaide-1/2019/scores/LS029;H.Dart;1;;6;;6;;P.Hon;6;;3;;4;;https://www.wtatennis.com/tournament/800/adelaide-1/2019/scores
Completed;1:06;Round of 32;https://wtatennis.com/tournament/800/adelaide-1/2019/scores/LS018;D.Vekic;6;;6;;-;;M.Rybarikova;1;;2;;-;;https://www.wtatennis.com/tournament/800/adelaide-1/2019/scores
Completed;2:29;Round of 32;https://wtatennis.com/tournament/800/adelaide-1/2019/scores/LS019;E.Mertens;2;;7;;4;;K.Bertens;6;;6;6;6;;https://www.wtatennis.com/tournament/800/adelaide-1/2019/scores
Completed;1:48;Round of 32;https://wtatennis.com/tournament/800/adelaide-1/2019/scores/LS030;K.Mladenovic;3;;6;2;-;;D.Aiava;6;;7;;-;;https://www.wtatennis.com/tournament/800/adelaide-1/2019/scores
Completed;3:06;Round of 32;https://wtatennis.com/tournament/800/adelaide-1/2019/scores/LS024;D.Kasatkina;7;;4;;6;3;K.Birrell;5;;6;;7;;https://www.wtatennis.com/tournament/800/adelaide-1/2019/scores
Completed;0:57;Round of 32;https://wtatennis.com/tournament/800/adelaide-1/2019/scores/LS025;M.Buzarnescu;0;;2;;-;;L.Tsurenko;6;;6;;-;;https://www.wtatennis.com/tournament/800/adelaide-1/2019/scores
Completed;2:17;Round of 32;https://wtatennis.com/tournament/800/adelaide-1/2019/scores/LS023;Y.Putintseva;6;;3;;4;;K.Pliskova;4;;6;;6;;https://www.wtatennis.com/tournament/800/adelaide-1/2019/scores
Completed;1:26;Round of 16;https://wtatennis.com/tournament/800/adelaide-1/2019/scores/LS012;K.Birrell;4;;3;;-;;L.Tsurenko;6;;6;;-;;https://www.wtatennis.com/tournament/800/adelaide-1/2019/scores
Completed;1:08;Round of 16;https://wtatennis.com/tournament/800/adelaide-1/2019/scores/LS015;D.Aiava;3;;2;;-;;N.Osaka;6;;6;;-;;https://www.wtatennis.com/tournament/800/adelaide-1/2019/scores
Completed;3:01;Round of 32;https://wtatennis.com/tournament/800/adelaide-1/2019/scores/LS027;D.Collins;7;;6;6;3;;P.Kvitova;6;6;7;;6;;https://www.wtatennis.com/tournament/800/adelaide-1/2019/scores
Completed;1:34;Round of 32;https://wtatennis.com/tournament/800/adelaide-1/2019/scores/LS017;A.Sasnovich;6;;7;;-;;A.Potapova;4;;5;;-;;https://www.wtatennis.com/tournament/800/adelaide-1/2019/scores
Completed;1:23;Round of 32;https://wtatennis.com/tournament/800/adelaide-1/2019/scores/LS028;A.Sevastova;6;;6;;-;;D.Gavrilova;3;;3;;-;;https://www.wtatennis.com/tournament/800/adelaide-1/2019/scores
Completed;1:30;Round of 32;https://wtatennis.com/tournament/800/adelaide-1/2019/scores/LS021;K.Siniakova;6;;3;;0;;A.Tomljanovic;1;;6;;6;;https://www.wtatennis.com/tournament/800/adelaide-1/2019/scores
Completed;1:52;Round of 32;https://wtatennis.com/tournament/800/adelaide-1/2019/scores/LS020;S.Stephens;4;;3;;-;;J.Konta;6;;6;;-;;https://www.wtatennis.com/tournament/800/adelaide-1/2019/scores
Completed;1:47;Round of 16;https://wtatennis.com/tournament/800/adelaide-1/2019/scores/LS008;E.Svitolina;4;;6;;3;;A.Sasnovich;6;;0;;6;;https://www.wtatennis.com/tournament/800/adelaide-1/2019/scores
Completed;1:45;Round of 16;https://wtatennis.com/tournament/800/adelaide-1/2019/scores/LS010;J.Konta;2;;6;2;-;;A.Tomljanovic;6;;7;;-;;https://www.wtatennis.com/tournament/800/adelaide-1/2019/scores
Completed;1:21;Round of 16;https://wtatennis.com/tournament/800/adelaide-1/2019/scores/LS011;M.Bouzkova;5;;2;;-;;K.Pliskova;7;;6;;-;;https://www.wtatennis.com/tournament/800/adelaide-1/2019/scores
Completed;2:22;Round of 16;https://wtatennis.com/tournament/800/adelaide-1/2019/scores/LS009;D.Vekic;7;;1;;7;;K.Bertens;6;5;6;;5;;https://www.wtatennis.com/tournament/800/adelaide-1/2019/scores
Completed;1:38;Round of 16;https://wtatennis.com/tournament/800/adelaide-1/2019/scores/LS013;A.Kontaveit;7;;7;;-;;P.Kvitova;5;;6;1;-;;https://www.wtatennis.com/tournament/800/adelaide-1/2019/scores
Completed;0:56;Round of 16;https://wtatennis.com/tournament/800/adelaide-1/2019/scores/LS014;A.Sevastova;6;;6;;-;;H.Dart;2;;0;;-;;https://www.wtatennis.com/tournament/800/adelaide-1/2019/scores
Completed;1:30;Quarterfinal;https://wtatennis.com/tournament/800/adelaide-1/2019/scores/LS006;L.Tsurenko;7;;6;;-;;A.Kontaveit;5;;3;;-;;https://www.wtatennis.com/tournament/800/adelaide-1/2019/scores
Completed;1:31;Quarterfinal;https://wtatennis.com/tournament/800/adelaide-1/2019/scores/LS007;A.Sevastova;6;;0;;4;;N.Osaka;3;;6;;6;;https://www.wtatennis.com/tournament/800/adelaide-1/2019/scores
Completed;1:23;Quarterfinal;https://wtatennis.com/tournament/800/adelaide-1/2019/scores/LS005;A.Tomljanovic;1;;6;;1;;K.Pliskova;6;;1;;6;;https://www.wtatennis.com/tournament/800/adelaide-1/2019/scores
Completed;0:56;Quarterfinal;https://wtatennis.com/tournament/800/adelaide-1/2019/scores/LS004;A.Sasnovich;2;;0;;-;;D.Vekic;6;;6;;-;;https://www.wtatennis.com/tournament/800/adelaide-1/2019/scores
Completed;1:20;Semifinal;https://wtatennis.com/tournament/800/adelaide-1/2019/scores/LS002;D.Vekic;3;;4;;-;;K.Pliskova;6;;6;;-;;https://www.wtatennis.com/tournament/800/adelaide-1/2019/scores
Completed;1:05;Semifinal;https://wtatennis.com/tournament/800/adelaide-1/2019/scores/LS003;L.Tsurenko;6;;6;;-;;N.Osaka;2;;4;;-;;https://www.wtatennis.com/tournament/800/adelaide-1/2019/scores
Completed;2:12;Final;https://wtatennis.com/tournament/800/adelaide-1/2019/scores/LS001;K.Pliskova;4;;7;;6;;L.Tsurenko;6;;5;;2;;https://www.wtatennis.com/tournament/800/adelaide-1/2019/scores
