statut;duration;stage;url_match_stats;player_1_name;player_1_set_1;player_1_set_1_tiebreak;player_1_set_2;player_1_set_2_tiebreak;player_1_set_3;player_1_set_3_tiebreak;player_2_name;player_2_set_1;player_2_set_1_tiebreak;player_2_set_2;player_2_set_2_tiebreak;player_2_set_3;player_2_set_3_tiebreak;scores_link
Completed;1:24;Qualifying;https://wtatennis.com/tournament/710/eastbourne/2019/scores/RS023;U.Radwanska;6;3;1;;-;;M.Linette;7;;6;;-;;https://www.wtatennis.com/tournament/710/eastbourne/2019/scores
Completed;0:50;Qualifying;https://wtatennis.com/tournament/710/eastbourne/2019/scores/RS019;A.Barnett;1;;1;;-;;Z.Diyas;6;;6;;-;;https://www.wtatennis.com/tournament/710/eastbourne/2019/scores
Completed;0:57;Qualifying;https://wtatennis.com/tournament/710/eastbourne/2019/scores/RS022;I.Swiatek;0;;3;;-;;S.Stosur;6;;6;;-;;https://www.wtatennis.com/tournament/710/eastbourne/2019/scores
Completed;1:38;Qualifying;https://wtatennis.com/tournament/710/eastbourne/2019/scores/RS018;V.Kudermetova;4;;6;;6;;B.Pera;6;;3;;3;;https://www.wtatennis.com/tournament/710/eastbourne/2019/scores
Completed;1:52;Qualifying;https://wtatennis.com/tournament/710/eastbourne/2019/scores/RS017;T.Bacsinszky;4;;6;1;-;;V.Golubic;6;;7;;-;;https://www.wtatennis.com/tournament/710/eastbourne/2019/scores
Completed;1:08;Qualifying;https://wtatennis.com/tournament/710/eastbourne/2019/scores/RS016;D.Yastremska;6;;7;;-;;F.Christie;0;;6;5;-;;https://www.wtatennis.com/tournament/710/eastbourne/2019/scores
Completed;1:29;Qualifying;https://wtatennis.com/tournament/710/eastbourne/2019/scores/RS021;L.Cabrera;5;;5;;-;;P.Parmentier;7;;7;;-;;https://www.wtatennis.com/tournament/710/eastbourne/2019/scores
Completed;2:05;Qualifying;https://wtatennis.com/tournament/710/eastbourne/2019/scores/RS027;M.Minella;2;;7;;6;;A.Sharma;6;;5;;2;;https://www.wtatennis.com/tournament/710/eastbourne/2019/scores
Completed;1:30;Qualifying;https://wtatennis.com/tournament/710/eastbourne/2019/scores/RS020;P.Hercog;7;;6;;-;;J.Teichmann;5;;4;;-;;https://www.wtatennis.com/tournament/710/eastbourne/2019/scores
Completed;0:48;Qualifying;https://wtatennis.com/tournament/710/eastbourne/2019/scores/RS025;F.Ferro;6;;6;;-;;E.Bouchard;2;;0;;-;;https://www.wtatennis.com/tournament/710/eastbourne/2019/scores
Completed;1:09;Qualifying;https://wtatennis.com/tournament/710/eastbourne/2019/scores/RS024;D.Gavrilova;6;;6;;-;;V.Lapko;4;;0;;-;;https://www.wtatennis.com/tournament/710/eastbourne/2019/scores
Completed;1:17;Qualifying;https://wtatennis.com/tournament/710/eastbourne/2019/scores/RS026;J.Pegula;6;;7;;-;;S.Voegele;3;;5;;-;;https://www.wtatennis.com/tournament/710/eastbourne/2019/scores
Completed;1:45;Qualifying;https://wtatennis.com/tournament/710/eastbourne/2019/scores/RS011;S.Stosur;6;;6;;-;;M.Linette;4;;4;;-;;https://www.wtatennis.com/tournament/710/eastbourne/2019/scores
Completed;1:03;Qualifying;https://wtatennis.com/tournament/710/eastbourne/2019/scores/RS008;D.Yastremska;6;;6;;-;;V.Golubic;4;;1;;-;;https://www.wtatennis.com/tournament/710/eastbourne/2019/scores
Completed;1:54;Qualifying;https://wtatennis.com/tournament/710/eastbourne/2019/scores/RS009;V.Kudermetova;7;;7;;-;;Z.Diyas;6;4;5;;-;;https://www.wtatennis.com/tournament/710/eastbourne/2019/scores
Completed;0:26;Qualifying;https://wtatennis.com/tournament/710/eastbourne/2019/scores/RS013;J.Pegula;6;;0;;-;;M.Minella;2;;0;;-;;https://www.wtatennis.com/tournament/710/eastbourne/2019/scores
Completed;1:57;Qualifying;https://wtatennis.com/tournament/710/eastbourne/2019/scores/RS010;P.Hercog;4;;6;;6;;P.Parmentier;6;;1;;4;;https://www.wtatennis.com/tournament/710/eastbourne/2019/scores
Completed;1:01;Qualifying;https://wtatennis.com/tournament/710/eastbourne/2019/scores/RS012;D.Gavrilova;3;;0;;-;;F.Ferro;6;;6;;-;;https://www.wtatennis.com/tournament/710/eastbourne/2019/scores
Completed;2:12;Round of 64;https://wtatennis.com/tournament/710/eastbourne/2019/scores/LS044;P.Parmentier;7;;2;;6;;M.Linette;6;2;6;;4;;https://www.wtatennis.com/tournament/710/eastbourne/2019/scores
Completed;1:45;Round of 64;https://wtatennis.com/tournament/710/eastbourne/2019/scores/LS061;M.Puig;4;;6;2;-;;E.Mertens;6;;7;;-;;https://www.wtatennis.com/tournament/710/eastbourne/2019/scores
Completed;2:02;Round of 64;https://wtatennis.com/tournament/710/eastbourne/2019/scores/LS050;D.Kasatkina;7;;4;;2;;A.Petkovic;5;;6;;6;;https://www.wtatennis.com/tournament/710/eastbourne/2019/scores
Completed;0:55;Round of 64;https://wtatennis.com/tournament/710/eastbourne/2019/scores/LS053;F.Ferro;2;;2;;-;;A.Friedsam;6;;6;;-;;https://www.wtatennis.com/tournament/710/eastbourne/2019/scores
Completed;0:59;Round of 64;https://wtatennis.com/tournament/710/eastbourne/2019/scores/LS034;M.Sakkari;6;;6;;-;;J.Pegula;2;;1;;-;;https://www.wtatennis.com/tournament/710/eastbourne/2019/scores
Completed;1:14;Round of 64;https://wtatennis.com/tournament/710/eastbourne/2019/scores/LS035;D.Yastremska;2;;4;;-;;J.Konta;6;;6;;-;;https://www.wtatennis.com/tournament/710/eastbourne/2019/scores
Completed;1:19;Round of 64;https://wtatennis.com/tournament/710/eastbourne/2019/scores/LS058;A.Tomljanovic;2;;6;1;-;;E.Alexandrova;6;;7;;-;;https://www.wtatennis.com/tournament/710/eastbourne/2019/scores
Completed;2:14;Round of 64;https://wtatennis.com/tournament/710/eastbourne/2019/scores/LS042;A.Sasnovich;6;;3;;2;;R.Peterson;4;;6;;6;;https://www.wtatennis.com/tournament/710/eastbourne/2019/scores
Completed;1:10;Round of 64;https://wtatennis.com/tournament/710/eastbourne/2019/scores/LS062;M.Gasparyan;6;;6;;-;;K.Siniakova;3;;3;;-;;https://www.wtatennis.com/tournament/710/eastbourne/2019/scores
Completed;1:21;Round of 64;https://wtatennis.com/tournament/710/eastbourne/2019/scores/LS038;A.Cornet;7;;6;;-;;H.Watson;5;;2;;-;;https://www.wtatennis.com/tournament/710/eastbourne/2019/scores
Completed;2:33;Round of 64;https://wtatennis.com/tournament/710/eastbourne/2019/scores/LS037;K.Swan;6;7;6;;4;;S.Zhang;7;;4;;6;;https://www.wtatennis.com/tournament/710/eastbourne/2019/scores
Completed;1:56;Round of 64;https://wtatennis.com/tournament/710/eastbourne/2019/scores/LS052;A.Kontaveit;3;;6;;6;;H.Dart;6;;4;;2;;https://www.wtatennis.com/tournament/710/eastbourne/2019/scores
Completed;1:21;Round of 64;https://wtatennis.com/tournament/710/eastbourne/2019/scores/LS051;K.Flipkens;3;;4;;-;;C.Wozniacki;6;;6;;-;;https://www.wtatennis.com/tournament/710/eastbourne/2019/scores
Completed;2:40;Round of 64;https://wtatennis.com/tournament/710/eastbourne/2019/scores/LS036;V.Golubic;0;;7;;6;6;D.Gavrilova;6;;6;2;7;;https://www.wtatennis.com/tournament/710/eastbourne/2019/scores
Completed;2:13;Round of 64;https://wtatennis.com/tournament/710/eastbourne/2019/scores/LS046;C.Giorgi;3;;6;;4;;S.Hsieh;6;;4;;6;;https://www.wtatennis.com/tournament/710/eastbourne/2019/scores
Completed;1:06;Round of 32;https://wtatennis.com/tournament/710/eastbourne/2019/scores/LS031;M.Gasparyan;3;;3;;-;;K.Pliskova;6;;6;;-;;https://www.wtatennis.com/tournament/710/eastbourne/2019/scores
Completed;2:26;Round of 64;https://wtatennis.com/tournament/710/eastbourne/2019/scores/LS049;T.Zidansek;4;;7;;7;;C.Suarez Navarro;6;;5;;5;;https://www.wtatennis.com/tournament/710/eastbourne/2019/scores
Completed;1:32;Round of 64;https://wtatennis.com/tournament/710/eastbourne/2019/scores/LS057;M.Buzarnescu;4;;4;;-;;J.Ostapenko;6;;6;;-;;https://www.wtatennis.com/tournament/710/eastbourne/2019/scores
Completed;1:38;Round of 64;https://wtatennis.com/tournament/710/eastbourne/2019/scores/LS060;M.Vondrousova;6;;6;;-;;S.Zheng;2;;3;;-;;https://www.wtatennis.com/tournament/710/eastbourne/2019/scores
Completed;0:43;Round of 64;https://wtatennis.com/tournament/710/eastbourne/2019/scores/LS054;D.Collins;0;;-;;-;;Y.Putintseva;5;;-;;-;;https://www.wtatennis.com/tournament/710/eastbourne/2019/scores
Completed;2:18;Round of 64;https://wtatennis.com/tournament/710/eastbourne/2019/scores/LS033;E.Rodina;6;;6;3;5;;O.Jabeur;1;;7;;7;;https://www.wtatennis.com/tournament/710/eastbourne/2019/scores
Completed;1:27;Round of 32;https://wtatennis.com/tournament/710/eastbourne/2019/scores/LS025;A.Petkovic;4;;4;;-;;C.Wozniacki;6;;6;;-;;https://www.wtatennis.com/tournament/710/eastbourne/2019/scores
Completed;2:09;Round of 32;https://wtatennis.com/tournament/710/eastbourne/2019/scores/LS029;E.Alexandrova;6;6;6;;6;;B.Bencic;7;;2;;3;;https://www.wtatennis.com/tournament/710/eastbourne/2019/scores
Completed;0:53;Round of 32;https://wtatennis.com/tournament/710/eastbourne/2019/scores/LS023;S.Hsieh;2;;0;;-;;S.Halep;6;;6;;-;;https://www.wtatennis.com/tournament/710/eastbourne/2019/scores
Completed;1:30;Round of 32;https://wtatennis.com/tournament/710/eastbourne/2019/scores/LS028;S.Stephens;6;;0;;3;;J.Ostapenko;1;;6;;6;;https://www.wtatennis.com/tournament/710/eastbourne/2019/scores
Completed;2:05;Round of 32;https://wtatennis.com/tournament/710/eastbourne/2019/scores/LS022;P.Parmentier;6;;2;;6;4;P.Hercog;2;;6;;7;;https://www.wtatennis.com/tournament/710/eastbourne/2019/scores
Completed;1:21;Round of 32;https://wtatennis.com/tournament/710/eastbourne/2019/scores/LS020;A.Kerber;6;;6;;-;;S.Stosur;4;;4;;-;;https://www.wtatennis.com/tournament/710/eastbourne/2019/scores
Completed;1:17;Round of 32;https://wtatennis.com/tournament/710/eastbourne/2019/scores/LS024;A.Sabalenka;6;;6;;-;;T.Zidansek;2;;3;;-;;https://www.wtatennis.com/tournament/710/eastbourne/2019/scores
Completed;1:47;Round of 32;https://wtatennis.com/tournament/710/eastbourne/2019/scores/LS021;R.Peterson;7;;6;;-;;L.Tsurenko;6;6;4;;-;;https://www.wtatennis.com/tournament/710/eastbourne/2019/scores
Completed;1:37;Round of 32;https://wtatennis.com/tournament/710/eastbourne/2019/scores/LS017;M.Sakkari;4;;6;4;-;;J.Konta;6;;7;;-;;https://www.wtatennis.com/tournament/710/eastbourne/2019/scores
Completed;1:04;Round of 32;https://wtatennis.com/tournament/710/eastbourne/2019/scores/LS018;D.Gavrilova;3;;1;;-;;S.Zhang;6;;6;;-;;https://www.wtatennis.com/tournament/710/eastbourne/2019/scores
Completed;2:16;Round of 32;https://wtatennis.com/tournament/710/eastbourne/2019/scores/LS030;M.Vondrousova;1;;7;;2;;E.Mertens;6;;5;;6;;https://www.wtatennis.com/tournament/710/eastbourne/2019/scores
Completed;1:09;Round of 32;https://wtatennis.com/tournament/710/eastbourne/2019/scores/LS026;A.Kontaveit;3;;4;;-;;A.Friedsam;6;;6;;-;;https://www.wtatennis.com/tournament/710/eastbourne/2019/scores
Completed;1:17;Round of 32;https://wtatennis.com/tournament/710/eastbourne/2019/scores/LS016;M.Minella;6;;2;;1;;O.Jabeur;2;;6;;6;;https://www.wtatennis.com/tournament/710/eastbourne/2019/scores
Completed;1:11;Round of 64;https://wtatennis.com/tournament/710/eastbourne/2019/scores/LS041;S.Stosur;6;;6;;-;;S.Kenin;2;;3;;-;;https://www.wtatennis.com/tournament/710/eastbourne/2019/scores
Completed;1:21;Round of 32;https://wtatennis.com/tournament/710/eastbourne/2019/scores/LS027;Y.Putintseva;4;;1;;-;;K.Bertens;6;;6;;-;;https://www.wtatennis.com/tournament/710/eastbourne/2019/scores
Completed;1:14;Round of 64;https://wtatennis.com/tournament/710/eastbourne/2019/scores/LS059;V.Kudermetova;3;;4;;-;;B.Bencic;6;;6;;-;;https://www.wtatennis.com/tournament/710/eastbourne/2019/scores
Completed;1:25;Round of 64;https://wtatennis.com/tournament/710/eastbourne/2019/scores/LS045;P.Hercog;7;;0;;-;;B.Strycova;6;3;1;;-;;https://www.wtatennis.com/tournament/710/eastbourne/2019/scores
Completed;1:36;Round of 32;https://wtatennis.com/tournament/710/eastbourne/2019/scores/LS019;A.Cornet;6;;7;;-;;E.Svitolina;3;;6;3;-;;https://www.wtatennis.com/tournament/710/eastbourne/2019/scores
Completed;1:14;Round of 64;https://wtatennis.com/tournament/710/eastbourne/2019/scores/LS043;L.Tsurenko;6;;6;;-;;Z.Diyas;2;;2;;-;;https://www.wtatennis.com/tournament/710/eastbourne/2019/scores
Completed;2:21;Round of 16;https://wtatennis.com/tournament/710/eastbourne/2019/scores/LS012;A.Sabalenka;2;;6;;7;;C.Wozniacki;6;;4;;6;5;https://www.wtatennis.com/tournament/710/eastbourne/2019/scores
Completed;1:31;Round of 16;https://wtatennis.com/tournament/710/eastbourne/2019/scores/LS013;A.Friedsam;3;;3;;-;;K.Bertens;6;;6;;-;;https://www.wtatennis.com/tournament/710/eastbourne/2019/scores
Completed;0:56;Round of 16;https://wtatennis.com/tournament/710/eastbourne/2019/scores/LS014;J.Ostapenko;3;;1;;-;;E.Alexandrova;6;;2;;-;;https://www.wtatennis.com/tournament/710/eastbourne/2019/scores
Completed;1:48;Round of 16;https://wtatennis.com/tournament/710/eastbourne/2019/scores/LS011;P.Hercog;1;;6;;3;;S.Halep;6;;4;;6;;https://www.wtatennis.com/tournament/710/eastbourne/2019/scores
Completed;0:58;Round of 16;https://wtatennis.com/tournament/710/eastbourne/2019/scores/LS015;E.Mertens;1;;2;;-;;K.Pliskova;6;;6;;-;;https://www.wtatennis.com/tournament/710/eastbourne/2019/scores
Completed;1:17;Round of 16;https://wtatennis.com/tournament/710/eastbourne/2019/scores/LS010;A.Kerber;7;;6;;-;;R.Peterson;6;4;0;;-;;https://www.wtatennis.com/tournament/710/eastbourne/2019/scores
Completed;1:22;Round of 16;https://wtatennis.com/tournament/710/eastbourne/2019/scores/LS009;S.Zhang;2;;2;;-;;A.Cornet;6;;6;;-;;https://www.wtatennis.com/tournament/710/eastbourne/2019/scores
Completed;1:10;Round of 16;https://wtatennis.com/tournament/710/eastbourne/2019/scores/LS008;O.Jabeur;6;;6;;-;;J.Konta;3;;2;;-;;https://www.wtatennis.com/tournament/710/eastbourne/2019/scores
Completed;0:52;Quarterfinal;https://wtatennis.com/tournament/710/eastbourne/2019/scores/LS007;E.Alexandrova;2;;0;;-;;K.Pliskova;6;;6;;-;;https://www.wtatennis.com/tournament/710/eastbourne/2019/scores
Completed;2:03;Quarterfinal;https://wtatennis.com/tournament/710/eastbourne/2019/scores/LS006;A.Sabalenka;4;;6;;4;;K.Bertens;6;;3;;6;;https://www.wtatennis.com/tournament/710/eastbourne/2019/scores
Completed;1:11;Quarterfinal;https://wtatennis.com/tournament/710/eastbourne/2019/scores/LS005;A.Kerber;6;;6;;-;;S.Halep;4;;3;;-;;https://www.wtatennis.com/tournament/710/eastbourne/2019/scores
Completed;2:04;Quarterfinal;https://wtatennis.com/tournament/710/eastbourne/2019/scores/LS004;O.Jabeur;1;;7;;6;;A.Cornet;6;;5;;3;;https://www.wtatennis.com/tournament/710/eastbourne/2019/scores
Completed;0:56;Semifinal;https://wtatennis.com/tournament/710/eastbourne/2019/scores/LS003;K.Bertens;1;;2;;-;;K.Pliskova;6;;6;;-;;https://www.wtatennis.com/tournament/710/eastbourne/2019/scores
Completed;0:00;Semifinal;https://wtatennis.com/tournament/710/eastbourne/2019/scores/LS002;O.Jabeur;0;;-;;-;;A.Kerber;0;;-;;-;;https://www.wtatennis.com/tournament/710/eastbourne/2019/scores
Completed;1:11;Final;https://wtatennis.com/tournament/710/eastbourne/2019/scores/LS001;A.Kerber;1;;4;;-;;K.Pliskova;6;;6;;-;;https://www.wtatennis.com/tournament/710/eastbourne/2019/scores
