match_1st Return Points Won_player_1;match_1st Return Points Won_player_2;match_1st Serve Points Won_player_1;match_1st Serve Points Won_player_2;match_1st Serve_player_1;match_1st Serve_player_2;match_2nd Return Points Won_player_1;match_2nd Return Points Won_player_2;match_2nd Serve Points Won_player_1;match_2nd Serve Points Won_player_2;match_Aces_player_1;match_Aces_player_2;match_Break Points Converted_player_1;match_Break Points Converted_player_2;match_Break Points Saved_player_1;match_Break Points Saved_player_2;match_Double Faults_player_1;match_Double Faults_player_2;match_Return Games Played_player_1;match_Return Games Played_player_2;match_Service Games Played_player_1;match_Service Games Played_player_2;match_Total Points Won_player_1;match_Total Points Won_player_2;match_Total Return Points Won_player_1;match_Total Return Points Won_player_2;match_Total Service Points Won_player_1;match_Total Service Points Won_player_2;set1_1st Return Points Won_player_1;set1_1st Return Points Won_player_2;set1_1st Serve Points Won_player_1;set1_1st Serve Points Won_player_2;set1_1st Serve_player_1;set1_1st Serve_player_2;set1_2nd Return Points Won_player_1;set1_2nd Return Points Won_player_2;set1_2nd Serve Points Won_player_1;set1_2nd Serve Points Won_player_2;set1_Aces_player_1;set1_Aces_player_2;set1_Break Points Converted_player_1;set1_Break Points Converted_player_2;set1_Break Points Saved_player_1;set1_Break Points Saved_player_2;set1_Double Faults_player_1;set1_Double Faults_player_2;set1_Return Games Played_player_1;set1_Return Games Played_player_2;set1_Service Games Played_player_1;set1_Service Games Played_player_2;set1_Total Points Won_player_1;set1_Total Points Won_player_2;set1_Total Return Points Won_player_1;set1_Total Return Points Won_player_2;set1_Total Service Points Won_player_1;set1_Total Service Points Won_player_2;set2_1st Return Points Won_player_1;set2_1st Return Points Won_player_2;set2_1st Serve Points Won_player_1;set2_1st Serve Points Won_player_2;set2_1st Serve_player_1;set2_1st Serve_player_2;set2_2nd Return Points Won_player_1;set2_2nd Return Points Won_player_2;set2_2nd Serve Points Won_player_1;set2_2nd Serve Points Won_player_2;set2_Aces_player_1;set2_Aces_player_2;set2_Break Points Converted_player_1;set2_Break Points Converted_player_2;set2_Break Points Saved_player_1;set2_Break Points Saved_player_2;set2_Double Faults_player_1;set2_Double Faults_player_2;set2_Return Games Played_player_1;set2_Return Games Played_player_2;set2_Service Games Played_player_1;set2_Service Games Played_player_2;set2_Total Points Won_player_1;set2_Total Points Won_player_2;set2_Total Return Points Won_player_1;set2_Total Return Points Won_player_2;set2_Total Service Points Won_player_1;set2_Total Service Points Won_player_2;h2h_wins_player_1;h2h_wins_player_2;Height_player_1;Height_player_2;Date of Birth_player_1;Date of Birth_player_2;Plays_player_1;Plays_player_2;url_match_stats;set3_1st Return Points Won_player_1;set3_1st Return Points Won_player_2;set3_1st Serve Points Won_player_1;set3_1st Serve Points Won_player_2;set3_1st Serve_player_1;set3_1st Serve_player_2;set3_2nd Return Points Won_player_1;set3_2nd Return Points Won_player_2;set3_2nd Serve Points Won_player_1;set3_2nd Serve Points Won_player_2;set3_Aces_player_1;set3_Aces_player_2;set3_Break Points Converted_player_1;set3_Break Points Converted_player_2;set3_Break Points Saved_player_1;set3_Break Points Saved_player_2;set3_Double Faults_player_1;set3_Double Faults_player_2;set3_Return Games Played_player_1;set3_Return Games Played_player_2;set3_Service Games Played_player_1;set3_Service Games Played_player_2;set3_Total Points Won_player_1;set3_Total Points Won_player_2;set3_Total Return Points Won_player_1;set3_Total Return Points Won_player_2;set3_Total Service Points Won_player_1;set3_Total Service Points Won_player_2
19/51;14/31;17/31;32/51;31/60;51/67;6/16;16/29;13/29;10/16;0;2;2/7;4/5;1/5;5/7;4;0;10;9;9;10;55/127;72/127;25/67;30/60;30/60;42/67;14/35;9/22;13/22;21/35;22/41;35/44;5/9;10/19;9/19;4/9;0;1;2/4;2/3;1/3;2/4;2;0;6;6;6;6;41/85;44/85;19/44;19/41;22/41;25/44;5/16;5/9;4/9;11/16;9/19;16/23;1/7;6/10;4/10;6/7;0;1;0/3;2/2;0/2;3/3;2;0;4;3;3;4;14/42;28/42;6/23;11/19;8/19;17/23;0;2;1.77;1.71;32.5;31.33;Right-Handed;Right-Handed;https://wtatennis.com/tournament/710/eastbourne/2019/scores/RS023;;;;;;;;;;;;;;;;;;;;;;;;;;;;
10/36;13/23;10/23;26/36;23/38;36/45;4/9;10/15;5/15;5/9;1;0;0/1;5/7;2/7;1/1;5;0;7;7;7;7;29/83;54/83;14/45;23/38;15/38;31/45;7/22;4/8;4/8;15/22;8/15;22/29;3/7;5/7;2/7;4/7;1;0;0/1;2/2;0/2;1/1;2;0;4;3;3;4;16/44;28/44;10/29;9/15;6/15;19/29;3/14;9/15;6/15;11/14;15/23;14/16;1/2;5/8;3/8;1/2;0;0;0/0;3/5;2/5;0/0;3;0;3;4;4;3;13/39;26/39;4/16;14/23;9/23;12/16;0;1;;1.72;29.67;29.67;N/A;Right-Handed;https://wtatennis.com/tournament/710/eastbourne/2019/scores/RS019;;;;;;;;;;;;;;;;;;;;;;;;;;;;
4/22;5/11;6/11;18/22;11/31;22/46;7/24;12/20;8/20;17/24;2;4;0/3;4/4;0/4;3/3;3;1;8;7;7;8;25/77;52/77;11/46;17/31;14/31;35/46;1/7;3/3;0/3;6/7;3/13;7/19;4/12;9/10;1/10;8/12;0;1;0/0;3/3;0/3;0/0;2;0;3;3;3;3;6/32;26/32;5/19;12/13;1/13;14/19;3/15;2/8;6/8;12/15;8/18;15/27;3/12;3/10;7/10;9/12;2;3;0/3;1/1;0/1;3/3;1;1;5;4;4;5;19/45;26/45;6/27;5/18;13/18;21/27;0;1;1.76;1.75;22.0;39.17;Right-Handed;Right-Handed;https://wtatennis.com/tournament/710/eastbourne/2019/scores/RS022;;;;;;;;;;;;;;;;;;;;;;;;;;;;
15/52;11/51;40/51;37/52;51/87;52/81;16/29;20/36;16/36;13/29;9;5;4/7;2/4;2/4;3/7;4;12;14;14;14;14;87/168;81/168;31/81;31/87;56/87;50/81;4/18;2/14;12/14;14/18;14/30;18/33;8/15;12/16;4/16;7/15;4;3;1/4;2/2;0/2;3/4;4;6;5;5;5;5;28/63;35/63;12/33;14/30;16/30;21/33;5/16;6/22;16/22;11/16;22/35;16/20;2/4;5/13;8/13;2/4;2;1;1/1;0/2;2/2;0/1;0;1;4;5;5;4;31/55;24/55;7/20;11/35;24/35;13/20;3;2;1.75;1.76;26.17;28.5;Right-Handed;Left-Handed;https://wtatennis.com/tournament/710/eastbourne/2019/scores/RS018;6/18;3/15;12/15;12/18;15/22;18/28;6/10;3/7;4/7;4/10;3;1;2/2;0/0;0/0;0/2;0;5;5;4;4;5;28/50;22/50;12/28;6/22;16/22;16/28
16/51;27/61;34/61;35/51;61/97;51/68;6/17;17/36;19/36;11/17;3;0;2/4;3/8;5/8;2/4;2;1;11;11;11;11;75/165;90/165;22/68;44/97;53/97;46/68;8/25;8/23;15/23;17/25;23/34;25/34;2/9;6/11;5/11;7/9;2;0;0/2;1/1;0/1;2/2;1;0;5;5;5;5;30/68;38/68;10/34;14/34;20/34;24/34;8/26;19/38;19/38;18/26;38/63;26/34;4/8;11/25;14/25;4/8;1;0;2/2;2/7;5/7;0/2;1;1;6;6;6;6;45/97;52/97;12/34;30/63;33/63;22/34;0;1;1.70;1.69;34.0;30.67;Right-Handed;Right-Handed;https://wtatennis.com/tournament/710/eastbourne/2019/scores/RS017;;;;;;;;;;;;;;;;;;;;;;;;;;;;
14/35;14/41;27/41;21/35;41/66;35/60;17/25;10/25;15/25;8/25;2;3;5/8;2/3;1/3;3/8;2;5;9;9;9;9;73/126;53/126;31/60;24/66;42/66;29/60;5/7;3/14;11/14;2/7;14/18;7/16;7/9;2/4;2/4;2/9;0;0;3/5;0/0;0/0;2/5;1;0;3;3;3;3;25/34;9/34;12/16;5/18;13/18;4/16;9/28;11/27;16/27;19/28;27/48;28/44;10/16;8/21;13/21;6/16;2;3;2/3;2/3;1/3;1/3;1;5;6;6;6;6;48/92;44/92;19/44;19/48;29/48;25/44;1;0;1.75;;23.08;25.58;Right-Handed;N/A;https://wtatennis.com/tournament/710/eastbourne/2019/scores/RS016;;;;;;;;;;;;;;;;;;;;;;;;;;;;
12/40;28/55;27/55;28/40;55/80;40/71;18/31;11/25;14/25;13/31;1;5;4/8;6/15;9/15;4/8;5;7;12;12;12;12;71/151;80/151;30/71;39/80;41/80;41/71;7/19;16/32;16/32;12/19;32/47;19/38;9/19;7/15;8/15;10/19;0;3;2/6;3/9;6/9;4/6;2;4;6;6;6;6;40/85;45/85;16/38;23/47;24/47;22/38;5/21;12/23;11/23;16/21;23/33;21/33;9/12;4/10;6/10;3/12;1;2;2/2;3/6;3/6;0/2;3;3;6;6;6;6;31/66;35/66;14/33;16/33;17/33;19/33;0;1;1.68;1.75;25.5;37.33;Right-Handed;Right-Handed;https://wtatennis.com/tournament/710/eastbourne/2019/scores/RS021;;;;;;;;;;;;;;;;;;;;;;;;;;;;
33/70;25/62;37/62;37/70;62/89;70/113;21/43;16/27;11/27;22/43;1;7;6/15;5/7;2/7;9/15;3;2;14;14;14;14;102/202;100/202;54/113;41/89;48/89;59/113;6/17;8/13;5/13;11/17;13/22;17/25;3/8;6/9;3/9;5/8;1;3;1/2;3/3;0/3;1/2;2;0;4;4;4;4;17/47;30/47;9/25;14/22;8/22;16/25;17/31;7/22;15/22;14/31;22/32;31/51;9/20;7/10;3/10;11/20;0;3;3/7;2/2;0/2;4/7;0;2;6;6;6;6;44/83;39/83;26/51;14/32;18/32;25/51;1;0;1.80;1.78;37.58;27.75;Right-Handed;Right-Handed;https://wtatennis.com/tournament/710/eastbourne/2019/scores/RS027;10/22;10/27;17/27;12/22;27/35;22/37;9/15;3/8;5/8;6/15;0;1;2/6;0/2;2/2;4/6;1;0;4;4;4;4;41/72;31/72;19/37;13/35;22/35;18/37
19/48;9/36;27/36;29/48;36/72;48/71;11/23;19/36;17/36;12/23;1;4;4/6;2/8;6/8;2/6;6;3;11;11;11;11;74/143;69/143;30/71;28/72;44/72;41/71;11/28;1/13;12/13;17/28;13/30;28/42;6/14;8/17;9/17;8/14;0;2;2/4;1/1;0/1;2/4;2;1;6;6;6;6;38/72;34/72;17/42;9/30;21/30;25/42;8/20;8/23;15/23;12/20;23/42;20/29;5/9;11/19;8/19;4/9;1;2;2/2;1/7;6/7;0/2;4;2;5;5;5;5;36/71;35/71;13/29;19/42;23/42;16/29;1;1;1.85;1.70;32.42;25.92;Right-Handed;Left-Handed;https://wtatennis.com/tournament/710/eastbourne/2019/scores/RS020;;;;;;;;;;;;;;;;;;;;;;;;;;;;
19/33;5/20;15/20;14/33;20/36;33/46;8/13;6/16;10/16;5/13;0;2;6/12;1/1;0/1;6/12;2;2;7;7;7;7;52/82;30/82;27/46;11/36;25/36;19/46;9/16;4/13;9/13;7/16;13/20;16/22;3/6;4/7;3/7;3/6;0;2;3/6;1/1;0/1;3/6;1;1;4;4;4;4;24/42;18/42;12/22;8/20;12/20;10/22;10/17;1/7;6/7;7/17;7/16;17/24;5/7;2/9;7/9;2/7;0;0;3/6;0/0;0/0;3/6;1;1;3;3;3;3;28/40;12/40;15/24;3/16;13/16;9/24;1;0;1.70;1.78;26.25;29.33;Right-Handed;Right-Handed;https://wtatennis.com/tournament/710/eastbourne/2019/scores/RS025;;;;;;;;;;;;;;;;;;;;;;;;;;;;
20/35;8/34;26/34;15/35;34/52;35/57;12/22;12/18;6/18;10/22;2;0;6/11;2/6;4/6;5/11;2;4;8;8;8;8;64/109;45/109;32/57;20/52;32/52;25/57;13/24;7/25;18/25;11/24;25/37;24/38;6/14;10/12;2/12;8/14;1;0;3/7;2/6;4/6;4/7;1;2;5;5;5;5;39/75;36/75;19/38;17/37;20/37;19/38;7/11;1/9;8/9;4/11;9/15;11/19;6/8;2/6;4/6;2/8;1;0;3/4;0/0;0/0;1/4;1;2;3;3;3;3;25/34;9/34;13/19;3/15;12/15;6/19;1;1;1.66;1.84;29.25;24.67;Right-Handed;Right-Handed;https://wtatennis.com/tournament/710/eastbourne/2019/scores/RS024;;;;;;;;;;;;;;;;;;;;;;;;;;;;
19/49;10/34;24/34;30/49;34/54;49/77;19/28;8/20;12/20;9/28;2;3;5/14;3/4;1/4;9/14;1;5;10;11;11;10;74/131;57/131;38/77;18/54;36/54;39/77;6/17;4/15;11/15;11/17;15/25;17/31;9/14;3/10;7/10;5/14;1;0;2/8;1/2;1/2;6/8;0;2;4;5;5;4;33/56;23/56;15/31;7/25;18/25;16/31;13/32;6/19;13/19;19/32;19/29;32/46;10/14;5/10;5/10;4/14;1;3;3/6;2/2;0/2;3/6;1;3;6;6;6;6;41/75;34/75;23/46;11/29;18/29;23/46;1;1;1.70;1.70;29.33;33.25;Right-Handed;Right-Handed;https://wtatennis.com/tournament/710/eastbourne/2019/scores/RS026;;;;;;;;;;;;;;;;;;;;;;;;;;;;
18/46;19/61;42/61;28/46;61/92;46/77;13/31;15/31;16/31;18/31;7;5;2/6;0/12;12/12;4/6;4;6;10;10;10;10;89/169;80/169;31/77;34/92;58/92;46/77;10/23;4/23;19/23;13/23;23/35;23/39;6/16;7/12;5/12;10/16;2;5;1/2;0/1;1/1;1/2;2;2;5;5;5;5;40/74;34/74;16/39;11/35;24/35;23/39;8/23;15/38;23/38;15/23;38/57;23/38;7/15;8/19;11/19;8/15;5;0;1/4;0/11;11/11;3/4;2;4;5;5;5;5;49/95;46/95;15/38;23/57;34/57;23/38;2;0;1.75;1.71;39.17;31.33;Right-Handed;Right-Handed;https://wtatennis.com/tournament/710/eastbourne/2019/scores/RS011;;;;;;;;;;;;;;;;;;;;;;;;;;;;
16/29;21/48;27/48;13/29;48/69;29/46;12/17;11/21;10/21;5/17;2;0;6/8;3/8;5/8;2/8;5;3;8;9;9;8;65/115;50/115;28/46;32/69;37/69;18/46;12/20;13/27;14/27;8/20;27/38;20/27;4/7;8/11;3/11;3/7;1;0;4/5;3/8;5/8;1/5;4;2;5;5;5;5;33/65;32/65;16/27;21/38;17/38;11/27;4/9;8/21;13/21;5/9;21/31;9/19;8/10;3/10;7/10;2/10;1;0;2/3;0/0;0/0;1/3;1;1;3;4;4;3;32/50;18/50;12/19;11/31;20/31;7/19;3;0;1.75;1.69;23.08;30.67;Right-Handed;Right-Handed;https://wtatennis.com/tournament/710/eastbourne/2019/scores/RS008;;;;;;;;;;;;;;;;;;;;;;;;;;;;
31/67;20/53;33/53;36/67;53/80;67/96;20/29;17/27;10/27;9/29;9;2;7/15;6/12;6/12;8/15;1;4;12;12;12;12;94/176;82/176;51/96;37/80;43/80;45/96;13/30;12/31;19/31;17/30;31/48;30/45;10/15;9/17;8/17;5/15;6;0;3/6;3/7;4/7;3/6;0;2;6;6;6;6;50/93;43/93;23/45;21/48;27/48;22/45;18/37;8/22;14/22;19/37;22/32;37/51;10/14;8/10;2/10;4/14;3;2;4/9;3/5;2/5;5/9;1;2;6;6;6;6;44/83;39/83;28/51;16/32;16/32;23/51;2;1;1.75;1.72;26.17;29.67;Right-Handed;Right-Handed;https://wtatennis.com/tournament/710/eastbourne/2019/scores/RS009;;;;;;;;;;;;;;;;;;;;;;;;;;;;
10/21;3/14;11/14;11/21;14/20;21/24;3/3;1/6;5/6;0/3;2;1;2/7;0/0;0/0;5/7;0;0;4;4;4;4;29/44;15/44;13/24;4/20;16/20;11/24;10/21;3/14;11/14;11/21;14/20;21/24;3/3;1/6;5/6;0/3;2;1;2/7;0/0;0/0;5/7;0;0;4;4;4;4;29/44;15/44;13/24;4/20;16/20;11/24;0/0;0/0;0/0;0/0;0/0;0/0;0/0;0/0;0/0;0/0;0;0;0/0;0/0;0/0;0/0;0;0;0;0;0;0;0/0;0/0;0/0;0/0;0/0;0/0;2;2;1.70;1.80;29.33;37.58;Right-Handed;Right-Handed;https://wtatennis.com/tournament/710/eastbourne/2019/scores/RS013;;;;;;;;;;;;;;;;;;;;;;;;;;;;
20/64;8/41;33/41;44/64;41/77;64/101;26/37;18/36;18/36;11/37;8;5;5/10;3/5;2/5;5/10;8;3;13;14;14;13;97/178;81/178;46/101;26/77;51/77;55/101;5/25;3/14;11/14;20/25;14/30;25/36;8/11;10/16;6/16;3/11;3;2;1/4;2/3;1/3;3/4;3;0;5;5;5;5;30/66;36/66;13/36;13/30;17/30;23/36;7/15;3/15;12/15;8/15;15/22;15/23;7/8;3/7;4/7;1/8;5;2;2/3;0/0;0/0;1/3;2;2;3;4;4;3;30/45;15/45;14/23;6/22;16/22;9/23;3;1;1.85;1.75;32.42;37.33;Right-Handed;Right-Handed;https://wtatennis.com/tournament/710/eastbourne/2019/scores/RS010;8/24;2/12;10/12;16/24;12/25;24/42;11/18;5/13;8/13;7/18;0;1;2/3;1/2;1/2;1/3;3;1;5;5;5;5;37/67;30/67;19/42;7/25;18/25;23/42
7/32;11/25;14/25;25/32;25/44;32/50;9/18;11/19;8/19;9/18;1;2;0/2;4/4;0/4;2/2;3;3;8;7;7;8;38/94;56/94;16/50;22/44;22/44;34/50;7/22;5/15;10/15;15/22;15/26;22/34;5/12;5/11;6/11;7/12;1;1;0/2;1/1;0/1;2/2;2;2;5;4;4;5;28/60;32/60;12/34;10/26;16/26;22/34;0/10;6/10;4/10;10/10;10/18;10/16;4/6;6/8;2/8;2/6;0;1;0/0;3/3;0/3;0/0;1;1;3;3;3;3;10/34;24/34;4/16;12/18;6/18;12/16;1;2;1.66;1.70;29.25;26.25;Right-Handed;Right-Handed;https://wtatennis.com/tournament/710/eastbourne/2019/scores/RS012;;;;;;;;;;;;;;;;;;;;;;;;;;;;
19/63;21/63;42/63;44/63;63/107;63/97;17/34;21/44;23/44;17/34;5;5;3/5;4/12;8/12;2/5;1;1;15;15;15;15;101/204;103/204;36/97;42/107;65/107;61/97;9/25;6/22;16/22;16/25;22/46;25/38;6/13;11/24;13/24;7/13;1;1;1/1;1/5;4/5;0/1;1;0;6;6;6;6;44/84;40/84;15/38;17/46;29/46;23/38;1/11;9/20;11/20;10/11;20/30;11/19;2/8;6/10;4/10;6/8;2;2;0/0;2/4;2/4;0/0;0;1;4;4;4;4;18/49;31/49;3/19;15/30;15/30;16/19;4;2;1.75;1.71;37.33;31.33;Right-Handed;Right-Handed;https://wtatennis.com/tournament/710/eastbourne/2019/scores/LS044;9/27;6/21;15/21;18/27;21/31;27/40;9/13;4/10;6/10;4/13;2;2;2/4;1/3;2/3;2/4;0;0;5;5;5;5;39/71;32/71;18/40;10/31;21/31;22/40
12/45;23/58;35/58;33/45;58/85;45/69;11/24;11/27;16/27;13/24;1;5;2/3;3/11;8/11;1/3;2;1;11;11;11;11;74/154;80/154;23/69;34/85;51/85;46/69;3/17;5/16;11/16;14/17;16/29;17/27;4/10;6/13;7/13;6/10;0;2;0/0;1/2;1/2;0/0;1;1;5;5;5;5;25/56;31/56;7/27;11/29;18/29;20/27;9/28;18/42;24/42;19/28;42/56;28/42;7/14;5/14;9/14;7/14;1;3;2/3;2/9;7/9;1/3;1;0;6;6;6;6;49/98;49/98;16/42;23/56;33/56;26/42;1;2;1.70;1.79;29.67;27.58;Right-Handed;Right-Handed;https://wtatennis.com/tournament/710/eastbourne/2019/scores/LS061;;;;;;;;;;;;;;;;;;;;;;;;;;;;
22/54;32/64;32/64;32/54;64/101;54/89;20/35;23/37;14/37;15/35;2;2;7/10;9/18;9/18;3/10;9;7;15;15;15;15;88/190;102/190;42/89;55/101;46/101;47/89;9/22;9/24;15/24;13/22;24/38;22/40;13/18;10/14;4/14;5/18;1;1;4/6;3/7;4/7;2/6;5;5;6;6;6;6;41/78;37/78;22/40;19/38;19/38;18/40;7/22;10/18;8/18;15/22;18/35;22/30;6/8;9/17;8/17;2/8;0;1;2/3;3/6;3/6;1/3;2;2;5;5;5;5;29/65;36/65;13/30;19/35;16/35;17/30;1;1;1.70;1.80;26.08;35.75;Right-Handed;Right-Handed;https://wtatennis.com/tournament/710/eastbourne/2019/scores/LS050;6/10;13/22;9/22;4/10;22/28;10/19;1/9;4/6;2/6;8/9;1;0;1/1;3/5;2/5;0/1;2;0;4;4;4;4;18/47;29/47;7/19;17/28;11/28;12/19
5/31;11/28;17/28;26/31;28/46;31/45;6/14;12/18;6/18;8/14;1;6;0/1;4/5;1/5;1/1;0;4;8;8;8;8;34/91;57/91;11/45;23/46;23/46;34/45;4/16;7/17;10/17;12/16;17/26;16/24;2/8;6/9;3/9;6/8;1;3;0/1;2/3;1/3;1/1;0;1;4;4;4;4;19/50;31/50;6/24;13/26;13/26;18/24;1/15;4/11;7/11;14/15;11/20;15/21;4/6;6/9;3/9;2/6;0;3;0/0;2/2;0/2;0/0;0;3;4;4;4;4;15/41;26/41;5/21;10/20;10/20;16/21;0;1;1.70;1.74;26.25;29.33;Right-Handed;Right-Handed;https://wtatennis.com/tournament/710/eastbourne/2019/scores/LS053;;;;;;;;;;;;;;;;;;;;;;;;;;;;
17/36;3/24;21/24;19/36;24/38;36/57;14/21;6/14;8/14;7/21;6;1;5/9;0/0;0/0;4/9;1;4;8;7;7;8;60/95;35/95;31/57;9/38;29/38;26/57;6/17;3/14;11/14;11/17;14/23;17/28;8/11;3/9;6/9;3/11;4;1;2/3;0/0;0/0;1/3;0;2;4;4;4;4;31/51;20/51;14/28;6/23;17/23;14/28;11/19;0/10;10/10;8/19;10/15;19/29;6/10;3/5;2/5;4/10;2;0;3/6;0/0;0/0;3/6;1;2;4;3;3;4;29/44;15/44;17/29;3/15;12/15;12/29;4;3;1.72;1.70;27.92;29.33;Right-Handed;Right-Handed;https://wtatennis.com/tournament/710/eastbourne/2019/scores/LS034;;;;;;;;;;;;;;;;;;;;;;;;;;;;
6/29;17/46;29/46;23/29;46/75;29/46;4/17;18/29;11/29;13/17;3;2;0/0;3/9;6/9;0/0;2;1;9;9;9;9;50/121;71/121;10/46;35/75;40/75;36/46;2/12;6/15;9/15;10/12;15/25;12/19;1/7;7/10;3/10;6/7;2;0;0/0;2/3;1/3;0/0;1;0;4;4;4;4;15/44;29/44;3/19;13/25;12/25;16/19;4/17;11/31;20/31;13/17;31/50;17/27;3/10;11/19;8/19;7/10;1;2;0/0;1/6;5/6;0/0;1;1;5;5;5;5;35/77;42/77;7/27;22/50;28/50;20/27;1;1;1.75;1.80;23.08;32.08;Right-Handed;Right-Handed;https://wtatennis.com/tournament/710/eastbourne/2019/scores/LS035;;;;;;;;;;;;;;;;;;;;;;;;;;;;
6/37;16/43;27/43;31/37;43/65;37/62;10/25;12/22;10/22;15/25;2;14;0/3;2/4;2/4;3/3;2;3;10;10;10;10;53/127;74/127;16/62;28/65;37/65;46/62;4/17;4/11;7/11;13/17;11/22;17/27;4/10;8/11;3/11;6/10;0;5;0/3;2/2;0/2;3/3;1;2;4;4;4;4;18/49;31/49;8/27;12/22;10/22;19/27;2/20;12/32;20/32;18/20;32/43;20/35;6/15;4/11;7/11;9/15;2;9;0/0;0/2;2/2;0/0;1;1;6;6;6;6;35/78;43/78;8/35;16/43;27/43;27/35;0;1;1.80;1.75;30.08;28.58;Right-Handed;Right-Handed;https://wtatennis.com/tournament/710/eastbourne/2019/scores/LS058;;;;;;;;;;;;;;;;;;;;;;;;;;;;
23/71;13/46;33/46;48/71;46/82;71/99;14/28;19/36;17/36;14/28;5;4;2/9;4/11;7/11;7/9;5;2;14;13;13;14;87/181;94/181;37/99;32/82;50/82;62/99;7/22;3/16;13/16;15/22;16/29;22/29;3/7;4/13;9/13;4/7;1;1;1/2;0/0;0/0;1/2;1;0;5;5;5;5;32/58;26/58;10/29;7/29;22/29;19/29;9/25;3/14;11/14;16/25;14/25;25/36;5/11;9/11;2/11;6/11;3;1;1/4;2/5;3/5;3/4;3;1;5;4;4;5;27/61;34/61;14/36;12/25;13/25;22/36;1;1;1.74;1.73;29.25;27.83;Right-Handed;Right-Handed;https://wtatennis.com/tournament/710/eastbourne/2019/scores/LS042;7/24;7/16;9/16;17/24;16/28;24/34;6/10;6/12;6/12;4/10;1;2;0/3;2/6;4/6;3/3;1;1;4;4;4;4;28/62;34/62;13/34;13/28;15/28;21/34
15/34;12/28;16/28;19/34;28/51;34/51;11/17;7/23;16/23;6/17;1;1;5/6;2/5;3/5;1/6;1;4;9;9;9;9;58/102;44/102;26/51;19/51;32/51;25/51;8/18;5/16;11/16;10/18;16/24;18/29;7/11;5/8;3/8;4/11;0;1;3/4;1/4;3/4;1/4;1;3;5;4;4;5;29/53;24/53;15/29;10/24;14/24;14/29;7/16;7/12;5/12;9/16;12/27;16/22;4/6;2/15;13/15;2/6;1;0;2/2;1/1;0/1;0/2;0;1;4;5;5;4;29/49;20/49;11/22;9/27;18/27;11/22;3;1;1.83;1.74;28.75;27.08;Right-Handed;Right-Handed;https://wtatennis.com/tournament/710/eastbourne/2019/scores/LS062;;;;;;;;;;;;;;;;;;;;;;;;;;;;
16/30;14/39;25/39;14/30;39/59;30/51;13/21;9/20;11/20;8/21;3;0;6/8;3/6;3/6;2/8;4;1;10;10;10;10;65/110;45/110;29/51;23/59;36/59;22/51;11/20;8/25;17/25;9/20;25/39;20/32;6/12;8/14;6/14;6/12;2;0;3/4;2/4;2/4;1/4;4;1;6;6;6;6;40/71;31/71;17/32;16/39;23/39;15/32;5/10;6/14;8/14;5/10;14/20;10/19;7/9;1/6;5/6;2/9;1;0;3/4;1/2;1/2;1/4;0;0;4;4;4;4;25/39;14/39;12/19;7/20;13/20;7/19;3;0;1.73;1.70;33.42;31.08;Right-Handed;Right-Handed;https://wtatennis.com/tournament/710/eastbourne/2019/scores/LS038;;;;;;;;;;;;;;;;;;;;;;;;;;;;
25/71;23/70;47/70;46/71;70/110;71/102;15/31;25/40;15/40;16/31;13;5;5/7;5/9;4/9;2/7;3;1;16;16;16;16;102/212;110/212;40/102;48/110;62/110;62/102;6/27;7/28;21/28;21/27;28/47;27/38;6/11;12/19;7/19;5/11;6;4;1/1;1/3;2/3;0/1;2;1;6;6;6;6;40/85;45/85;12/38;19/47;28/47;26/38;15/24;6/19;13/19;9/24;19/31;24/31;2/7;9/12;3/12;5/7;3;0;3/3;2/3;1/3;0/3;0;0;5;5;5;5;33/62;29/62;17/31;15/31;16/31;14/31;0;1;1.74;1.77;24.25;34.42;Right-Handed;Right-Handed;https://wtatennis.com/tournament/710/eastbourne/2019/scores/LS037;4/20;10/23;13/23;16/20;23/32;20/33;7/13;4/9;5/9;6/13;4;1;1/3;2/3;1/3;2/3;1;0;5;5;5;5;29/65;36/65;11/33;14/32;18/32;22/33
15/45;11/50;39/50;30/45;50/83;45/81;16/36;15/33;18/33;20/36;2;3;3/7;2/6;4/6;4/7;3;5;13;14;14;13;88/164;76/164;31/81;26/83;57/83;50/81;1/12;9/21;12/21;11/12;21/35;12/20;3/8;7/14;7/14;5/8;1;1;0/0;2/4;2/4;0/0;2;1;4;5;5;4;23/55;32/55;4/20;16/35;19/35;16/20;8/19;0/13;13/13;11/19;13/25;19/34;5/15;5/12;7/12;10/15;1;1;1/3;0/0;0/0;2/3;1;1;5;5;5;5;33/59;26/59;13/34;5/25;20/25;21/34;1;0;1.74;1.75;27.5;26.83;Right-Handed;Right-Handed;https://wtatennis.com/tournament/710/eastbourne/2019/scores/LS052;6/14;2/16;14/16;8/14;16/23;14/27;8/13;3/7;4/7;5/13;0;1;2/4;0/2;2/2;2/4;0;3;4;4;4;4;32/50;18/50;14/27;5/23;18/23;13/27
16/42;14/34;20/34;26/42;34/48;42/68;11/26;12/14;2/14;15/26;0;3;3/9;5/7;2/7;6/9;4;4;10;9;9;10;49/116;67/116;27/68;26/48;22/48;41/68;7/18;11/18;7/18;11/18;18/23;18/28;4/10;4/5;1/5;6/10;0;3;2/3;3/4;1/4;1/3;1;2;5;4;4;5;19/51;32/51;11/28;15/23;8/23;17/28;9/24;3/16;13/16;15/24;16/25;24/40;7/16;8/9;1/9;9/16;0;0;1/6;2/3;1/3;5/6;3;2;5;5;5;5;30/65;35/65;16/40;11/25;14/25;24/40;1;2;1.65;1.77;37.42;32.92;Right-Handed;Right-Handed;https://wtatennis.com/tournament/710/eastbourne/2019/scores/LS051;;;;;;;;;;;;;;;;;;;;;;;;;;;;
20/66;33/78;45/78;46/66;78/123;66/102;19/36;25/45;20/45;17/36;0;2;3/6;6/16;10/16;3/6;6;8;15;15;15;15;104/225;121/225;39/102;58/123;65/123;63/102;1/12;9/18;9/18;11/12;18/33;12/20;5/8;11/15;4/15;3/8;0;0;0/0;3/7;4/7;0/0;1;3;3;3;3;3;19/53;34/53;6/20;20/33;13/33;14/20;12/27;10/26;16/26;15/27;26/41;27/40;7/13;8/15;7/15;6/13;0;1;2/4;2/4;2/4;2/4;3;3;6;6;6;6;42/81;39/81;19/40;18/41;23/41;21/40;0;1;1.69;1.66;30.67;29.25;Right-Handed;Right-Handed;https://wtatennis.com/tournament/710/eastbourne/2019/scores/LS036;7/27;14/34;20/34;20/27;34/49;27/42;7/15;6/15;9/15;8/15;0;1;1/2;1/5;4/5;1/2;2;2;6;6;6;6;43/91;48/91;14/42;20/49;29/49;28/42
24/64;25/55;30/55;40/64;55/109;64/92;16/28;29/54;25/54;12/28;2;1;5/7;7/18;11/18;2/7;16;4;14;15;15;14;95/201;106/201;40/92;54/109;55/109;52/92;7/12;8/16;8/16;5/12;16/37;12/21;4/9;14/21;7/21;5/9;0;0;2/2;4/6;2/6;0/2;9;2;4;5;5;4;26/58;32/58;11/21;22/37;15/37;10/21;11/26;5/14;9/14;15/26;14/28;26/37;6/11;6/14;8/14;5/11;0;0;2/3;1/1;0/1;1/3;4;0;5;5;5;5;34/65;31/65;17/37;11/28;17/28;20/37;1;1;1.68;1.69;31.42;37.42;Right-Handed;Right-Handed;https://wtatennis.com/tournament/710/eastbourne/2019/scores/LS046;6/26;12/25;13/25;20/26;25/44;26/34;6/8;9/19;10/19;2/8;2;1;1/2;2/11;9/11;1/2;3;2;5;5;5;5;35/78;43/78;12/34;21/44;23/44;22/34
8/34;16/36;20/36;26/34;36/55;34/52;10/18;9/19;10/19;8/18;2;6;1/2;4/11;7/11;1/2;1;5;9;9;9;9;48/107;59/107;18/52;25/55;30/55;34/52;6/21;4/14;10/14;15/21;14/23;21/30;4/9;4/9;5/9;5/9;0;4;0/0;1/3;2/3;0/0;0;2;5;4;4;5;25/53;28/53;10/30;8/23;15/23;20/30;2/13;12/22;10/22;11/13;22/32;13/22;6/9;5/10;5/10;3/9;2;2;1/2;3/8;5/8;1/2;1;3;4;5;5;4;23/54;31/54;8/22;17/32;15/32;14/22;1;1;1.83;1.86;28.75;31.25;Right-Handed;Right-Handed;https://wtatennis.com/tournament/710/eastbourne/2019/scores/LS031;;;;;;;;;;;;;;;;;;;;;;;;;;;;
31/71;24/58;34/58;40/71;58/102;71/117;32/46;24/44;20/44;14/46;1;2;9/20;8/12;4/12;11/20;2;7;17;17;17;17;117/219;102/219;63/117;48/102;54/102;54/117;8/17;10/17;7/17;9/17;17/31;17/31;10/14;9/14;5/14;4/14;0;0;3/6;4/6;2/6;3/6;2;1;5;5;5;5;30/62;32/62;18/31;19/31;12/31;13/31;15/33;9/19;10/19;18/33;19/35;33/54;13/21;5/16;11/16;8/21;0;1;3/11;2/2;0/2;8/11;0;3;6;6;6;6;49/89;40/89;28/54;14/35;21/35;26/54;1;0;1.68;1.62;25.42;34.75;Right-Handed;Right-Handed;https://wtatennis.com/tournament/710/eastbourne/2019/scores/LS049;8/21;5/22;17/22;13/21;22/36;21/32;9/11;10/14;4/14;2/11;1;1;3/3;2/4;2/4;0/3;0;3;6;6;6;6;38/68;30/68;17/32;15/36;21/36;15/32
9/41;19/47;28/47;32/41;47/68;41/72;19/31;12/21;9/21;12/31;0;5;2/11;4/7;3/7;9/11;3;10;10;10;10;10;65/140;75/140;28/72;31/68;37/68;44/72;7/23;7/19;12/19;16/23;19/28;23/46;13/23;5/9;4/9;10/23;0;4;1/10;2/3;1/3;9/10;1;8;5;5;5;5;36/74;38/74;20/46;12/28;16/28;26/46;2/18;12/28;16/28;16/18;28/40;18/26;6/8;7/12;5/12;2/8;0;1;1/1;2/4;2/4;0/1;2;2;5;5;5;5;29/66;37/66;8/26;19/40;21/40;18/26;2;3;1.75;1.77;35.08;26.0;Left-Handed;Right-Handed;https://wtatennis.com/tournament/710/eastbourne/2019/scores/LS057;;;;;;;;;;;;;;;;;;;;;;;;;;;;
22/46;18/45;27/45;24/46;45/67;46/72;18/26;10/22;12/22;8/26;1;0;6/12;2/13;11/13;6/12;3;1;9;8;8;9;79/139;60/139;40/72;28/67;39/67;32/72;12/23;9/23;14/23;11/23;23/31;23/35;8/12;4/8;4/8;4/12;1;0;3/6;1/4;3/4;3/6;1;1;4;4;4;4;38/66;28/66;20/35;13/31;18/31;15/35;10/23;9/22;13/22;13/23;22/36;23/37;10/14;6/14;8/14;4/14;0;0;3/6;1/9;8/9;3/6;2;0;5;4;4;5;41/73;32/73;20/37;15/36;21/36;17/37;1;1;1.72;1.70;23.92;29.33;Left-Handed;Right-Handed;https://wtatennis.com/tournament/710/eastbourne/2019/scores/LS060;;;;;;;;;;;;;;;;;;;;;;;;;;;;
1/8;9/17;8/17;7/8;17/24;8/12;1/4;6/7;1/7;3/4;1;2;0/0;3/7;4/7;0/0;4;0;3;3;3;3;11/36;25/36;2/12;15/24;9/24;10/12;1/8;9/17;8/17;7/8;17/24;8/12;1/4;6/7;1/7;3/4;1;2;0/0;3/7;4/7;0/0;4;0;3;3;3;3;11/36;25/36;2/12;15/24;9/24;10/12;;;;;;;;;;;;;;;;;;;;;;;;;;;;;1;2;1.78;1.63;29.5;28.42;Right-Handed;Right-Handed;https://wtatennis.com/tournament/710/eastbourne/2019/scores/LS054;;;;;;;;;;;;;;;;;;;;;;;;;;;;
26/63;28/77;49/77;37/63;77/111;63/102;23/39;22/34;12/34;16/39;1;10;7/15;6/13;7/13;8/15;4;4;15;16;16;15;110/213;103/213;49/102;50/111;61/111;53/102;8/14;4/21;17/21;6/14;21/30;14/20;3/6;5/9;4/9;3/6;1;1;2/3;0/3;3/3;1/3;2;1;3;4;4;3;32/50;18/50;11/20;9/30;21/30;9/20;8/30;10/31;21/31;22/30;31/37;30/42;7/12;4/6;2/6;5/12;0;7;1/3;1/1;0/1;2/3;0;3;6;6;6;6;38/79;41/79;15/42;14/37;23/37;27/42;0;4;1.70;1.67;34.33;28.75;Right-Handed;Right-Handed;https://wtatennis.com/tournament/710/eastbourne/2019/scores/LS033;10/19;14/25;11/25;9/19;25/44;19/40;13/21;13/19;6/19;8/21;0;2;4/9;5/9;4/9;5/9;2;0;6;6;6;6;40/84;44/84;23/40;27/44;17/44;17/40
7/40;10/32;22/32;33/40;32/61;40/63;14/23;18/29;11/29;9/23;0;4;1/5;3/6;3/6;4/5;2;3;10;10;10;10;54/124;70/124;21/63;28/61;33/61;42/63;3/21;5/17;12/17;18/21;17/30;21/34;10/13;10/13;3/13;3/13;0;1;1/5;2/5;3/5;4/5;1;2;5;5;5;5;28/64;36/64;13/34;15/30;15/30;21/34;4/19;5/15;10/15;15/19;15/31;19/29;4/10;8/16;8/16;6/10;0;3;0/0;1/1;0/1;0/0;1;1;5;5;5;5;26/60;34/60;8/29;13/31;18/31;21/29;1;5;1.80;1.77;35.75;32.92;Right-Handed;Right-Handed;https://wtatennis.com/tournament/710/eastbourne/2019/scores/LS025;;;;;;;;;;;;;;;;;;;;;;;;;;;;
17/59;15/52;37/52;42/59;52/105;59/100;31/41;27/53;26/53;10/41;9;2;6/12;3/9;6/9;6/12;8;7;14;15;15;14;111/205;94/205;48/100;42/105;63/105;52/100;8/30;7/23;16/23;22/30;23/48;30/47;13/17;16/25;9/25;4/17;5;2;2/7;2/6;4/6;5/7;6;5;6;6;6;6;46/95;49/95;21/47;23/48;25/48;26/47;8/19;2/13;11/13;11/19;13/21;19/31;8/12;3/8;5/8;4/12;2;0;2/2;0/0;0/0;0/2;0;0;4;4;4;4;32/52;20/52;16/31;5/21;16/21;15/31;3;4;1.75;1.75;28.58;26.25;Right-Handed;Right-Handed;https://wtatennis.com/tournament/710/eastbourne/2019/scores/LS029;1/10;6/16;10/16;9/10;16/36;10/22;10/12;8/20;12/20;2/12;2;0;2/3;1/3;2/3;1/3;2;2;4;5;5;4;33/58;25/58;11/22;14/36;22/36;11/22
12/41;12/20;8/20;29/41;20/39;41/58;8/17;12/19;7/19;9/17;0;1;0/4;5/6;1/6;4/4;2;2;7;7;7;7;35/97;62/97;20/58;24/39;15/39;38/58;5/23;6/12;6/12;18/23;12/24;23/28;3/5;6/12;6/12;2/5;0;1;0/1;2/3;1/3;1/1;2;0;4;4;4;4;20/52;32/52;8/28;12/24;12/24;20/28;7/18;6/8;2/8;11/18;8/15;18/30;5/12;6/7;1/7;7/12;0;0;0/3;3/3;0/3;3/3;0;2;3;3;3;3;15/45;30/45;12/30;12/15;3/15;18/30;1;2;1.69;1.68;37.42;31.67;Right-Handed;Right-Handed;https://wtatennis.com/tournament/710/eastbourne/2019/scores/LS023;;;;;;;;;;;;;;;;;;;;;;;;;;;;
15/44;24/47;23/47;29/44;47/69;44/79;22/35;14/22;8/22;13/35;1;4;5/11;7/12;5/12;6/11;2;14;11;11;11;11;68/148;80/148;37/79;38/69;31/69;42/79;10/20;3/9;6/9;10/20;9/17;20/33;11/13;4/8;4/8;2/13;0;0;4/6;1/2;1/2;2/6;1;8;4;3;3;4;31/50;19/50;21/33;7/17;10/17;12/33;2/12;8/13;5/13;10/12;13/17;12/26;8/14;4/4;0/4;6/14;0;0;0/3;3/5;2/5;3/3;0;6;3;3;3;3;15/43;28/43;10/26;12/17;5/17;16/26;1;1;1.70;1.77;30.25;26.0;Right-Handed;Right-Handed;https://wtatennis.com/tournament/710/eastbourne/2019/scores/LS028;3/12;13/25;12/25;9/12;25/35;12/20;3/8;6/10;4/10;5/8;1;4;1/2;3/5;2/5;1/2;1;0;4;5;5;4;22/55;33/55;6/20;19/35;16/35;14/20
13/46;14/48;34/48;33/46;48/89;46/88;17/42;18/41;23/41;25/42;4;7;3/5;3/5;2/5;2/5;2;3;14;14;14;14;87/177;90/177;30/88;32/89;57/89;58/88;5/12;6/15;9/15;7/12;15/26;12/23;6/11;2/11;9/11;5/11;1;1;2/3;0/2;2/2;1/3;2;2;4;4;4;4;29/49;20/49;11/23;8/26;18/26;12/23;0/7;3/10;7/10;7/7;10/25;7/18;2/11;8/15;7/15;9/11;3;2;0/0;2/2;0/2;0/0;0;0;4;4;4;4;16/43;27/43;2/18;11/25;14/25;16/18;1;3;1.75;1.85;37.33;32.42;Right-Handed;Right-Handed;https://wtatennis.com/tournament/710/eastbourne/2019/scores/LS022;8/27;5/23;18/23;19/27;23/38;27/47;9/20;8/15;7/15;11/20;0;4;1/2;1/1;0/1;1/2;0;1;6;6;6;6;42/85;43/85;17/47;13/38;25/38;30/47
9/37;17/44;27/44;28/37;44/66;37/61;17/24;8/22;14/22;7/24;1;4;4/6;2/5;3/5;2/6;1;3;10;10;10;10;67/127;60/127;26/61;25/66;41/66;35/61;4/20;11/24;13/24;16/20;24/36;20/33;10/13;4/12;8/12;3/13;0;3;2/3;1/3;2/3;1/3;1;3;5;5;5;5;35/69;34/69;14/33;15/36;21/36;19/33;5/17;6/20;14/20;12/17;20/30;17/28;7/11;4/10;6/10;4/11;1;1;2/3;1/2;1/2;1/3;0;0;5;5;5;5;32/58;26/58;12/28;10/30;20/30;16/28;6;4;1.73;1.75;35.42;39.17;Left-Handed;Right-Handed;https://wtatennis.com/tournament/710/eastbourne/2019/scores/LS020;;;;;;;;;;;;;;;;;;;;;;;;;;;;
25/54;5/28;23/28;29/54;28/53;54/78;14/24;12/25;13/25;10/24;3;1;5/12;1/6;5/6;7/12;4;2;9;8;8;9;75/131;56/131;39/78;17/53;36/53;39/78;10/21;4/15;11/15;11/21;15/26;21/31;7/10;5/11;6/11;3/10;3;0;3/6;1/3;2/3;3/6;2;1;4;4;4;4;34/57;23/57;17/31;9/26;17/26;14/31;15/33;1/13;12/13;18/33;13/27;33/47;7/14;7/14;7/14;7/14;0;1;2/6;0/3;3/3;4/6;2;1;5;4;4;5;41/74;33/74;22/47;8/27;19/27;25/47;2;1;1.82;1.68;25.08;25.42;Right-Handed;Right-Handed;https://wtatennis.com/tournament/710/eastbourne/2019/scores/LS024;;;;;;;;;;;;;;;;;;;;;;;;;;;;
27/57;20/58;38/58;30/57;58/73;57/75;10/18;10/15;5/15;8/18;2;3;5/10;4/6;2/6;5/10;4;3;11;11;11;11;80/148;68/148;37/75;30/73;43/73;38/75;11/28;10/34;24/34;17/28;34/42;28/38;6/10;5/8;3/8;4/10;1;1;2/3;2/3;1/3;1/3;3;2;6;6;6;6;44/80;36/80;17/38;15/42;27/42;21/38;16/29;10/24;14/24;13/29;24/31;29/37;4/8;5/7;2/7;4/8;1;2;3/7;2/3;1/3;4/7;1;1;5;5;5;5;36/68;32/68;20/37;15/31;16/31;17/37;2;0;1.73;1.74;27.83;34.0;Right-Handed;Right-Handed;https://wtatennis.com/tournament/710/eastbourne/2019/scores/LS021;;;;;;;;;;;;;;;;;;;;;;;;;;;;
14/49;11/36;25/36;35/49;36/65;49/67;8/18;12/29;17/29;10/18;6;5;1/3;2/4;2/4;2/3;3;0;11;11;11;11;64/132;68/132;22/67;23/65;42/65;45/67;5/21;6/18;12/18;16/21;18/29;21/30;4/9;4/11;7/11;5/9;3;2;0/2;1/3;2/3;2/2;3;0;5;5;5;5;28/59;31/59;9/30;10/29;19/29;21/30;9/28;5/18;13/18;19/28;18/36;28/37;4/9;8/18;10/18;5/9;3;3;1/1;1/1;0/1;0/1;0;0;6;6;6;6;36/73;37/73;13/37;13/36;23/36;24/37;1;3;1.72;1.80;27.92;32.08;Right-Handed;Right-Handed;https://wtatennis.com/tournament/710/eastbourne/2019/scores/LS017;;;;;;;;;;;;;;;;;;;;;;;;;;;;
10/33;19/36;17/36;23/33;36/53;33/44;3/11;11/17;6/17;8/11;0;4;1/2;5/7;2/7;1/2;2;0;8;8;8;8;36/97;61/97;13/44;30/53;23/53;31/44;8/21;11/20;9/20;13/21;20/26;21/30;3/9;2/6;4/6;6/9;0;4;1/2;2/2;0/2;1/2;0;0;5;4;4;5;24/56;32/56;11/30;13/26;13/26;19/30;2/12;8/16;8/16;10/12;16/27;12/14;0/2;9/11;2/11;2/2;0;0;0/0;3/5;2/5;0/0;2;0;3;4;4;3;12/41;29/41;2/14;17/27;10/27;12/14;2;3;1.66;1.77;29.25;34.42;Right-Handed;Right-Handed;https://wtatennis.com/tournament/710/eastbourne/2019/scores/LS018;;;;;;;;;;;;;;;;;;;;;;;;;;;;
19/61;30/78;48/78;42/61;78/121;61/89;16/28;29/43;14/43;12/28;4;2;3/8;7/18;11/18;5/8;8;4;13;14;14;13;97/210;113/210;35/89;59/121;62/121;54/89;2/12;16/36;20/36;10/12;36/58;12/19;3/7;15/22;7/22;4/7;1;0;0/1;3/11;8/11;1/1;4;0;3;4;4;3;32/77;45/77;5/19;31/58;27/58;14/19;11/28;10/28;18/28;17/28;28/40;28/41;10/13;7/12;5/12;3/13;1;0;3/6;2/5;3/5;3/6;3;2;6;6;6;6;44/81;37/81;21/41;17/40;23/40;20/41;2;2;1.72;1.79;23.92;27.58;Left-Handed;Right-Handed;https://wtatennis.com/tournament/710/eastbourne/2019/scores/LS030;6/21;4/14;10/14;15/21;14/23;21/29;3/8;7/9;2/9;5/8;2;2;0/1;2/2;0/2;1/1;1;2;4;4;4;4;21/52;31/52;9/29;11/23;12/23;20/29
11/38;13/38;25/38;27/38;38/58;38/56;6/18;12/20;8/20;12/18;4;2;1/2;3/7;4/7;1/2;2;2;10;9;9;10;50/114;64/114;17/56;25/58;33/58;39/56;5/19;5/17;12/17;14/19;17/26;19/25;0/6;5/9;4/9;6/6;2;1;0/0;1/4;3/4;0/0;2;0;5;4;4;5;21/51;30/51;5/25;10/26;16/26;20/25;6/19;8/21;13/21;13/19;21/32;19/31;6/12;7/11;4/11;6/12;2;1;1/2;2/3;1/3;1/2;0;2;5;5;5;5;29/63;34/63;12/31;15/32;17/32;19/31;0;2;1.74;1.74;27.5;29.33;Right-Handed;Right-Handed;https://wtatennis.com/tournament/710/eastbourne/2019/scores/LS026;;;;;;;;;;;;;;;;;;;;;;;;;;;;
16/45;12/39;27/39;29/45;39/63;45/67;7/22;14/24;10/24;15/22;4;4;2/4;4/5;1/5;2/4;1;1;12;11;11;12;60/130;70/130;23/67;26/63;37/63;44/67;9/14;2/14;12/14;5/14;14/23;14/23;3/9;4/9;5/9;6/9;3;0;2/3;0/0;0/0;1/3;0;1;4;4;4;4;29/46;17/46;12/23;6/23;17/23;11/23;2/14;5/13;8/13;12/14;13/20;14/20;2/6;4/7;3/7;4/6;1;1;0/0;2/2;0/2;0/0;1;0;4;4;4;4;15/40;25/40;4/20;9/20;11/20;16/20;1;2;1.80;1.67;37.58;28.75;Right-Handed;Right-Handed;https://wtatennis.com/tournament/710/eastbourne/2019/scores/LS016;5/17;5/12;7/12;12/17;12/20;17/24;2/7;6/8;2/8;5/7;0;3;0/1;2/3;1/3;1/1;0;0;4;3;3;4;16/44;28/44;7/24;11/20;9/20;17/24
14/33;11/38;27/38;19/33;38/59;33/44;5/11;9/21;12/21;6/11;3;0;3/4;0/3;3/3;1/4;3;2;8;9;9;8;58/103;45/103;19/44;20/59;39/59;25/44;7/14;6/18;12/18;7/14;18/27;14/22;4/8;3/9;6/9;4/8;1;0;2/3;0/1;1/1;1/3;1;2;4;4;4;4;29/49;20/49;11/22;9/27;18/27;11/22;7/19;5/20;15/20;12/19;20/32;19/22;1/3;6/12;6/12;2/3;2;0;1/1;0/2;2/2;0/1;2;0;4;5;5;4;29/54;25/54;8/22;11/32;21/32;14/22;2;1;1.75;1.70;39.17;24.58;Right-Handed;Right-Handed;https://wtatennis.com/tournament/710/eastbourne/2019/scores/LS041;;;;;;;;;;;;;;;;;;;;;;;;;;;;
8/31;17/38;21/38;23/31;38/65;31/54;11/23;17/27;10/27;12/23;1;4;1/2;5/12;7/12;1/2;8;2;8;9;9;8;50/119;69/119;19/54;34/65;31/65;35/54;3/16;7/18;11/18;13/16;18/35;16/28;6/12;9/17;8/17;6/12;0;2;1/1;2/4;2/4;0/1;4;2;5;5;5;5;28/63;35/63;9/28;16/35;19/35;19/28;5/15;10/20;10/20;10/15;20/30;15/26;5/11;8/10;2/10;6/11;1;2;0/1;3/8;5/8;1/1;4;0;3;4;4;3;22/56;34/56;10/26;18/30;12/30;16/26;1;6;1.63;1.82;28.42;31.5;Right-Handed;Right-Handed;https://wtatennis.com/tournament/710/eastbourne/2019/scores/LS027;;;;;;;;;;;;;;;;;;;;;;;;;;;;
10/36;9/33;24/33;26/36;33/55;36/59;8/23;13/22;9/22;15/23;8;3;1/2;3/5;2/5;1/2;2;3;10;9;9;10;51/114;63/114;18/59;22/55;33/55;41/59;6/21;4/11;7/11;15/21;11/21;21/31;4/10;6/10;4/10;6/10;3;1;1/2;2/2;0/2;1/2;1;2;5;4;4;5;21/52;31/52;10/31;10/21;11/21;21/31;4/15;5/22;17/22;11/15;22/34;15/28;4/13;7/12;5/12;9/13;5;2;0/0;1/3;2/3;0/0;1;1;5;5;5;5;30/62;32/62;8/28;12/34;22/34;20/28;4;5;1.75;1.75;26.17;26.25;Right-Handed;Right-Handed;https://wtatennis.com/tournament/710/eastbourne/2019/scores/LS059;;;;;;;;;;;;;;;;;;;;;;;;;;;;
12/30;15/32;17/32;18/30;32/54;30/48;9/18;9/22;13/22;9/18;4;0;2/8;3/5;2/5;6/8;2;3;6;7;7;6;51/102;51/102;21/48;24/54;30/54;27/48;12/30;12/25;13/25;18/30;25/44;30/48;9/18;6/19;13/19;9/18;4;0;2/8;2/4;2/4;6/8;0;3;6;6;6;6;47/92;45/92;21/48;18/44;26/44;27/48;0/0;3/7;4/7;0/0;7/10;0/0;0/0;3/3;0/3;0/0;0;0;0/0;1/1;0/1;0/0;2;0;0;1;1;0;4/10;6/10;0/0;6/10;4/10;0/0;4;1;1.85;1.64;32.42;37.17;Right-Handed;Right-Handed;https://wtatennis.com/tournament/710/eastbourne/2019/scores/LS045;;;;;;;;;;;;;;;;;;;;;;;;;;;;
16/42;9/42;33/42;26/42;42/73;42/59;11/17;19/31;12/31;6/17;1;1;4/5;3/5;2/5;1/5;7;2;10;11;11;10;72/132;60/132;27/59;28/73;45/73;32/59;6/16;4/21;17/21;10/16;21/34;16/22;5/6;9/13;4/13;1/6;1;0;2/2;1/2;1/2;0/2;3;1;4;5;5;4;32/56;24/56;11/22;13/34;21/34;11/22;10/26;5/21;16/21;16/26;21/39;26/37;6/11;10/18;8/18;5/11;0;1;2/3;2/3;1/3;1/3;4;1;6;6;6;6;40/76;36/76;16/37;15/39;24/39;21/37;3;5;1.73;1.74;33.42;28.75;Right-Handed;Right-Handed;https://wtatennis.com/tournament/710/eastbourne/2019/scores/LS019;;;;;;;;;;;;;;;;;;;;;;;;;;;;
18/37;13/45;32/45;19/37;45/63;37/53;10/16;10/18;8/18;6/16;1;0;5/13;1/6;5/6;8/13;4;2;8;8;8;8;68/116;48/116;28/53;23/63;40/63;25/53;11/19;10/29;19/29;8/19;29/40;19/29;6/10;7/11;4/11;4/10;1;0;3/7;1/6;5/6;4/7;3;0;4;4;4;4;40/69;29/69;17/29;17/40;23/40;12/29;7/18;3/16;13/16;11/18;16/23;18/24;4/6;3/7;4/7;2/6;0;0;2/6;0/0;0/0;4/6;1;2;4;4;4;4;28/47;19/47;11/24;6/23;17/23;13/24;2;3;1.74;1.72;34.0;29.67;Right-Handed;Right-Handed;https://wtatennis.com/tournament/710/eastbourne/2019/scores/LS043;;;;;;;;;;;;;;;;;;;;;;;;;;;;
18/60;20/54;34/54;42/60;54/96;60/109;29/49;21/42;21/42;20/49;3;5;4/12;5/13;8/13;8/12;7;10;15;15;15;15;102/205;103/205;47/109;41/96;55/96;62/109;7/23;5/11;6/11;16/23;11/21;23/33;7/10;8/10;2/10;3/10;1;2;1/6;3/4;1/4;5/6;4;2;4;4;4;4;22/54;32/54;14/33;13/21;8/21;19/33;3/13;7/18;11/18;10/13;18/30;13/27;10/14;3/12;9/12;4/14;1;2;2/3;1/5;4/5;1/3;0;4;5;5;5;5;33/57;24/57;13/27;10/30;20/30;14/27;2;1;1.82;1.77;25.08;32.92;Right-Handed;Right-Handed;https://wtatennis.com/tournament/710/eastbourne/2019/scores/LS012;8/24;8/25;17/25;16/24;25/45;24/49;12/25;10/20;10/20;13/25;1;1;1/3;1/4;3/4;2/3;3;4;6;6;6;6;47/94;47/94;20/49;18/45;27/45;29/49
12/29;18/41;23/41;17/29;41/70;29/61;15/32;21/29;8/29;17/32;0;5;3/6;6/12;6/12;3/6;6;10;9;9;9;9;58/131;73/131;27/61;39/70;31/70;34/61;6/16;13/28;15/28;10/16;28/45;16/36;10/20;11/17;6/17;10/20;0;5;1/4;3/9;6/9;3/4;4;7;4;5;5;4;37/81;44/81;16/36;24/45;21/45;20/36;6/13;5/13;8/13;7/13;13/25;13/25;5/12;10/12;2/12;7/12;0;0;2/2;3/3;0/3;0/2;2;3;5;4;4;5;21/50;29/50;11/25;15/25;10/25;14/25;0;3;1.74;1.82;29.33;31.5;Right-Handed;Right-Handed;https://wtatennis.com/tournament/710/eastbourne/2019/scores/LS013;;;;;;;;;;;;;;;;;;;;;;;;;;;;
8/20;8/12;4/12;12/20;12/33;20/40;12/20;16/21;5/21;8/20;0;4;3/7;5/6;1/6;4/7;6;3;6;7;7;6;29/73;44/73;20/40;24/33;9/33;20/40;6/14;6/10;4/10;8/14;10/26;14/30;9/16;12/16;4/16;7/16;0;3;2/5;4/5;1/5;3/5;5;2;4;5;5;4;23/56;33/56;15/30;18/26;8/26;15/30;2/6;2/2;0/2;4/6;2/7;6/10;3/4;4/5;1/5;1/4;0;1;1/2;1/1;0/1;1/2;1;1;2;2;2;2;6/17;11/17;5/10;6/7;1/7;5/10;2;5;1.77;1.75;26.0;28.58;Right-Handed;Right-Handed;https://wtatennis.com/tournament/710/eastbourne/2019/scores/LS014;;;;;;;;;;;;;;;;;;;;;;;;;;;;
17/50;23/57;34/57;33/50;57/92;50/66;6/16;21/35;14/35;10/16;1;2;3/3;6/15;9/15;0/3;4;2;13;13;13;13;71/158;87/158;23/66;44/92;48/92;43/66;2/11;6/15;9/15;9/11;15/31;11/15;1/4;12/16;4/16;3/4;0;0;0/0;3/8;5/8;0/0;2;0;3;4;4;3;16/46;30/46;3/15;18/31;13/31;12/15;11/19;6/18;12/18;8/19;18/27;19/25;1/6;3/9;6/9;5/6;1;1;2/2;1/1;0/1;0/2;0;1;5;5;5;5;30/52;22/52;12/25;9/27;18/27;13/25;1;3;1.85;1.68;32.42;31.67;Right-Handed;Right-Handed;https://wtatennis.com/tournament/710/eastbourne/2019/scores/LS011;4/20;11/24;13/24;16/20;24/34;20/26;4/6;6/10;4/10;2/6;0;1;1/1;2/6;4/6;0/1;2;1;5;4;4;5;25/60;35/60;8/26;17/34;17/34;18/26
7/36;7/20;13/20;29/36;20/36;36/57;12/21;13/16;3/16;9/21;2;5;0/3;4/5;1/5;3/3;5;2;8;7;7;8;35/93;58/93;19/57;20/36;16/36;38/57;2/15;2/7;5/7;13/15;7/18;15/23;4/8;9/11;2/11;4/8;1;2;0/1;2/3;1/3;1/1;4;1;4;3;3;4;13/41;28/41;6/23;11/18;7/18;17/23;5/21;5/13;8/13;16/21;13/18;21/34;8/13;4/5;1/5;5/13;1;3;0/2;2/2;0/2;2/2;1;1;4;4;4;4;22/52;30/52;13/34;9/18;9/18;21/34;1;2;1.79;1.86;27.58;31.25;Right-Handed;Right-Handed;https://wtatennis.com/tournament/710/eastbourne/2019/scores/LS015;;;;;;;;;;;;;;;;;;;;;;;;;;;;
14/41;7/41;34/41;27/41;41/59;41/59;11/18;7/18;11/18;7/18;2;1;3/4;0/3;3/3;1/4;1;4;9;9;9;9;70/118;48/118;25/59;14/59;45/59;34/59;4/26;4/25;21/25;22/26;25/40;26/39;7/13;5/15;10/15;6/13;1;1;0/0;0/2;2/2;0/0;0;2;6;6;6;6;42/79;37/79;11/39;9/40;31/40;28/39;10/15;3/16;13/16;5/15;16/19;15/20;4/5;2/3;1/3;1/5;1;0;3/4;0/1;1/1;1/4;1;2;3;3;3;3;28/39;11/39;14/20;5/19;14/19;6/20;2;0;1.73;1.73;35.42;27.83;Left-Handed;Right-Handed;https://wtatennis.com/tournament/710/eastbourne/2019/scores/LS010;;;;;;;;;;;;;;;;;;;;;;;;;;;;
12/42;15/33;18/33;30/42;33/62;42/55;7/13;17/29;12/29;6/13;0;0;0/4;4/10;6/10;4/4;2;2;8;8;8;8;49/117;68/117;19/55;32/62;30/62;36/55;5/18;6/14;8/14;13/18;14/24;18/23;2/5;7/10;3/10;3/5;0;0;0/0;2/5;3/5;0/0;0;1;4;4;4;4;18/47;29/47;7/23;13/24;11/24;16/23;7/24;9/19;10/19;17/24;19/38;24/32;5/8;10/19;9/19;3/8;0;0;0/4;2/5;3/5;4/4;2;1;4;4;4;4;31/70;39/70;12/32;19/38;19/38;20/32;3;5;1.77;1.73;34.42;33.42;Right-Handed;Right-Handed;https://wtatennis.com/tournament/710/eastbourne/2019/scores/LS009;;;;;;;;;;;;;;;;;;;;;;;;;;;;
17/43;4/26;22/26;26/43;26/52;43/57;10/14;13/26;13/26;4/14;2;1;4/8;1/4;3/4;4/8;1;1;8;9;9;8;62/109;47/109;27/57;17/52;35/52;30/57;6/16;1/13;12/13;10/16;13/27;16/25;5/9;8/14;6/14;4/9;1;0;2/5;1/1;0/1;3/5;1;0;4;5;5;4;29/52;23/52;11/25;9/27;18/27;14/25;11/27;3/13;10/13;16/27;13/25;27/32;5/5;5/12;7/12;0/5;1;1;2/3;0/3;3/3;1/3;0;1;4;4;4;4;33/57;24/57;16/32;8/25;17/25;16/32;2;1;1.67;1.80;28.75;32.08;Right-Handed;Right-Handed;https://wtatennis.com/tournament/710/eastbourne/2019/scores/LS008;;;;;;;;;;;;;;;;;;;;;;;;;;;;
4/25;10/22;12/22;21/25;22/46;25/40;7/15;16/24;8/24;8/15;3;6;0/0;5/10;5/10;0/0;5;3;7;7;7;7;31/86;55/86;11/40;26/46;20/46;29/40;4/18;6/14;8/14;14/18;14/27;18/24;3/6;7/13;6/13;3/6;3;3;0/0;2/7;5/7;0/0;4;1;4;4;4;4;21/51;30/51;7/24;13/27;14/27;17/24;0/7;4/8;4/8;7/7;8/19;7/16;4/9;9/11;2/11;5/9;0;3;0/0;3/3;0/3;0/0;1;2;3;3;3;3;10/35;25/35;4/16;13/19;6/19;12/16;2;2;1.75;1.86;28.58;31.25;Right-Handed;Right-Handed;https://wtatennis.com/tournament/710/eastbourne/2019/scores/LS007;;;;;;;;;;;;;;;;;;;;;;;;;;;;
16/52;21/53;32/53;36/52;53/91;52/90;19/38;15/38;23/38;19/38;3;6;3/7;4/5;1/5;4/7;7;7;14;15;15;14;90/181;91/181;35/90;36/91;55/91;55/90;6/21;7/25;18/25;15/21;25/34;21/34;5/13;6/9;3/9;8/13;1;4;0/2;1/2;1/2;2/2;2;2;5;5;5;5;32/68;36/68;11/34;13/34;21/34;23/34;3/13;8/14;6/14;10/13;14/28;13/28;10/15;3/14;11/14;5/15;2;2;2/4;1/1;0/1;2/4;1;5;4;5;5;4;30/56;26/56;13/28;11/28;17/28;15/28;2;5;1.82;1.82;25.08;31.5;Right-Handed;Right-Handed;https://wtatennis.com/tournament/710/eastbourne/2019/scores/LS006;7/18;6/14;8/14;11/18;14/29;18/28;4/10;6/15;9/15;6/10;0;0;1/1;2/2;0/2;0/1;4;0;5;5;5;5;28/57;29/57;11/28;12/29;17/29;17/28
21/37;17/42;25/42;16/37;42/59;37/54;8/17;5/17;12/17;9/17;1;1;5/7;2/5;3/5;2/7;1;1;10;9;9;10;66/113;47/113;29/54;22/59;37/59;25/54;9/17;11/26;15/26;8/17;26/33;17/26;4/9;2/7;5/7;5/9;1;0;2/3;1/1;0/1;1/3;1;1;5;5;5;5;33/59;26/59;13/26;13/33;20/33;13/26;12/20;6/16;10/16;8/20;16/26;20/28;4/8;3/10;7/10;4/8;0;1;3/4;1/4;3/4;1/4;0;0;5;4;4;5;33/54;21/54;16/28;9/26;17/26;12/28;6;6;1.73;1.68;35.42;31.67;Left-Handed;Right-Handed;https://wtatennis.com/tournament/710/eastbourne/2019/scores/LS005;;;;;;;;;;;;;;;;;;;;;;;;;;;;
18/55;19/55;36/55;37/55;55/103;55/75;9/20;24/48;24/48;11/20;3;0;4/7;4/12;8/12;3/7;1;2;14;14;14;14;87/178;91/178;27/75;43/103;60/103;48/75;1/13;6/12;6/12;12/13;12/26;13/19;2/6;8/14;6/14;4/6;1;0;0/0;2/6;4/6;0/0;0;1;4;3;3;4;15/45;30/45;3/19;14/26;12/26;16/19;7/20;8/25;17/25;13/20;25/48;20/28;3/8;11/23;12/23;5/8;2;0;2/2;1/5;4/5;0/2;1;0;6;6;6;6;39/76;37/76;10/28;19/48;29/48;18/28;3;0;1.67;1.73;28.75;33.42;Right-Handed;Right-Handed;https://wtatennis.com/tournament/710/eastbourne/2019/scores/LS004;10/22;5/18;13/18;12/22;18/29;22/28;4/6;5/11;6/11;2/6;0;0;2/5;1/1;0/1;3/5;0;1;4;5;5;4;33/57;24/57;14/28;10/29;19/29;14/28
2/22;6/19;13/19;20/22;19/40;22/45;9/23;15/21;6/21;14/23;5;3;0/0;4/7;3/7;0/0;2;0;8;7;7;8;30/85;55/85;11/45;21/40;19/40;34/45;1/13;2/8;6/8;12/13;8/20;13/25;6/12;9/12;3/12;6/12;3;3;0/0;2/5;3/5;0/0;1;0;4;3;3;4;16/45;29/45;7/25;11/20;9/20;18/25;1/9;4/11;7/11;8/9;11/20;9/20;3/11;6/9;3/9;8/11;2;0;0/0;2/2;0/2;0/0;1;0;4;4;4;4;14/40;26/40;4/20;10/20;10/20;16/20;3;3;1.82;1.86;31.5;31.25;Right-Handed;Right-Handed;https://wtatennis.com/tournament/710/eastbourne/2019/scores/LS003;;;;;;;;;;;;;;;;;;;;;;;;;;;;
0/0;0/0;0/0;0/0;0/0;0/0;0/0;0/0;0/0;0/0;0;0;0/0;0/0;0/0;0/0;0;0;0;0;0;0;0/0;0/0;0/0;0/0;0/0;0/0;0/0;0/0;0/0;0/0;0/0;0/0;0/0;0/0;0/0;0/0;0;0;0/0;0/0;0/0;0/0;0;0;0;0;0;0;0/0;0/0;0/0;0/0;0/0;0/0;;;;;;;;;;;;;;;;;;;;;;;;;;;;;0;1;1.67;1.73;28.75;35.42;Right-Handed;Left-Handed;https://wtatennis.com/tournament/710/eastbourne/2019/scores/LS002;;;;;;;;;;;;;;;;;;;;;;;;;;;;
12/41;19/41;22/41;29/41;41/67;41/54;6/13;15/26;11/26;7/13;3;7;1/2;4/13;9/13;1/2;3;1;9;8;8;9;51/121;70/121;18/54;34/67;33/67;36/54;7/19;10/16;6/16;12/19;16/23;19/27;4/8;5/7;2/7;4/8;1;2;1/2;3/8;5/8;1/2;1;1;4;3;3;4;19/50;31/50;11/27;15/23;8/23;16/27;5/22;9/25;16/25;17/22;25/44;22/27;2/5;10/19;9/19;3/5;2;5;0/0;1/5;4/5;0/0;2;0;5;5;5;5;32/71;39/71;7/27;19/44;25/44;20/27;7;5;1.73;1.86;35.42;31.25;Left-Handed;Right-Handed;https://wtatennis.com/tournament/710/eastbourne/2019/scores/LS001;;;;;;;;;;;;;;;;;;;;;;;;;;;;
