statut;duration;stage;url_match_stats;player_1_name;player_1_set_1;player_1_set_1_tiebreak;player_1_set_2;player_1_set_2_tiebreak;player_1_set_3;player_1_set_3_tiebreak;player_2_name;player_2_set_1;player_2_set_1_tiebreak;player_2_set_2;player_2_set_2_tiebreak;player_2_set_3;player_2_set_3_tiebreak;scores_link
Completed;1:08;Qualifying;https://wtatennis.com/tournament/702/sydney/2018/scores/RS023;A.Rodionova;1;;4;;-;;C.Witthoeft;6;;6;;-;;https://www.wtatennis.com/tournament/702/sydney/2018/scores
Completed;2:19;Qualifying;https://wtatennis.com/tournament/702/sydney/2018/scores/RS022;B.Woolcock;5;;7;;6;;Y.Xu;7;;5;;3;;https://www.wtatennis.com/tournament/702/sydney/2018/scores
Completed;1:30;Qualifying;https://wtatennis.com/tournament/702/sydney/2018/scores/RS027;A.Lim;2;;2;;-;;M.Puig;6;;6;;-;;https://www.wtatennis.com/tournament/702/sydney/2018/scores
Completed;1:08;Qualifying;https://wtatennis.com/tournament/702/sydney/2018/scores/RS024;C.Suarez Navarro;1;;4;;-;;K.Ahn;6;;6;;-;;https://www.wtatennis.com/tournament/702/sydney/2018/scores
Completed;1:08;Qualifying;https://wtatennis.com/tournament/702/sydney/2018/scores/RS026;Y.Duan;6;;6;;-;;I.Wallace;2;;2;;-;;https://www.wtatennis.com/tournament/702/sydney/2018/scores
Completed;1:55;Qualifying;https://wtatennis.com/tournament/702/sydney/2018/scores/RS020;A.Kontaveit;5;;6;;0;;S.Aoyama;7;;4;;3;;https://www.wtatennis.com/tournament/702/sydney/2018/scores
Completed;1:38;Qualifying;https://wtatennis.com/tournament/702/sydney/2018/scores/RS016;A.Spears;2;;6;;3;;G.Dabrowski;6;;3;;6;;https://www.wtatennis.com/tournament/702/sydney/2018/scores
Completed;1:19;Qualifying;https://wtatennis.com/tournament/702/sydney/2018/scores/RS021;C.Giorgi;7;;6;;-;;O.Tjandramulia;5;;2;;-;;https://www.wtatennis.com/tournament/702/sydney/2018/scores
Completed;2:12;Qualifying;https://wtatennis.com/tournament/702/sydney/2018/scores/RS029;S.Tomic;2;;7;;6;;O.Jabeur;6;;5;;4;;https://www.wtatennis.com/tournament/702/sydney/2018/scores
Completed;1:37;Qualifying;https://wtatennis.com/tournament/702/sydney/2018/scores/RS028;L.Davis;4;;4;;-;;L.Arruabarrena;6;;6;;-;;https://www.wtatennis.com/tournament/702/sydney/2018/scores
Completed;0:41;Qualifying;https://wtatennis.com/tournament/702/sydney/2018/scores/RS017;A.Rosolska;0;;0;;-;;E.Alexandrova;6;;6;;-;;https://www.wtatennis.com/tournament/702/sydney/2018/scores
Completed;1:27;Qualifying;https://wtatennis.com/tournament/702/sydney/2018/scores/RS025;T.Patterson;3;;6;5;-;;J.Larsson;6;;7;;-;;https://www.wtatennis.com/tournament/702/sydney/2018/scores
Completed;1:18;Qualifying;https://wtatennis.com/tournament/702/sydney/2018/scores/RS018;K.Kucova;6;;6;;-;;Z.Yang;1;;2;;-;;https://www.wtatennis.com/tournament/702/sydney/2018/scores
Completed;2:07;Qualifying;https://wtatennis.com/tournament/702/sydney/2018/scores/RS030;K.Bondarenko;6;4;7;;0;;C.Mchale;7;;6;6;0;;https://www.wtatennis.com/tournament/702/sydney/2018/scores
Completed;2:06;Qualifying;https://wtatennis.com/tournament/702/sydney/2018/scores/RS031;V.Cepede Royg;6;;3;;6;;M.Sakkari;4;;6;;3;;https://www.wtatennis.com/tournament/702/sydney/2018/scores
Completed;1:30;Qualifying;https://wtatennis.com/tournament/702/sydney/2018/scores/RS019;J.Brady;6;2;5;;-;;C.Bellis;7;;7;;-;;https://www.wtatennis.com/tournament/702/sydney/2018/scores
Completed;1:29;Qualifying;https://wtatennis.com/tournament/702/sydney/2018/scores/RS010;S.Aoyama;2;;6;5;-;;C.Giorgi;6;;7;;-;;https://www.wtatennis.com/tournament/702/sydney/2018/scores
Completed;2:10;Qualifying;https://wtatennis.com/tournament/702/sydney/2018/scores/RS013;Y.Duan;6;;4;;5;;M.Puig;3;;6;;7;;https://www.wtatennis.com/tournament/702/sydney/2018/scores
Completed;1:02;Qualifying;https://wtatennis.com/tournament/702/sydney/2018/scores/RS011;B.Woolcock;1;;4;;-;;C.Witthoeft;6;;6;;-;;https://www.wtatennis.com/tournament/702/sydney/2018/scores
Completed;0:57;Qualifying;https://wtatennis.com/tournament/702/sydney/2018/scores/RS012;K.Ahn;6;;6;;-;;J.Larsson;1;;2;;-;;https://www.wtatennis.com/tournament/702/sydney/2018/scores
Completed;1:22;Qualifying;https://wtatennis.com/tournament/702/sydney/2018/scores/RS014;L.Arruabarrena;6;;6;;-;;S.Tomic;2;;3;;-;;https://www.wtatennis.com/tournament/702/sydney/2018/scores
Completed;1:14;Qualifying;https://wtatennis.com/tournament/702/sydney/2018/scores/RS009;K.Kucova;5;;2;;-;;C.Bellis;7;;6;;-;;https://www.wtatennis.com/tournament/702/sydney/2018/scores
Completed;1:44;Qualifying;https://wtatennis.com/tournament/702/sydney/2018/scores/RS008;G.Dabrowski;2;;7;;4;;E.Alexandrova;6;;5;;6;;https://www.wtatennis.com/tournament/702/sydney/2018/scores
Completed;2:39;Qualifying;https://wtatennis.com/tournament/702/sydney/2018/scores/RS015;K.Bondarenko;6;;3;;6;4;V.Cepede Royg;2;;6;;7;;https://www.wtatennis.com/tournament/702/sydney/2018/scores
Completed;1:11;Qualifying;https://wtatennis.com/tournament/702/sydney/2018/scores/RS007;L.Arruabarrena;4;;1;;-;;V.Cepede Royg;6;;6;;-;;https://www.wtatennis.com/tournament/702/sydney/2018/scores
Completed;1:14;Qualifying;https://wtatennis.com/tournament/702/sydney/2018/scores/RS005;C.Giorgi;6;;6;;-;;C.Witthoeft;4;;1;;-;;https://www.wtatennis.com/tournament/702/sydney/2018/scores
Completed;1:13;Qualifying;https://wtatennis.com/tournament/702/sydney/2018/scores/RS006;K.Ahn;6;;6;;-;;M.Puig;4;;1;;-;;https://www.wtatennis.com/tournament/702/sydney/2018/scores
Completed;1:26;Qualifying;https://wtatennis.com/tournament/702/sydney/2018/scores/RS004;E.Alexandrova;6;;3;;1;;C.Bellis;3;;6;;6;;https://www.wtatennis.com/tournament/702/sydney/2018/scores
Completed;1:07;Round of 32;https://wtatennis.com/tournament/702/sydney/2018/scores/LS029;E.Vesnina;6;;6;;-;;L.Arruabarrena;2;;2;;-;;https://www.wtatennis.com/tournament/702/sydney/2018/scores
Completed;1:35;Round of 32;https://wtatennis.com/tournament/702/sydney/2018/scores/LS020;J.Ostapenko;6;3;1;;-;;E.Makarova;7;;6;;-;;https://www.wtatennis.com/tournament/702/sydney/2018/scores
Completed;1:06;Round of 32;https://wtatennis.com/tournament/702/sydney/2018/scores/LS023;E.Perez;6;;4;;-;;K.Mladenovic;4;;2;;-;;https://www.wtatennis.com/tournament/702/sydney/2018/scores
Completed;1:23;Round of 32;https://wtatennis.com/tournament/702/sydney/2018/scores/LS026;C.Bellis;7;;6;;-;;M.Rybarikova;6;2;0;;-;;https://www.wtatennis.com/tournament/702/sydney/2018/scores
Completed;0:29;Round of 32;https://wtatennis.com/tournament/702/sydney/2018/scores/LS025;M.Lucic-Baroni;1;;0;;-;;P.Kvitova;6;;0;;-;;https://www.wtatennis.com/tournament/702/sydney/2018/scores
Completed;1:17;Round of 32;https://wtatennis.com/tournament/702/sydney/2018/scores/LS017;K.Ahn;2;;4;;-;;K.Bertens;6;;6;;-;;https://www.wtatennis.com/tournament/702/sydney/2018/scores
Completed;2:28;Round of 32;https://wtatennis.com/tournament/702/sydney/2018/scores/LS030;L.Safarova;7;;6;8;2;;A.Kerber;6;3;7;;6;;https://www.wtatennis.com/tournament/702/sydney/2018/scores
Completed;1:25;Round of 32;https://wtatennis.com/tournament/702/sydney/2018/scores/LS022;A.Barty;6;;6;;-;;V.Cepede Royg;3;;4;;-;;https://www.wtatennis.com/tournament/702/sydney/2018/scores
Completed;2:26;Round of 32;https://wtatennis.com/tournament/702/sydney/2018/scores/LS021;D.Kasatkina;5;;6;;4;;B.Strycova;7;;1;;6;;https://www.wtatennis.com/tournament/702/sydney/2018/scores
Completed;1:05;Round of 32;https://wtatennis.com/tournament/702/sydney/2018/scores/LS024;S.Stephens;3;;0;;-;;C.Giorgi;6;;6;;-;;https://www.wtatennis.com/tournament/702/sydney/2018/scores
Completed;1:17;Round of 32;https://wtatennis.com/tournament/702/sydney/2018/scores/LS028;A.Sevastova;3;;1;;-;;D.Cibulkova;6;;6;;-;;https://www.wtatennis.com/tournament/702/sydney/2018/scores
Completed;1:52;Round of 16;https://wtatennis.com/tournament/702/sydney/2018/scores/LS015;A.Kerber;5;;6;;6;;V.Williams;7;;3;;1;;https://www.wtatennis.com/tournament/702/sydney/2018/scores
Completed;1:18;Round of 16;https://wtatennis.com/tournament/702/sydney/2018/scores/LS011;A.Barty;7;;6;;-;;E.Perez;6;4;1;;-;;https://www.wtatennis.com/tournament/702/sydney/2018/scores
Completed;2:13;Round of 32;https://wtatennis.com/tournament/702/sydney/2018/scores/LS018;D.Gavrilova;6;;1;;7;;O.Rogowska;4;;6;;5;;https://www.wtatennis.com/tournament/702/sydney/2018/scores
Completed;1:48;Round of 16;https://wtatennis.com/tournament/702/sydney/2018/scores/LS014;D.Cibulkova;6;;6;;-;;E.Vesnina;4;;4;;-;;https://www.wtatennis.com/tournament/702/sydney/2018/scores
Completed;1:52;Round of 16;https://wtatennis.com/tournament/702/sydney/2018/scores/LS010;E.Makarova;4;;1;;-;;B.Strycova;6;;6;;-;;https://www.wtatennis.com/tournament/702/sydney/2018/scores
Completed;1:49;Round of 32;https://wtatennis.com/tournament/702/sydney/2018/scores/LS027;A.Radwanska;6;;7;;-;;J.Konta;3;;5;;-;;https://www.wtatennis.com/tournament/702/sydney/2018/scores
Completed;2:21;Round of 32;https://wtatennis.com/tournament/702/sydney/2018/scores/LS019;S.Stosur;4;;7;;6;;C.Witthoeft;6;;5;;3;;https://www.wtatennis.com/tournament/702/sydney/2018/scores
Completed;1:33;Round of 16;https://wtatennis.com/tournament/702/sydney/2018/scores/LS009;D.Gavrilova;6;;6;;-;;S.Stosur;4;;2;;-;;https://www.wtatennis.com/tournament/702/sydney/2018/scores
Completed;1:54;Round of 16;https://wtatennis.com/tournament/702/sydney/2018/scores/LS012;C.Giorgi;7;;6;;-;;P.Kvitova;6;7;2;;-;;https://www.wtatennis.com/tournament/702/sydney/2018/scores
Completed;1:48;Round of 16;https://wtatennis.com/tournament/702/sydney/2018/scores/LS008;G.Muguruza;6;;7;;-;;K.Bertens;3;;6;6;-;;https://www.wtatennis.com/tournament/702/sydney/2018/scores
Completed;1:37;Round of 16;https://wtatennis.com/tournament/702/sydney/2018/scores/LS013;C.Bellis;6;4;0;;-;;A.Radwanska;7;;6;;-;;https://www.wtatennis.com/tournament/702/sydney/2018/scores
Completed;1:24;Quarterfinal;https://wtatennis.com/tournament/702/sydney/2018/scores/LS006;C.Giorgi;6;;6;;-;;A.Radwanska;1;;2;;-;;https://www.wtatennis.com/tournament/702/sydney/2018/scores
Completed;1:22;Quarterfinal;https://wtatennis.com/tournament/702/sydney/2018/scores/LS007;D.Cibulkova;3;;1;;-;;A.Kerber;6;;6;;-;;https://www.wtatennis.com/tournament/702/sydney/2018/scores
Completed;1:08;Quarterfinal;https://wtatennis.com/tournament/702/sydney/2018/scores/LS005;B.Strycova;3;;2;;-;;A.Barty;6;;6;;-;;https://www.wtatennis.com/tournament/702/sydney/2018/scores
Completed;1:14;Semifinal;https://wtatennis.com/tournament/702/sydney/2018/scores/LS003;C.Giorgi;2;;3;;-;;A.Kerber;6;;6;;-;;https://www.wtatennis.com/tournament/702/sydney/2018/scores
Completed;1:58;Semifinal;https://wtatennis.com/tournament/702/sydney/2018/scores/LS002;D.Gavrilova;6;;4;;2;;A.Barty;3;;6;;6;;https://www.wtatennis.com/tournament/702/sydney/2018/scores
Completed;1:11;Final;https://wtatennis.com/tournament/702/sydney/2018/scores/LS001;A.Barty;4;;4;;-;;A.Kerber;6;;6;;-;;https://www.wtatennis.com/tournament/702/sydney/2018/scores
