match_1st Return Points Won_player_1;match_1st Return Points Won_player_2;match_1st Serve Points Won_player_1;match_1st Serve Points Won_player_2;match_1st Serve_player_1;match_1st Serve_player_2;match_2nd Return Points Won_player_1;match_2nd Return Points Won_player_2;match_2nd Serve Points Won_player_1;match_2nd Serve Points Won_player_2;match_Aces_player_1;match_Aces_player_2;match_Break Points Converted_player_1;match_Break Points Converted_player_2;match_Break Points Saved_player_1;match_Break Points Saved_player_2;match_Double Faults_player_1;match_Double Faults_player_2;match_Return Games Played_player_1;match_Return Games Played_player_2;match_Service Games Played_player_1;match_Service Games Played_player_2;match_Total Points Won_player_1;match_Total Points Won_player_2;match_Total Return Points Won_player_1;match_Total Return Points Won_player_2;match_Total Service Points Won_player_1;match_Total Service Points Won_player_2;set1_1st Return Points Won_player_1;set1_1st Return Points Won_player_2;set1_1st Serve Points Won_player_1;set1_1st Serve Points Won_player_2;set1_1st Serve_player_1;set1_1st Serve_player_2;set1_2nd Return Points Won_player_1;set1_2nd Return Points Won_player_2;set1_2nd Serve Points Won_player_1;set1_2nd Serve Points Won_player_2;set1_Aces_player_1;set1_Aces_player_2;set1_Break Points Converted_player_1;set1_Break Points Converted_player_2;set1_Break Points Saved_player_1;set1_Break Points Saved_player_2;set1_Double Faults_player_1;set1_Double Faults_player_2;set1_Return Games Played_player_1;set1_Return Games Played_player_2;set1_Service Games Played_player_1;set1_Service Games Played_player_2;set1_Total Points Won_player_1;set1_Total Points Won_player_2;set1_Total Return Points Won_player_1;set1_Total Return Points Won_player_2;set1_Total Service Points Won_player_1;set1_Total Service Points Won_player_2;set2_1st Return Points Won_player_1;set2_1st Return Points Won_player_2;set2_1st Serve Points Won_player_1;set2_1st Serve Points Won_player_2;set2_1st Serve_player_1;set2_1st Serve_player_2;set2_2nd Return Points Won_player_1;set2_2nd Return Points Won_player_2;set2_2nd Serve Points Won_player_1;set2_2nd Serve Points Won_player_2;set2_Aces_player_1;set2_Aces_player_2;set2_Break Points Converted_player_1;set2_Break Points Converted_player_2;set2_Break Points Saved_player_1;set2_Break Points Saved_player_2;set2_Double Faults_player_1;set2_Double Faults_player_2;set2_Return Games Played_player_1;set2_Return Games Played_player_2;set2_Service Games Played_player_1;set2_Service Games Played_player_2;set2_Total Points Won_player_1;set2_Total Points Won_player_2;set2_Total Return Points Won_player_1;set2_Total Return Points Won_player_2;set2_Total Service Points Won_player_1;set2_Total Service Points Won_player_2;h2h_wins_player_1;h2h_wins_player_2;Height_player_1;Height_player_2;Date of Birth_player_1;Date of Birth_player_2;Plays_player_1;Plays_player_2;url_match_stats;set3_1st Return Points Won_player_1;set3_1st Return Points Won_player_2;set3_1st Serve Points Won_player_1;set3_1st Serve Points Won_player_2;set3_1st Serve_player_1;set3_1st Serve_player_2;set3_2nd Return Points Won_player_1;set3_2nd Return Points Won_player_2;set3_2nd Serve Points Won_player_1;set3_2nd Serve Points Won_player_2;set3_Aces_player_1;set3_Aces_player_2;set3_Break Points Converted_player_1;set3_Break Points Converted_player_2;set3_Break Points Saved_player_1;set3_Break Points Saved_player_2;set3_Double Faults_player_1;set3_Double Faults_player_2;set3_Return Games Played_player_1;set3_Return Games Played_player_2;set3_Service Games Played_player_1;set3_Service Games Played_player_2;set3_Total Points Won_player_1;set3_Total Points Won_player_2;set3_Total Return Points Won_player_1;set3_Total Return Points Won_player_2;set3_Total Service Points Won_player_1;set3_Total Service Points Won_player_2
13/35;18/37;19/37;22/35;37/78;35/57;13/22;22/41;19/41;9/22;2;0;3/4;6/14;8/14;1/4;3;4;9;10;10;9;64/135;71/135;26/57;40/78;38/78;31/57;8/18;10/21;11/21;10/18;21/37;18/32;8/14;9/16;7/16;6/14;2;0;2/3;3/7;4/7;1/3;1;3;5;5;5;5;34/69;35/69;16/32;19/37;18/37;16/32;5/17;8/16;8/16;12/17;16/41;17/25;5/8;13/25;12/25;3/8;0;0;1/1;3/7;4/7;0/1;2;1;4;5;5;4;30/66;36/66;10/25;21/41;20/41;15/25;0;1;1.83;1.68;33.75;24.17;Right-Handed;Right-Handed;https://wtatennis.com/tournament/2001/houston/2019/scores/RS002;;;;;;;;;;;;;;;;;;;;;;;;;;;;
22/50;20/39;19/39;28/50;39/71;50/63;6/13;18/32;14/32;7/13;3;1;3/6;6/13;7/13;3/6;4;2;9;10;10;9;61/134;73/134;28/63;38/71;33/71;35/63;12/30;8/16;8/16;18/30;16/33;30/39;4/9;7/17;10/17;5/9;2;0;1/3;2/5;3/5;2/3;2;2;5;5;5;5;34/72;38/72;16/39;15/33;18/33;23/39;10/20;12/23;11/23;10/20;23/38;20/24;2/4;11/15;4/15;2/4;1;1;2/3;4/8;4/8;1/3;2;0;4;5;5;4;27/62;35/62;12/24;23/38;15/38;12/24;0;2;1.65;1.70;29.17;30.25;Right-Handed;Right-Handed;https://wtatennis.com/tournament/2001/houston/2019/scores/LS061;;;;;;;;;;;;;;;;;;;;;;;;;;;;
15/33;15/42;27/42;18/33;42/57;33/46;8/13;6/15;9/15;5/13;2;0;5/5;2/4;2/4;0/5;0;1;9;10;10;9;59/103;44/103;23/46;21/57;36/57;23/46;10/13;5/14;9/14;3/13;14/21;13/16;2/3;3/7;4/7;1/3;0;0;3/3;1/1;0/1;0/3;0;0;3;4;4;3;25/37;12/37;12/16;8/21;13/21;4/16;5/20;10/28;18/28;15/20;28/36;20/30;6/10;3/8;5/8;4/10;2;0;2/2;1/3;2/3;0/2;0;1;6;6;6;6;34/66;32/66;11/30;13/36;23/36;19/30;2;0;;;27.17;28.67;N/A;N/A;https://wtatennis.com/tournament/2001/houston/2019/scores/LS049;;;;;;;;;;;;;;;;;;;;;;;;;;;;
15/40;8/37;29/37;25/40;37/68;40/72;14/32;12/31;19/31;18/32;4;3;2/5;1/4;3/4;3/5;2;5;10;11;11;10;77/140;63/140;29/72;20/68;48/68;43/72;4/11;1/14;13/14;7/11;14/26;11/25;5/14;4/12;8/12;9/14;2;2;1/2;0/0;0/0;1/2;0;2;4;5;5;4;30/51;21/51;9/25;5/26;21/26;16/25;11/29;7/23;16/23;18/29;23/42;29/47;9/18;8/19;11/19;9/18;2;1;1/3;1/4;3/4;2/3;2;3;6;6;6;6;47/89;42/89;20/47;15/42;27/42;27/47;1;1;1.82;1.75;22.42;30.67;Left-Handed;Right-Handed;https://wtatennis.com/tournament/2001/houston/2019/scores/LS042;;;;;;;;;;;;;;;;;;;;;;;;;;;;
13/30;3/23;20/23;17/30;23/45;30/54;16/24;11/22;11/22;8/24;4;2;5/6;1/3;2/3;1/6;5;7;9;8;8;9;60/99;39/99;29/54;14/45;31/45;25/54;7/19;2/14;12/14;12/19;14/30;19/31;7/12;9/16;7/16;5/12;2;1;2/2;1/3;2/3;0/2;4;2;5;5;5;5;33/61;28/61;14/31;11/30;19/30;17/31;6/11;1/9;8/9;5/11;9/15;11/23;9/12;2/6;4/6;3/12;2;1;3/4;0/0;0/0;1/4;1;5;4;3;3;4;27/38;11/38;15/23;3/15;12/15;8/23;1;0;1.85;;31.5;24.42;Right-Handed;N/A;https://wtatennis.com/tournament/2001/houston/2019/scores/LS034;;;;;;;;;;;;;;;;;;;;;;;;;;;;
13/41;30/64;34/64;28/41;64/107;41/82;20/41;24/43;19/43;21/41;1;2;4/8;6/16;10/16;4/8;13;7;13;13;13;13;86/189;103/189;33/82;54/107;53/107;49/82;1/7;13/27;14/27;6/7;27/40;7/20;3/13;7/13;6/13;10/13;0;1;0/0;2/5;3/5;0/0;2;1;4;4;4;4;24/60;36/60;4/20;20/40;20/40;16/20;9/18;12/26;14/26;9/18;26/41;18/31;9/13;8/15;7/15;4/13;1;1;3/7;2/7;5/7;4/7;5;4;4;5;5;4;39/72;33/72;18/31;20/41;21/41;13/31;0;1;;;30.25;25.33;Left-Handed;Right-Handed;https://wtatennis.com/tournament/2001/houston/2019/scores/LS045;3/16;5/11;6/11;13/16;11/26;16/31;8/15;9/15;6/15;7/15;0;0;1/1;2/4;2/4;0/1;6;2;5;4;4;5;23/57;34/57;11/31;14/26;12/26;20/31
30/84;20/66;46/66;54/84;66/133;84/129;23/45;36/67;31/67;22/45;11;3;4/17;5/13;8/13;13/17;4;8;17;17;17;17;130/262;132/262;53/129;56/133;77/133;76/129;2/18;3/16;13/16;16/18;16/37;18/25;3/7;12/21;9/21;4/7;5;2;0/0;1/1;0/1;0/0;0;1;5;5;5;5;27/62;35/62;5/25;15/37;22/37;20/25;13/34;9/24;15/24;21/34;24/48;34/52;10/18;12/24;12/24;8/18;3;0;2/6;2/7;5/7;4/6;2;5;6;6;6;6;50/100;50/100;23/52;21/48;27/48;29/52;1;0;;1.85;26.67;26.0;Right-Handed;Right-Handed;https://wtatennis.com/tournament/2001/houston/2019/scores/LS041;15/32;8/26;18/26;17/32;26/48;32/52;10/20;12/22;10/22;10/20;3;1;2/11;2/5;3/5;9/11;2;2;6;6;6;6;53/100;47/100;25/52;20/48;28/48;27/52
17/50;19/47;28/47;33/50;47/73;50/74;16/24;16/26;10/26;8/24;0;1;5/9;6/12;6/12;4/9;1;2;11;11;11;11;71/147;76/147;33/74;35/73;38/73;41/74;7/23;11/28;17/28;16/23;28/39;23/39;9/16;7/11;4/11;7/16;0;1;3/5;3/4;1/4;2/5;1;2;6;6;6;6;37/78;41/78;16/39;18/39;21/39;23/39;10/27;8/19;11/19;17/27;19/34;27/35;7/8;9/15;6/15;1/8;0;0;2/4;3/8;5/8;2/4;0;0;5;5;5;5;34/69;35/69;17/35;17/34;17/34;18/35;0;1;1.64;1.78;26.33;29.33;Right-Handed;Right-Handed;https://wtatennis.com/tournament/2001/houston/2019/scores/LS038;;;;;;;;;;;;;;;;;;;;;;;;;;;;
8/36;12/36;24/36;28/36;36/59;36/70;20/34;14/23;9/23;14/34;0;3;2/5;4/8;4/8;3/5;3;7;10;9;9;10;61/129;68/129;28/70;26/59;33/59;42/70;5/19;6/22;16/22;14/19;22/35;19/35;9/16;9/13;4/13;7/16;0;2;1/2;2/5;3/5;1/2;1;4;5;5;5;5;34/70;36/70;14/35;15/35;20/35;21/35;3/17;6/14;8/14;14/17;14/24;17/35;11/18;5/10;5/10;7/18;0;1;1/3;2/3;1/3;2/3;2;3;5;4;4;5;27/59;32/59;14/35;11/24;13/24;21/35;1;3;1.80;1.72;29.67;24.58;Right-Handed;Right-Handed;https://wtatennis.com/tournament/2001/houston/2019/scores/LS046;;;;;;;;;;;;;;;;;;;;;;;;;;;;
22/43;9/31;22/31;21/43;31/56;43/67;15/24;14/25;11/25;9/24;6;0;6/10;3/9;6/9;4/10;7;4;9;9;9;9;70/123;53/123;37/67;23/56;33/56;30/67;10/20;3/14;11/14;10/20;14/21;20/32;8/12;4/7;3/7;4/12;4;0;3/6;1/2;1/2;3/6;2;1;4;4;4;4;32/53;21/53;18/32;7/21;14/21;14/32;12/23;6/17;11/17;11/23;17/35;23/35;7/12;10/18;8/18;5/12;2;0;3/4;2/7;5/7;1/4;5;3;5;5;5;5;38/70;32/70;19/35;16/35;19/35;16/35;1;0;;;21.58;33.17;Right-Handed;Right-Handed;https://wtatennis.com/tournament/2001/houston/2019/scores/LS054;;;;;;;;;;;;;;;;;;;;;;;;;;;;
21/35;10/28;18/28;14/35;28/46;35/53;11/18;8/18;10/18;7/18;0;0;6/14;3/4;1/4;8/14;1;2;8;9;9;8;60/99;39/99;32/53;18/46;28/46;21/53;9/15;7/15;8/15;6/15;15/26;15/28;8/13;5/11;6/11;5/13;0;0;3/6;2/3;1/3;3/6;0;1;4;5;5;4;31/54;23/54;17/28;12/26;14/26;11/28;12/20;3/13;10/13;8/20;13/20;20/25;3/5;3/7;4/7;2/5;0;0;3/8;1/1;0/1;5/8;1;1;4;4;4;4;29/45;16/45;15/25;6/20;14/20;10/25;1;0;1.68;1.69;24.17;27.67;Right-Handed;Left-Handed;https://wtatennis.com/tournament/2001/houston/2019/scores/LS053;;;;;;;;;;;;;;;;;;;;;;;;;;;;
19/35;7/29;22/29;16/35;29/35;35/45;3/10;2/6;4/6;7/10;2;0;3/5;0/2;2/2;2/5;1;0;7;6;6;7;48/80;32/80;22/45;9/35;26/35;23/45;13/23;4/17;13/17;10/23;17/21;23/30;2/7;1/4;3/4;5/7;1;0;2/4;0/0;0/0;2/4;1;0;4;4;4;4;31/51;20/51;15/30;5/21;16/21;15/30;6/12;3/12;9/12;6/12;12/14;12/15;1/3;1/2;1/2;2/3;1;0;1/1;0/2;2/2;0/1;0;0;3;2;2;3;17/29;12/29;7/15;4/14;10/14;8/15;1;0;1.78;1.70;29.33;25.92;Right-Handed;Left-Handed;https://wtatennis.com/tournament/2001/houston/2019/scores/LS019;;;;;;;;;;;;;;;;;;;;;;;;;;;;
28/61;33/65;32/65;33/61;65/101;61/94;14/33;16/36;20/36;19/33;2;1;6/10;6/15;9/15;4/10;5;3;15;15;15;15;94/195;101/195;42/94;49/101;52/101;52/94;8/14;7/18;11/18;6/14;18/32;14/21;3/7;6/14;8/14;4/7;1;0;2/2;1/2;1/2;0/2;2;1;4;5;5;4;30/53;23/53;11/21;13/32;19/32;10/21;8/20;12/19;7/19;12/20;19/24;20/30;5/10;3/5;2/5;5/10;0;1;2/4;3/8;5/8;2/4;2;2;5;4;4;5;22/54;32/54;13/30;15/24;9/24;17/30;0;1;;1.65;21.58;37.42;Right-Handed;Right-Handed;https://wtatennis.com/tournament/2001/houston/2019/scores/LS027;12/27;14/28;14/28;15/27;28/45;27/43;6/16;7/17;10/17;10/16;1;0;2/4;2/5;3/5;2/4;1;0;6;6;6;6;42/88;46/88;18/43;21/45;24/45;25/43
22/58;11/38;27/38;36/58;38/65;58/69;7/11;10/27;17/27;4/11;2;0;4/9;2/5;3/5;5/9;4;1;11;11;11;11;73/134;61/134;29/69;21/65;44/65;40/69;12/29;7/23;16/23;17/29;23/38;29/34;3/5;6/15;9/15;2/5;1;0;2/5;1/3;2/3;3/5;3;0;6;6;6;6;40/72;32/72;15/34;13/38;25/38;19/34;10/29;4/15;11/15;19/29;15/27;29/35;4/6;4/12;8/12;2/6;1;0;2/4;1/2;1/2;2/4;1;1;5;5;5;5;33/62;29/62;14/35;8/27;19/27;21/35;1;1;1.78;1.70;24.75;30.25;Right-Handed;Right-Handed;https://wtatennis.com/tournament/2001/houston/2019/scores/LS030;;;;;;;;;;;;;;;;;;;;;;;;;;;;
38/96;27/77;50/77;58/96;77/110;96/136;23/40;18/33;15/33;17/40;0;0;5/18;5/12;7/12;13/18;4;4;16;16;16;16;126/246;120/246;61/136;45/110;65/110;75/136;11/33;6/21;15/21;22/33;21/29;33/43;4/10;4/8;4/8;6/10;0;0;0/4;1/2;1/2;4/4;1;1;5;5;5;5;34/72;38/72;15/43;10/29;19/29;28/43;15/30;8/24;16/24;15/30;24/36;30/46;8/16;6/12;6/12;8/16;0;0;2/10;1/2;1/2;8/10;1;1;5;5;5;5;45/82;37/82;23/46;14/36;22/36;23/46;1;2;1.80;1.68;37.08;24.17;Left-Handed;Right-Handed;https://wtatennis.com/tournament/2001/houston/2019/scores/LS026;12/33;13/32;19/32;21/33;32/45;33/47;11/14;8/13;5/13;3/14;0;0;3/4;3/8;5/8;1/4;2;2;6;6;6;6;47/92;45/92;23/47;21/45;24/45;24/47
17/48;10/36;26/36;31/48;36/65;48/84;18/36;10/29;19/29;18/36;7;1;3/9;0/6;6/6;6/9;5;2;11;10;10;11;80/149;69/149;35/84;20/65;45/65;49/84;9/25;6/22;16/22;16/25;22/39;25/45;8/20;6/17;11/17;12/20;4;1;1/5;0/4;4/4;4/5;4;0;6;6;6;6;44/84;40/84;17/45;12/39;27/39;28/45;8/23;4/14;10/14;15/23;14/26;23/39;10/16;4/12;8/12;6/16;3;0;2/4;0/2;2/2;2/4;1;2;5;4;4;5;36/65;29/65;18/39;8/26;18/26;21/39;1;0;1.85;1.63;31.5;28.08;Right-Handed;Right-Handed;https://wtatennis.com/tournament/2001/houston/2019/scores/LS017;;;;;;;;;;;;;;;;;;;;;;;;;;;;
6/29;18/36;18/36;23/29;36/72;29/64;19/35;19/36;17/36;16/35;0;1;2/5;6/13;7/13;3/5;4;2;9;10;10;9;60/136;76/136;25/64;37/72;35/72;39/64;1/9;11/19;8/19;8/9;19/36;9/15;2/6;9/17;8/17;4/6;0;0;0/0;3/7;4/7;0/0;4;0;3;4;4;3;19/51;32/51;3/15;20/36;16/36;12/15;5/20;7/17;10/17;15/20;17/36;20/49;17/29;10/19;9/19;12/29;0;1;2/5;3/6;3/6;3/5;0;2;6;6;6;6;41/85;44/85;22/49;17/36;19/36;27/49;0;1;1.82;1.70;22.42;22.92;Left-Handed;Right-Handed;https://wtatennis.com/tournament/2001/houston/2019/scores/LS021;;;;;;;;;;;;;;;;;;;;;;;;;;;;
7/34;24/55;31/55;27/34;55/84;34/47;8/13;19/29;10/29;5/13;0;0;1/6;5/8;3/8;5/6;7;3;8;9;9;8;56/131;75/131;15/47;43/84;41/84;32/47;7/24;15/37;22/37;17/24;37/52;24/35;8/11;10/15;5/15;3/11;0;0;1/6;2/5;3/5;5/6;4;3;5;5;5;5;42/87;45/87;15/35;25/52;27/52;20/35;0/10;9/18;9/18;10/10;18/32;10/12;0/2;9/14;5/14;2/2;0;0;0/0;3/3;0/3;0/0;3;0;3;4;4;3;14/44;30/44;0/12;18/32;14/32;12/12;0;1;1.70;1.63;26.33;33.08;Right-Handed;Right-Handed;https://wtatennis.com/tournament/2001/houston/2019/scores/LS057;;;;;;;;;;;;;;;;;;;;;;;;;;;;
18/38;16/41;25/41;20/38;41/59;38/62;16/24;9/18;9/18;8/24;0;2;6/8;3/6;3/6;2/8;3;4;9;9;9;9;68/121;53/121;34/62;25/59;34/59;28/62;12/26;10/23;13/23;14/26;23/33;26/35;6/9;5/10;5/10;3/9;0;0;3/5;2/3;1/3;2/5;2;2;5;5;5;5;36/68;32/68;18/35;15/33;18/33;17/35;6/12;6/18;12/18;6/12;18/26;12/27;10/15;4/8;4/8;5/15;0;2;3/3;1/3;2/3;0/3;1;2;4;4;4;4;32/53;21/53;16/27;10/26;16/26;11/27;1;0;;1.73;25.17;23.67;N/A;Left-Handed;https://wtatennis.com/tournament/2001/houston/2019/scores/LS037;;;;;;;;;;;;;;;;;;;;;;;;;;;;
21/43;16/48;32/48;22/43;48/70;43/54;7/11;13/22;9/22;4/11;1;0;4/6;2/10;8/10;2/6;4;0;9;10;10;9;69/124;55/124;28/54;29/70;41/70;26/54;8/17;9/23;14/23;9/17;23/32;17/21;3/4;4/9;5/9;1/4;1;0;2/2;1/5;4/5;0/2;0;0;4;5;5;4;30/53;23/53;11/21;13/32;19/32;10/21;13/26;7/25;18/25;13/26;25/38;26/33;4/7;9/13;4/13;3/7;0;0;2/4;1/5;4/5;2/4;4;0;5;5;5;5;39/71;32/71;17/33;16/38;22/38;16/33;3;0;1.80;1.63;26.33;29.08;Right-Handed;Right-Handed;https://wtatennis.com/tournament/2001/houston/2019/scores/LS033;;;;;;;;;;;;;;;;;;;;;;;;;;;;
16/45;28/49;21/49;29/45;49/77;45/69;13/24;12/28;16/28;11/24;0;0;2/9;5/12;7/12;7/9;2;0;9;10;10;9;66/146;80/146;29/69;40/77;37/77;40/69;9/22;13/22;9/22;13/22;22/37;22/33;5/11;7/15;8/15;6/11;0;0;1/5;3/8;5/8;4/5;2;0;4;5;5;4;31/70;39/70;14/33;20/37;17/37;19/33;7/23;15/27;12/27;16/23;27/40;23/36;8/13;5/13;8/13;5/13;0;0;1/4;2/4;2/4;3/4;0;0;5;5;5;5;35/76;41/76;15/36;20/40;20/40;21/36;0;1;;1.68;32.0;38.25;Right-Handed;Right-Handed;https://wtatennis.com/tournament/2001/houston/2019/scores/LS058;;;;;;;;;;;;;;;;;;;;;;;;;;;;
17/34;14/42;28/42;17/34;42/73;34/66;18/32;17/31;14/31;14/32;5;1;5/9;2/9;7/9;4/9;1;5;9;10;10;9;77/139;62/139;35/66;31/73;42/73;31/66;6/14;6/18;12/18;8/14;18/28;14/32;11/18;4/10;6/10;7/18;3;1;2/5;0/2;2/2;3/5;0;2;3;4;4;3;35/60;25/60;17/32;10/28;18/28;15/32;11/20;8/24;16/24;9/20;24/45;20/34;7/14;13/21;8/21;7/14;2;0;3/4;2/7;5/7;1/4;1;3;6;6;6;6;42/79;37/79;18/34;21/45;24/45;16/34;1;0;1.78;1.68;24.83;28.25;Right-Handed;Right-Handed;https://wtatennis.com/tournament/2001/houston/2019/scores/LS050;;;;;;;;;;;;;;;;;;;;;;;;;;;;
26/62;33/62;29/62;36/62;62/102;62/81;10/19;20/40;20/40;9/19;3;4;5/8;8/22;14/22;3/8;3;4;13;14;14;13;85/183;98/183;36/81;53/102;49/102;45/81;8/23;9/14;5/14;15/23;14/20;23/29;4/6;3/6;3/6;2/6;0;1;1/3;3/3;0/3;2/3;0;2;4;4;4;4;20/49;29/49;12/29;12/20;8/20;17/29;12/20;12/25;13/25;8/20;25/50;20/27;3/7;12/25;13/25;4/7;2;1;3/3;2/12;10/12;0/3;3;1;5;5;5;5;41/77;36/77;15/27;24/50;26/50;12/27;0;1;1.82;1.78;34.83;27.83;Right-Handed;Right-Handed;https://wtatennis.com/tournament/2001/houston/2019/scores/LS062;6/19;12/23;11/23;13/19;23/32;19/25;3/6;5/9;4/9;3/6;1;2;1/2;3/7;4/7;1/2;0;1;4;5;5;4;24/57;33/57;9/25;17/32;15/32;16/25
19/31;2/27;25/27;12/31;27/45;31/40;5/9;11/18;7/18;4/9;3;0;5/8;0/3;3/3;3/8;2;1;7;7;7;7;56/85;29/85;24/40;13/45;32/45;16/40;9/17;1/15;14/15;8/17;15/25;17/23;2/6;6/10;4/10;4/6;2;0;2/4;0/1;1/1;2/4;1;1;4;4;4;4;29/48;19/48;11/23;7/25;18/25;12/23;10/14;1/12;11/12;4/14;12/20;14/17;3/3;5/8;3/8;0/3;1;0;3/4;0/2;2/2;1/4;1;0;3;3;3;3;27/37;10/37;13/17;6/20;14/20;4/17;1;0;1.81;;21.58;27.17;Right-Handed;N/A;https://wtatennis.com/tournament/2001/houston/2019/scores/LS024;;;;;;;;;;;;;;;;;;;;;;;;;;;;
11/50;23/65;42/65;39/50;65/90;50/85;20/35;8/25;17/25;15/35;0;9;3/4;2/5;3/5;1/4;2;5;14;14;14;14;90/175;85/175;31/85;31/90;59/90;54/85;3/17;6/17;11/17;14/17;17/25;17/29;7/12;5/8;3/8;5/12;0;3;1/2;2/3;1/3;1/2;1;1;5;4;4;5;24/54;30/54;10/29;11/25;14/25;19/29;5/15;10/29;19/29;10/15;29/36;15/24;4/9;2/7;5/7;5/9;0;2;1/1;0/2;2/2;0/1;1;1;4;5;5;4;33/60;27/60;9/24;12/36;24/36;15/24;1;1;1.73;;23.33;26.67;Right-Handed;Right-Handed;https://wtatennis.com/tournament/2001/houston/2019/scores/LS020;3/18;7/19;12/19;15/18;19/29;18/32;9/14;1/10;9/10;5/14;0;4;1/1;0/0;0/0;0/1;0;3;5;5;5;5;33/61;28/61;12/32;8/29;21/29;20/32
24/57;28/49;21/49;33/57;49/80;57/98;21/41;19/31;12/31;20/41;1;0;5/21;8/13;5/13;16/21;3;4;12;12;12;12;78/178;100/178;45/98;47/80;33/80;53/98;1/8;7/10;3/10;7/8;10/16;8/15;2/7;5/6;1/6;5/7;0;0;0/0;3/3;0/3;0/0;1;1;3;3;3;3;7/31;24/31;3/15;12/16;4/16;12/15;8/17;9/18;9/18;9/17;18/31;17/31;9/14;7/13;6/13;5/14;0;0;3/6;2/2;0/2;3/6;1;0;4;5;5;4;32/62;30/62;17/31;16/31;15/31;14/31;1;3;1.78;1.80;29.5;26.33;Right-Handed;Right-Handed;https://wtatennis.com/tournament/2001/houston/2019/scores/LS016;15/32;12/21;9/21;17/32;21/33;32/52;10/20;7/12;5/12;10/20;1;0;2/15;3/8;5/8;13/15;1;3;5;4;4;5;39/85;46/85;25/52;19/33;14/33;27/52
29/64;31/61;30/61;35/64;61/84;64/105;19/41;14/23;9/23;22/41;2;1;6/10;8/11;3/11;4/10;1;4;16;16;16;16;87/189;102/189;48/105;45/84;39/84;57/105;13/20;13/25;12/25;7/20;25/31;20/34;7/14;4/6;2/6;7/14;1;0;4/4;3/4;1/4;0/4;1;3;6;6;6;6;34/65;31/65;20/34;17/31;14/31;14/34;7/23;7/21;14/21;16/23;21/33;23/38;7/15;7/12;5/12;8/15;1;0;1/4;2/3;1/3;3/4;0;0;6;6;6;6;33/71;38/71;14/38;14/33;19/33;24/38;0;1;;1.63;28.58;33.08;N/A;Right-Handed;https://wtatennis.com/tournament/2001/houston/2019/scores/LS028;9/21;11/15;4/15;12/21;15/20;21/33;5/12;3/5;2/5;7/12;0;1;1/2;3/4;1/4;1/2;0;1;4;4;4;4;20/53;33/53;14/33;14/20;6/20;19/33
17/25;2/21;19/21;8/25;21/30;25/38;9/13;4/9;5/9;4/13;3;0;6/12;0/0;0/0;6/12;1;3;6;6;6;6;50/68;18/68;26/38;6/30;24/30;12/38;9/12;1/9;8/9;3/12;9/15;12/16;3/4;2/6;4/6;1/4;0;0;3/4;0/0;0/0;1/4;1;1;3;3;3;3;24/31;7/31;12/16;3/15;12/15;4/16;8/13;1/12;11/12;5/13;12/15;13/22;6/9;2/3;1/3;3/9;3;0;3/8;0/0;0/0;5/8;0;2;3;3;3;3;26/37;11/37;14/22;3/15;12/15;8/22;1;0;1.68;1.70;38.25;27.92;Right-Handed;Right-Handed;https://wtatennis.com/tournament/2001/houston/2019/scores/LS029;;;;;;;;;;;;;;;;;;;;;;;;;;;;
26/59;22/49;27/49;33/59;49/99;59/94;23/35;27/50;23/50;12/35;3;0;8/14;7/17;10/17;6/14;6;16;14;14;14;14;99/193;94/193;49/94;49/99;50/99;45/94;10/21;10/24;14/24;11/21;24/50;21/34;7/13;13/26;13/26;6/13;2;0;3/4;2/7;5/7;1/4;4;4;6;6;6;6;44/84;40/84;17/34;23/50;27/50;17/34;7/17;11/15;4/15;10/17;15/28;17/26;6/9;8/13;5/13;3/9;0;0;2/4;4/8;4/8;2/4;2;6;4;4;4;4;22/54;32/54;13/26;19/28;9/28;13/26;1;0;1.78;1.78;24.83;21.17;Right-Handed;Right-Handed;https://wtatennis.com/tournament/2001/houston/2019/scores/LS025;9/21;1/10;9/10;12/21;10/21;21/34;10/13;6/11;5/11;3/13;1;0;3/6;1/2;1/2;3/6;0;6;4;4;4;4;33/55;22/55;19/34;7/21;14/21;15/34
14/24;2/16;14/16;10/24;16/32;24/42;14/18;4/16;12/16;4/18;0;0;6/13;0/2;2/2;7/13;1;6;6;6;6;6;54/74;20/74;28/42;6/32;26/32;14/42;7/10;0/6;6/6;3/10;6/13;10/16;5/6;1/7;6/7;1/6;0;0;3/6;0/0;0/0;3/6;1;2;3;3;3;3;24/29;5/29;12/16;1/13;12/13;4/16;7/14;2/10;8/10;7/14;10/19;14/26;9/12;3/9;6/9;3/12;0;0;3/7;0/2;2/2;4/7;0;4;3;3;3;3;30/45;15/45;16/26;5/19;14/19;10/26;1;0;1.65;;24.58;25.33;Right-Handed;Right-Handed;https://wtatennis.com/tournament/2001/houston/2019/scores/LS022;;;;;;;;;;;;;;;;;;;;;;;;;;;;
21/63;15/48;33/48;42/63;48/92;63/104;22/41;24/44;20/44;19/41;7;4;3/9;4/10;6/10;6/9;6;2;14;14;14;14;96/196;100/196;43/104;39/92;53/92;61/104;6/20;7/17;10/17;14/20;17/27;20/31;6/11;6/10;4/10;5/11;0;0;1/2;2/2;0/2;1/2;1;1;5;5;5;5;26/58;32/58;12/31;13/27;14/27;19/31;8/20;3/17;14/17;12/20;17/36;20/32;8/12;11/19;8/19;4/12;5;1;2/4;1/5;4/5;2/4;2;0;4;5;5;4;38/68;30/68;16/32;14/36;22/36;16/32;1;1;1.72;1.70;24.58;33.25;Right-Handed;Right-Handed;https://wtatennis.com/tournament/2001/houston/2019/scores/LS023;7/23;5/14;9/14;16/23;14/29;23/41;8/18;7/15;8/15;10/18;2;3;0/3;1/3;2/3;3/3;3;1;5;4;4;5;32/70;38/70;15/41;12/29;17/29;26/41
22/61;18/50;32/50;39/61;50/81;61/87;16/26;14/31;17/31;10/26;2;1;4/6;4/11;7/11;2/6;0;5;13;13;13;13;87/168;81/168;38/87;32/81;49/81;49/87;4/19;4/6;2/6;15/19;6/16;19/28;6/9;5/10;5/10;3/9;0;0;0/0;2/2;0/2;0/0;0;3;4;3;3;4;17/44;27/44;10/28;9/16;7/16;18/28;11/22;9/23;14/23;11/22;23/34;22/28;3/6;4/11;7/11;3/6;1;1;2/3;1/5;4/5;1/3;0;0;4;5;5;4;35/62;27/62;14/28;13/34;21/34;14/28;1;0;1.80;;37.58;25.17;Right-Handed;N/A;https://wtatennis.com/tournament/2001/houston/2019/scores/LS018;7/20;5/21;16/21;13/20;21/31;20/31;7/11;5/10;5/10;4/11;1;0;2/3;1/4;3/4;1/3;0;2;5;5;5;5;35/62;27/62;14/31;10/31;21/31;17/31
8/26;23/41;18/41;18/26;41/58;26/53;12/27;6/17;11/17;15/27;0;1;2/4;5/8;3/8;2/4;2;2;9;9;9;9;49/111;62/111;20/53;29/58;29/58;33/53;5/10;14/25;11/25;5/10;25/32;10/25;5/15;4/7;3/7;10/15;0;1;1/3;3/5;2/5;2/3;1;1;4;4;4;4;24/57;33/57;10/25;18/32;14/32;15/25;3/16;9/16;7/16;13/16;16/26;16/28;7/12;2/10;8/10;5/12;0;0;1/1;2/3;1/3;0/1;1;1;5;5;5;5;25/54;29/54;10/28;11/26;15/26;18/28;0;1;1.78;1.70;27.83;27.17;Right-Handed;Left-Handed;https://wtatennis.com/tournament/2001/houston/2019/scores/LS031;;;;;;;;;;;;;;;;;;;;;;;;;;;;
15/35;5/28;23/28;20/35;28/54;35/48;9/13;11/26;15/26;4/13;9;1;4/7;1/4;3/4;3/7;4;1;8;9;9;8;62/102;40/102;24/48;16/54;38/54;24/48;7/13;1/10;9/10;6/13;10/17;13/17;3/4;0/7;7/7;1/4;5;0;2/2;0/0;0/0;0/2;0;1;3;4;4;3;26/34;8/34;10/17;1/17;16/17;7/17;8/22;4/18;14/18;14/22;18/37;22/31;6/9;11/19;8/19;3/9;4;1;2/5;1/4;3/4;3/5;4;0;5;5;5;5;36/68;32/68;14/31;15/37;22/37;17/31;1;0;1.85;1.80;31.5;37.58;Right-Handed;Right-Handed;https://wtatennis.com/tournament/2001/houston/2019/scores/LS004;;;;;;;;;;;;;;;;;;;;;;;;;;;;
13/49;13/37;24/37;36/49;37/61;49/68;9/19;14/24;10/24;10/19;1;2;1/5;4/7;3/7;4/5;1;1;10;9;9;10;56/129;73/129;22/68;27/61;34/61;46/68;7/28;9/25;16/25;21/28;25/39;28/42;7/14;7/14;7/14;7/14;1;1;1/5;2/3;1/3;4/5;1;1;6;6;6;6;37/81;44/81;14/42;16/39;23/39;28/42;6/21;4/12;8/12;15/21;12/22;21/26;2/5;7/10;3/10;3/5;0;1;0/0;2/4;2/4;0/0;0;0;4;3;3;4;19/48;29/48;8/26;11/22;11/22;18/26;1;1;1.73;1.70;23.33;33.25;Right-Handed;Right-Handed;https://wtatennis.com/tournament/2001/houston/2019/scores/LS005;;;;;;;;;;;;;;;;;;;;;;;;;;;;
20/38;12/34;22/34;18/38;34/55;38/61;11/23;6/21;15/21;12/23;1;1;5/8;2/2;0/2;3/8;1;2;9;10;10;9;68/116;48/116;31/61;18/55;37/55;30/61;13/27;8/20;12/20;14/27;20/35;27/45;8/18;6/15;9/15;10/18;0;1;3/6;2/2;0/2;3/6;1;2;6;6;6;6;42/80;38/80;21/45;14/35;21/35;24/45;7/11;4/14;10/14;4/11;14/20;11/16;3/5;0/6;6/6;2/5;1;0;2/2;0/0;0/0;0/2;0;0;3;4;4;3;26/36;10/36;10/16;4/20;16/20;6/16;3;1;1.63;1.70;33.08;27.17;Right-Handed;Left-Handed;https://wtatennis.com/tournament/2001/houston/2019/scores/LS007;;;;;;;;;;;;;;;;;;;;;;;;;;;;
27/66;30/64;34/64;39/66;64/104;66/101;18/35;22/40;18/40;17/35;4;1;5/12;7/12;5/12;7/12;9;1;15;15;15;15;97/205;108/205;45/101;52/104;52/104;56/101;14/32;16/32;16/32;18/32;32/53;32/48;8/16;11/21;10/21;8/16;2;0;2/7;3/8;5/8;5/7;5;0;6;6;6;6;48/101;53/101;22/48;27/53;26/53;26/48;7/19;7/22;15/22;12/19;22/30;19/32;8/13;5/8;3/8;5/13;1;1;2/2;1/1;0/1;0/2;1;1;5;5;5;5;33/62;29/62;15/32;12/30;18/30;17/32;1;1;1.81;1.65;21.58;37.42;Right-Handed;Right-Handed;https://wtatennis.com/tournament/2001/houston/2019/scores/LS006;6/15;7/10;3/10;9/15;10/21;15/21;2/6;6/11;5/11;4/6;1;0;1/3;3/3;0/3;2/3;3;0;4;4;4;4;16/42;26/42;8/21;13/21;8/21;13/21
6/23;20/28;8/28;17/23;28/55;23/47;11/24;14/27;13/27;13/24;0;4;1/4;6/14;8/14;3/4;5;2;7;8;8;7;38/102;64/102;17/47;34/55;21/55;30/47;2/11;10/15;5/15;9/11;15/27;11/16;2/5;7/12;5/12;3/5;0;2;0/0;3/7;4/7;0/0;2;0;3;4;4;3;14/43;29/43;4/16;17/27;10/27;12/16;4/12;10/13;3/13;8/12;13/28;12/31;9/19;7/15;8/15;10/19;0;2;1/4;3/7;4/7;3/4;3;2;4;4;4;4;24/59;35/59;13/31;17/28;11/28;18/31;0;1;1.65;1.70;24.58;33.25;Right-Handed;Right-Handed;https://wtatennis.com/tournament/2001/houston/2019/scores/LS011;;;;;;;;;;;;;;;;;;;;;;;;;;;;
14/41;9/38;29/38;27/41;38/53;41/67;17/26;6/15;9/15;9/26;1;0;3/8;0/1;1/1;5/8;3;3;9;9;9;9;69/120;51/120;31/67;15/53;38/53;36/67;7/22;3/15;12/15;15/22;15/20;22/40;13/18;1/5;4/5;5/18;1;0;2/5;0/0;0/0;3/5;1;3;5;4;4;5;36/60;24/60;20/40;4/20;16/20;20/40;7/19;6/23;17/23;12/19;23/33;19/27;4/8;5/10;5/10;4/8;0;0;1/3;0/1;1/1;2/3;2;0;4;5;5;4;33/60;27/60;11/27;11/33;22/33;16/27;1;0;1.73;1.70;23.33;22.92;Right-Handed;Right-Handed;https://wtatennis.com/tournament/2001/houston/2019/scores/LS010;;;;;;;;;;;;;;;;;;;;;;;;;;;;
8/28;15/34;19/34;20/28;34/50;28/48;10/20;11/16;5/16;10/20;1;7;2/3;5/6;1/6;1/3;1;4;9;9;9;9;42/98;56/98;18/48;26/50;24/50;30/48;4/13;8/20;12/20;9/13;20/29;13/22;4/9;7/9;2/9;5/9;0;3;1/2;3/4;1/4;1/2;0;1;4;5;5;4;22/51;29/51;8/22;15/29;14/29;14/22;4/15;7/14;7/14;11/15;14/21;15/26;6/11;4/7;3/7;5/11;1;4;1/1;2/2;0/2;0/1;1;3;5;4;4;5;20/47;27/47;10/26;11/21;10/21;16/26;1;1;1.80;1.85;26.33;31.5;Right-Handed;Right-Handed;https://wtatennis.com/tournament/2001/houston/2019/scores/LS008;;;;;;;;;;;;;;;;;;;;;;;;;;;;
5/12;0/3;3/3;7/12;3/5;12/20;4/8;1/2;1/2;4/8;1;1;1/2;0/0;0/0;1/2;0;0;2;1;1;2;13/25;12/25;9/20;1/5;4/5;11/20;5/12;0/3;3/3;7/12;3/5;12/20;4/8;1/2;1/2;4/8;1;1;1/2;0/0;0/0;1/2;0;0;2;1;1;2;13/25;12/25;9/20;1/5;4/5;11/20;;;;;;;;;;;;;;;;;;;;;;;;;;;;;1;1;1.80;1.78;37.58;29.33;Right-Handed;Right-Handed;https://wtatennis.com/tournament/2001/houston/2019/scores/LS009;;;;;;;;;;;;;;;;;;;;;;;;;;;;
23/40;11/32;21/32;17/40;32/47;40/56;11/16;6/15;9/15;5/16;0;1;6/14;2/3;1/3;8/14;0;5;8;8;8;8;64/103;39/103;34/56;17/47;30/47;22/56;9/18;3/16;13/16;9/18;16/19;18/26;5/8;0/3;3/3;3/8;0;1;2/5;0/0;0/0;3/5;0;3;3;4;4;3;30/45;15/45;14/26;3/19;16/19;12/26;14/22;8/16;8/16;8/22;16/28;22/30;6/8;6/12;6/12;2/8;0;0;4/9;2/3;1/3;5/9;0;2;5;4;4;5;34/58;24/58;20/30;14/28;14/28;10/30;1;2;1.63;1.68;33.08;38.25;Right-Handed;Right-Handed;https://wtatennis.com/tournament/2001/houston/2019/scores/LS014;;;;;;;;;;;;;;;;;;;;;;;;;;;;
28/58;21/57;36/57;30/58;57/87;58/72;10/14;19/30;11/30;4/14;3;1;7/12;4/8;4/8;5/12;5;3;12;11;11;12;85/159;74/159;38/72;40/87;47/87;34/72;11/17;3/13;10/13;6/17;13/20;17/20;2/3;4/7;3/7;1/3;2;1;3/6;0/0;0/0;3/6;1;0;3;3;3;3;26/40;14/40;13/20;7/20;13/20;7/20;10/23;8/20;12/20;13/23;20/31;23/26;1/3;9/11;2/11;2/3;0;0;1/2;3/4;1/4;1/2;3;1;4;4;4;4;25/57;32/57;11/26;17/31;14/31;15/26;2;0;1.81;1.78;21.58;24.83;Right-Handed;Right-Handed;https://wtatennis.com/tournament/2001/houston/2019/scores/LS012;7/18;10/24;14/24;11/18;24/36;18/26;7/8;6/12;6/12;1/8;1;0;3/4;1/4;3/4;1/4;1;2;5;4;4;5;34/62;28/62;14/26;16/36;20/36;12/26
13/44;17/47;30/47;31/44;47/74;44/59;6/15;15/27;12/27;9/15;2;0;1/3;3/12;9/12;2/3;2;0;10;10;10;10;61/133;72/133;19/59;32/74;42/74;40/59;6/22;10/26;16/26;16/22;26/43;22/29;4/7;11/17;6/17;3/7;1;0;1/3;2/8;6/8;2/3;1;0;5;5;5;5;32/72;40/72;10/29;21/43;22/43;19/29;7/22;7/21;14/21;15/22;21/31;22/30;2/8;4/10;6/10;6/8;1;0;0/0;1/4;3/4;0/0;1;0;5;5;5;5;29/61;32/61;9/30;11/31;20/31;21/30;0;2;1.68;1.65;24.17;37.42;Right-Handed;Right-Handed;https://wtatennis.com/tournament/2001/houston/2019/scores/LS013;;;;;;;;;;;;;;;;;;;;;;;;;;;;
13/51;25/53;28/53;38/51;53/104;51/93;22/42;23/51;28/51;20/42;5;3;3/6;6/10;4/10;3/6;6;5;14;15;15;14;91/197;106/197;35/93;48/104;56/104;58/93;7/23;9/18;9/18;16/23;18/41;23/42;13/19;8/23;15/23;6/19;0;0;3/5;2/3;1/3;2/5;1;3;6;6;6;6;44/83;39/83;20/42;17/41;24/41;22/42;3/15;9/16;7/16;12/15;16/29;15/29;7/14;6/13;7/13;7/14;2;3;0/0;2/3;1/3;0/0;2;1;4;4;4;4;24/58;34/58;10/29;15/29;14/29;19/29;0;3;1.78;1.70;24.75;27.17;Right-Handed;Left-Handed;https://wtatennis.com/tournament/2001/houston/2019/scores/LS015;3/13;7/19;12/19;10/13;19/34;13/22;2/9;9/15;6/15;7/9;3;0;0/1;2/4;2/4;1/1;3;1;4;5;5;4;23/56;33/56;5/22;16/34;18/34;17/22
15/38;9/41;32/41;23/38;41/58;38/57;9/19;6/17;11/17;10/19;0;0;3/6;1/3;2/3;3/6;0;2;10;11;11;10;67/115;48/115;24/57;15/58;43/58;33/57;4/15;0/16;16/16;11/15;16/23;15/20;2/5;3/7;4/7;3/5;0;0;1/1;0/0;0/0;0/1;0;2;4;5;5;4;26/43;17/43;6/20;3/23;20/23;14/20;11/23;9/25;16/25;12/23;25/35;23/37;7/14;3/10;7/10;7/14;0;0;2/5;1/3;2/3;3/5;0;0;6;6;6;6;41/72;31/72;18/37;12/35;23/35;19/37;2;1;1.65;1.63;37.42;33.08;Right-Handed;Right-Handed;https://wtatennis.com/tournament/2001/houston/2019/scores/LS003;;;;;;;;;;;;;;;;;;;;;;;;;;;;
19/55;15/53;38/53;36/55;53/100;55/95;18/40;26/47;21/47;22/40;5;4;5/11;4/9;5/9;6/11;10;1;16;15;15;16;96/195;99/195;37/95;41/100;59/100;58/95;1/12;5/16;11/16;11/12;16/29;12/27;5/15;8/13;5/13;10/15;2;2;0/1;1/1;0/1;1/1;1;1;5;4;4;5;22/56;34/56;6/27;13/29;16/29;21/27;9/23;2/16;14/16;14/23;16/31;23/34;5/11;9/15;6/15;6/11;2;1;2/6;1/1;0/1;4/6;4;0;5;5;5;5;34/65;31/65;14/34;11/31;20/31;20/34;1;0;1.85;1.70;31.5;33.25;Right-Handed;Right-Handed;https://wtatennis.com/tournament/2001/houston/2019/scores/LS002;9/20;8/21;13/21;11/20;21/40;20/34;8/14;9/19;10/19;6/14;1;1;3/4;2/7;5/7;1/4;5;0;6;6;6;6;40/74;34/74;17/34;17/40;23/40;17/34
16/50;15/40;25/40;34/50;40/75;50/87;19/37;20/35;15/35;18/37;1;1;3/11;4/5;1/5;8/11;7;1;11;11;11;11;75/162;87/162;35/87;35/75;40/75;52/87;11/31;10/25;15/25;20/31;25/49;31/52;12/21;13/24;11/24;9/21;1;1;2/6;2/3;1/3;4/6;6;1;6;6;6;6;49/101;52/101;23/52;23/49;26/49;29/52;5/19;5/15;10/15;14/19;15/26;19/35;7/16;7/11;4/11;9/16;0;0;1/5;2/2;0/2;4/5;1;0;5;5;5;5;26/61;35/61;12/35;12/26;14/26;23/35;2;2;1.85;1.65;31.5;37.42;Right-Handed;Right-Handed;https://wtatennis.com/tournament/2001/houston/2019/scores/LS001;;;;;;;;;;;;;;;;;;;;;;;;;;;;
