match_1st Return Points Won_player_1;match_1st Return Points Won_player_2;match_1st Serve Points Won_player_1;match_1st Serve Points Won_player_2;match_1st Serve_player_1;match_1st Serve_player_2;match_2nd Return Points Won_player_1;match_2nd Return Points Won_player_2;match_2nd Serve Points Won_player_1;match_2nd Serve Points Won_player_2;match_Aces_player_1;match_Aces_player_2;match_Break Points Converted_player_1;match_Break Points Converted_player_2;match_Break Points Saved_player_1;match_Break Points Saved_player_2;match_Double Faults_player_1;match_Double Faults_player_2;match_Return Games Played_player_1;match_Return Games Played_player_2;match_Service Games Played_player_1;match_Service Games Played_player_2;match_Total Points Won_player_1;match_Total Points Won_player_2;match_Total Return Points Won_player_1;match_Total Return Points Won_player_2;match_Total Service Points Won_player_1;match_Total Service Points Won_player_2;set1_1st Return Points Won_player_1;set1_1st Return Points Won_player_2;set1_1st Serve Points Won_player_1;set1_1st Serve Points Won_player_2;set1_1st Serve_player_1;set1_1st Serve_player_2;set1_2nd Return Points Won_player_1;set1_2nd Return Points Won_player_2;set1_2nd Serve Points Won_player_1;set1_2nd Serve Points Won_player_2;set1_Aces_player_1;set1_Aces_player_2;set1_Break Points Converted_player_1;set1_Break Points Converted_player_2;set1_Break Points Saved_player_1;set1_Break Points Saved_player_2;set1_Double Faults_player_1;set1_Double Faults_player_2;set1_Return Games Played_player_1;set1_Return Games Played_player_2;set1_Service Games Played_player_1;set1_Service Games Played_player_2;set1_Total Points Won_player_1;set1_Total Points Won_player_2;set1_Total Return Points Won_player_1;set1_Total Return Points Won_player_2;set1_Total Service Points Won_player_1;set1_Total Service Points Won_player_2;set2_1st Return Points Won_player_1;set2_1st Return Points Won_player_2;set2_1st Serve Points Won_player_1;set2_1st Serve Points Won_player_2;set2_1st Serve_player_1;set2_1st Serve_player_2;set2_2nd Return Points Won_player_1;set2_2nd Return Points Won_player_2;set2_2nd Serve Points Won_player_1;set2_2nd Serve Points Won_player_2;set2_Aces_player_1;set2_Aces_player_2;set2_Break Points Converted_player_1;set2_Break Points Converted_player_2;set2_Break Points Saved_player_1;set2_Break Points Saved_player_2;set2_Double Faults_player_1;set2_Double Faults_player_2;set2_Return Games Played_player_1;set2_Return Games Played_player_2;set2_Service Games Played_player_1;set2_Service Games Played_player_2;set2_Total Points Won_player_1;set2_Total Points Won_player_2;set2_Total Return Points Won_player_1;set2_Total Return Points Won_player_2;set2_Total Service Points Won_player_1;set2_Total Service Points Won_player_2;h2h_wins_player_1;h2h_wins_player_2;Height_player_1;Height_player_2;Date of Birth_player_1;Date of Birth_player_2;Plays_player_1;Plays_player_2;url_match_stats;set3_1st Return Points Won_player_1;set3_1st Return Points Won_player_2;set3_1st Serve Points Won_player_1;set3_1st Serve Points Won_player_2;set3_1st Serve_player_1;set3_1st Serve_player_2;set3_2nd Return Points Won_player_1;set3_2nd Return Points Won_player_2;set3_2nd Serve Points Won_player_1;set3_2nd Serve Points Won_player_2;set3_Aces_player_1;set3_Aces_player_2;set3_Break Points Converted_player_1;set3_Break Points Converted_player_2;set3_Break Points Saved_player_1;set3_Break Points Saved_player_2;set3_Double Faults_player_1;set3_Double Faults_player_2;set3_Return Games Played_player_1;set3_Return Games Played_player_2;set3_Service Games Played_player_1;set3_Service Games Played_player_2;set3_Total Points Won_player_1;set3_Total Points Won_player_2;set3_Total Return Points Won_player_1;set3_Total Return Points Won_player_2;set3_Total Service Points Won_player_1;set3_Total Service Points Won_player_2
14/28;7/22;15/22;14/28;22/48;28/49;13/21;10/26;16/26;8/21;1;1;5/7;1/3;2/3;2/7;3;9;8;8;8;8;58/97;39/97;27/49;17/48;31/48;22/49;4/11;3/11;8/11;7/11;11/23;11/26;9/15;4/12;8/12;6/15;1;1;2/3;0/0;0/0;1/3;1;7;4;4;4;4;29/49;20/49;13/26;7/23;16/23;13/26;10/17;4/11;7/11;7/17;11/25;17/23;4/6;6/14;8/14;2/6;0;0;3/4;1/3;2/3;1/4;2;2;4;4;4;4;29/48;19/48;14/23;10/25;15/25;9/23;1;0;;;25.08;22.17;Right-Handed;N/A;https://wtatennis.com/tournament/894/bogota/2018/scores/RS026;;;;;;;;;;;;;;;;;;;;;;;;;;;;
21/63;28/67;39/67;42/63;67/85;63/132;41/69;5/18;13/18;28/69;1;1;6/19;4/6;2/6;13/19;3;18;15;14;14;15;114/217;103/217;62/132;33/85;52/85;70/132;7/18;17/30;13/30;11/18;30/38;18/37;10/19;3/8;5/8;9/19;1;1;2/3;3/5;2/5;1/3;1;8;5;5;5;5;35/75;40/75;17/37;20/38;18/38;20/37;7/19;7/22;15/22;12/19;22/26;19/45;14/26;2/4;2/4;12/26;0;0;2/8;1/1;0/1;6/8;2;5;5;5;5;5;38/71;33/71;21/45;9/26;17/26;24/45;3;0;1.64;1.73;26.33;32.58;Right-Handed;Right-Handed;https://wtatennis.com/tournament/894/bogota/2018/scores/RS024;7/26;4/15;11/15;19/26;15/21;26/50;17/24;0/6;6/6;7/24;0;0;2/8;0/0;0/0;6/8;0;5;5;4;4;5;41/71;30/71;24/50;4/21;17/21;26/50
12/20;7/21;14/21;8/20;21/49;20/45;15/25;12/28;16/28;10/25;1;0;6/7;2/5;3/5;1/7;9;4;8;8;8;8;57/94;37/94;27/45;19/49;30/49;18/45;7/10;2/7;5/7;3/10;7/22;10/19;6/9;5/15;10/15;3/9;1;0;3/3;0/2;2/2;0/3;5;2;3;3;3;3;28/41;13/41;13/19;7/22;15/22;6/19;5/10;5/14;9/14;5/10;14/27;10/26;9/16;7/13;6/13;7/16;0;0;3/4;2/3;1/3;1/4;4;2;5;5;5;5;29/53;24/53;14/26;12/27;15/27;12/26;1;0;1.68;1.57;25.5;30.25;Right-Handed;Right-Handed;https://wtatennis.com/tournament/894/bogota/2018/scores/RS018;;;;;;;;;;;;;;;;;;;;;;;;;;;;
16/50;10/26;16/26;34/50;26/61;50/82;15/32;19/35;16/35;17/32;4;1;2/8;4/7;3/7;6/8;4;4;10;9;9;10;63/143;80/143;31/82;29/61;32/61;51/82;12/33;6/16;10/16;21/33;16/44;33/51;8/18;14/28;14/28;10/18;2;1;2/7;2/4;2/4;5/7;3;3;6;6;6;6;44/95;51/95;20/51;20/44;24/44;31/51;4/17;4/10;6/10;13/17;10/17;17/31;7/14;5/7;2/7;7/14;2;0;0/1;2/3;1/3;1/1;1;1;4;3;3;4;19/48;29/48;11/31;9/17;8/17;20/31;0;2;;;31.75;33.17;N/A;Right-Handed;https://wtatennis.com/tournament/894/bogota/2018/scores/RS017;;;;;;;;;;;;;;;;;;;;;;;;;;;;
;;;;;;;;;;;;;;;;;;;;;;;;;;;;;;;;;;;;;;;;;;;;;;;;;;;;;;;;;;;;;;;;;;;;;;;;;;;;;;;;;;;;0;1;;1.71;21.17;30.58;N/A;Right-Handed;https://wtatennis.com/tournament/894/bogota/2018/scores/RS021;;;;;;;;;;;;;;;;;;;;;;;;;;;;
11/38;16/60;44/60;27/38;60/91;38/62;15/24;21/31;10/31;9/24;0;5;3/4;2/7;5/7;1/4;11;4;11;11;11;11;80/153;73/153;26/62;37/91;54/91;36/62;6/12;6/20;14/20;6/12;20/31;12/27;10/15;9/11;2/11;5/15;0;1;3/4;2/2;0/2;1/4;6;2;5;5;5;5;32/58;26/58;16/27;15/31;16/31;11/27;5/26;10/40;30/40;21/26;40/60;26/35;5/9;12/20;8/20;4/9;0;4;0/0;0/5;5/5;0/0;5;2;6;6;6;6;48/95;47/95;10/35;22/60;38/60;25/35;1;0;1.75;1.83;29.75;29.0;Right-Handed;Right-Handed;https://wtatennis.com/tournament/894/bogota/2018/scores/RS020;;;;;;;;;;;;;;;;;;;;;;;;;;;;
22/29;7/16;9/16;7/29;16/40;29/50;11/21;9/24;15/24;10/21;4;1;7/11;1/4;3/4;4/11;3;5;7;6;6;7;57/90;33/90;33/50;16/40;24/40;17/50;14/19;3/6;3/6;5/19;6/21;19/34;7/15;7/15;8/15;8/15;1;1;4/8;1/3;2/3;4/8;3;3;4;3;3;4;32/55;23/55;21/34;10/21;11/21;13/34;8/10;4/10;6/10;2/10;10/19;10/16;4/6;2/9;7/9;2/6;3;0;3/3;0/1;1/1;0/3;0;2;3;3;3;3;25/35;10/35;12/16;6/19;13/19;4/16;1;0;1.74;;32.42;23.08;Right-Handed;N/A;https://wtatennis.com/tournament/894/bogota/2018/scores/RS022;;;;;;;;;;;;;;;;;;;;;;;;;;;;
;;;;;;;;;;;;;;;;;;;;;;;;;;;;;;;;;;;;;;;;;;;;;;;;;;;;;;;;;;;;;;;;;;;;;;;;;;;;;;;;;;;;1;2;1.62;1.60;30.58;25.67;Right-Handed;Right-Handed;https://wtatennis.com/tournament/894/bogota/2018/scores/RS027;;;;;;;;;;;;;;;;;;;;;;;;;;;;
12/20;5/30;25/30;8/20;30/51;20/38;10/18;11/21;10/21;8/18;4;0;5/8;0/5;5/5;3/8;1;4;7;7;7;7;57/89;32/89;22/38;16/51;35/51;16/38;6/8;1/8;7/8;2/8;8/13;8/17;6/9;0/5;5/5;3/9;1;0;3/5;0/0;0/0;2/5;0;3;3;3;3;3;24/30;6/30;12/17;1/13;12/13;5/17;6/12;4/22;18/22;6/12;22/38;12/21;4/9;11/16;5/16;5/9;3;0;2/3;0/5;5/5;1/3;1;1;4;4;4;4;33/59;26/59;10/21;15/38;23/38;11/21;1;0;;;28.08;31.08;N/A;N/A;https://wtatennis.com/tournament/894/bogota/2018/scores/RS023;;;;;;;;;;;;;;;;;;;;;;;;;;;;
15/41;18/40;22/40;26/41;40/71;41/59;10/18;17/31;14/31;8/18;1;1;4/8;6/13;7/13;4/8;7;2;10;10;10;10;61/130;69/130;25/59;35/71;36/71;34/59;7/19;8/18;10/18;12/19;18/37;19/25;3/6;11/19;8/19;3/6;0;0;2/3;3/7;4/7;1/3;6;0;5;5;5;5;28/62;34/62;10/25;19/37;18/37;15/25;8/22;10/22;12/22;14/22;22/34;22/34;7/12;6/12;6/12;5/12;1;1;2/5;3/6;3/6;3/5;1;2;5;5;5;5;33/68;35/68;15/34;16/34;18/34;19/34;0;2;1.70;;26.33;33.17;Right-Handed;Right-Handed;https://wtatennis.com/tournament/894/bogota/2018/scores/RS008;;;;;;;;;;;;;;;;;;;;;;;;;;;;
19/52;25/69;44/69;33/52;69/105;52/91;24/39;23/36;13/36;15/39;1;3;4/12;4/11;7/11;8/12;14;15;12;12;12;12;100/196;96/196;43/91;48/105;57/105;48/91;9/21;14/28;14/28;12/21;28/48;21/45;15/24;10/20;10/20;9/24;0;1;3/7;3/4;1/4;4/7;5;10;6;6;6;6;48/93;45/93;24/45;24/48;24/48;21/45;10/31;11/41;30/41;21/31;41/57;31/46;9/15;13/16;3/16;6/15;1;2;1/5;1/7;6/7;4/5;9;5;6;6;6;6;52/103;51/103;19/46;24/57;33/57;27/46;3;1;1.64;1.7;26.33;28.08;Right-Handed;Left-Handed;https://wtatennis.com/tournament/894/bogota/2018/scores/RS012;;;;;;;;;;;;;;;;;;;;;;;;;;;;
16/40;19/40;21/40;24/40;40/65;40/68;13/28;13/25;12/25;15/28;2;0;2/7;5/8;3/8;5/7;2;1;9;9;9;9;62/133;71/133;29/68;32/65;33/65;39/68;5/14;12/25;13/25;9/14;25/43;14/32;9/18;9/18;9/18;9/18;1;0;1/5;3/5;2/5;4/5;2;1;4;5;5;4;36/75;39/75;14/32;21/43;22/43;18/32;11/26;7/15;8/15;15/26;15/22;26/36;4/10;4/7;3/7;6/10;1;0;1/2;2/3;1/3;1/2;0;0;5;4;4;5;26/58;32/58;15/36;11/22;11/22;21/36;2;1;1.74;;32.42;28.08;Right-Handed;N/A;https://wtatennis.com/tournament/894/bogota/2018/scores/RS011;;;;;;;;;;;;;;;;;;;;;;;;;;;;
3/14;9/19;10/19;11/14;19/22;14/18;1/4;1/3;2/3;3/4;0;0;0/3;1/2;1/2;3/3;1;0;3;3;3;3;16/40;24/40;4/18;10/22;12/22;14/18;0/0;0/0;0/0;0/0;0/0;0/0;0/0;0/0;0/0;0/0;0;0;0/0;0/0;0/0;0/0;0;0;0;0;0;0;0/0;0/0;0/0;0/0;0/0;0/0;3/14;9/19;10/19;11/14;19/22;14/18;1/4;1/3;2/3;3/4;0;0;0/3;1/2;1/2;3/3;1;0;3;3;3;3;16/40;24/40;4/18;10/22;12/22;14/18;2;2;1.75;1.71;29.75;30.58;Right-Handed;Right-Handed;https://wtatennis.com/tournament/894/bogota/2018/scores/RS010;;;;;;;;;;;;;;;;;;;;;;;;;;;;
29/54;24/57;33/57;25/54;57/87;54/96;24/42;22/30;8/30;18/42;0;1;7/11;7/13;6/13;4/11;14;14;12;12;12;12;94/183;89/183;53/96;46/87;41/87;43/96;12/25;11/29;18/29;13/25;29/43;25/47;11/22;9/14;5/14;11/22;0;1;2/5;2/5;3/5;3/5;5;7;6;6;6;6;46/90;44/90;23/47;20/43;23/43;24/47;17/29;13/28;15/28;12/29;28/44;29/49;13/20;13/16;3/16;7/20;0;0;5/6;5/8;3/8;1/6;9;7;6;6;6;6;48/93;45/93;30/49;26/44;18/44;19/49;1;0;1.73;1.70;28.58;26.92;Right-Handed;Right-Handed;https://wtatennis.com/tournament/894/bogota/2018/scores/RS019;;;;;;;;;;;;;;;;;;;;;;;;;;;;
12/31;17/39;22/39;19/31;39/64;31/52;7/21;21/25;4/25;14/21;0;2;1/8;6/14;8/14;7/8;9;1;7;7;7;7;45/116;71/116;19/52;38/64;26/64;33/52;2/8;6/13;7/13;6/8;13/28;8/15;1/7;12/15;3/15;6/7;0;0;0/0;3/8;5/8;0/0;3;0;3;3;3;3;13/43;30/43;3/15;18/28;10/28;12/15;10/23;11/26;15/26;13/23;26/36;23/37;6/14;9/10;1/10;8/14;0;2;1/8;3/6;3/6;7/8;6;1;4;4;4;4;32/73;41/73;16/37;20/36;16/36;21/37;0;1;1.68;1.63;25.5;27.42;Right-Handed;Right-Handed;https://wtatennis.com/tournament/894/bogota/2018/scores/LS021;;;;;;;;;;;;;;;;;;;;;;;;;;;;
16/42;12/39;27/39;26/42;39/65;42/70;19/28;12/26;14/26;9/28;1;2;5/12;2/7;5/7;7/12;7;4;9;9;9;9;76/135;59/135;35/70;24/65;41/65;35/70;8/18;7/21;14/21;10/18;21/32;18/29;8/11;6/11;5/11;3/11;1;1;3/7;1/4;3/4;4/7;5;2;4;4;4;4;35/61;26/61;16/29;13/32;19/32;13/29;8/24;5/18;13/18;16/24;18/33;24/41;11/17;6/15;9/15;6/17;0;1;2/5;1/3;2/3;3/5;2;2;5;5;5;5;41/74;33/74;19/41;11/33;22/33;22/41;2;0;1.79;1.70;24.75;21.42;Right-Handed;Right-Handed;https://wtatennis.com/tournament/894/bogota/2018/scores/LS018;;;;;;;;;;;;;;;;;;;;;;;;;;;;
14/37;10/32;22/32;23/37;32/57;37/62;15/25;6/25;19/25;10/25;3;4;3/10;0/1;1/1;7/10;0;5;8;9;9;8;70/119;49/119;29/62;16/57;41/57;33/62;6/15;4/13;9/13;9/15;13/27;15/24;4/9;1/14;13/14;5/9;1;1;1/2;0/1;1/1;1/2;0;0;4;5;5;4;32/51;19/51;10/24;5/27;22/27;14/24;8/22;6/19;13/19;14/22;19/30;22/38;11/16;5/11;6/11;5/16;2;3;2/8;0/0;0/0;6/8;0;5;4;4;4;4;38/68;30/68;19/38;11/30;19/30;19/38;1;0;1.72;1.87;35.83;31.08;Right-Handed;Right-Handed;https://wtatennis.com/tournament/894/bogota/2018/scores/LS016;;;;;;;;;;;;;;;;;;;;;;;;;;;;
22/54;21/45;24/45;32/54;45/74;54/100;28/46;17/29;12/29;18/46;0;1;6/15;6/11;5/11;9/15;7;9;13;12;12;13;86/174;88/174;50/100;38/74;36/74;50/100;5/16;10/20;10/20;11/16;20/34;16/33;13/17;10/14;4/14;4/17;0;0;3/3;4/6;2/6;0/3;3;3;6;6;6;6;32/67;35/67;18/33;20/34;14/34;15/33;10/23;4/13;9/13;13/23;13/19;23/40;13/17;2/6;4/6;4/17;0;0;3/10;0/3;3/3;7/10;1;6;3;3;3;3;36/59;23/59;23/40;6/19;13/19;17/40;0;2;1.63;1.76;33.08;28.75;Right-Handed;Right-Handed;https://wtatennis.com/tournament/894/bogota/2018/scores/LS022;7/15;7/12;5/12;8/15;12/21;15/27;2/12;5/9;4/9;10/12;0;1;0/2;2/2;0/2;2/2;3;0;4;3;3;4;18/48;30/48;9/27;12/21;9/21;18/27
23/49;25/53;28/53;26/49;53/89;49/86;25/37;23/36;13/36;12/37;0;0;8/16;8/15;7/15;8/16;9;8;13;13;13;13;89/175;86/175;48/86;48/89;41/89;38/86;8/19;10/21;11/21;11/19;21/41;19/37;9/18;12/20;8/20;9/18;0;0;2/6;3/7;4/7;4/6;6;4;5;5;5;5;36/78;42/78;17/37;22/41;19/41;20/37;7/12;3/11;8/11;5/12;11/17;12/22;9/10;4/6;2/6;1/10;0;0;4/4;1/3;2/3;0/4;1;2;4;3;3;4;26/39;13/39;16/22;7/17;10/17;6/22;0;1;1.77;1.77;28.58;26.17;Right-Handed;N/A;https://wtatennis.com/tournament/894/bogota/2018/scores/LS030;8/18;12/21;9/21;10/18;21/31;18/27;7/9;7/10;3/10;2/9;0;0;2/6;4/5;1/5;4/6;2;2;4;5;5;4;27/58;31/58;15/27;19/31;12/31;12/27
20/35;14/42;28/42;15/35;42/51;35/57;14/22;6/9;3/9;8/22;0;0;6/9;2/6;4/6;3/9;1;2;8;8;8;8;65/108;43/108;34/57;20/51;31/51;23/57;8/16;6/18;12/18;8/16;18/22;16/27;8/11;2/4;2/4;3/11;0;0;3/3;1/1;0/1;0/3;0;1;4;4;4;4;30/49;19/49;16/27;8/22;14/22;11/27;12/19;8/24;16/24;7/19;24/29;19/30;6/11;4/5;1/5;5/11;0;0;3/6;1/5;4/5;3/6;1;1;4;4;4;4;35/59;24/59;18/30;12/29;17/29;12/30;1;0;1.71;1.68;30.58;30.25;Right-Handed;Right-Handed;https://wtatennis.com/tournament/894/bogota/2018/scores/LS017;;;;;;;;;;;;;;;;;;;;;;;;;;;;
8/25;12/30;18/30;17/25;30/57;25/56;13/31;16/27;11/27;18/31;0;2;3/9;6/9;3/9;6/9;7;5;9;10;10;9;50/113;63/113;21/56;28/57;29/57;35/56;6/18;5/18;13/18;12/18;18/34;18/41;10/23;7/16;9/16;13/23;0;2;2/6;2/2;0/2;4/6;5;4;6;6;6;6;38/75;37/75;16/41;12/34;22/34;25/41;2/7;7/12;5/12;5/7;12/23;7/15;3/8;9/11;2/11;5/8;0;0;1/3;4/7;3/7;2/3;2;1;3;4;4;3;12/38;26/38;5/15;16/23;7/23;10/15;0;1;1.78;1.74;28.75;34.83;Left-Handed;Right-Handed;https://wtatennis.com/tournament/894/bogota/2018/scores/LS027;;;;;;;;;;;;;;;;;;;;;;;;;;;;
36/84;41/80;39/80;48/84;80/100;84/116;20/32;10/20;10/20;12/32;0;0;7/18;8/16;8/16;11/18;4;6;15;15;15;15;105/216;111/216;56/116;51/100;49/100;60/116;9/19;13/30;17/30;10/19;30/38;19/30;7/11;5/8;3/8;4/11;0;0;3/5;2/7;5/7;2/5;2;2;5;5;5;5;36/68;32/68;16/30;18/38;20/38;14/30;10/23;18/28;10/28;13/23;28/35;23/37;9/14;3/7;4/7;5/14;0;0;3/5;4/7;3/7;2/5;1;3;5;5;5;5;33/72;39/72;19/37;21/35;14/35;18/37;0;1;1.64;1.74;26.33;34.83;Right-Handed;Right-Handed;https://wtatennis.com/tournament/894/bogota/2018/scores/LS013;17/42;10/22;12/22;25/42;22/27;42/49;4/7;2/5;3/5;3/7;0;0;1/8;2/2;0/2;7/8;1;1;5;5;5;5;36/76;40/76;21/49;12/27;15/27;28/49
21/48;14/31;17/31;27/48;31/62;48/73;13/25;20/31;11/31;12/25;3;2;3/12;6/11;5/11;9/12;6;3;9;9;9;9;62/135;73/135;34/73;34/62;28/62;39/73;9/22;5/14;9/14;13/22;14/27;22/34;6/12;10/13;3/13;6/12;1;1;1/6;3/5;2/5;5/6;2;1;4;4;4;4;27/61;34/61;15/34;15/27;12/27;19/34;12/26;9/17;8/17;14/26;17/35;26/39;7/13;10/18;8/18;6/13;2;1;2/6;3/6;3/6;4/6;4;2;5;5;5;5;35/74;39/74;19/39;19/35;16/35;20/39;0;1;1.63;;28.5;33.17;Right-Handed;Right-Handed;https://wtatennis.com/tournament/894/bogota/2018/scores/LS029;;;;;;;;;;;;;;;;;;;;;;;;;;;;
22/56;21/43;22/43;34/56;43/70;56/78;13/22;17/27;10/27;9/22;0;0;5/13;7/15;8/15;8/13;5;3;12;12;12;12;67/148;81/148;35/78;38/70;32/70;43/78;2/11;7/10;3/10;9/11;10/16;11/14;0/3;5/6;1/6;3/3;0;0;0/0;3/6;3/6;0/0;2;0;3;3;3;3;6/30;24/30;2/14;12/16;4/16;12/14;7/15;4/12;8/12;8/15;12/21;15/24;6/9;4/9;5/9;3/9;0;0;3/4;1/1;0/1;1/4;0;1;4;4;4;4;26/45;19/45;13/24;8/21;13/21;11/24;1;1;1.63;;31.33;22.5;Right-Handed;Right-Handed;https://wtatennis.com/tournament/894/bogota/2018/scores/LS020;13/30;10/21;11/21;17/30;21/33;30/40;7/10;8/12;4/12;3/10;0;0;2/9;3/8;5/8;7/9;3;2;5;5;5;5;35/73;38/73;20/40;18/33;15/33;20/40
17/45;15/50;35/50;28/45;50/96;45/78;23/33;30/46;16/46;10/33;0;0;7/16;4/13;9/13;9/16;24;7;11;12;12;11;91/174;83/174;40/78;45/96;51/96;38/78;3/14;5/13;8/13;11/14;13/32;14/28;10/14;15/19;4/19;4/14;0;0;2/4;4/7;3/7;2/4;12;3;4;5;5;4;25/60;35/60;13/28;20/32;12/32;15/28;7/16;4/15;11/15;9/16;15/26;16/30;10/14;6/11;5/11;4/14;0;0;3/6;0/1;1/1;3/6;6;3;4;3;3;4;33/56;23/56;17/30;10/26;16/26;13/30;2;1;1.76;1.68;26.67;28.0;Right-Handed;Right-Handed;https://wtatennis.com/tournament/894/bogota/2018/scores/LS025;7/15;6/22;16/22;8/15;22/38;15/20;3/5;9/16;7/16;2/5;0;0;2/6;0/5;5/5;4/6;6;1;3;4;4;3;33/58;25/58;10/20;15/38;23/38;10/20
27/55;42/89;47/89;28/55;89/123;55/104;27/49;17/34;17/34;22/49;1;0;8/17;7/15;8/15;9/17;9;6;16;16;16;16;118/227;109/227;54/104;59/123;64/123;50/104;7/15;17/31;14/31;8/15;31/47;15/30;10/15;9/16;7/16;5/15;0;0;3/3;4/7;3/7;0/3;6;5;6;6;6;6;38/77;39/77;17/30;26/47;21/47;13/30;10/15;18/37;19/37;5/15;37/46;15/31;7/16;4/9;5/9;9/16;0;0;3/6;2/5;3/5;3/6;2;1;5;5;5;5;41/77;36/77;17/31;22/46;24/46;14/31;1;0;1.64;1.56;26.33;28.5;Right-Handed;Right-Handed;https://wtatennis.com/tournament/894/bogota/2018/scores/LS026;10/25;7/21;14/21;15/25;21/30;25/43;10/18;4/9;5/9;8/18;1;0;2/8;1/3;2/3;6/8;1;0;5;5;5;5;39/73;34/73;20/43;11/30;19/30;23/43
12/31;19/31;12/31;19/31;31/46;31/48;5/17;12/15;3/15;12/17;1;4;1/3;6/11;5/11;2/3;1;2;7;7;7;7;32/94;62/94;17/48;31/46;15/46;31/48;9/17;15/22;7/22;8/17;22/32;17/24;1/7;7/10;3/10;6/7;1;2;1/3;4/9;5/9;2/3;0;0;3;4;4;3;20/56;36/56;10/24;22/32;10/32;14/24;3/14;4/9;5/9;11/14;9/14;14/24;4/10;5/5;0/5;6/10;0;2;0/0;2/2;0/2;0/0;1;2;4;3;3;4;12/38;26/38;7/24;9/14;5/14;17/24;0;1;1.71;1.71;30.58;30.5;Right-Handed;Right-Handed;https://wtatennis.com/tournament/894/bogota/2018/scores/LS004;;;;;;;;;;;;;;;;;;;;;;;;;;;;
