statut;duration;stage;url_match_stats;player_1_name;player_1_set_1;player_1_set_1_tiebreak;player_1_set_2;player_1_set_2_tiebreak;player_1_set_3;player_1_set_3_tiebreak;player_2_name;player_2_set_1;player_2_set_1_tiebreak;player_2_set_2;player_2_set_2_tiebreak;player_2_set_3;player_2_set_3_tiebreak;scores_link
Completed;2:32;Qualifying;https://wtatennis.com/tournament/466/palermo/2020/scores/RS020;A.Bolsova;6;2;6;;6;;M.Delai;7;;3;;1;;https://www.wtatennis.com/tournament/466/palermo/2020/scores
Completed;1:04;Qualifying;https://wtatennis.com/tournament/466/palermo/2020/scores/RS022;M.Kostyuk;6;;6;;-;;D.Seguel;1;;2;;-;;https://www.wtatennis.com/tournament/466/palermo/2020/scores
Completed;1:48;Qualifying;https://wtatennis.com/tournament/466/palermo/2020/scores/RS021;B.Schoofs;2;;6;;2;;L.Paar;6;;1;;6;;https://www.wtatennis.com/tournament/466/palermo/2020/scores
Completed;1:22;Qualifying;https://wtatennis.com/tournament/466/palermo/2020/scores/RS018;E.Ruse;7;;6;;-;;D.Spiteri;5;;2;;-;;https://www.wtatennis.com/tournament/466/palermo/2020/scores
Completed;1:38;Qualifying;https://wtatennis.com/tournament/466/palermo/2020/scores/RS023;T.Mrdeza;3;;4;;-;;L.Samsonova;6;;6;;-;;https://www.wtatennis.com/tournament/466/palermo/2020/scores
Completed;2:08;Qualifying;https://wtatennis.com/tournament/466/palermo/2020/scores/RS019;M.Frech;6;;2;;4;;K.Juvan;2;;6;;6;;https://www.wtatennis.com/tournament/466/palermo/2020/scores
Completed;1:12;Qualifying;https://wtatennis.com/tournament/466/palermo/2020/scores/RS028;O.Dodin;6;;6;;-;;F.Bilardo;3;;1;;-;;https://www.wtatennis.com/tournament/466/palermo/2020/scores
Completed;1:25;Qualifying;https://wtatennis.com/tournament/466/palermo/2020/scores/RS024;G.Minnen;0;;6;;1;;L.Arruabarrena;6;;2;;6;;https://www.wtatennis.com/tournament/466/palermo/2020/scores
Completed;1:48;Qualifying;https://wtatennis.com/tournament/466/palermo/2020/scores/RS025;M.Di Giuseppe;0;;6;;6;;C.Paquet;6;;2;;4;;https://www.wtatennis.com/tournament/466/palermo/2020/scores
Completed;0:57;Qualifying;https://wtatennis.com/tournament/466/palermo/2020/scores/RS016;V.Gracheva;6;;6;;-;;M.Paoletti;0;;1;;-;;https://www.wtatennis.com/tournament/466/palermo/2020/scores
Completed;2:45;Qualifying;https://wtatennis.com/tournament/466/palermo/2020/scores/RS031;I.De Vroome;6;;6;9;2;;Y.Bonaventure;3;;7;;6;;https://www.wtatennis.com/tournament/466/palermo/2020/scores
Completed;1:45;Qualifying;https://wtatennis.com/tournament/466/palermo/2020/scores/RS029;Y.Wickmayer;0;;6;;6;;B.Haas;6;;2;;3;;https://www.wtatennis.com/tournament/466/palermo/2020/scores
Completed;1:55;Qualifying;https://wtatennis.com/tournament/466/palermo/2020/scores/RS017;G.Gatto-Monticone;4;;6;6;-;;M.Trevisan;6;;7;;-;;https://www.wtatennis.com/tournament/466/palermo/2020/scores
Completed;1:40;Qualifying;https://wtatennis.com/tournament/466/palermo/2020/scores/RS027;A.Komardina;5;;2;;-;;A.Sasnovich;7;;6;;-;;https://www.wtatennis.com/tournament/466/palermo/2020/scores
Completed;1:16;Qualifying;https://wtatennis.com/tournament/466/palermo/2020/scores/RS030;R.Jani;3;;1;;-;;N.Podoroska;6;;6;;-;;https://www.wtatennis.com/tournament/466/palermo/2020/scores
Completed;1:32;Qualifying;https://wtatennis.com/tournament/466/palermo/2020/scores/RS026;T.Martincova;4;;6;;6;;L.Kung;6;;2;;1;;https://www.wtatennis.com/tournament/466/palermo/2020/scores
Completed;2:17;Qualifying;https://wtatennis.com/tournament/466/palermo/2020/scores/RS010;A.Bolsova;6;;5;;4;;L.Paar;4;;7;;6;;https://www.wtatennis.com/tournament/466/palermo/2020/scores
Completed;1:37;Qualifying;https://wtatennis.com/tournament/466/palermo/2020/scores/RS014;O.Dodin;6;;1;;6;;Y.Wickmayer;2;;6;;1;;https://www.wtatennis.com/tournament/466/palermo/2020/scores
Completed;2:28;Qualifying;https://wtatennis.com/tournament/466/palermo/2020/scores/RS011;M.Kostyuk;6;;4;;3;;L.Samsonova;4;;6;;6;;https://www.wtatennis.com/tournament/466/palermo/2020/scores
Completed;1:38;Qualifying;https://wtatennis.com/tournament/466/palermo/2020/scores/RS009;E.Ruse;6;;1;;2;;K.Juvan;2;;6;;6;;https://www.wtatennis.com/tournament/466/palermo/2020/scores
Completed;1:27;Qualifying;https://wtatennis.com/tournament/466/palermo/2020/scores/RS012;L.Arruabarrena;6;;6;;-;;M.Di Giuseppe;2;;3;;-;;https://www.wtatennis.com/tournament/466/palermo/2020/scores
Completed;2:11;Qualifying;https://wtatennis.com/tournament/466/palermo/2020/scores/RS015;N.Podoroska;6;;5;;6;;Y.Bonaventure;3;;7;;3;;https://www.wtatennis.com/tournament/466/palermo/2020/scores
Completed;0:47;Qualifying;https://wtatennis.com/tournament/466/palermo/2020/scores/RS013;T.Martincova;3;;0;;-;;A.Sasnovich;6;;0;;-;;https://www.wtatennis.com/tournament/466/palermo/2020/scores
Completed;1:11;Qualifying;https://wtatennis.com/tournament/466/palermo/2020/scores/RS008;V.Gracheva;2;;0;;-;;M.Trevisan;6;;6;;-;;https://www.wtatennis.com/tournament/466/palermo/2020/scores
Completed;1:50;Qualifying;https://wtatennis.com/tournament/466/palermo/2020/scores/RS005;L.Paar;2;;6;9;-;;L.Samsonova;6;;7;;-;;https://www.wtatennis.com/tournament/466/palermo/2020/scores
Completed;2:13;Qualifying;https://wtatennis.com/tournament/466/palermo/2020/scores/RS007;O.Dodin;6;;4;;3;;N.Podoroska;2;;6;;6;;https://www.wtatennis.com/tournament/466/palermo/2020/scores
Completed;1:56;Qualifying;https://wtatennis.com/tournament/466/palermo/2020/scores/RS006;L.Arruabarrena;5;;6;2;-;;A.Sasnovich;7;;7;;-;;https://www.wtatennis.com/tournament/466/palermo/2020/scores
Completed;1:43;Qualifying;https://wtatennis.com/tournament/466/palermo/2020/scores/RS004;M.Trevisan;6;8;1;;-;;K.Juvan;7;;6;;-;;https://www.wtatennis.com/tournament/466/palermo/2020/scores
Completed;1:27;Round of 32;https://wtatennis.com/tournament/466/palermo/2020/scores/LS027;K.Pliskova;6;;6;;-;;M.Sakkari;4;;4;;-;;https://www.wtatennis.com/tournament/466/palermo/2020/scores
Completed;1:45;Round of 32;https://wtatennis.com/tournament/466/palermo/2020/scores/LS028;D.Yastremska;6;;6;;-;;S.Sorribes Tormo;3;;4;;-;;https://www.wtatennis.com/tournament/466/palermo/2020/scores
Completed;3:09;Round of 32;https://wtatennis.com/tournament/466/palermo/2020/scores/LS018;J.Paolini;5;;6;;6;;D.Kasatkina;7;;4;;4;;https://www.wtatennis.com/tournament/466/palermo/2020/scores
Completed;2:12;Round of 32;https://wtatennis.com/tournament/466/palermo/2020/scores/LS024;E.Alexandrova;5;;6;;6;;K.Mladenovic;7;;0;;1;;https://www.wtatennis.com/tournament/466/palermo/2020/scores
Completed;1:53;Round of 32;https://wtatennis.com/tournament/466/palermo/2020/scores/LS022;P.Hercog;6;1;3;;-;;E.Cocciaretto;7;;6;;-;;https://www.wtatennis.com/tournament/466/palermo/2020/scores
Completed;2:57;Round of 32;https://wtatennis.com/tournament/466/palermo/2020/scores/LS026;S.Errani;7;;1;;6;;S.Cirstea;5;;6;;4;;https://www.wtatennis.com/tournament/466/palermo/2020/scores
Completed;1:15;Round of 32;https://wtatennis.com/tournament/466/palermo/2020/scores/LS023;A.Rus;1;;2;;-;;D.Vekic;6;;6;;-;;https://www.wtatennis.com/tournament/466/palermo/2020/scores
Completed;1:50;Round of 32;https://wtatennis.com/tournament/466/palermo/2020/scores/LS021;L.Siegemund;6;;6;;-;;I.Begu;3;;4;;-;;https://www.wtatennis.com/tournament/466/palermo/2020/scores
Completed;1:34;Round of 32;https://wtatennis.com/tournament/466/palermo/2020/scores/LS020;A.Kontaveit;6;;6;;-;;P.Tig;3;;3;;-;;https://www.wtatennis.com/tournament/466/palermo/2020/scores
Completed;1:39;Round of 32;https://wtatennis.com/tournament/466/palermo/2020/scores/LS030;C.Giorgi;7;;6;;-;;R.Peterson;5;;4;;-;;https://www.wtatennis.com/tournament/466/palermo/2020/scores
Completed;1:05;Round of 32;https://wtatennis.com/tournament/466/palermo/2020/scores/LS016;P.Martic;6;;6;;-;;A.Van Uytvanck;0;;3;;-;;https://www.wtatennis.com/tournament/466/palermo/2020/scores
Completed;1:07;Round of 32;https://wtatennis.com/tournament/466/palermo/2020/scores/LS025;N.Podoroska;2;;1;;-;;F.Ferro;6;;6;;-;;https://www.wtatennis.com/tournament/466/palermo/2020/scores
Completed;1:33;Round of 32;https://wtatennis.com/tournament/466/palermo/2020/scores/LS017;K.Flipkens;4;;2;;-;;L.Samsonova;6;;6;;-;;https://www.wtatennis.com/tournament/466/palermo/2020/scores
Completed;1:23;Round of 32;https://wtatennis.com/tournament/466/palermo/2020/scores/LS019;A.Sasnovich;6;;6;;-;;E.Mertens;4;;1;;-;;https://www.wtatennis.com/tournament/466/palermo/2020/scores
Completed;2:26;Round of 32;https://wtatennis.com/tournament/466/palermo/2020/scores/LS029;T.Zidansek;6;;4;;4;;O.Dodin;2;;6;;6;;https://www.wtatennis.com/tournament/466/palermo/2020/scores
Completed;2:30;Round of 32;https://wtatennis.com/tournament/466/palermo/2020/scores/LS031;K.Juvan;1;;7;;6;;M.Vondrousova;6;;5;;4;;https://www.wtatennis.com/tournament/466/palermo/2020/scores
Completed;1:35;Round of 16;https://wtatennis.com/tournament/466/palermo/2020/scores/LS011;E.Cocciaretto;6;;6;;-;;D.Vekic;2;;4;;-;;https://www.wtatennis.com/tournament/466/palermo/2020/scores
Completed;2:01;Round of 16;https://wtatennis.com/tournament/466/palermo/2020/scores/LS013;S.Errani;3;;6;;6;;K.Pliskova;6;;4;;3;;https://www.wtatennis.com/tournament/466/palermo/2020/scores
Completed;1:12;Round of 16;https://wtatennis.com/tournament/466/palermo/2020/scores/LS009;J.Paolini;0;;2;;-;;A.Sasnovich;6;;6;;-;;https://www.wtatennis.com/tournament/466/palermo/2020/scores
Completed;1:49;Round of 16;https://wtatennis.com/tournament/466/palermo/2020/scores/LS012;E.Alexandrova;5;;2;;-;;F.Ferro;7;;6;;-;;https://www.wtatennis.com/tournament/466/palermo/2020/scores
Completed;1:17;Round of 16;https://wtatennis.com/tournament/466/palermo/2020/scores/LS014;D.Yastremska;6;;6;;-;;O.Dodin;2;;4;;-;;https://www.wtatennis.com/tournament/466/palermo/2020/scores
Completed;2:02;Round of 16;https://wtatennis.com/tournament/466/palermo/2020/scores/LS015;C.Giorgi;3;;6;;6;;K.Juvan;6;;2;;4;;https://www.wtatennis.com/tournament/466/palermo/2020/scores
Completed;2:30;Round of 16;https://wtatennis.com/tournament/466/palermo/2020/scores/LS008;P.Martic;5;;6;;6;;L.Samsonova;7;;4;;2;;https://www.wtatennis.com/tournament/466/palermo/2020/scores
Completed;2:18;Round of 16;https://wtatennis.com/tournament/466/palermo/2020/scores/LS010;A.Kontaveit;3;;6;;6;;L.Siegemund;6;;2;;2;;https://www.wtatennis.com/tournament/466/palermo/2020/scores
Completed;2:52;Quarterfinal;https://wtatennis.com/tournament/466/palermo/2020/scores/LS007;D.Yastremska;6;;6;5;3;;C.Giorgi;4;;7;;6;;https://www.wtatennis.com/tournament/466/palermo/2020/scores
Completed;1:28;Quarterfinal;https://wtatennis.com/tournament/466/palermo/2020/scores/LS006;F.Ferro;6;;6;;-;;S.Errani;4;;1;;-;;https://www.wtatennis.com/tournament/466/palermo/2020/scores
Completed;1:54;Quarterfinal;https://wtatennis.com/tournament/466/palermo/2020/scores/LS005;A.Kontaveit;6;;4;;6;;E.Cocciaretto;1;;6;;1;;https://www.wtatennis.com/tournament/466/palermo/2020/scores
Completed;2:18;Quarterfinal;https://wtatennis.com/tournament/466/palermo/2020/scores/LS004;P.Martic;7;;7;;-;;A.Sasnovich;6;5;6;3;-;;https://www.wtatennis.com/tournament/466/palermo/2020/scores
Completed;2:06;Semifinal;https://wtatennis.com/tournament/466/palermo/2020/scores/LS003;F.Ferro;2;;6;;7;;C.Giorgi;6;;2;;5;;https://www.wtatennis.com/tournament/466/palermo/2020/scores
Completed;1:29;Semifinal;https://wtatennis.com/tournament/466/palermo/2020/scores/LS002;P.Martic;2;;4;;-;;A.Kontaveit;6;;6;;-;;https://www.wtatennis.com/tournament/466/palermo/2020/scores
Completed;1:43;Final;https://wtatennis.com/tournament/466/palermo/2020/scores/LS001;A.Kontaveit;2;;5;;-;;F.Ferro;6;;7;;-;;https://www.wtatennis.com/tournament/466/palermo/2020/scores
