match_1st Return Points Won_player_1;match_1st Return Points Won_player_2;match_1st Serve Points Won_player_1;match_1st Serve Points Won_player_2;match_1st Serve_player_1;match_1st Serve_player_2;match_2nd Return Points Won_player_1;match_2nd Return Points Won_player_2;match_2nd Serve Points Won_player_1;match_2nd Serve Points Won_player_2;match_Aces_player_1;match_Aces_player_2;match_Break Points Converted_player_1;match_Break Points Converted_player_2;match_Break Points Saved_player_1;match_Break Points Saved_player_2;match_Double Faults_player_1;match_Double Faults_player_2;match_Return Games Played_player_1;match_Return Games Played_player_2;match_Service Games Played_player_1;match_Service Games Played_player_2;match_Total Points Won_player_1;match_Total Points Won_player_2;match_Total Return Points Won_player_1;match_Total Return Points Won_player_2;match_Total Service Points Won_player_1;match_Total Service Points Won_player_2;set1_1st Return Points Won_player_1;set1_1st Return Points Won_player_2;set1_1st Serve Points Won_player_1;set1_1st Serve Points Won_player_2;set1_1st Serve_player_1;set1_1st Serve_player_2;set1_2nd Return Points Won_player_1;set1_2nd Return Points Won_player_2;set1_2nd Serve Points Won_player_1;set1_2nd Serve Points Won_player_2;set1_Aces_player_1;set1_Aces_player_2;set1_Break Points Converted_player_1;set1_Break Points Converted_player_2;set1_Break Points Saved_player_1;set1_Break Points Saved_player_2;set1_Double Faults_player_1;set1_Double Faults_player_2;set1_Return Games Played_player_1;set1_Return Games Played_player_2;set1_Service Games Played_player_1;set1_Service Games Played_player_2;set1_Total Points Won_player_1;set1_Total Points Won_player_2;set1_Total Return Points Won_player_1;set1_Total Return Points Won_player_2;set1_Total Service Points Won_player_1;set1_Total Service Points Won_player_2;set2_1st Return Points Won_player_1;set2_1st Return Points Won_player_2;set2_1st Serve Points Won_player_1;set2_1st Serve Points Won_player_2;set2_1st Serve_player_1;set2_1st Serve_player_2;set2_2nd Return Points Won_player_1;set2_2nd Return Points Won_player_2;set2_2nd Serve Points Won_player_1;set2_2nd Serve Points Won_player_2;set2_Aces_player_1;set2_Aces_player_2;set2_Break Points Converted_player_1;set2_Break Points Converted_player_2;set2_Break Points Saved_player_1;set2_Break Points Saved_player_2;set2_Double Faults_player_1;set2_Double Faults_player_2;set2_Return Games Played_player_1;set2_Return Games Played_player_2;set2_Service Games Played_player_1;set2_Service Games Played_player_2;set2_Total Points Won_player_1;set2_Total Points Won_player_2;set2_Total Return Points Won_player_1;set2_Total Return Points Won_player_2;set2_Total Service Points Won_player_1;set2_Total Service Points Won_player_2;set3_1st Return Points Won_player_1;set3_1st Return Points Won_player_2;set3_1st Serve Points Won_player_1;set3_1st Serve Points Won_player_2;set3_1st Serve_player_1;set3_1st Serve_player_2;set3_2nd Return Points Won_player_1;set3_2nd Return Points Won_player_2;set3_2nd Serve Points Won_player_1;set3_2nd Serve Points Won_player_2;set3_Aces_player_1;set3_Aces_player_2;set3_Break Points Converted_player_1;set3_Break Points Converted_player_2;set3_Break Points Saved_player_1;set3_Break Points Saved_player_2;set3_Double Faults_player_1;set3_Double Faults_player_2;set3_Return Games Played_player_1;set3_Return Games Played_player_2;set3_Service Games Played_player_1;set3_Service Games Played_player_2;set3_Total Points Won_player_1;set3_Total Points Won_player_2;set3_Total Return Points Won_player_1;set3_Total Return Points Won_player_2;set3_Total Service Points Won_player_1;set3_Total Service Points Won_player_2;h2h_wins_player_1;h2h_wins_player_2;Height_player_1;Height_player_2;Date of Birth_player_1;Date of Birth_player_2;Plays_player_1;Plays_player_2;url_match_stats
14/41;17/51;34/51;27/41;51/86;41/76;23/35;18/35;17/35;12/35;1;3;5/7;3/11;8/11;2/7;5;4;11;12;12;11;88/162;74/162;37/76;35/86;51/86;39/76;0/8;9/20;11/20;8/8;20/30;8/22;6/14;6/10;4/10;8/14;0;2;0/0;2/4;2/4;0/0;2;1;4;4;4;4;21/52;31/52;6/22;15/30;15/30;16/22;5/16;7/21;14/21;11/16;21/39;16/27;9/11;9/18;9/18;2/11;0;0;2/4;1/7;6/7;2/4;2;0;4;5;5;4;37/66;29/66;14/27;16/39;23/39;13/27;9/17;1/10;9/10;8/17;10/17;17/27;8/10;3/7;4/7;2/10;1;1;3/3;0/0;0/0;0/3;1;3;3;3;3;3;30/44;14/44;17/27;4/17;13/17;10/27;1;0;1.74;1.87;21.83;31.08;Right-Handed;Right-Handed;https://wtatennis.com/tournament/405/osaka/2019/scores/RS027
8/36;17/46;29/46;28/36;46/69;36/69;18/33;14/23;9/23;15/33;2;0;2/11;4/6;2/6;9/11;1;9;10;10;10;10;64/138;74/138;26/69;31/69;38/69;43/69;8/19;10/23;13/23;11/19;23/41;19/39;11/20;12/18;6/18;9/20;1;0;2/9;3/5;2/5;7/9;1;5;5;5;5;5;38/80;42/80;19/39;22/41;19/41;20/39;0/17;7/23;16/23;17/17;23/28;17/30;7/13;2/5;3/5;6/13;1;0;0/2;1/1;0/1;2/2;0;4;5;5;5;5;26/58;32/58;7/30;9/28;19/28;23/30;;;;;;;;;;;;;;;;;;;;;;;;;;;;;0;3;;;28.5;28.25;Right-Handed;Right-Handed;https://wtatennis.com/tournament/405/osaka/2019/scores/RS025
12/33;14/35;21/35;21/33;35/54;33/58;6/25;8/19;11/19;19/25;3;0;0/3;3/5;2/5;3/3;2;2;9;9;9;9;50/112;62/112;18/58;22/54;32/54;40/58;4/14;10/18;8/18;10/14;18/25;14/25;3/11;3/7;4/7;8/11;1;0;0/2;2/4;2/4;2/2;1;1;4;4;4;4;19/50;31/50;7/25;13/25;12/25;18/25;8/19;4/17;13/17;11/19;17/29;19/33;3/14;5/12;7/12;11/14;2;0;0/1;1/1;0/1;1/1;1;1;5;5;5;5;31/62;31/62;11/33;9/29;20/29;22/33;;;;;;;;;;;;;;;;;;;;;;;;;;;;;0;1;1.75;;23.08;40.92;Right-Handed;N/A;https://wtatennis.com/tournament/405/osaka/2019/scores/RS026
7/24;12/35;23/35;17/24;35/54;24/38;7/14;7/19;12/19;7/14;3;0;2/2;0/2;2/2;0/2;2;1;7;7;7;7;49/92;43/92;14/38;19/54;35/54;24/38;6/14;11/26;15/26;8/14;26/39;14/24;6/10;4/13;9/13;4/10;0;0;2/2;0/2;2/2;0/2;0;1;4;4;4;4;36/63;27/63;12/24;15/39;24/39;12/24;1/10;1/9;8/9;9/10;9/15;10/14;1/4;3/6;3/6;3/4;3;0;0/0;0/0;0/0;0/0;2;0;3;3;3;3;13/29;16/29;2/14;4/15;11/15;12/14;;;;;;;;;;;;;;;;;;;;;;;;;;;;;1;0;1.67;1.64;32.33;33.25;Right-Handed;Right-Handed;https://wtatennis.com/tournament/405/osaka/2019/scores/RS024
31/68;22/48;26/48;37/68;48/84;68/85;10/17;15/36;21/36;7/17;0;0;6/8;6/10;4/10;2/8;3;1;14;14;14;14;88/169;81/169;41/85;37/84;47/84;44/85;10/27;7/17;10/17;17/27;17/32;27/37;5/10;6/15;9/15;5/10;0;0;1/3;2/3;1/3;2/3;2;0;5;5;5;5;34/69;35/69;15/37;13/32;19/32;22/37;9/15;4/15;11/15;6/15;15/24;15/19;4/4;5/9;4/9;0/4;0;0;3/3;1/2;1/2;0/3;1;1;4;4;4;4;28/43;15/43;13/19;9/24;15/24;6/19;12/26;11/16;5/16;14/26;16/28;26/29;1/3;4/12;8/12;2/3;0;0;2/2;3/5;2/5;0/2;0;0;5;5;5;5;26/57;31/57;13/29;15/28;13/28;16/29;2;2;1.64;;23.75;31.08;Right-Handed;N/A;https://wtatennis.com/tournament/405/osaka/2019/scores/RS021
15/51;30/67;37/67;36/51;67/115;51/92;29/41;25/48;23/48;12/41;4;2;6/10;6/17;11/17;4/10;7;8;14;15;15;14;104/207;103/207;44/92;55/115;60/115;48/92;4/15;12/27;15/27;11/15;27/39;15/22;5/7;8/12;4/12;2/7;0;0;1/2;3/7;4/7;1/2;2;2;4;5;5;4;28/61;33/61;9/22;20/39;19/39;13/22;3/14;7/16;9/16;11/14;16/30;14/31;15/17;6/14;8/14;2/17;2;2;3/6;1/6;5/6;3/6;1;4;4;4;4;4;35/61;26/61;18/31;13/30;17/30;13/31;8/22;11/24;13/24;14/22;24/46;22/39;9/17;11/22;11/22;8/17;2;0;2/2;2/4;2/4;0/2;4;2;6;6;6;6;41/85;44/85;17/39;22/46;24/46;22/39;1;0;;;26.67;30.33;Right-Handed;N/A;https://wtatennis.com/tournament/405/osaka/2019/scores/RS020
24/65;16/52;36/52;41/65;52/95;65/95;18/30;23/43;20/43;12/30;7;0;6/13;5/10;5/10;7/13;10;4;15;15;15;15;98/190;92/190;42/95;39/95;56/95;53/95;3/15;7/20;13/20;12/15;20/31;15/24;6/9;8/11;3/11;3/9;3;0;1/4;3/4;1/4;3/4;5;2;4;5;5;4;25/55;30/55;9/24;15/31;16/31;15/24;13/31;6/17;11/17;18/31;17/35;31/42;6/11;8/18;10/18;5/11;0;0;3/6;2/3;1/3;3/6;1;1;6;6;6;6;40/77;37/77;19/42;14/35;21/35;23/42;8/19;3/15;12/15;11/19;15/29;19/29;6/10;7/14;7/14;4/10;4;0;2/3;0/3;3/3;1/3;4;1;5;4;4;5;33/58;25/58;14/29;10/29;19/29;15/29;1;0;;;28.83;25.08;Right-Handed;Left-Handed;https://wtatennis.com/tournament/405/osaka/2019/scores/RS016
11/32;14/45;31/45;21/32;45/73;32/59;15/27;12/28;16/28;12/27;2;6;3/8;0/5;5/5;5/8;2;3;9;9;9;9;73/132;59/132;26/59;26/73;47/73;33/59;6/15;8/23;15/23;9/15;23/41;15/24;6/9;8/18;10/18;3/9;1;3;2/4;0/5;5/5;2/4;1;1;4;4;4;4;37/65;28/65;12/24;16/41;25/41;12/24;5/17;6/22;16/22;12/17;22/32;17/35;9/18;4/10;6/10;9/18;1;3;1/4;0/0;0/0;3/4;1;2;5;5;5;5;36/67;31/67;14/35;10/32;22/32;21/35;;;;;;;;;;;;;;;;;;;;;;;;;;;;;1;0;;1.63;27.67;22.33;N/A;Right-Handed;https://wtatennis.com/tournament/405/osaka/2019/scores/RS017
13/32;18/27;9/27;19/32;27/41;32/48;5/16;9/14;5/14;11/16;1;0;1/3;6/8;2/8;2/3;5;2;7;8;8;7;32/89;57/89;18/48;27/41;14/41;30/48;3/13;9/14;5/14;10/13;14/21;13/18;2/5;4/7;3/7;3/5;0;0;0/0;3/4;1/4;0/0;3;1;3;4;4;3;13/39;26/39;5/18;13/21;8/21;13/18;10/19;9/13;4/13;9/19;13/20;19/30;3/11;5/7;2/7;8/11;1;0;1/3;3/4;1/4;2/3;2;1;4;4;4;4;19/50;31/50;13/30;14/20;6/20;17/30;;;;;;;;;;;;;;;;;;;;;;;;;;;;;0;1;;1.65;21.17;27.17;N/A;Right-Handed;https://wtatennis.com/tournament/405/osaka/2019/scores/RS023
14/39;20/36;16/36;25/39;36/54;39/69;15/30;9/18;9/18;15/30;2;1;1/7;5/11;6/11;6/7;1;5;8;8;8;8;54/123;69/123;29/69;29/54;25/54;40/69;6/19;8/14;6/14;13/19;14/20;19/27;4/8;5/6;1/6;4/8;0;0;0/3;3/4;1/4;3/3;0;2;3;3;3;3;17/47;30/47;10/27;13/20;7/20;17/27;8/20;12/22;10/22;12/20;22/34;20/42;11/22;4/12;8/12;11/22;2;1;1/4;2/7;5/7;3/4;1;3;5;5;5;5;37/76;39/76;19/42;16/34;18/34;23/42;;;;;;;;;;;;;;;;;;;;;;;;;;;;;0;1;;1.68;28.92;20.75;N/A;Left-Handed;https://wtatennis.com/tournament/405/osaka/2019/scores/RS019
13/27;9/30;21/30;14/27;30/54;27/50;15/23;13/24;11/24;8/23;2;3;6/10;2/9;7/9;4/10;6;1;9;8;8;9;60/104;44/104;28/50;22/54;32/54;22/50;6/14;3/12;9/12;8/14;12/26;14/26;8/12;8/14;6/14;4/12;2;2;3/5;2/4;2/4;2/5;4;1;5;5;5;5;29/52;23/52;14/26;11/26;15/26;12/26;7/13;6/18;12/18;6/13;18/28;13/24;7/11;5/10;5/10;4/11;0;1;3/5;0/5;5/5;2/5;2;0;4;3;3;4;31/52;21/52;14/24;11/28;17/28;10/24;;;;;;;;;;;;;;;;;;;;;;;;;;;;;1;0;1.70;1.70;28.33;25.33;Right-Handed;Right-Handed;https://wtatennis.com/tournament/405/osaka/2019/scores/RS022
20/48;18/42;24/42;28/48;42/65;48/76;18/28;12/23;11/23;10/28;2;0;4/13;3/8;5/8;9/13;4;1;9;8;8;9;73/141;68/141;38/76;30/65;35/65;38/76;14/35;12/30;18/30;21/35;30/46;35/56;13/21;8/16;8/16;8/21;2;0;2/11;2/3;1/3;9/11;4;1;6;6;6;6;53/102;49/102;27/56;20/46;26/46;29/56;6/13;6/12;6/12;7/13;12/19;13/20;5/7;4/7;3/7;2/7;0;0;2/2;1/5;4/5;0/2;0;0;3;2;2;3;20/39;19/39;11/20;10/19;9/19;9/20;;;;;;;;;;;;;;;;;;;;;;;;;;;;;3;0;1.65;1.56;30.92;28.58;Left-Handed;Right-Handed;https://wtatennis.com/tournament/405/osaka/2019/scores/RS018
20/40;24/55;31/55;20/40;55/88;40/74;20/34;19/33;14/33;14/34;3;0;7/16;5/19;14/19;9/16;4;4;11;11;11;11;85/162;77/162;40/74;43/88;45/88;34/74;8/17;13/26;13/26;9/17;26/40;17/31;8/14;7/14;7/14;6/14;2;0;3/7;2/9;7/9;4/7;2;2;5;5;5;5;36/71;35/71;16/31;20/40;20/40;15/31;12/23;11/29;18/29;11/23;29/48;23/43;12/20;12/19;7/19;8/20;1;0;4/9;3/10;7/10;5/9;2;2;6;6;6;6;49/91;42/91;24/43;23/48;25/48;19/43;;;;;;;;;;;;;;;;;;;;;;;;;;;;;1;0;1.67;;32.33;28.25;Right-Handed;Right-Handed;https://wtatennis.com/tournament/405/osaka/2019/scores/RS012
20/41;14/41;27/41;21/41;41/67;41/79;20/38;14/26;12/26;18/38;0;3;6/9;5/7;2/7;3/9;5;7;13;13;13;13;79/146;67/146;40/79;28/67;39/67;39/79;6/10;3/10;7/10;4/10;10/19;10/20;8/10;4/9;5/9;2/10;0;0;3/4;1/1;0/1;1/4;1;3;4;4;4;4;26/39;13/39;14/20;7/19;12/19;6/20;3/9;4/14;10/14;6/9;14/22;9/25;4/16;6/8;2/8;12/16;0;2;0/0;2/3;1/3;0/0;3;2;4;4;4;4;19/47;28/47;7/25;10/22;12/22;18/25;11/22;7/17;10/17;11/22;17/26;22/34;8/12;4/9;5/9;4/12;0;1;3/5;2/3;1/3;2/5;1;2;5;5;5;5;34/60;26/60;19/34;11/26;15/26;15/34;1;0;;1.74;40.92;21.83;N/A;Right-Handed;https://wtatennis.com/tournament/405/osaka/2019/scores/RS013
6/27;15/32;17/32;21/27;32/55;27/49;12/22;17/23;6/23;10/22;0;0;2/5;6/10;4/10;3/5;5;4;8;9;9;8;41/104;63/104;18/49;32/55;23/55;31/49;2/12;8/18;10/18;10/12;18/31;12/23;6/11;10/13;3/13;5/11;0;0;1/4;3/7;4/7;3/4;3;1;4;5;5;4;21/54;33/54;8/23;18/31;13/31;15/23;4/15;7/14;7/14;11/15;14/24;15/26;6/11;7/10;3/10;5/11;0;0;1/1;3/3;0/3;0/1;2;3;4;4;4;4;20/50;30/50;10/26;14/24;10/24;16/26;;;;;;;;;;;;;;;;;;;;;;;;;;;;;0;1;1.65;1.68;30.92;20.75;Left-Handed;Left-Handed;https://wtatennis.com/tournament/405/osaka/2019/scores/RS009
16/35;20/41;21/41;19/35;41/71;35/55;16/20;13/30;17/30;4/20;2;0;6/6;4/9;5/9;0/6;1;5;9;10;10;9;70/126;56/126;32/55;33/71;38/71;23/55;7/16;7/15;8/15;9/16;15/32;16/21;4/5;5/17;12/17;1/5;1;0;2/2;1/2;1/2;0/2;0;1;4;5;5;4;31/53;22/53;11/21;12/32;20/32;10/21;9/19;13/26;13/26;10/19;26/39;19/34;12/15;8/13;5/13;3/15;1;0;4/4;3/7;4/7;0/4;1;4;5;5;5;5;39/73;34/73;21/34;21/39;18/39;13/34;;;;;;;;;;;;;;;;;;;;;;;;;;;;;1;0;;;26.67;31.08;Right-Handed;N/A;https://wtatennis.com/tournament/405/osaka/2019/scores/RS010
12/20;12/31;19/31;8/20;31/49;20/43;16/23;6/18;12/18;7/23;2;0;6/8;1/3;2/3;2/8;3;2;7;7;7;7;59/92;33/92;28/43;18/49;31/49;15/43;3/6;7/18;11/18;3/6;18/29;6/18;7/12;3/11;8/11;5/12;2;0;2/2;0/1;1/1;0/2;1;1;3;4;4;3;29/47;18/47;10/18;10/29;19/29;8/18;9/14;5/13;8/13;5/14;13/20;14/25;9/11;3/7;4/7;2/11;0;0;4/6;1/2;1/2;2/6;2;1;4;3;3;4;30/45;15/45;18/25;8/20;12/20;7/25;;;;;;;;;;;;;;;;;;;;;;;;;;;;;1;0;;;28.83;27.67;Right-Handed;N/A;https://wtatennis.com/tournament/405/osaka/2019/scores/RS008
19/36;8/31;23/31;17/36;31/58;36/54;10/18;12/27;15/27;8/18;5;1;5/11;2/8;6/8;6/11;4;7;9;9;9;9;67/112;45/112;29/54;20/58;38/58;25/54;8/22;5/20;15/20;14/22;20/34;22/33;7/11;7/14;7/14;4/11;2;1;2/7;1/5;4/5;5/7;2;5;5;5;5;5;37/67;30/67;15/33;12/34;22/34;18/33;11/14;3/11;8/11;3/14;11/24;14/21;3/7;5/13;8/13;4/7;3;0;3/4;1/3;2/3;1/4;2;2;4;4;4;4;30/45;15/45;14/21;8/24;16/24;7/21;;;;;;;;;;;;;;;;;;;;;;;;;;;;;5;0;1.73;1.78;29.17;28.75;Right-Handed;Left-Handed;https://wtatennis.com/tournament/405/osaka/2019/scores/LS020
11/32;11/27;16/27;21/32;27/58;32/59;11/27;19/31;12/31;16/27;1;3;2/4;5/9;4/9;2/4;3;2;9;9;9;9;50/117;67/117;22/59;30/58;28/58;37/59;9/20;5/13;8/13;11/20;13/32;20/36;7/16;12/19;7/19;9/16;1;0;2/4;3/5;2/5;2/4;2;2;5;5;5;5;31/68;37/68;16/36;17/32;15/32;20/36;2/12;6/14;8/14;10/12;14/26;12/23;4/11;7/12;5/12;7/11;0;3;0/0;2/4;2/4;0/0;1;0;4;4;4;4;19/49;30/49;6/23;13/26;13/26;17/23;;;;;;;;;;;;;;;;;;;;;;;;;;;;;0;2;1.80;1.75;37.08;26.17;Left-Handed;Right-Handed;https://wtatennis.com/tournament/405/osaka/2019/scores/LS031
4/27;17/40;23/40;23/27;40/69;27/36;4/9;20/29;9/29;5/9;0;2;1/1;5/15;10/15;0/1;7;0;8;8;8;8;40/105;65/105;8/36;37/69;32/69;28/36;2/16;11/29;18/29;14/16;29/44;16/18;0/2;11/15;4/15;2/2;0;1;0/0;2/11;9/11;0/0;5;0;4;4;4;4;24/62;38/62;2/18;22/44;22/44;16/18;2/11;6/11;5/11;9/11;11/25;11/18;4/7;9/14;5/14;3/7;0;1;1/1;3/4;1/4;0/1;2;0;4;4;4;4;16/43;27/43;6/18;15/25;10/25;12/18;;;;;;;;;;;;;;;;;;;;;;;;;;;;;0;1;1.69;1.72;28.58;29.67;Right-Handed;Right-Handed;https://wtatennis.com/tournament/405/osaka/2019/scores/LS019
13/30;18/55;37/55;17/30;55/81;30/58;17/28;18/26;8/26;11/28;0;3;5/9;3/12;9/12;4/9;8;6;10;10;10;10;75/139;64/139;30/58;36/81;45/81;28/58;5/13;7/21;14/21;8/13;21/29;13/24;9/11;6/8;2/8;2/11;0;0;3/3;2/5;3/5;0/3;3;2;5;5;5;5;30/53;23/53;14/24;13/29;16/29;10/24;8/17;11/34;23/34;9/17;34/52;17/34;8/17;12/18;6/18;9/17;0;3;2/6;1/7;6/7;4/6;5;4;5;5;5;5;45/86;41/86;16/34;23/52;29/52;18/34;;;;;;;;;;;;;;;;;;;;;;;;;;;;;1;3;1.55;1.72;31.42;35.83;Right-Handed;Right-Handed;https://wtatennis.com/tournament/405/osaka/2019/scores/LS023
29/64;25/59;34/59;35/64;59/108;64/107;26/43;27/49;22/49;17/43;3;0;9/18;7/13;6/13;9/18;6;7;15;15;15;15;111/215;104/215;55/107;52/108;56/108;52/107;10/23;10/20;10/20;13/23;20/39;23/44;13/21;13/19;6/19;8/21;0;0;3/11;4/5;1/5;8/11;2;6;5;5;5;5;39/83;44/83;23/44;23/39;16/39;21/44;11/28;11/25;14/25;17/28;25/42;28/40;8/12;8/17;9/17;4/12;0;0;3/4;2/6;4/6;1/4;2;0;6;6;6;6;42/82;40/82;19/40;19/42;23/42;21/40;8/13;4/14;10/14;5/13;14/27;13/23;5/10;6/13;7/13;5/10;3;0;3/3;1/2;1/2;0/3;2;1;4;4;4;4;30/50;20/50;13/23;10/27;17/27;10/23;3;1;1.59;;32.08;40.92;Left-Handed;N/A;https://wtatennis.com/tournament/405/osaka/2019/scores/LS026
23/48;19/54;35/54;25/48;54/77;48/72;15/24;15/23;8/23;9/24;0;0;7/12;4/12;8/12;5/12;8;3;13;12;12;13;81/149;68/149;38/72;34/77;43/77;34/72;10/15;8/19;11/19;5/15;19/31;15/23;4/8;6/12;6/12;4/8;0;0;3/5;1/6;5/6;2/5;5;1;4;4;4;4;31/54;23/54;14/23;14/31;17/31;9/23;4/19;7/22;15/22;15/19;22/26;19/28;4/9;3/4;1/4;5/9;0;0;0/0;1/3;2/3;0/0;1;1;5;4;4;5;24/54;30/54;8/28;10/26;16/26;20/28;9/14;4/13;9/13;5/14;13/20;14/21;7/7;6/7;1/7;0/7;0;0;4/7;2/3;1/3;3/7;2;1;4;4;4;4;26/41;15/41;16/21;10/20;10/20;5/21;2;1;1.76;1.76;26.67;33.17;Right-Handed;Right-Handed;https://wtatennis.com/tournament/405/osaka/2019/scores/LS024
24/53;17/46;29/46;29/53;46/82;53/83;19/30;19/36;17/36;11/30;2;1;7/10;4/13;9/13;3/10;2;1;13;12;12;13;89/165;76/165;43/83;36/82;46/82;40/83;11/22;3/11;8/11;11/22;11/23;22/29;6/7;5/12;7/12;1/7;0;0;3/4;0/4;4/4;1/4;0;0;4;3;3;4;32/52;20/52;17/29;8/23;15/23;12/29;6/16;8/18;10/18;10/16;18/34;16/25;2/9;8/16;8/16;7/9;1;1;0/1;2/5;3/5;1/1;1;0;4;5;5;4;26/59;33/59;8/25;16/34;18/34;17/25;7/15;6/17;11/17;8/15;17/25;15/29;11/14;6/8;2/8;3/14;1;0;4/5;2/4;2/4;1/5;1;1;5;4;4;5;31/54;23/54;18/29;12/25;13/25;11/29;2;0;1.69;1.63;37.42;29.17;Right-Handed;Right-Handed;https://wtatennis.com/tournament/405/osaka/2019/scores/LS016
22/55;29/68;39/68;33/55;68/116;55/118;40/63;26/48;22/48;23/63;6;5;9/14;7/15;8/15;5/14;3;15;16;16;16;16;123/234;111/234;62/118;55/116;61/116;56/118;5/15;15/35;20/35;10/15;35/56;15/46;18/31;14/21;7/21;13/31;4;1;3/5;3/7;4/7;2/5;2;7;6;6;6;6;50/102;52/102;23/46;29/56;27/56;23/46;7/21;8/19;11/19;14/21;19/32;21/35;12/14;6/13;7/13;2/14;1;3;3/3;2/3;1/3;0/3;0;4;5;5;5;5;37/67;30/67;19/35;14/32;18/32;16/35;10/19;6/14;8/14;9/19;14/28;19/37;10/18;6/14;8/14;8/18;1;1;3/6;2/5;3/5;3/6;1;4;5;5;5;5;36/65;29/65;20/37;12/28;16/28;17/37;1;1;;1.75;26.67;22.17;Right-Handed;Right-Handed;https://wtatennis.com/tournament/405/osaka/2019/scores/LS027
19/33;13/40;27/40;14/33;40/62;33/55;13/22;14/22;8/22;9/22;1;0;6/10;3/8;5/8;4/10;6;6;9;9;9;9;67/117;50/117;32/55;27/62;35/62;23/55;8/17;7/21;14/21;9/17;21/36;17/27;7/10;9/15;6/15;3/10;0;0;3/3;2/6;4/6;0/3;3;3;5;5;5;5;35/63;28/63;15/27;16/36;20/36;12/27;11/16;6/19;13/19;5/16;19/26;16/28;6/12;5/7;2/7;6/12;1;0;3/7;1/2;1/2;4/7;3;3;4;4;4;4;32/54;22/54;17/28;11/26;15/26;11/28;;;;;;;;;;;;;;;;;;;;;;;;;;;;;1;0;;;28.83;25.17;Right-Handed;N/A;https://wtatennis.com/tournament/405/osaka/2019/scores/LS029
19/44;8/36;28/36;25/44;36/43;44/63;12/19;2/7;5/7;7/19;3;0;4/11;0/2;2/2;7/11;0;1;9;8;8;9;64/106;42/106;31/63;10/43;33/43;32/63;12/30;6/23;17/23;18/30;23/29;30/40;5/10;2/6;4/6;5/10;2;0;1/7;0/2;2/2;6/7;0;1;5;5;5;5;38/69;31/69;17/40;8/29;21/29;23/40;7/14;2/13;11/13;7/14;13/14;14/23;7/9;0/1;1/1;2/9;1;0;3/4;0/0;0/0;1/4;0;0;4;3;3;4;26/37;11/37;14/23;2/14;12/14;9/23;;;;;;;;;;;;;;;;;;;;;;;;;;;;;1;0;1.68;1.67;35.25;32.33;Right-Handed;Right-Handed;https://wtatennis.com/tournament/405/osaka/2019/scores/LS028
15/43;7/33;26/33;28/43;33/47;43/72;19/29;4/14;10/14;10/29;1;0;3/14;0/0;0/0;11/14;2;3;8;9;9;8;70/119;49/119;34/72;11/47;36/47;38/72;5/14;2/12;10/12;9/14;12/20;14/30;11/16;2/8;6/8;5/16;0;0;2/7;0/0;0/0;5/7;0;3;3;4;4;3;32/50;18/50;16/30;4/20;16/20;14/30;10/29;5/21;16/21;19/29;21/27;29/42;8/13;2/6;4/6;5/13;1;0;1/7;0/0;0/0;6/7;2;0;5;5;5;5;38/69;31/69;18/42;7/27;20/27;24/42;;;;;;;;;;;;;;;;;;;;;;;;;;;;;4;1;1.75;1.70;35.08;28.33;Left-Handed;Right-Handed;https://wtatennis.com/tournament/405/osaka/2019/scores/LS022
18/72;19/73;54/73;54/72;73/126;72/114;22/42;27/53;26/53;20/42;3;4;3/6;4/13;9/13;3/6;5;7;18;18;18;18;120/240;120/240;40/114;46/126;80/126;74/114;9/30;7/26;19/26;21/30;26/47;30/45;9/15;8/21;13/21;6/15;1;3;1/2;1/4;3/4;1/2;1;3;6;6;6;6;50/92;42/92;18/45;15/47;32/47;27/45;2/20;5/22;17/22;18/20;22/37;20/36;10/16;8/15;7/15;6/16;1;0;1/1;1/1;0/1;0/1;0;2;6;6;6;6;36/73;37/73;12/36;13/37;24/37;24/36;7/22;7/25;18/25;15/22;25/42;22/33;3/11;11/17;6/17;8/11;1;1;1/3;2/8;6/8;2/3;4;2;6;6;6;6;34/75;41/75;10/33;18/42;24/42;23/33;3;1;1.68;1.63;20.75;28.5;Left-Handed;Right-Handed;https://wtatennis.com/tournament/405/osaka/2019/scores/LS018
15/37;8/26;18/26;22/37;26/43;37/64;19/27;4/17;13/17;8/27;3;2;5/10;2/3;1/3;5/10;0;3;9;9;9;9;65/107;42/107;34/64;12/43;31/43;30/64;6/13;4/12;8/12;7/13;12/20;13/23;8/10;2/8;6/8;2/10;0;2;3/4;1/2;1/2;1/4;0;1;4;4;4;4;28/43;15/43;14/23;6/20;14/20;9/23;9/24;4/14;10/14;15/24;14/23;24/41;11/17;2/9;7/9;6/17;3;0;2/6;1/1;0/1;4/6;0;2;5;5;5;5;37/64;27/64;20/41;6/23;17/23;21/41;;;;;;;;;;;;;;;;;;;;;;;;;;;;;1;0;1.70;1.70;31.08;25.83;Right-Handed;Right-Handed;https://wtatennis.com/tournament/405/osaka/2019/scores/LS030
15/32;7/29;22/29;17/32;29/50;32/62;19/30;12/21;9/21;11/30;2;0;5/11;2/3;1/3;6/11;7;11;8;9;9;8;65/112;47/112;34/62;19/50;31/50;28/62;10/20;3/14;11/14;10/20;14/25;20/34;9/14;8/11;3/11;5/14;1;0;3/7;2/3;1/3;4/7;5;7;4;5;5;4;33/59;26/59;19/34;11/25;14/25;15/34;5/12;4/15;11/15;7/12;15/25;12/28;10/16;4/10;6/10;6/16;1;0;2/4;0/0;0/0;2/4;2;4;4;4;4;4;32/53;21/53;15/28;8/25;17/25;13/28;;;;;;;;;;;;;;;;;;;;;;;;;;;;;1;0;1.75;1.63;26.5;33.08;Right-Handed;Right-Handed;https://wtatennis.com/tournament/405/osaka/2019/scores/LS025
15/46;15/38;23/38;31/46;38/72;46/69;13/23;22/34;12/34;10/23;2;7;3/5;5/9;4/9;2/5;3;3;10;10;10;10;63/141;78/141;28/69;37/72;35/72;41/69;11/34;10/29;19/29;23/34;29/48;34/47;9/13;12/19;7/19;4/13;2;6;2/4;2/4;2/4;2/4;1;1;6;6;6;6;46/95;49/95;20/47;22/48;26/48;27/47;4/12;5/9;4/9;8/12;9/24;12/22;4/10;10/15;5/15;6/10;0;1;1/1;3/5;2/5;0/1;2;2;4;4;4;4;17/46;29/46;8/22;15/24;9/24;14/22;;;;;;;;;;;;;;;;;;;;;;;;;;;;;0;1;1.70;1.75;31.08;26.17;Right-Handed;Right-Handed;https://wtatennis.com/tournament/405/osaka/2019/scores/LS015
20/67;27/70;43/70;47/67;70/108;67/108;30/41;24/38;14/38;11/41;0;9;7/18;8/17;9/17;11/18;6;5;16;15;15;16;107/216;109/216;50/108;51/108;57/108;58/108;0/12;3/7;4/7;12/12;7/16;12/19;3/7;5/9;4/9;4/7;0;3;0/0;2/4;2/4;0/0;1;0;4;3;3;4;11/35;24/35;3/19;8/16;8/16;16/19;10/27;17/39;22/39;17/27;39/59;27/48;17/21;14/20;6/20;4/21;0;4;4/9;4/9;5/9;5/9;4;4;6;6;6;6;55/107;52/107;27/48;31/59;28/59;21/48;10/28;7/24;17/24;18/28;24/33;28/41;10/13;5/9;4/9;3/13;0;2;3/9;2/4;2/4;6/9;1;1;6;6;6;6;41/74;33/74;20/41;12/33;21/33;21/41;1;0;1.69;1.69;37.42;25.08;Right-Handed;Right-Handed;https://wtatennis.com/tournament/405/osaka/2019/scores/LS008
10/21;7/27;20/27;11/21;27/36;21/31;6/10;3/9;6/9;4/10;2;0;3/4;0/1;1/1;1/4;0;1;6;6;6;6;42/67;25/67;16/31;10/36;26/36;15/31;8/12;2/12;10/12;4/12;12/15;12/20;5/8;1/3;2/3;3/8;2;0;3/4;0/0;0/0;1/4;0;1;4;3;3;4;25/35;10/35;13/20;3/15;12/15;7/20;2/9;5/15;10/15;7/9;15/21;9/11;1/2;2/6;4/6;1/2;0;0;0/0;0/1;1/1;0/0;0;0;2;3;3;2;17/32;15/32;3/11;7/21;14/21;8/11;;;;;;;;;;;;;;;;;;;;;;;;;;;;;3;3;1.63;1.72;28.5;29.67;Right-Handed;Right-Handed;https://wtatennis.com/tournament/405/osaka/2019/scores/LS009
26/77;16/54;38/54;51/77;54/84;77/115;24/38;14/30;16/30;14/38;0;4;6/17;4/6;2/6;11/17;6;8;16;16;16;16;104/199;95/199;50/115;30/84;54/84;65/115;6/16;2/12;10/12;10/16;12/18;16/22;5/6;0/6;6/6;1/6;0;2;2/4;0/0;0/0;2/4;0;1;4;4;4;4;27/40;13/40;11/22;2/18;16/18;11/22;12/36;11/25;14/25;24/36;25/36;36/61;16/25;7/11;4/11;9/25;0;2;2/10;3/5;2/5;8/10;3;5;6;6;6;6;46/97;51/97;28/61;18/36;18/36;33/61;8/25;3/17;14/17;17/25;17/30;25/32;3/7;7/13;6/13;4/7;0;0;2/3;1/1;0/1;1/3;3;2;6;6;6;6;31/62;31/62;11/32;10/30;20/30;21/32;3;1;1.68;1.68;35.25;28.83;Right-Handed;Right-Handed;https://wtatennis.com/tournament/405/osaka/2019/scores/LS014
16/49;14/43;29/43;33/49;43/65;49/79;18/30;5/22;17/22;12/30;0;7;3/11;2/2;0/2;8/11;1;4;11;12;12;11;80/144;64/144;34/79;19/65;46/65;45/79;3/8;4/15;11/15;5/8;15/22;8/17;7/9;1/7;6/7;2/9;0;0;2/4;0/0;0/0;2/4;0;2;3;4;4;3;27/39;12/39;10/17;5/22;17/22;7/17;7/20;6/10;4/10;13/20;10/17;20/32;5/12;3/7;4/7;7/12;0;3;0/1;2/2;0/2;1/1;1;2;4;3;3;4;20/49;29/49;12/32;9/17;8/17;20/32;6/21;4/18;14/18;15/21;18/26;21/30;6/9;1/8;7/8;3/9;0;4;1/6;0/0;0/0;5/6;0;0;4;5;5;4;33/56;23/56;12/30;5/26;21/26;18/30;1;0;1.59;;32.08;26.67;Left-Handed;Right-Handed;https://wtatennis.com/tournament/405/osaka/2019/scores/LS013
25/53;22/51;29/51;28/53;51/84;53/88;17/35;14/33;19/33;18/35;5;4;6/10;4/10;6/10;4/10;4;3;13;13;13;13;90/172;82/172;42/88;36/84;48/84;46/88;7/12;7/17;10/17;5/12;17/27;12/20;5/8;4/10;6/10;3/8;3;2;3/4;1/5;4/5;1/4;2;1;4;4;4;4;28/47;19/47;12/20;11/27;16/27;8/20;8/22;6/11;5/11;14/22;11/21;22/37;7/15;5/10;5/10;8/15;2;2;1/3;2/2;0/2;2/3;1;0;5;4;4;5;25/58;33/58;15/37;11/21;10/21;22/37;10/19;9/23;14/23;9/19;23/36;19/31;5/12;5/13;8/13;7/12;0;0;2/3;1/3;2/3;1/3;1;2;4;5;5;4;37/67;30/67;15/31;14/36;22/36;16/31;3;2;1.73;1.65;29.17;37.42;Right-Handed;Right-Handed;https://wtatennis.com/tournament/405/osaka/2019/scores/LS010
19/32;14/41;27/41;13/32;41/52;32/55;17/23;7/11;4/11;6/23;0;2;7/15;3/7;4/7;8/15;2;4;8;8;8;8;67/107;40/107;36/55;21/52;31/52;19/55;7/15;8/23;15/23;8/15;23/32;15/29;10/14;5/9;4/9;4/14;0;1;3/7;2/3;1/3;4/7;1;2;4;5;5;4;36/61;25/61;17/29;13/32;19/32;12/29;12/17;6/18;12/18;5/17;18/20;17/26;7/9;2/2;0/2;2/9;0;1;4/8;1/4;3/4;4/8;1;2;4;3;3;4;31/46;15/46;19/26;8/20;12/20;7/26;;;;;;;;;;;;;;;;;;;;;;;;;;;;;2;0;1.76;1.75;26.67;26.5;Right-Handed;Right-Handed;https://wtatennis.com/tournament/405/osaka/2019/scores/LS012
16/38;19/57;38/57;22/38;57/89;38/65;17/27;18/32;14/32;10/27;0;0;5/5;4/10;6/10;0/5;9;3;12;12;12;12;85/154;69/154;33/65;37/89;52/89;32/65;9/17;11/27;16/27;8/17;27/38;17/35;12/18;6/11;5/11;6/18;0;0;3/3;3/3;0/3;0/3;3;3;6;6;6;6;42/73;31/73;21/35;17/38;21/38;14/35;7/21;8/30;22/30;14/21;30/51;21/30;5/9;12/21;9/21;4/9;0;0;2/2;1/7;6/7;0/2;6;0;6;6;6;6;43/81;38/81;12/30;20/51;31/51;18/30;;;;;;;;;;;;;;;;;;;;;;;;;;;;;1;0;1.75;1.55;35.08;31.42;Left-Handed;Right-Handed;https://wtatennis.com/tournament/405/osaka/2019/scores/LS011
10/49;20/64;44/64;39/49;64/91;49/85;15/36;18/27;9/27;21/36;1;7;1/6;3/12;9/12;5/6;4;2;14;13;13;14;78/176;98/176;25/85;38/91;53/91;60/85;4/16;7/23;16/23;12/16;23/31;16/27;3/11;7/8;1/8;8/11;0;4;0/0;1/5;4/5;0/0;2;0;5;4;4;5;24/58;34/58;7/27;14/31;17/31;20/27;4/18;6/25;19/25;14/18;25/35;18/35;9/17;6/10;4/10;8/17;1;3;1/4;0/4;4/4;3/4;1;1;5;5;5;5;36/70;34/70;13/35;12/35;23/35;22/35;2/15;7/16;9/16;13/15;16/25;15/23;3/8;5/9;4/9;5/8;0;0;0/2;2/3;1/3;2/2;1;1;4;4;4;4;18/48;30/48;5/23;12/25;13/25;18/23;0;1;1.68;1.75;35.25;26.17;Right-Handed;Right-Handed;https://wtatennis.com/tournament/405/osaka/2019/scores/LS007
21/65;15/46;31/46;44/65;46/75;65/88;14/23;16/29;13/29;9/23;3;3;2/9;4/12;8/12;7/9;6;1;11;11;11;11;79/163;84/163;35/88;31/75;44/75;53/88;9/29;5/19;14/19;20/29;19/31;29/42;8/13;8/12;4/12;5/13;2;0;1/4;2/3;1/3;3/4;3;1;5;5;5;5;35/73;38/73;17/42;13/31;18/31;25/42;12/36;10/27;17/27;24/36;27/44;36/46;6/10;8/17;9/17;4/10;1;3;1/5;2/9;7/9;4/5;3;0;6;6;6;6;44/90;46/90;18/46;18/44;26/44;28/46;;;;;;;;;;;;;;;;;;;;;;;;;;;;;1;2;1.73;1.75;29.17;35.08;Right-Handed;Left-Handed;https://wtatennis.com/tournament/405/osaka/2019/scores/LS005
12/31;19/34;15/34;19/31;34/51;31/51;10/20;12/17;5/17;10/20;0;1;4/7;7/12;5/12;3/7;2;3;10;9;9;10;42/102;60/102;22/51;31/51;20/51;29/51;7/19;12/24;12/24;12/19;24/33;19/30;8/11;7/9;2/9;3/11;0;1;3/5;4/6;2/6;2/5;2;3;6;6;6;6;29/63;34/63;15/30;19/33;14/33;15/30;5/12;7/10;3/10;7/12;10/18;12/21;2/9;5/8;3/8;7/9;0;0;1/2;3/6;3/6;1/2;0;0;4;3;3;4;13/39;26/39;7/21;12/18;6/18;14/21;;;;;;;;;;;;;;;;;;;;;;;;;;;;;1;1;1.76;1.59;26.67;32.08;Right-Handed;Left-Handed;https://wtatennis.com/tournament/405/osaka/2019/scores/LS006
14/44;20/40;20/40;30/44;40/67;44/63;10/19;12/27;15/27;9/19;1;5;2/8;5/9;4/9;6/8;1;1;9;10;10;9;59/130;71/130;24/63;32/67;35/67;39/63;5/23;6/15;9/15;18/23;15/29;23/29;2/6;4/14;10/14;4/6;1;1;0/2;1/2;1/2;2/2;0;1;5;5;5;5;26/58;32/58;7/29;10/29;19/29;22/29;9/21;14/25;11/25;12/21;25/38;21/34;8/13;8/13;5/13;5/13;0;4;2/6;4/7;3/7;4/6;1;0;4;5;5;4;33/72;39/72;17/34;22/38;16/38;17/34;;;;;;;;;;;;;;;;;;;;;;;;;;;;;1;3;1.69;1.63;37.42;28.5;Right-Handed;Right-Handed;https://wtatennis.com/tournament/405/osaka/2019/scores/LS004
6/29;12/44;32/44;23/29;44/73;29/55;17/26;14/29;15/29;9/26;0;9;3/6;1/4;3/4;3/6;2;3;9;10;10;9;70/128;58/128;23/55;26/73;47/73;32/55;3/16;4/18;14/18;13/16;18/29;16/30;8/14;4/11;7/11;6/14;0;7;1/1;0/0;0/0;0/1;0;2;5;5;5;5;32/59;27/59;11/30;8/29;21/29;19/30;3/13;8/26;18/26;10/13;26/44;13/25;9/12;10/18;8/18;3/12;0;2;2/5;1/4;3/4;3/5;2;1;4;5;5;4;38/69;31/69;12/25;18/44;26/44;13/25;;;;;;;;;;;;;;;;;;;;;;;;;;;;;1;0;1.59;1.75;32.08;26.17;Left-Handed;Right-Handed;https://wtatennis.com/tournament/405/osaka/2019/scores/LS003
24/51;16/54;38/54;27/51;54/92;51/84;18/33;21/38;17/38;15/33;4;2;6/14;2/12;10/12;8/14;2;5;13;12;12;13;97/176;79/176;42/84;37/92;55/92;42/84;8/23;11/27;16/27;15/23;27/35;23/35;6/12;5/8;3/8;6/12;2;1;1/4;2/4;2/4;3/4;1;2;5;5;5;5;33/70;37/70;14/35;16/35;19/35;21/35;6/9;2/10;8/10;3/9;10/22;9/17;7/8;6/12;6/12;1/8;1;0;3/4;0/3;3/3;1/4;0;2;3;3;3;3;27/39;12/39;13/17;8/22;14/22;4/17;10/19;3/17;14/17;9/19;17/35;19/32;5/13;10/18;8/18;8/13;1;1;2/6;0/5;5/5;4/6;1;1;5;4;4;5;37/67;30/67;15/32;13/35;22/35;17/32;2;0;1.63;1.75;28.5;35.08;Right-Handed;Left-Handed;https://wtatennis.com/tournament/405/osaka/2019/scores/LS002
24/39;11/32;21/32;15/39;32/45;39/61;14/22;7/13;6/13;8/22;2;2;7/9;3/4;1/4;2/9;1;0;9;8;8;9;65/106;41/106;38/61;18/45;27/45;23/61;13/20;5/13;8/13;7/20;13/20;20/33;8/13;4/7;3/7;5/13;0;2;4/6;2/2;0/2;2/6;0;0;5;4;4;5;32/53;21/53;21/33;9/20;11/20;12/33;11/19;6/19;13/19;8/19;19/25;19/28;6/9;3/6;3/6;3/9;2;0;3/3;1/2;1/2;0/3;1;0;4;4;4;4;33/53;20/53;17/28;9/25;16/25;11/28;;;;;;;;;;;;;;;;;;;;;;;;;;;;;4;2;1.63;1.59;28.5;32.08;Right-Handed;Left-Handed;https://wtatennis.com/tournament/405/osaka/2019/scores/LS001
