statut;duration;stage;url_match_stats;player_1_name;player_1_set_1;player_1_set_1_tiebreak;player_1_set_2;player_1_set_2_tiebreak;player_1_set_3;player_1_set_3_tiebreak;player_2_name;player_2_set_1;player_2_set_1_tiebreak;player_2_set_2;player_2_set_2_tiebreak;player_2_set_3;player_2_set_3_tiebreak;scores_link
Completed;1:08;Qualifying;https://wtatennis.com/tournament/1105/moscow-international/2018/scores/RS027;V.Heisen;4;;4;;-;;O.Danilovic;6;;6;;-;;https://www.wtatennis.com/tournament/1105/moscow-international/2018/scores
Completed;2:34;Qualifying;https://wtatennis.com/tournament/1105/moscow-international/2018/scores/RS023;V.Flink;6;;4;;6;;D.Radanovic;3;;6;;4;;https://www.wtatennis.com/tournament/1105/moscow-international/2018/scores
Completed;2:21;Qualifying;https://wtatennis.com/tournament/1105/moscow-international/2018/scores/RS016;A.Morgina;6;;4;;3;;A.Gasanova;3;;6;;6;;https://www.wtatennis.com/tournament/1105/moscow-international/2018/scores
Completed;2:04;Qualifying;https://wtatennis.com/tournament/1105/moscow-international/2018/scores/RS026;P.Badosa Gibert;7;;2;;7;;E.Rybakina;6;6;6;;5;;https://www.wtatennis.com/tournament/1105/moscow-international/2018/scores
Completed;0:44;Qualifying;https://wtatennis.com/tournament/1105/moscow-international/2018/scores/RS022;I.Bara;6;;6;;-;;E.Vishnevskaya;0;;1;;-;;https://www.wtatennis.com/tournament/1105/moscow-international/2018/scores
Completed;1:08;Qualifying;https://wtatennis.com/tournament/1105/moscow-international/2018/scores/RS017;J.Pieri;2;;4;;-;;V.Grammatikopoulou;6;;6;;-;;https://www.wtatennis.com/tournament/1105/moscow-international/2018/scores
Completed;1:20;Qualifying;https://wtatennis.com/tournament/1105/moscow-international/2018/scores/RS010;D.Chiesa;7;;6;;-;;S.Lansere;6;5;0;;-;;https://www.wtatennis.com/tournament/1105/moscow-international/2018/scores
Completed;2:25;Qualifying;https://wtatennis.com/tournament/1105/moscow-international/2018/scores/RS009;V.Kudermetova;7;;0;;5;;V.Ivakhnenko;6;3;6;;7;;https://www.wtatennis.com/tournament/1105/moscow-international/2018/scores
Completed;1:47;Qualifying;https://wtatennis.com/tournament/1105/moscow-international/2018/scores/RS012;Y.Sizikova;6;;2;;2;;M.Trevisan;3;;6;;6;;https://www.wtatennis.com/tournament/1105/moscow-international/2018/scores
Completed;1:18;Qualifying;https://wtatennis.com/tournament/1105/moscow-international/2018/scores/RS008;A.Gasanova;4;;3;;-;;V.Grammatikopoulou;6;;6;;-;;https://www.wtatennis.com/tournament/1105/moscow-international/2018/scores
Completed;2:00;Qualifying;https://wtatennis.com/tournament/1105/moscow-international/2018/scores/RS011;I.Bara;2;;6;;3;;V.Flink;6;;2;;6;;https://www.wtatennis.com/tournament/1105/moscow-international/2018/scores
Completed;2:01;Qualifying;https://wtatennis.com/tournament/1105/moscow-international/2018/scores/RS013;P.Badosa Gibert;7;;4;;6;;O.Danilovic;6;4;6;;3;;https://www.wtatennis.com/tournament/1105/moscow-international/2018/scores
Completed;1:46;Qualifying;https://wtatennis.com/tournament/1105/moscow-international/2018/scores/RS021;S.Lansere;3;;6;;6;;E.Ruse;6;;3;;3;;https://www.wtatennis.com/tournament/1105/moscow-international/2018/scores
Completed;1:05;Qualifying;https://wtatennis.com/tournament/1105/moscow-international/2018/scores/RS024;R.Fujiwara;1;;4;;-;;Y.Sizikova;6;;6;;-;;https://www.wtatennis.com/tournament/1105/moscow-international/2018/scores
Completed;1:50;Qualifying;https://wtatennis.com/tournament/1105/moscow-international/2018/scores/RS025;P.Monova;1;;6;;2;;M.Trevisan;6;;3;;6;;https://www.wtatennis.com/tournament/1105/moscow-international/2018/scores
Completed;1:29;Qualifying;https://wtatennis.com/tournament/1105/moscow-international/2018/scores/RS018;V.Kudermetova;6;;7;;-;;M.Melnikova;4;;6;2;-;;https://www.wtatennis.com/tournament/1105/moscow-international/2018/scores
Completed;1:51;Qualifying;https://wtatennis.com/tournament/1105/moscow-international/2018/scores/RS020;D.Chiesa;7;;6;;-;;E.Yashina;5;;2;;-;;https://www.wtatennis.com/tournament/1105/moscow-international/2018/scores
Completed;1:49;Qualifying;https://wtatennis.com/tournament/1105/moscow-international/2018/scores/RS019;O.Ianchuk;6;;0;;2;;V.Ivakhnenko;1;;6;;6;;https://www.wtatennis.com/tournament/1105/moscow-international/2018/scores
Completed;0:57;Round of 32;https://wtatennis.com/tournament/1105/moscow-international/2018/scores/LS019;V.Zvonareva;2;;2;;-;;K.Kanepi;6;;6;;-;;https://www.wtatennis.com/tournament/1105/moscow-international/2018/scores
Completed;0:51;Round of 32;https://wtatennis.com/tournament/1105/moscow-international/2018/scores/LS026;V.Tomova;1;;1;;-;;A.Potapova;6;;6;;-;;https://www.wtatennis.com/tournament/1105/moscow-international/2018/scores
Completed;1:08;Round of 32;https://wtatennis.com/tournament/1105/moscow-international/2018/scores/LS030;A.Lottner;3;;1;;-;;T.Zidansek;6;;6;;-;;https://www.wtatennis.com/tournament/1105/moscow-international/2018/scores
Completed;0:55;Round of 32;https://wtatennis.com/tournament/1105/moscow-international/2018/scores/LS023;J.Larsson;1;;3;;-;;A.Sasnovich;6;;6;;-;;https://www.wtatennis.com/tournament/1105/moscow-international/2018/scores
Completed;0:56;Round of 32;https://wtatennis.com/tournament/1105/moscow-international/2018/scores/LS016;J.Goerges;6;;6;;-;;V.Kuzmova;1;;0;;-;;https://www.wtatennis.com/tournament/1105/moscow-international/2018/scores
Completed;1:55;Round of 32;https://wtatennis.com/tournament/1105/moscow-international/2018/scores/LS024;V.Grammatikopoulou;2;;6;;3;;V.Flink;6;;3;;6;;https://www.wtatennis.com/tournament/1105/moscow-international/2018/scores
Completed;0:54;Round of 32;https://wtatennis.com/tournament/1105/moscow-international/2018/scores/LS031;A.Kalinskaya;1;;1;;-;;D.Kasatkina;6;;6;;-;;https://www.wtatennis.com/tournament/1105/moscow-international/2018/scores
Completed;1:47;Round of 32;https://wtatennis.com/tournament/1105/moscow-international/2018/scores/LS025;V.Ivakhnenko;6;;7;;-;;D.Kovinic;2;;5;;-;;https://www.wtatennis.com/tournament/1105/moscow-international/2018/scores
Completed;0:56;Round of 32;https://wtatennis.com/tournament/1105/moscow-international/2018/scores/LS022;P.Badosa Gibert;1;;2;;-;;E.Rodina;6;;6;;-;;https://www.wtatennis.com/tournament/1105/moscow-international/2018/scores
Completed;1:06;Round of 32;https://wtatennis.com/tournament/1105/moscow-international/2018/scores/LS017;N.Vikhlyantseva;6;;6;;-;;D.Chiesa;4;;0;;-;;https://www.wtatennis.com/tournament/1105/moscow-international/2018/scores
Completed;1:08;Round of 32;https://wtatennis.com/tournament/1105/moscow-international/2018/scores/LS021;E.Alexandrova;0;;3;;-;;I.Bara;6;;6;;-;;https://www.wtatennis.com/tournament/1105/moscow-international/2018/scores
Completed;1:27;Round of 32;https://wtatennis.com/tournament/1105/moscow-international/2018/scores/LS029;M.Trevisan;3;;4;;-;;K.Kozlova;6;;6;;-;;https://www.wtatennis.com/tournament/1105/moscow-international/2018/scores
Completed;1:15;Round of 32;https://wtatennis.com/tournament/1105/moscow-international/2018/scores/LS018;A.Schmiedlova;2;;4;;-;;O.Danilovic;6;;6;;-;;https://www.wtatennis.com/tournament/1105/moscow-international/2018/scores
Completed;1:48;Round of 32;https://wtatennis.com/tournament/1105/moscow-international/2018/scores/LS027;K.Pliskova;6;;3;;6;;K.Siniakova;4;;6;;4;;https://www.wtatennis.com/tournament/1105/moscow-international/2018/scores
Completed;1:30;Round of 16;https://wtatennis.com/tournament/1105/moscow-international/2018/scores/LS008;J.Goerges;6;;7;;-;;N.Vikhlyantseva;2;;6;2;-;;https://www.wtatennis.com/tournament/1105/moscow-international/2018/scores
Completed;1:32;Round of 16;https://wtatennis.com/tournament/1105/moscow-international/2018/scores/LS013;A.Potapova;6;;6;;-;;K.Pliskova;4;;4;;-;;https://www.wtatennis.com/tournament/1105/moscow-international/2018/scores
Completed;1:52;Round of 16;https://wtatennis.com/tournament/1105/moscow-international/2018/scores/LS012;V.Flink;6;2;3;;-;;V.Ivakhnenko;7;;6;;-;;https://www.wtatennis.com/tournament/1105/moscow-international/2018/scores
Completed;1:48;Round of 32;https://wtatennis.com/tournament/1105/moscow-international/2018/scores/LS020;A.Sevastova;6;;3;;6;;P.Parmentier;2;;6;;4;;https://www.wtatennis.com/tournament/1105/moscow-international/2018/scores
Completed;1:57;Round of 16;https://wtatennis.com/tournament/1105/moscow-international/2018/scores/LS009;O.Danilovic;7;;7;;-;;K.Kanepi;6;3;5;;-;;https://www.wtatennis.com/tournament/1105/moscow-international/2018/scores
Completed;2:09;Round of 32;https://wtatennis.com/tournament/1105/moscow-international/2018/scores/LS028;A.Cornet;6;;2;;3;;L.Siegemund;4;;6;;6;;https://www.wtatennis.com/tournament/1105/moscow-international/2018/scores
Completed;1:53;Round of 16;https://wtatennis.com/tournament/1105/moscow-international/2018/scores/LS015;T.Zidansek;6;;2;;6;;D.Kasatkina;4;;6;;4;;https://www.wtatennis.com/tournament/1105/moscow-international/2018/scores
Completed;1:04;Round of 16;https://wtatennis.com/tournament/1105/moscow-international/2018/scores/LS014;L.Siegemund;6;;6;;-;;K.Kozlova;0;;3;;-;;https://www.wtatennis.com/tournament/1105/moscow-international/2018/scores
Completed;2:08;Round of 16;https://wtatennis.com/tournament/1105/moscow-international/2018/scores/LS010;A.Sevastova;6;;6;5;6;;I.Bara;2;;7;;4;;https://www.wtatennis.com/tournament/1105/moscow-international/2018/scores
Completed;1:42;Round of 16;https://wtatennis.com/tournament/1105/moscow-international/2018/scores/LS011;E.Rodina;5;;2;;-;;A.Sasnovich;7;;6;;-;;https://www.wtatennis.com/tournament/1105/moscow-international/2018/scores
Completed;1:46;Quarterfinal;https://wtatennis.com/tournament/1105/moscow-international/2018/scores/LS007;L.Siegemund;3;;4;;-;;T.Zidansek;6;;6;;-;;https://www.wtatennis.com/tournament/1105/moscow-international/2018/scores
Completed;1:36;Quarterfinal;https://wtatennis.com/tournament/1105/moscow-international/2018/scores/LS006;V.Ivakhnenko;6;;3;;2;;A.Potapova;1;;6;;6;;https://www.wtatennis.com/tournament/1105/moscow-international/2018/scores
Completed;1:16;Quarterfinal;https://wtatennis.com/tournament/1105/moscow-international/2018/scores/LS004;J.Goerges;3;;3;;-;;O.Danilovic;6;;6;;-;;https://www.wtatennis.com/tournament/1105/moscow-international/2018/scores
Completed;2:18;Semifinal;https://wtatennis.com/tournament/1105/moscow-international/2018/scores/LS002;O.Danilovic;6;;5;;7;;A.Sasnovich;2;;7;;5;;https://www.wtatennis.com/tournament/1105/moscow-international/2018/scores
Completed;1:56;Semifinal;https://wtatennis.com/tournament/1105/moscow-international/2018/scores/LS003;A.Potapova;3;;6;;5;;T.Zidansek;6;;4;;2;;https://www.wtatennis.com/tournament/1105/moscow-international/2018/scores
Completed;2:19;Final;https://wtatennis.com/tournament/1105/moscow-international/2018/scores/LS001;O.Danilovic;7;;6;1;6;;A.Potapova;5;;7;;4;;https://www.wtatennis.com/tournament/1105/moscow-international/2018/scores
