statut;duration;stage;url_match_stats;player_1_name;player_1_set_1;player_1_set_1_tiebreak;player_1_set_2;player_1_set_2_tiebreak;player_1_set_3;player_1_set_3_tiebreak;player_2_name;player_2_set_1;player_2_set_1_tiebreak;player_2_set_2;player_2_set_2_tiebreak;player_2_set_3;player_2_set_3_tiebreak;scores_link
Completed;1:43;Qualifying;https://wtatennis.com/tournament/1075/wuhan/2018/scores/RS023;V.Golubic;6;;6;4;6;;S.Lisicki;3;;7;;1;;https://www.wtatennis.com/tournament/1075/wuhan/2018/scores
Completed;1:57;Qualifying;https://wtatennis.com/tournament/1075/wuhan/2018/scores/RS025;Y.Duan;2;;6;;6;;A.Bogdan;6;;3;;2;;https://www.wtatennis.com/tournament/1075/wuhan/2018/scores
Completed;1:23;Qualifying;https://wtatennis.com/tournament/1075/wuhan/2018/scores/RS028;A.Zaja;6;;6;;-;;F.Xun;3;;2;;-;;https://www.wtatennis.com/tournament/1075/wuhan/2018/scores
Completed;1:01;Qualifying;https://wtatennis.com/tournament/1075/wuhan/2018/scores/RS024;R.Peterson;6;;6;;-;;X.Han;3;;1;;-;;https://www.wtatennis.com/tournament/1075/wuhan/2018/scores
Completed;0:49;Qualifying;https://wtatennis.com/tournament/1075/wuhan/2018/scores/RS030;S.Kenin;6;;6;;-;;Z.Yang;1;;2;;-;;https://www.wtatennis.com/tournament/1075/wuhan/2018/scores
Completed;2:18;Qualifying;https://wtatennis.com/tournament/1075/wuhan/2018/scores/RS029;S.Sorribes Tormo;4;;6;;6;;M.Linette;6;;2;;3;;https://www.wtatennis.com/tournament/1075/wuhan/2018/scores
Completed;1:30;Qualifying;https://wtatennis.com/tournament/1075/wuhan/2018/scores/RS031;F.Liu;2;;3;;-;;M.Niculescu;6;;6;;-;;https://www.wtatennis.com/tournament/1075/wuhan/2018/scores
Completed;1:14;Qualifying;https://wtatennis.com/tournament/1075/wuhan/2018/scores/RS018;K.Siniakova;6;;6;;-;;J.Teichmann;3;;3;;-;;https://www.wtatennis.com/tournament/1075/wuhan/2018/scores
Completed;1:30;Qualifying;https://wtatennis.com/tournament/1075/wuhan/2018/scores/RS022;S.Cirstea;4;;5;;-;;N.Gibbs;6;;7;;-;;https://www.wtatennis.com/tournament/1075/wuhan/2018/scores
Completed;1:31;Qualifying;https://wtatennis.com/tournament/1075/wuhan/2018/scores/RS019;C.Dolehide;6;;1;;1;;M.Vondrousova;3;;6;;6;;https://www.wtatennis.com/tournament/1075/wuhan/2018/scores
Completed;1:34;Qualifying;https://wtatennis.com/tournament/1075/wuhan/2018/scores/RS026;V.Kuzmova;6;5;2;;-;;X.Wang;7;;6;;-;;https://www.wtatennis.com/tournament/1075/wuhan/2018/scores
Completed;0:46;Qualifying;https://wtatennis.com/tournament/1075/wuhan/2018/scores/RS027;V.King;6;;6;;-;;L.Arruabarrena;1;;0;;-;;https://www.wtatennis.com/tournament/1075/wuhan/2018/scores
Completed;2:12;Qualifying;https://wtatennis.com/tournament/1075/wuhan/2018/scores/RS016;E.Makarova;1;;6;;3;;L.Cabrera;6;;4;;6;;https://www.wtatennis.com/tournament/1075/wuhan/2018/scores
Completed;1:46;Qualifying;https://wtatennis.com/tournament/1075/wuhan/2018/scores/RS020;M.Puig;6;;7;;-;;C.Liu;3;;6;5;-;;https://www.wtatennis.com/tournament/1075/wuhan/2018/scores
Completed;1:25;Qualifying;https://wtatennis.com/tournament/1075/wuhan/2018/scores/RS021;C.Mchale;6;2;1;;-;;P.Hercog;7;;6;;-;;https://www.wtatennis.com/tournament/1075/wuhan/2018/scores
Completed;1:48;Qualifying;https://wtatennis.com/tournament/1075/wuhan/2018/scores/RS017;A.Anisimova;4;;6;;2;;Y.Wang;6;;3;;6;;https://www.wtatennis.com/tournament/1075/wuhan/2018/scores
Completed;1:10;Qualifying;https://wtatennis.com/tournament/1075/wuhan/2018/scores/RS011;N.Gibbs;4;;2;;-;;V.Golubic;6;;6;;-;;https://www.wtatennis.com/tournament/1075/wuhan/2018/scores
Completed;1:59;Qualifying;https://wtatennis.com/tournament/1075/wuhan/2018/scores/RS012;R.Peterson;4;;6;;6;;Y.Duan;6;;3;;3;;https://www.wtatennis.com/tournament/1075/wuhan/2018/scores
Completed;1:35;Qualifying;https://wtatennis.com/tournament/1075/wuhan/2018/scores/RS014;A.Zaja;3;;4;;-;;S.Sorribes Tormo;6;;6;;-;;https://www.wtatennis.com/tournament/1075/wuhan/2018/scores
Completed;0:28;Qualifying;https://wtatennis.com/tournament/1075/wuhan/2018/scores/RS013;X.Wang;6;;0;;-;;V.King;1;;0;;-;;https://www.wtatennis.com/tournament/1075/wuhan/2018/scores
Completed;2:18;Qualifying;https://wtatennis.com/tournament/1075/wuhan/2018/scores/RS015;S.Kenin;7;;4;;6;;M.Niculescu;6;5;6;;2;;https://www.wtatennis.com/tournament/1075/wuhan/2018/scores
Completed;0:55;Qualifying;https://wtatennis.com/tournament/1075/wuhan/2018/scores/RS009;K.Siniakova;6;;6;;-;;M.Vondrousova;1;;1;;-;;https://www.wtatennis.com/tournament/1075/wuhan/2018/scores
Completed;1:39;Qualifying;https://wtatennis.com/tournament/1075/wuhan/2018/scores/RS010;M.Puig;6;;6;;-;;P.Hercog;4;;4;;-;;https://www.wtatennis.com/tournament/1075/wuhan/2018/scores
Completed;2:06;Qualifying;https://wtatennis.com/tournament/1075/wuhan/2018/scores/RS008;L.Cabrera;6;2;6;3;-;;Y.Wang;7;;7;;-;;https://www.wtatennis.com/tournament/1075/wuhan/2018/scores
Completed;2:33;Round of 64;https://wtatennis.com/tournament/1075/wuhan/2018/scores/LS051;A.Kontaveit;4;;7;;6;;S.Stephens;6;;5;;4;;https://www.wtatennis.com/tournament/1075/wuhan/2018/scores
Completed;0:58;Round of 64;https://wtatennis.com/tournament/1075/wuhan/2018/scores/LS049;S.Stosur;2;;2;;-;;S.Zhang;6;;6;;-;;https://www.wtatennis.com/tournament/1075/wuhan/2018/scores
Completed;2:00;Round of 64;https://wtatennis.com/tournament/1075/wuhan/2018/scores/LS060;E.Mertens;6;5;6;3;-;;A.Sasnovich;7;;7;;-;;https://www.wtatennis.com/tournament/1075/wuhan/2018/scores
Completed;1:50;Round of 64;https://wtatennis.com/tournament/1075/wuhan/2018/scores/LS035;L.Tsurenko;4;;5;;-;;D.Kasatkina;6;;7;;-;;https://www.wtatennis.com/tournament/1075/wuhan/2018/scores
Completed;1:10;Round of 64;https://wtatennis.com/tournament/1075/wuhan/2018/scores/LS045;A.Pavlyuchenkova;6;;6;;-;;A.Sevastova;2;;3;;-;;https://www.wtatennis.com/tournament/1075/wuhan/2018/scores
Completed;2:40;Round of 64;https://wtatennis.com/tournament/1075/wuhan/2018/scores/LS036;J.Goerges;6;;3;;7;;M.Vondrousova;3;;6;;6;4;https://www.wtatennis.com/tournament/1075/wuhan/2018/scores
Completed;2:34;Round of 64;https://wtatennis.com/tournament/1075/wuhan/2018/scores/LS062;T.Babos;7;;4;;1;;R.Peterson;6;0;6;;4;;https://www.wtatennis.com/tournament/1075/wuhan/2018/scores
Completed;2:48;Round of 64;https://wtatennis.com/tournament/1075/wuhan/2018/scores/LS061;M.Puig;7;;5;;6;;K.Flipkens;5;;7;;3;;https://www.wtatennis.com/tournament/1075/wuhan/2018/scores
Completed;2:12;Round of 64;https://wtatennis.com/tournament/1075/wuhan/2018/scores/LS042;S.Zheng;2;;6;;6;;D.Collins;6;;4;;2;;https://www.wtatennis.com/tournament/1075/wuhan/2018/scores
Completed;1:43;Round of 64;https://wtatennis.com/tournament/1075/wuhan/2018/scores/LS054;K.Mladenovic;6;4;2;;-;;K.Siniakova;7;;6;;-;;https://www.wtatennis.com/tournament/1075/wuhan/2018/scores
Completed;1:34;Round of 32;https://wtatennis.com/tournament/1075/wuhan/2018/scores/LS024;P.Hercog;2;;5;;-;;S.Zhang;6;;7;;-;;https://www.wtatennis.com/tournament/1075/wuhan/2018/scores
Completed;0:43;Round of 64;https://wtatennis.com/tournament/1075/wuhan/2018/scores/LS037;S.Kenin;6;;6;;-;;S.Hsieh;1;;1;;-;;https://www.wtatennis.com/tournament/1075/wuhan/2018/scores
Completed;1:41;Round of 64;https://wtatennis.com/tournament/1075/wuhan/2018/scores/LS057;Q.Wang;7;;6;;-;;M.Sakkari;5;;2;;-;;https://www.wtatennis.com/tournament/1075/wuhan/2018/scores
Completed;2:23;Round of 64;https://wtatennis.com/tournament/1075/wuhan/2018/scores/LS044;K.Bertens;6;;4;;6;;B.Bencic;3;;6;;2;;https://www.wtatennis.com/tournament/1075/wuhan/2018/scores
Completed;2:03;Round of 64;https://wtatennis.com/tournament/1075/wuhan/2018/scores/LS050;C.Vandeweghe;4;;6;;1;;D.Vekic;6;;3;;2;;https://www.wtatennis.com/tournament/1075/wuhan/2018/scores
Completed;2:04;Round of 64;https://wtatennis.com/tournament/1075/wuhan/2018/scores/LS046;A.Krunic;6;;4;;6;;C.Giorgi;4;;6;;4;;https://www.wtatennis.com/tournament/1075/wuhan/2018/scores
Completed;1:40;Round of 64;https://wtatennis.com/tournament/1075/wuhan/2018/scores/LS043;J.Konta;5;;4;;-;;A.Barty;7;;6;;-;;https://www.wtatennis.com/tournament/1075/wuhan/2018/scores
Completed;1:25;Round of 64;https://wtatennis.com/tournament/1075/wuhan/2018/scores/LS058;A.Cornet;3;;2;;-;;B.Strycova;6;;6;;-;;https://www.wtatennis.com/tournament/1075/wuhan/2018/scores
Completed;1:29;Round of 64;https://wtatennis.com/tournament/1075/wuhan/2018/scores/LS033;M.Niculescu;4;;3;;-;;D.Cibulkova;6;;6;;-;;https://www.wtatennis.com/tournament/1075/wuhan/2018/scores
Completed;1:26;Round of 64;https://wtatennis.com/tournament/1075/wuhan/2018/scores/LS059;D.Gavrilova;6;;6;;-;;J.Ostapenko;2;;4;;-;;https://www.wtatennis.com/tournament/1075/wuhan/2018/scores
Completed;1:53;Round of 64;https://wtatennis.com/tournament/1075/wuhan/2018/scores/LS038;A.Sabalenka;7;;2;;6;;C.Suarez Navarro;6;2;6;;2;;https://www.wtatennis.com/tournament/1075/wuhan/2018/scores
Completed;1:25;Round of 64;https://wtatennis.com/tournament/1075/wuhan/2018/scores/LS041;Y.Wang;3;;3;;-;;M.Keys;6;;6;;-;;https://www.wtatennis.com/tournament/1075/wuhan/2018/scores
Completed;1:06;Round of 64;https://wtatennis.com/tournament/1075/wuhan/2018/scores/LS052;G.Muguruza;6;;6;;-;;A.Van Uytvanck;4;;0;;-;;https://www.wtatennis.com/tournament/1075/wuhan/2018/scores
Completed;2:56;Round of 64;https://wtatennis.com/tournament/1075/wuhan/2018/scores/LS053;V.Golubic;6;;5;;6;;S.Sorribes Tormo;3;;7;;4;;https://www.wtatennis.com/tournament/1075/wuhan/2018/scores
Completed;1:29;Round of 64;https://wtatennis.com/tournament/1075/wuhan/2018/scores/LS034;B.Pera;4;;3;;-;;X.Wang;6;;6;;-;;https://www.wtatennis.com/tournament/1075/wuhan/2018/scores
Completed;1:24;Round of 32;https://wtatennis.com/tournament/1075/wuhan/2018/scores/LS016;S.Halep;0;;5;;-;;D.Cibulkova;6;;7;;-;;https://www.wtatennis.com/tournament/1075/wuhan/2018/scores
Completed;3:00;Round of 32;https://wtatennis.com/tournament/1075/wuhan/2018/scores/LS027;K.Siniakova;3;;7;;7;;C.Garcia;6;;6;5;6;4;https://www.wtatennis.com/tournament/1075/wuhan/2018/scores
Completed;2:06;Round of 32;https://wtatennis.com/tournament/1075/wuhan/2018/scores/LS017;X.Wang;1;;6;;6;8;D.Kasatkina;6;;3;;7;;https://www.wtatennis.com/tournament/1075/wuhan/2018/scores
Completed;1:12;Round of 32;https://wtatennis.com/tournament/1075/wuhan/2018/scores/LS022;K.Bertens;4;;2;;-;;A.Pavlyuchenkova;6;;6;;-;;https://www.wtatennis.com/tournament/1075/wuhan/2018/scores
Completed;1:54;Round of 32;https://wtatennis.com/tournament/1075/wuhan/2018/scores/LS029;B.Strycova;2;;6;3;-;;D.Gavrilova;6;;7;;-;;https://www.wtatennis.com/tournament/1075/wuhan/2018/scores
Completed;0:58;Round of 32;https://wtatennis.com/tournament/1075/wuhan/2018/scores/LS026;G.Muguruza;6;;6;;-;;V.Golubic;0;;1;;-;;https://www.wtatennis.com/tournament/1075/wuhan/2018/scores
Completed;2:08;Round of 32;https://wtatennis.com/tournament/1075/wuhan/2018/scores/LS028;K.Pliskova;1;;6;;3;;Q.Wang;6;;3;;6;;https://www.wtatennis.com/tournament/1075/wuhan/2018/scores
Completed;1:20;Round of 32;https://wtatennis.com/tournament/1075/wuhan/2018/scores/LS023;A.Krunic;3;;4;;-;;P.Kvitova;6;;6;;-;;https://www.wtatennis.com/tournament/1075/wuhan/2018/scores
Completed;2:09;Round of 32;https://wtatennis.com/tournament/1075/wuhan/2018/scores/LS021;S.Zheng;6;;1;;2;;A.Barty;4;;6;;6;;https://www.wtatennis.com/tournament/1075/wuhan/2018/scores
Completed;2:23;Round of 32;https://wtatennis.com/tournament/1075/wuhan/2018/scores/LS018;J.Goerges;3;;6;;4;;S.Kenin;6;;2;;6;;https://www.wtatennis.com/tournament/1075/wuhan/2018/scores
Completed;0:53;Round of 32;https://wtatennis.com/tournament/1075/wuhan/2018/scores/LS020;A.Kerber;6;;4;;-;;M.Keys;0;;1;;-;;https://www.wtatennis.com/tournament/1075/wuhan/2018/scores
Completed;1:07;Round of 32;https://wtatennis.com/tournament/1075/wuhan/2018/scores/LS025;D.Vekic;2;;4;;-;;A.Kontaveit;6;;6;;-;;https://www.wtatennis.com/tournament/1075/wuhan/2018/scores
Completed;1:51;Round of 32;https://wtatennis.com/tournament/1075/wuhan/2018/scores/LS019;A.Sabalenka;6;;2;;6;;E.Svitolina;4;;6;;1;;https://www.wtatennis.com/tournament/1075/wuhan/2018/scores
Completed;1:24;Round of 32;https://wtatennis.com/tournament/1075/wuhan/2018/scores/LS031;R.Peterson;4;;1;;-;;C.Wozniacki;6;;6;;-;;https://www.wtatennis.com/tournament/1075/wuhan/2018/scores
Completed;1:13;Round of 32;https://wtatennis.com/tournament/1075/wuhan/2018/scores/LS030;A.Sasnovich;2;;2;;-;;M.Puig;6;;6;;-;;https://www.wtatennis.com/tournament/1075/wuhan/2018/scores
Completed;2:08;Round of 16;https://wtatennis.com/tournament/1075/wuhan/2018/scores/LS013;G.Muguruza;6;3;6;1;-;;K.Siniakova;7;;7;;-;;https://www.wtatennis.com/tournament/1075/wuhan/2018/scores
Completed;2:24;Round of 16;https://wtatennis.com/tournament/1075/wuhan/2018/scores/LS015;M.Puig;7;;7;;-;;C.Wozniacki;6;10;5;;-;;https://www.wtatennis.com/tournament/1075/wuhan/2018/scores
Completed;2:04;Round of 16;https://wtatennis.com/tournament/1075/wuhan/2018/scores/LS012;S.Zhang;4;;6;;1;;A.Kontaveit;6;;4;;6;;https://www.wtatennis.com/tournament/1075/wuhan/2018/scores
Completed;1:43;Round of 16;https://wtatennis.com/tournament/1075/wuhan/2018/scores/LS008;D.Cibulkova;6;;7;;-;;D.Kasatkina;3;;6;3;-;;https://www.wtatennis.com/tournament/1075/wuhan/2018/scores
Completed;1:14;Round of 16;https://wtatennis.com/tournament/1075/wuhan/2018/scores/LS009;S.Kenin;3;;3;;-;;A.Sabalenka;6;;6;;-;;https://www.wtatennis.com/tournament/1075/wuhan/2018/scores
Completed;1:40;Round of 16;https://wtatennis.com/tournament/1075/wuhan/2018/scores/LS014;Q.Wang;7;;6;;-;;D.Gavrilova;5;;2;;-;;https://www.wtatennis.com/tournament/1075/wuhan/2018/scores
Completed;2:13;Round of 16;https://wtatennis.com/tournament/1075/wuhan/2018/scores/LS011;A.Pavlyuchenkova;3;;6;;6;;P.Kvitova;6;;3;;3;;https://www.wtatennis.com/tournament/1075/wuhan/2018/scores
Completed;1:17;Round of 16;https://wtatennis.com/tournament/1075/wuhan/2018/scores/LS010;A.Kerber;5;;1;;-;;A.Barty;7;;6;;-;;https://www.wtatennis.com/tournament/1075/wuhan/2018/scores
Completed;1:35;Quarterfinal;https://wtatennis.com/tournament/1075/wuhan/2018/scores/LS006;A.Kontaveit;6;;6;;-;;K.Siniakova;4;;4;;-;;https://www.wtatennis.com/tournament/1075/wuhan/2018/scores
Completed;1:23;Quarterfinal;https://wtatennis.com/tournament/1075/wuhan/2018/scores/LS004;D.Cibulkova;5;;3;;-;;A.Sabalenka;7;;6;;-;;https://www.wtatennis.com/tournament/1075/wuhan/2018/scores
Completed;1:07;Quarterfinal;https://wtatennis.com/tournament/1075/wuhan/2018/scores/LS007;Q.Wang;6;;6;;-;;M.Puig;3;;1;;-;;https://www.wtatennis.com/tournament/1075/wuhan/2018/scores
Completed;2:04;Quarterfinal;https://wtatennis.com/tournament/1075/wuhan/2018/scores/LS005;A.Barty;6;;5;;6;;A.Pavlyuchenkova;2;;7;;4;;https://www.wtatennis.com/tournament/1075/wuhan/2018/scores
Completed;1:25;Semifinal;https://wtatennis.com/tournament/1075/wuhan/2018/scores/LS002;A.Sabalenka;7;;6;;-;;A.Barty;6;2;4;;-;;https://www.wtatennis.com/tournament/1075/wuhan/2018/scores
Completed;0:44;Semifinal;https://wtatennis.com/tournament/1075/wuhan/2018/scores/LS003;A.Kontaveit;6;;2;;-;;Q.Wang;2;;1;;-;;https://www.wtatennis.com/tournament/1075/wuhan/2018/scores
Completed;1:12;Final;https://wtatennis.com/tournament/1075/wuhan/2018/scores/LS001;A.Sabalenka;6;;6;;-;;A.Kontaveit;3;;3;;-;;https://www.wtatennis.com/tournament/1075/wuhan/2018/scores
