statut;duration;stage;url_match_stats;player_1_name;player_1_set_1;player_1_set_1_tiebreak;player_1_set_2;player_1_set_2_tiebreak;player_1_set_3;player_1_set_3_tiebreak;player_2_name;player_2_set_1;player_2_set_1_tiebreak;player_2_set_2;player_2_set_2_tiebreak;player_2_set_3;player_2_set_3_tiebreak;scores_link
Completed;2:24;Qualifying;https://wtatennis.com/tournament/730/moscow/2018/scores/RS021;S.Soler-Espinosa;4;;7;;6;;A.Zaja;6;;6;5;2;;https://www.wtatennis.com/tournament/730/moscow/2018/scores
Completed;2:01;Qualifying;https://wtatennis.com/tournament/730/moscow/2018/scores/RS020;A.Bogdan;6;;3;;7;;D.Chiesa;3;;6;;5;;https://www.wtatennis.com/tournament/730/moscow/2018/scores
Completed;1:27;Qualifying;https://wtatennis.com/tournament/730/moscow/2018/scores/RS018;N.Stojanovic;5;;1;;-;;I.Jorovic;7;;6;;-;;https://www.wtatennis.com/tournament/730/moscow/2018/scores
Completed;2:13;Qualifying;https://wtatennis.com/tournament/730/moscow/2018/scores/RS019;N.Abduraimova;6;2;6;;3;;L.Siegemund;7;;3;;6;;https://www.wtatennis.com/tournament/730/moscow/2018/scores
Completed;2:12;Qualifying;https://wtatennis.com/tournament/730/moscow/2018/scores/RS022;V.Koval;3;;7;;7;;S.Lisicki;6;;5;;6;4;https://www.wtatennis.com/tournament/730/moscow/2018/scores
Completed;1:32;Qualifying;https://wtatennis.com/tournament/730/moscow/2018/scores/RS023;P.Monova;1;;6;3;-;;N.Vikhlyantseva;6;;7;;-;;https://www.wtatennis.com/tournament/730/moscow/2018/scores
Completed;2:34;Qualifying;https://wtatennis.com/tournament/730/moscow/2018/scores/RS026;D.Khazaniuk;7;;4;;0;;S.Sharipova;6;12;6;;3;;https://www.wtatennis.com/tournament/730/moscow/2018/scores
Completed;1:32;Qualifying;https://wtatennis.com/tournament/730/moscow/2018/scores/RS024;E.Rodina;3;;4;;-;;S.Zhuk;6;;6;;-;;https://www.wtatennis.com/tournament/730/moscow/2018/scores
Completed;1:49;Qualifying;https://wtatennis.com/tournament/730/moscow/2018/scores/RS016;A.Cadantu;6;;1;;2;;V.Zvonareva;4;;6;;6;;https://www.wtatennis.com/tournament/730/moscow/2018/scores
Completed;2:55;Qualifying;https://wtatennis.com/tournament/730/moscow/2018/scores/RS017;O.Doroshina;6;3;7;;3;;S.Lansere;7;;6;6;6;;https://www.wtatennis.com/tournament/730/moscow/2018/scores
Completed;1:27;Qualifying;https://wtatennis.com/tournament/730/moscow/2018/scores/RS027;E.Rybakina;5;;2;;-;;V.Diatchenko;7;;6;;-;;https://www.wtatennis.com/tournament/730/moscow/2018/scores
Completed;1:38;Qualifying;https://wtatennis.com/tournament/730/moscow/2018/scores/RS025;I.Khromacheva;7;;6;;-;;E.Gorgodze;6;2;3;;-;;https://www.wtatennis.com/tournament/730/moscow/2018/scores
Completed;2:12;Qualifying;https://wtatennis.com/tournament/730/moscow/2018/scores/RS031;V.Flink;7;;4;;2;;G.Garcia Perez;5;;6;;6;;https://www.wtatennis.com/tournament/730/moscow/2018/scores
Completed;1:25;Qualifying;https://wtatennis.com/tournament/730/moscow/2018/scores/RS028;O.Jabeur;1;;6;;6;;F.Stollar;6;;4;;3;;https://www.wtatennis.com/tournament/730/moscow/2018/scores
Completed;1:16;Qualifying;https://wtatennis.com/tournament/730/moscow/2018/scores/RS029;V.Ivakhnenko;1;;3;;-;;H.Dart;6;;6;;-;;https://www.wtatennis.com/tournament/730/moscow/2018/scores
Completed;2:27;Qualifying;https://wtatennis.com/tournament/730/moscow/2018/scores/RS030;V.Grammatikopoulou;6;7;6;;6;;A.Panova;7;;4;;4;;https://www.wtatennis.com/tournament/730/moscow/2018/scores
Completed;1:20;Qualifying;https://wtatennis.com/tournament/730/moscow/2018/scores/RS009;I.Jorovic;6;;6;;-;;L.Siegemund;2;;4;;-;;https://www.wtatennis.com/tournament/730/moscow/2018/scores
Completed;2:01;Qualifying;https://wtatennis.com/tournament/730/moscow/2018/scores/RS010;A.Bogdan;6;;3;;3;;S.Soler-Espinosa;2;;6;;6;;https://www.wtatennis.com/tournament/730/moscow/2018/scores
Completed;1:35;Qualifying;https://wtatennis.com/tournament/730/moscow/2018/scores/RS011;V.Koval;6;3;3;;-;;N.Vikhlyantseva;7;;6;;-;;https://www.wtatennis.com/tournament/730/moscow/2018/scores
Completed;1:57;Qualifying;https://wtatennis.com/tournament/730/moscow/2018/scores/RS013;S.Sharipova;6;;3;;1;;V.Diatchenko;4;;6;;6;;https://www.wtatennis.com/tournament/730/moscow/2018/scores
Completed;0:49;Qualifying;https://wtatennis.com/tournament/730/moscow/2018/scores/RS012;S.Zhuk;2;;0;;-;;I.Khromacheva;6;;6;;-;;https://www.wtatennis.com/tournament/730/moscow/2018/scores
Completed;1:08;Qualifying;https://wtatennis.com/tournament/730/moscow/2018/scores/RS008;V.Zvonareva;6;;6;;-;;S.Lansere;3;;0;;-;;https://www.wtatennis.com/tournament/730/moscow/2018/scores
Completed;1:03;Qualifying;https://wtatennis.com/tournament/730/moscow/2018/scores/RS015;V.Grammatikopoulou;6;;6;;-;;G.Garcia Perez;1;;2;;-;;https://www.wtatennis.com/tournament/730/moscow/2018/scores
Completed;1:34;Qualifying;https://wtatennis.com/tournament/730/moscow/2018/scores/RS014;O.Jabeur;1;;6;;7;;H.Dart;6;;3;;6;1;https://www.wtatennis.com/tournament/730/moscow/2018/scores
Completed;1:32;Qualifying;https://wtatennis.com/tournament/730/moscow/2018/scores/RS004;V.Zvonareva;6;;6;;-;;I.Jorovic;4;;4;;-;;https://www.wtatennis.com/tournament/730/moscow/2018/scores
Completed;1:10;Qualifying;https://wtatennis.com/tournament/730/moscow/2018/scores/RS005;S.Soler-Espinosa;3;;3;;-;;N.Vikhlyantseva;6;;6;;-;;https://www.wtatennis.com/tournament/730/moscow/2018/scores
Completed;1:38;Qualifying;https://wtatennis.com/tournament/730/moscow/2018/scores/RS006;I.Khromacheva;6;;7;;-;;V.Diatchenko;2;;6;6;-;;https://www.wtatennis.com/tournament/730/moscow/2018/scores
Completed;1:02;Qualifying;https://wtatennis.com/tournament/730/moscow/2018/scores/RS007;O.Jabeur;7;;6;;-;;V.Grammatikopoulou;5;;1;;-;;https://www.wtatennis.com/tournament/730/moscow/2018/scores
Completed;1:51;Round of 32;https://wtatennis.com/tournament/730/moscow/2018/scores/LS019;L.Tsurenko;4;;6;1;-;;D.Kasatkina;6;;7;;-;;https://www.wtatennis.com/tournament/730/moscow/2018/scores
Completed;1:07;Round of 32;https://wtatennis.com/tournament/730/moscow/2018/scores/LS029;Y.Putintseva;6;;6;;-;;I.Begu;2;;0;;-;;https://www.wtatennis.com/tournament/730/moscow/2018/scores
Completed;2:07;Round of 32;https://wtatennis.com/tournament/730/moscow/2018/scores/LS028;A.Sevastova;4;;7;;6;;M.Rybarikova;6;;5;;3;;https://www.wtatennis.com/tournament/730/moscow/2018/scores
Completed;2:16;Round of 32;https://wtatennis.com/tournament/730/moscow/2018/scores/LS024;A.Kontaveit;2;;6;;7;;A.Potapova;6;;3;;5;;https://www.wtatennis.com/tournament/730/moscow/2018/scores
Completed;1:24;Round of 32;https://wtatennis.com/tournament/730/moscow/2018/scores/LS021;A.Sasnovich;6;;6;;-;;M.Buzarnescu;3;;4;;-;;https://www.wtatennis.com/tournament/730/moscow/2018/scores
Completed;1:32;Round of 32;https://wtatennis.com/tournament/730/moscow/2018/scores/LS017;A.Pavlyuchenkova;7;;6;;-;;A.Tomljanovic;5;;4;;-;;https://www.wtatennis.com/tournament/730/moscow/2018/scores
Completed;2:06;Round of 32;https://wtatennis.com/tournament/730/moscow/2018/scores/LS022;D.Gavrilova;7;;7;;-;;V.Diatchenko;6;5;5;;-;;https://www.wtatennis.com/tournament/730/moscow/2018/scores
Completed;2:46;Round of 32;https://wtatennis.com/tournament/730/moscow/2018/scores/LS018;A.Cornet;5;;6;;7;;N.Vikhlyantseva;7;;2;;5;;https://www.wtatennis.com/tournament/730/moscow/2018/scores
Completed;1:08;Round of 32;https://wtatennis.com/tournament/730/moscow/2018/scores/LS025;K.Mladenovic;6;;6;;-;;A.Kalinskaya;1;;3;;-;;https://www.wtatennis.com/tournament/730/moscow/2018/scores
Completed;1:22;Round of 32;https://wtatennis.com/tournament/730/moscow/2018/scores/LS023;J.Konta;6;;7;;-;;E.Mertens;3;;5;;-;;https://www.wtatennis.com/tournament/730/moscow/2018/scores
Completed;1:25;Round of 32;https://wtatennis.com/tournament/730/moscow/2018/scores/LS030;I.Khromacheva;3;;3;;-;;V.Zvonareva;6;;6;;-;;https://www.wtatennis.com/tournament/730/moscow/2018/scores
Completed;0:53;Round of 32;https://wtatennis.com/tournament/730/moscow/2018/scores/LS026;E.Makarova;1;;2;;-;;O.Jabeur;6;;6;;-;;https://www.wtatennis.com/tournament/730/moscow/2018/scores
Completed;2:23;Round of 16;https://wtatennis.com/tournament/730/moscow/2018/scores/LS009;A.Cornet;6;;5;;4;;D.Kasatkina;3;;7;;6;;https://www.wtatennis.com/tournament/730/moscow/2018/scores
Completed;2:09;Round of 16;https://wtatennis.com/tournament/730/moscow/2018/scores/LS011;D.Gavrilova;4;;6;;3;;J.Konta;6;;3;;6;;https://www.wtatennis.com/tournament/730/moscow/2018/scores
Completed;2:04;Round of 16;https://wtatennis.com/tournament/730/moscow/2018/scores/LS010;K.Bertens;3;;6;;3;;A.Sasnovich;6;;4;;6;;https://www.wtatennis.com/tournament/730/moscow/2018/scores
Completed;1:35;Round of 16;https://wtatennis.com/tournament/730/moscow/2018/scores/LS008;V.Grammatikopoulou;5;;0;;-;;A.Pavlyuchenkova;7;;6;;-;;https://www.wtatennis.com/tournament/730/moscow/2018/scores
Completed;2:24;Round of 16;https://wtatennis.com/tournament/730/moscow/2018/scores/LS014;A.Sevastova;7;;4;;6;;Y.Putintseva;5;;6;;4;;https://www.wtatennis.com/tournament/730/moscow/2018/scores
Completed;1:10;Round of 16;https://wtatennis.com/tournament/730/moscow/2018/scores/LS015;V.Zvonareva;6;;6;;-;;K.Pliskova;1;;2;;-;;https://www.wtatennis.com/tournament/730/moscow/2018/scores
Completed;1:02;Round of 16;https://wtatennis.com/tournament/730/moscow/2018/scores/LS013;O.Jabeur;6;;6;;-;;S.Stephens;3;;2;;-;;https://www.wtatennis.com/tournament/730/moscow/2018/scores
Completed;1:29;Round of 16;https://wtatennis.com/tournament/730/moscow/2018/scores/LS012;A.Kontaveit;6;;7;;-;;K.Mladenovic;2;;6;3;-;;https://www.wtatennis.com/tournament/730/moscow/2018/scores
Completed;1:22;Quarterfinal;https://wtatennis.com/tournament/730/moscow/2018/scores/LS004;A.Pavlyuchenkova;4;;3;;-;;D.Kasatkina;6;;6;;-;;https://www.wtatennis.com/tournament/730/moscow/2018/scores
Completed;2:35;Quarterfinal;https://wtatennis.com/tournament/730/moscow/2018/scores/LS005;A.Sasnovich;2;;6;;6;2;J.Konta;6;;2;;7;;https://www.wtatennis.com/tournament/730/moscow/2018/scores
Completed;2:13;Quarterfinal;https://wtatennis.com/tournament/730/moscow/2018/scores/LS007;A.Sevastova;4;;7;;6;;V.Zvonareva;6;;5;;3;;https://www.wtatennis.com/tournament/730/moscow/2018/scores
Completed;1:14;Quarterfinal;https://wtatennis.com/tournament/730/moscow/2018/scores/LS006;A.Kontaveit;5;;1;;-;;O.Jabeur;7;;6;;-;;https://www.wtatennis.com/tournament/730/moscow/2018/scores
Completed;1:31;Semifinal;https://wtatennis.com/tournament/730/moscow/2018/scores/LS002;D.Kasatkina;6;;6;;-;;J.Konta;4;;3;;-;;https://www.wtatennis.com/tournament/730/moscow/2018/scores
Completed;1:38;Semifinal;https://wtatennis.com/tournament/730/moscow/2018/scores/LS003;O.Jabeur;6;;3;;6;;A.Sevastova;3;;6;;3;;https://www.wtatennis.com/tournament/730/moscow/2018/scores
Completed;2:02;Final;https://wtatennis.com/tournament/730/moscow/2018/scores/LS001;D.Kasatkina;2;;7;;6;;O.Jabeur;6;;6;3;4;;https://www.wtatennis.com/tournament/730/moscow/2018/scores
