statut;duration;stage;url_match_stats;player_1_name;player_1_set_1;player_1_set_1_tiebreak;player_1_set_2;player_1_set_2_tiebreak;player_1_set_3;player_1_set_3_tiebreak;player_2_name;player_2_set_1;player_2_set_1_tiebreak;player_2_set_2;player_2_set_2_tiebreak;player_2_set_3;player_2_set_3_tiebreak;scores_link
Completed;1:16;Qualifying;https://wtatennis.com/tournament/1059/taipei/2018/scores/RS009;K.Zhang;4;;4;;-;;T.Martincova;6;;6;;-;;https://www.wtatennis.com/tournament/1059/taipei/2018/scores
Completed;1:26;Qualifying;https://wtatennis.com/tournament/1059/taipei/2018/scores/RS010;K.Thandi;6;;6;;-;;K.Ng;4;;4;;-;;https://www.wtatennis.com/tournament/1059/taipei/2018/scores
Completed;1:38;Qualifying;https://wtatennis.com/tournament/1059/taipei/2018/scores/RS008;A.Shimizu;4;;4;;-;;Y.Lee;6;;6;;-;;https://www.wtatennis.com/tournament/1059/taipei/2018/scores
Completed;0:45;Qualifying;https://wtatennis.com/tournament/1059/taipei/2018/scores/RS011;Y.Yang;0;;1;;-;;Y.Zhang;6;;6;;-;;https://www.wtatennis.com/tournament/1059/taipei/2018/scores
Completed;2:43;Qualifying;https://wtatennis.com/tournament/1059/taipei/2018/scores/RS015;E.Ruse;7;;2;;6;;M.Hibi;6;4;6;;4;;https://www.wtatennis.com/tournament/1059/taipei/2018/scores
Completed;1:19;Qualifying;https://wtatennis.com/tournament/1059/taipei/2018/scores/RS013;J.Namigata;4;;3;;-;;L.Cabrera;6;;6;;-;;https://www.wtatennis.com/tournament/1059/taipei/2018/scores
Completed;1:26;Qualifying;https://wtatennis.com/tournament/1059/taipei/2018/scores/RS014;P.Plipuech;2;;3;;-;;O.Doroshina;6;;6;;-;;https://www.wtatennis.com/tournament/1059/taipei/2018/scores
Completed;1:17;Qualifying;https://wtatennis.com/tournament/1059/taipei/2018/scores/RS012;S.Jang;6;;6;;-;;M.Kobori;1;;4;;-;;https://www.wtatennis.com/tournament/1059/taipei/2018/scores
Completed;1:12;Qualifying;https://wtatennis.com/tournament/1059/taipei/2018/scores/RS005;K.Thandi;2;;2;;-;;Y.Zhang;6;;6;;-;;https://www.wtatennis.com/tournament/1059/taipei/2018/scores
Completed;0:55;Qualifying;https://wtatennis.com/tournament/1059/taipei/2018/scores/RS004;Y.Lee;3;;0;;-;;T.Martincova;6;;6;;-;;https://www.wtatennis.com/tournament/1059/taipei/2018/scores
Completed;1:44;Qualifying;https://wtatennis.com/tournament/1059/taipei/2018/scores/RS007;O.Doroshina;5;;5;;-;;E.Ruse;7;;7;;-;;https://www.wtatennis.com/tournament/1059/taipei/2018/scores
Completed;1:27;Qualifying;https://wtatennis.com/tournament/1059/taipei/2018/scores/RS006;S.Jang;6;;6;;-;;L.Cabrera;4;;4;;-;;https://www.wtatennis.com/tournament/1059/taipei/2018/scores
Completed;1:03;Round of 32;https://wtatennis.com/tournament/1059/taipei/2018/scores/LS026;B.Schoofs;6;;6;;-;;C.Zhao;3;;2;;-;;https://www.wtatennis.com/tournament/1059/taipei/2018/scores
Completed;1:14;Round of 32;https://wtatennis.com/tournament/1059/taipei/2018/scores/LS028;N.Hibino;7;;6;;-;;A.Raina;6;6;1;;-;;https://www.wtatennis.com/tournament/1059/taipei/2018/scores
Completed;1:10;Round of 32;https://wtatennis.com/tournament/1059/taipei/2018/scores/LS030;J.Garland;4;;2;;-;;L.Cabrera;6;;6;;-;;https://www.wtatennis.com/tournament/1059/taipei/2018/scores
Completed;1:39;Round of 32;https://wtatennis.com/tournament/1059/taipei/2018/scores/LS025;E.Ruse;4;;5;;-;;T.Martincova;6;;7;;-;;https://www.wtatennis.com/tournament/1059/taipei/2018/scores
Completed;0:54;Round of 32;https://wtatennis.com/tournament/1059/taipei/2018/scores/LS024;S.Sharipova;0;;2;;-;;I.Jorovic;6;;6;;-;;https://www.wtatennis.com/tournament/1059/taipei/2018/scores
Completed;1:13;Round of 32;https://wtatennis.com/tournament/1059/taipei/2018/scores/LS031;X.Han;3;;4;;-;;L.Kumkhum;6;;6;;-;;https://www.wtatennis.com/tournament/1059/taipei/2018/scores
Completed;0:57;Round of 32;https://wtatennis.com/tournament/1059/taipei/2018/scores/LS029;S.Celik;2;;1;;-;;S.Jang;6;;6;;-;;https://www.wtatennis.com/tournament/1059/taipei/2018/scores
Completed;1:34;Round of 32;https://wtatennis.com/tournament/1059/taipei/2018/scores/LS027;F.Xun;7;;7;;-;;Y.Duan;6;7;6;5;-;;https://www.wtatennis.com/tournament/1059/taipei/2018/scores
Completed;0:54;Round of 32;https://wtatennis.com/tournament/1059/taipei/2018/scores/LS019;S.Lisicki;6;;6;;-;;M.Doi;3;;2;;-;;https://www.wtatennis.com/tournament/1059/taipei/2018/scores
Completed;1:05;Round of 32;https://wtatennis.com/tournament/1059/taipei/2018/scores/LS018;M.Frech;4;;3;;-;;E.Rybakina;6;;6;;-;;https://www.wtatennis.com/tournament/1059/taipei/2018/scores
Completed;1:09;Round of 32;https://wtatennis.com/tournament/1059/taipei/2018/scores/LS022;Y.Zhang;6;;6;;-;;J.Lu;3;;2;;-;;https://www.wtatennis.com/tournament/1059/taipei/2018/scores
Completed;1:35;Round of 32;https://wtatennis.com/tournament/1059/taipei/2018/scores/LS017;B.Haas;6;;0;;3;;E.Liang;3;;6;;6;;https://www.wtatennis.com/tournament/1059/taipei/2018/scores
Completed;0:59;Round of 32;https://wtatennis.com/tournament/1059/taipei/2018/scores/LS021;D.Kovinic;6;;6;;-;;L.Zhang;3;;1;;-;;https://www.wtatennis.com/tournament/1059/taipei/2018/scores
Completed;1:08;Round of 32;https://wtatennis.com/tournament/1059/taipei/2018/scores/LS023;P.Hon;2;;4;;-;;V.Diatchenko;6;;6;;-;;https://www.wtatennis.com/tournament/1059/taipei/2018/scores
Completed;1:02;Round of 32;https://wtatennis.com/tournament/1059/taipei/2018/scores/LS016;K.Ng;2;;2;;-;;V.Grammatikopoulou;6;;6;;-;;https://www.wtatennis.com/tournament/1059/taipei/2018/scores
Completed;1:50;Round of 32;https://wtatennis.com/tournament/1059/taipei/2018/scores/LS020;L.Zhu;2;;6;;6;;J.Teichmann;6;;3;;2;;https://www.wtatennis.com/tournament/1059/taipei/2018/scores
Completed;2:17;Round of 16;https://wtatennis.com/tournament/1059/taipei/2018/scores/LS011;Y.Zhang;7;;3;;2;;V.Diatchenko;5;;6;;6;;https://www.wtatennis.com/tournament/1059/taipei/2018/scores
Completed;0:58;Round of 16;https://wtatennis.com/tournament/1059/taipei/2018/scores/LS008;V.Grammatikopoulou;3;;1;;-;;E.Liang;6;;6;;-;;https://www.wtatennis.com/tournament/1059/taipei/2018/scores
Completed;1:59;Round of 16;https://wtatennis.com/tournament/1059/taipei/2018/scores/LS010;L.Zhu;6;;4;;6;;D.Kovinic;1;;6;;3;;https://www.wtatennis.com/tournament/1059/taipei/2018/scores
Completed;1:19;Round of 16;https://wtatennis.com/tournament/1059/taipei/2018/scores/LS009;E.Rybakina;4;;3;;-;;S.Lisicki;6;;6;;-;;https://www.wtatennis.com/tournament/1059/taipei/2018/scores
Completed;1:05;Round of 16;https://wtatennis.com/tournament/1059/taipei/2018/scores/LS015;L.Cabrera;3;;4;;-;;L.Kumkhum;6;;6;;-;;https://www.wtatennis.com/tournament/1059/taipei/2018/scores
Completed;1:34;Round of 16;https://wtatennis.com/tournament/1059/taipei/2018/scores/LS012;I.Jorovic;1;;6;5;-;;T.Martincova;6;;7;;-;;https://www.wtatennis.com/tournament/1059/taipei/2018/scores
Completed;1:34;Round of 16;https://wtatennis.com/tournament/1059/taipei/2018/scores/LS014;N.Hibino;6;;6;;-;;S.Jang;4;;3;;-;;https://www.wtatennis.com/tournament/1059/taipei/2018/scores
Completed;1:06;Round of 16;https://wtatennis.com/tournament/1059/taipei/2018/scores/LS013;B.Schoofs;6;;6;;-;;F.Xun;4;;2;;-;;https://www.wtatennis.com/tournament/1059/taipei/2018/scores
Completed;0:45;Quarterfinal;https://wtatennis.com/tournament/1059/taipei/2018/scores/LS005;L.Zhu;1;;0;;-;;V.Diatchenko;6;;6;;-;;https://www.wtatennis.com/tournament/1059/taipei/2018/scores
Completed;0:49;Quarterfinal;https://wtatennis.com/tournament/1059/taipei/2018/scores/LS004;E.Liang;4;;0;;-;;S.Lisicki;6;;6;;-;;https://www.wtatennis.com/tournament/1059/taipei/2018/scores
Completed;0:57;Quarterfinal;https://wtatennis.com/tournament/1059/taipei/2018/scores/LS007;N.Hibino;3;;1;;-;;L.Kumkhum;6;;6;;-;;https://www.wtatennis.com/tournament/1059/taipei/2018/scores
Completed;0:56;Quarterfinal;https://wtatennis.com/tournament/1059/taipei/2018/scores/LS006;T.Martincova;6;3;0;;-;;B.Schoofs;7;;3;;-;;https://www.wtatennis.com/tournament/1059/taipei/2018/scores
Completed;2:08;Semifinal;https://wtatennis.com/tournament/1059/taipei/2018/scores/LS002;S.Lisicki;1;;6;;7;;V.Diatchenko;6;;3;;5;;https://www.wtatennis.com/tournament/1059/taipei/2018/scores
Completed;1:30;Semifinal;https://wtatennis.com/tournament/1059/taipei/2018/scores/LS003;B.Schoofs;5;;3;;-;;L.Kumkhum;7;;6;;-;;https://www.wtatennis.com/tournament/1059/taipei/2018/scores
Completed;0:50;Final;https://wtatennis.com/tournament/1059/taipei/2018/scores/LS001;S.Lisicki;1;;3;;-;;L.Kumkhum;6;;6;;-;;https://www.wtatennis.com/tournament/1059/taipei/2018/scores
