statut;duration;stage;url_match_stats;player_1_name;player_1_set_1;player_1_set_1_tiebreak;player_1_set_2;player_1_set_2_tiebreak;player_1_set_3;player_1_set_3_tiebreak;player_2_name;player_2_set_1;player_2_set_1_tiebreak;player_2_set_2;player_2_set_2_tiebreak;player_2_set_3;player_2_set_3_tiebreak;scores_link
Completed;0:55;Round of 32;https://wtatennis.com/tournament/1056/tokyo/2019/scores/LS030;D.Yastremska;3;;1;;-;;A.Pavlyuchenkova;6;;6;;-;;https://www.wtatennis.com/tournament/1056/tokyo/2019/scores
Completed;0:58;Round of 32;https://wtatennis.com/tournament/1056/tokyo/2019/scores/LS025;M.Puig;0;;3;;-;;Z.Diyas;6;;6;;-;;https://www.wtatennis.com/tournament/1056/tokyo/2019/scores
Completed;2:48;Round of 32;https://wtatennis.com/tournament/1056/tokyo/2019/scores/LS017;A.Cornet;6;;3;;2;;V.Tomova;4;;6;;6;;https://www.wtatennis.com/tournament/1056/tokyo/2019/scores
Completed;1:34;Round of 32;https://wtatennis.com/tournament/1056/tokyo/2019/scores/LS021;X.Han;6;6;1;;-;;C.Giorgi;7;;6;;-;;https://www.wtatennis.com/tournament/1056/tokyo/2019/scores
Completed;1:42;Round of 32;https://wtatennis.com/tournament/1056/tokyo/2019/scores/LS026;A.Riske;4;;3;;-;;N.Gibbs;6;;6;;-;;https://www.wtatennis.com/tournament/1056/tokyo/2019/scores
Completed;1:02;Round of 32;https://wtatennis.com/tournament/1056/tokyo/2019/scores/LS023;W.Osuigwe;3;;1;;-;;E.Mertens;6;;6;;-;;https://www.wtatennis.com/tournament/1056/tokyo/2019/scores
Completed;0:54;Round of 32;https://wtatennis.com/tournament/1056/tokyo/2019/scores/LS029;K.Mladenovic;1;;2;;-;;M.Doi;6;;6;;-;;https://www.wtatennis.com/tournament/1056/tokyo/2019/scores
Completed;1:54;Round of 32;https://wtatennis.com/tournament/1056/tokyo/2019/scores/LS028;D.Vekic;7;;6;;-;;C.Garcia;5;;2;;-;;https://www.wtatennis.com/tournament/1056/tokyo/2019/scores
Completed;1:46;Round of 32;https://wtatennis.com/tournament/1056/tokyo/2019/scores/LS019;Y.Putintseva;6;;7;;-;;K.Kawa;4;;6;4;-;;https://www.wtatennis.com/tournament/1056/tokyo/2019/scores
Completed;1:39;Round of 32;https://wtatennis.com/tournament/1056/tokyo/2019/scores/LS018;N.Hibino;4;;5;;-;;V.Flink;6;;7;;-;;https://www.wtatennis.com/tournament/1056/tokyo/2019/scores
Completed;2:01;Round of 32;https://wtatennis.com/tournament/1056/tokyo/2019/scores/LS022;G.Muguruza;6;;6;1;1;;S.Hsieh;3;;7;;6;;https://www.wtatennis.com/tournament/1056/tokyo/2019/scores
Completed;1:15;Round of 32;https://wtatennis.com/tournament/1056/tokyo/2019/scores/LS024;M.Keys;6;;6;;-;;D.Kasatkina;3;;4;;-;;https://www.wtatennis.com/tournament/1056/tokyo/2019/scores
Completed;1:30;Round of 16;https://wtatennis.com/tournament/1056/tokyo/2019/scores/LS008;N.Osaka;7;;6;;-;;V.Tomova;5;;3;;-;;https://www.wtatennis.com/tournament/1056/tokyo/2019/scores
Completed;1:53;Round of 16;https://wtatennis.com/tournament/1056/tokyo/2019/scores/LS011;S.Hsieh;3;;6;;2;;E.Mertens;6;;1;;6;;https://www.wtatennis.com/tournament/1056/tokyo/2019/scores
Completed;2:05;Round of 16;https://wtatennis.com/tournament/1056/tokyo/2019/scores/LS012;M.Keys;5;;6;;6;;Z.Diyas;7;;0;;4;;https://www.wtatennis.com/tournament/1056/tokyo/2019/scores
Completed;1:20;Round of 16;https://wtatennis.com/tournament/1056/tokyo/2019/scores/LS013;N.Gibbs;2;;4;;-;;A.Kerber;6;;6;;-;;https://www.wtatennis.com/tournament/1056/tokyo/2019/scores
Completed;1:30;Round of 16;https://wtatennis.com/tournament/1056/tokyo/2019/scores/LS015;A.Pavlyuchenkova;6;;7;;-;;K.Bertens;1;;5;;-;;https://www.wtatennis.com/tournament/1056/tokyo/2019/scores
Completed;1:36;Round of 16;https://wtatennis.com/tournament/1056/tokyo/2019/scores/LS014;D.Vekic;6;5;3;;-;;M.Doi;7;;6;;-;;https://www.wtatennis.com/tournament/1056/tokyo/2019/scores
Completed;1:12;Round of 16;https://wtatennis.com/tournament/1056/tokyo/2019/scores/LS009;V.Flink;1;;1;;-;;Y.Putintseva;6;;6;;-;;https://www.wtatennis.com/tournament/1056/tokyo/2019/scores
Completed;1:15;Round of 16;https://wtatennis.com/tournament/1056/tokyo/2019/scores/LS010;S.Stephens;0;;3;;-;;C.Giorgi;6;;6;;-;;https://www.wtatennis.com/tournament/1056/tokyo/2019/scores
Completed;2:01;Quarterfinal;https://wtatennis.com/tournament/1056/tokyo/2019/scores/LS006;M.Keys;4;;6;;1;;A.Kerber;6;;4;;2;;https://www.wtatennis.com/tournament/1056/tokyo/2019/scores
Completed;1:19;Semifinal;https://wtatennis.com/tournament/1056/tokyo/2019/scores/LS003;A.Kerber;3;;3;;-;;A.Pavlyuchenkova;6;;6;;-;;https://www.wtatennis.com/tournament/1056/tokyo/2019/scores
Completed;1:00;Semifinal;https://wtatennis.com/tournament/1056/tokyo/2019/scores/LS002;N.Osaka;6;;6;;-;;E.Mertens;4;;1;;-;;https://www.wtatennis.com/tournament/1056/tokyo/2019/scores
Completed;1:46;Quarterfinal;https://wtatennis.com/tournament/1056/tokyo/2019/scores/LS004;N.Osaka;6;;6;;-;;Y.Putintseva;4;;4;;-;;https://www.wtatennis.com/tournament/1056/tokyo/2019/scores
Completed;1:12;Quarterfinal;https://wtatennis.com/tournament/1056/tokyo/2019/scores/LS005;C.Giorgi;4;;3;;-;;E.Mertens;6;;6;;-;;https://www.wtatennis.com/tournament/1056/tokyo/2019/scores
Completed;1:27;Quarterfinal;https://wtatennis.com/tournament/1056/tokyo/2019/scores/LS007;M.Doi;2;;2;;-;;A.Pavlyuchenkova;6;;6;;-;;https://www.wtatennis.com/tournament/1056/tokyo/2019/scores
Completed;1:09;Final;https://wtatennis.com/tournament/1056/tokyo/2019/scores/LS001;N.Osaka;6;;6;;-;;A.Pavlyuchenkova;2;;3;;-;;https://www.wtatennis.com/tournament/1056/tokyo/2019/scores
